Level 1;Level 2;Level 3;Level 4;Task ID
Project Solace;;;;ce70a148-0c3d-4438-9e6c-4a2968fdf4d1
;Governance Protocol Development;;;3516abc7-91f8-4b2f-bd29-69001c794cc3
;;Define Governance Protocol Scope;;3ca122d7-ca74-4771-9f15-67d61ba93619
;;;Identify Key Stakeholders;88c6c319-235b-4353-b18c-1aaa33fb3c6c
;;;Analyze Existing Legal Frameworks;ee272edc-9657-4e2f-9d64-1be3a8243c4a
;;;Define Protocol Objectives and Principles;693da874-9f90-4757-8ca1-c93f5ca5f628
;;;Determine Scope of Governance Authority;d8286dd3-4070-4139-a409-2278198f948d
;;;Draft Initial Scope Document;bfc3ebee-1f38-4d1d-abdc-adbdc84aa799
;;Establish Governance Protocol Strategy;;47d402d3-1fbc-4267-94d4-c4a5270936a4
;;;Analyze Existing Geoengineering Strategies;7cf0d9ab-c182-4096-a7a7-b593476c49c1
;;;Define Key Performance Indicators (KPIs);696255ad-4c68-4efb-9b33-3691dcfc659d
;;;Develop Stakeholder Engagement Plan;b76c1418-5d8c-4307-b76a-c5279e3aca9f
;;;Identify Legal and Ethical Considerations;6370d16b-c62c-4bd6-8e02-f31d7ca04a02
;;;Draft Initial Governance Strategy Document;96919373-ce92-4b2a-9c10-e94cb953f016
;;Negotiate International Agreements;;f87d20b0-0ea4-41d0-92b8-c9c022fea904
;;;Draft Initial Treaty Framework;5417037f-6aea-49ce-9be8-189d6fa44780
;;;Conduct Bilateral Consultations;873cb408-206f-4b4a-b3dd-8a22ab7eac42
;;;Host Multilateral Negotiation Sessions;a336cf3d-1ee0-4b36-9222-4ffab9f2d146
;;;Address Legal and Ethical Concerns;844b77f0-681b-4a76-b06f-301fc0f0126a
;;Secure Protocol Ratification;;4efaaa40-5196-4642-ab3b-1fd76395c09d
;;;Identify Key Ratification Nations;b535fe15-8ac8-4599-96d0-98cf16ceaadb
;;;Address National Concerns and Objections;a0523c32-673d-45e3-9451-d43be83abde7
;;;Lobby for Protocol Ratification;48ce4fde-8c28-45a2-bc63-2aa797bfdfb2
;;;Monitor Ratification Progress;f265ac29-cf34-46af-bf35-6d19d2b37dc4
;;;Incentivize Protocol Adoption;da422916-4a10-4d3c-91d2-ad1d56bf70a6
;Technology Research and Development;;;72ffd2b1-5cf9-4caf-b1dd-94c2e6342686
;;Define Technology Development Approach;;3200f29a-0c8f-42bd-942a-7731d735a447
;;;Identify Key Technology Areas;1a840cf8-c930-4ee3-ad0a-2bda3a6e1e53
;;;Assess Existing Technology Readiness Levels;caf1f75e-05a4-47ae-aa94-346fe0a0e184
;;;Define Technology Development Milestones;5f7cbd49-fbe5-46d7-941f-5250ff0174cf
;;;Establish Technology Selection Criteria;58d669c7-51c0-4dde-bc9c-676b089c5df2
;;;Document Technology Development Approach;2f6e61eb-8389-42f3-8dca-a9b85201954d
;;Research Advanced Materials;;3c572c95-9f71-4ab7-820a-3e76b6c57460
;;;Identify Promising Material Candidates;014f8efc-b343-4682-8b2a-dc36fc688e9c
;;;Simulate Material Performance in Space;71703288-1015-4233-90bd-9edc0d5c28cb
;;;Conduct Initial Material Testing;e0ffc4e7-c669-4a89-8731-b89ad7a8e835
;;;Assess Material Scalability and Cost;2256c857-3f28-49ba-9268-ed448dd6ef3d
;;Develop Deployment Mechanisms;;cc25941b-d3a3-422e-8c9d-5ecb2a906fa1
;;;Design Initial Deployment Mechanism Concepts;a80309ce-26ca-4494-9af9-0f171f902964
;;;Simulate Deployment Mechanism Performance;13e1f720-18da-4306-8879-fe6d207ef236
;;;Fabricate and Test Subscale Prototypes;53a75451-5773-4665-9b9f-3f5b5ffb8b62
;;;Refine Deployment Mechanism Designs;6fc3fbbb-c812-4f35-a892-afdda53db654
;;Prototype Sunshade Components;;52cb9b4d-6de6-40d5-82ce-d6615e5a82e9
;;;Design Prototype Sunshade Structure;c423161e-8401-4910-9c7a-0bc1cec8c928
;;;Select Prototype Materials;9cb83d3f-e6d3-4448-b84d-f9b969104d0c
;;;Fabricate Prototype Components;c8b99834-8525-4d22-b400-48532ecc0136
;;;Assemble Prototype Sunshade;b515ef4f-5be4-417d-8485-6b654edf3a5a
;;;Test Prototype Deployment Mechanism;e4eca0d3-00ca-4cba-8dd6-f92e493cc404
;;Test Sunshade Prototypes;;931bd928-afa5-4d0b-97b0-e2329156057f
;;;Prepare Prototype Testing Environment;1afa90e1-1336-4f4a-af72-c8beded60056
;;;Conduct Structural Integrity Tests;dce9eaa7-7353-4ec0-9aeb-89685fcd6c6f
;;;Measure Reflectivity and Thermal Properties;1ed5a5e3-c66f-43c7-a1f6-790021cff539
;;;Analyze Test Data and Refine Design;ac621a7e-34e1-4af7-8ea6-153304a947f5
;Deployment Planning and Logistics;;;c568ebf0-af5a-4616-a91f-c73531767430
;;Define Deployment Phasing Strategy;;e17dc6b2-8910-4544-a798-f6be3700a2bd
;;;Analyze Climate Modeling Data;9f2b4907-e683-457a-a6b9-9ec3f641b58e
;;;Assess Technology Readiness Levels;cc7a7dd4-81cd-4b06-84ca-bf47336e16a8
;;;Model Deployment Scenarios and Risks;a48a8b3b-d1cc-4b4b-9a72-eccf9353f6dd
;;;Refine Deployment Timeline and Budget;37f12c5a-195f-4559-bf48-8a155f8030be
;;Select Launch Vehicle Architecture;;a00235a1-7b73-4957-a183-4d767bf4fc55
;;;Assess heavy-lift launch vehicle options;31e3d5c7-de07-45f2-8884-e1a705712d65
;;;Analyze launch site infrastructure requirements;de9fab48-4183-4a18-9d19-7a183d5f30dd
;;;Evaluate launch vehicle technology readiness;77e598f9-a5f4-4c0b-b2eb-9f45e533a080
;;;Negotiate launch service agreements;8fa6a72a-61a6-4606-851f-3f61ec266e4c
;;Plan Launch Schedules;;87943acf-d589-4f08-a0a8-80cf59a2a938
;;;Analyze Launch Vehicle Availability;bab3b356-c724-47da-abbf-647beee5c024
;;;Negotiate Launch Slot Agreements;02ff5e15-026f-45ee-97ed-559c9cdfc182
;;;Coordinate Launch Manifest Integration;374749bc-16aa-4860-bcde-6df0360115e2
;;;Develop Launch Contingency Plans;0d753ccf-fc91-484a-8135-a30ddb6567bd
;;Establish Space-Based Assembly Procedures;;d1d3097d-9349-4262-87a6-6c37111fee2a
;;;Develop Assembly Simulation Software;442347da-c687-4187-a49a-b1dbdc3c0cbe
;;;Design Space-Based Assembly Tools;2b9719ce-0ede-4e55-a532-aac71644cc34
;;;Train Astronauts/Robots for Assembly;ee4958ef-fe86-4390-ac9b-fdd88adc72c9
;;;Establish Communication Protocols;0a08e6c4-e342-40dc-b6e7-1fb6cd7ba806
;;;Test Assembly Procedures on Earth;fdb73b85-55cc-4861-a087-3ef2aa654e59
;Environmental Impact Assessment and Mitigation;;;2ce93f08-78fc-4249-b69b-ba31ce61f923
;;Develop Environmental Impact Assessment Strategy;;077ef98b-ba9b-468b-b496-c304485a275f
;;;Establish Baseline Environmental Conditions;013f0f9e-03ce-476d-9d5f-15551eff0eab
;;;Model Sunshade Environmental Interactions;6c498af7-5a9f-4c25-b272-2d1efcb99027
;;;Identify Key Environmental Indicators;9137ac6e-a2bc-49cb-86d2-e42e020f11f1
;;;Develop Data Collection Protocols;21d87657-bebf-4472-b15f-ce04236858b1
;;Conduct Environmental Monitoring;;023d140f-0504-496a-9c04-c0d469ade7ff
;;;Establish Baseline Monitoring Sites;2aeabc4e-cc34-4033-8f93-15bec7fde731
;;;Collect Pre-Deployment Environmental Data;c1567194-60e7-43a2-bc22-7ab27f09a35d
;;;Analyze Baseline Environmental Data;2e93590c-9d81-4c42-bb81-8227922397f8
;;;Develop Data Management System;3b285a2f-2297-4d31-bb0e-c1898604c52e
;;Develop Mitigation Strategies;;fc1e1de2-b48c-4a01-9736-6fa1c2dcde49
;;;Identify Key Environmental Impact Areas;dd5afa1e-767f-40e7-97ba-cd5657cc8ea7
;;;Model Environmental Impact Scenarios;7e014342-56e6-4e3a-a056-587e2eb05c9c
;;;Evaluate Mitigation Strategy Feasibility;413b86e1-7ec4-4c31-819f-c01fca6040b6
;;;Prioritize and Select Mitigation Strategies;c109813a-3468-41f1-9988-6587d8de2a3c
;;Implement Adaptive Management Plan;;be757a7f-efa5-4f2a-985e-75e44f42ab13
;;;Establish Monitoring System for Adaptive Plan;522adb25-34f9-433a-8159-3ed992122568
;;;Develop Alternative Mitigation Strategies;3f6a69bf-94e2-427e-8df2-a4c91ac6c6a0
;;;Implement Transparent Communication Process;a0048e0b-ac6d-4343-a12d-2a1ef6b9c975
;;;Build Flexibility into Management Plan;b1798033-2aec-4e0b-bbb7-9e407cbb5ce0
;International Collaboration and Funding;;;cf58458b-a848-4e30-832d-9edb37f66263
;;Establish International Consortium Structure;;bd919c3d-b8e8-4614-8bd1-1df07f6cc8c2
;;;Identify Key Consortium Participants;fea5e362-99df-405c-98c8-1533f25bfd87
;;;Define Consortium Governance Structure;6367d11f-4f49-4280-aebc-1f6b29fe53cd
;;;Draft Consortium Agreement;c78cd5fe-194a-4b1e-94c5-45fd6c411e6f
;;;Secure Initial Consortium Commitments;9f9a21ad-9ba5-41b4-83c3-7773a1879f7d
;;Develop Funding Diversification Strategy;;1975bcdd-216f-46eb-8920-38df333003fc
;;;Identify Potential Funding Sources;fff5f58d-e5fa-43f4-a022-545e705b7dc2
;;;Assess Funding Source Alignment;dbafcc96-d732-40d6-bea9-6cda2f8ee1e0
;;;Develop Funding Proposals;955dd57f-93f3-49cd-98ba-feb21757d565
;;;Cultivate Investor Relationships;a39c34b0-4a90-400f-aa16-71689c09cfd2
;;;Negotiate Funding Agreements;88567eb3-d3ae-4be3-ac33-076ac11afa24
;;Secure International Funding Commitments;;765a9353-3475-4de0-adea-3cab41c09d9d
;;;Identify Potential Funding Sources;1793c93d-0f8f-44b3-8fb1-22c752e16552
;;;Prepare Funding Proposals;901eb400-13c2-4795-a907-7ab13249e7ba
;;;Engage with Potential Funders;ef7ac36f-64e4-462e-9b57-2ee05c88791a
;;;Negotiate Funding Agreements;815d59c9-7f66-49b9-bd87-a1496f28a2dc
;;;Formalize Funding Commitments;5ec4264f-ef35-4bd9-87f4-d878475f2760
;;Establish Funding and Resource Allocation Model;;95c534b5-2a72-4bc2-9930-6de7966f9031
;;;Define Allocation Criteria;d5f97759-8ca4-418e-a622-55bcfcbd0a43
;;;Develop Resource Tracking System;f5b33536-e14a-4750-990b-385b9e98bb9b
;;;Establish Approval Workflow;970e6896-1194-4a65-ad74-b03f1cf478e1
;;;Create Contingency Fund Protocol;0f6d2d18-e76c-4a6d-96be-9cbb597509e3
;Risk Mitigation and Security;;;be088f9e-a823-4674-9cf0-a33871bc7a38
;;Develop Dual-Use Mitigation Strategy;;706eacc6-b0e0-4da1-a830-7f88e0b7af18
;;;Identify potential dual-use scenarios;4773db6b-bc3b-46bf-8240-5ba938a1e6cb
;;;Assess dual-use risks and impacts;5d6334bb-45d0-4bbf-9245-725f06b140a6
;;;Develop mitigation measures;43108c9f-0cc2-413c-87e6-fe68d39bbe98
;;;Implement and monitor mitigation measures;d95bed4d-b2e8-4ef6-9e30-bb06f4f8aa36
;;Implement Cybersecurity Measures;;446a35c6-2f0e-47fd-bc69-2c9d4e359fd6
;;;Define Cybersecurity Architecture;157ff0d0-9bcb-454a-9e35-0b31b5fa6c31
;;;Conduct Vulnerability Assessments;ac482ea2-b752-40e9-8fe4-e6a426045768
;;;Implement Threat Detection Systems;e34eb217-dae1-4f27-8a8b-5da09300db50
;;;Develop Incident Response Plan;d79327f5-30bd-4485-886a-2da4979ba4ea
;;;Establish Security Training Program;a5781431-861a-4c61-9ced-5b8b59e7fd1f
;;Establish Independent Verification Mechanisms;;9618502c-42ff-4001-a76d-08310c994e81
;;;Define Verification Standards;f060a4d0-a093-48f4-b5c2-819963270e6a
;;;Establish Audit Teams;c0f5de3c-aa9e-47b6-afeb-a160eb6e4bf5
;;;Secure Partner Commitments;17b6620e-f3c5-4d5e-99b9-f879c412e842
;;;Develop Data Access Protocols;161a2982-86b8-430f-a3de-1b98080569ee
;;Develop Contingency Plans;;eec97f6d-9fd1-4be0-a111-fd1d57a75e3a
;;;Identify Potential Failure Scenarios;b1db868d-dd72-47aa-a05e-092861103951
;;;Develop Alternative Response Strategies;7378cd35-829a-4296-94f6-c47756d49bdc
;;;Simulate Contingency Plan Effectiveness;8a8bd7d7-f21d-4be0-ba2e-2f745c404183
;;;Refine Contingency Plans Based on Simulations;eb13a175-c999-47d3-a4e7-e717972c3753
;;;Establish Communication Protocols;ae9c38ba-85fb-48e8-a9f6-fbcf4d2eb7ac
;Public Communication and Transparency;;;55169487-7d01-4d9f-997f-f853c45fb1a5
;;Develop Communication Transparency Strategy;;0775ba1c-319f-4551-bb8f-cccaa2ab472b
;;;Identify Key Stakeholder Groups;d5b980ca-721c-4ca6-ad83-c88b992aae72
;;;Assess Current Communication Channels;d9484d8c-8cd9-4831-8cdf-ef03c8547a32
;;;Define Transparency Principles and Guidelines;41cddc32-6017-4d64-bf74-e64076e3bf5a
;;;Develop Communication Protocols;9a4d9ba0-ec3f-4ac3-a059-7e061f7b293d
;;;Establish Feedback Mechanisms;cc1039f7-2621-4b79-9000-c41c2fc5a16e
;;Engage Stakeholders;;71ca7afb-809c-4581-b988-0296ce48d07c
;;;Identify Key Stakeholder Groups;75d33a21-9ccd-4788-88be-66aebae194b8
;;;Develop Tailored Engagement Plans;19e64957-8d52-49af-8b3b-e2579ec3096f
;;;Conduct Stakeholder Consultations;e5f0a9a3-84a5-4a42-917d-aecccf53ecda
;;;Establish Feedback Mechanisms;a52bf17a-d4fa-48eb-bc72-d0e9a2fdebfe
;;;Document Stakeholder Interactions;4807ead6-b826-46f8-a4e5-9680622969b7
;;Disseminate Project Data;;2d82fcb5-5006-47d4-95f1-73a4791dea96
;;;Establish Data Governance Framework;42e34052-3a4e-4b66-9b30-d6aec3f738d8
;;;Anonymize Sensitive Project Data;b5c5de60-ed0c-4d3f-bc56-6cf5280b71c4
;;;Create Public Data Portal;2cd381f2-3b46-4007-844e-a9dfc0a40b94
;;;Develop Data Sharing Agreements;b7cab795-db41-405b-bbe7-384d40acb5d1
;;Address Public Concerns;;cec298b9-eddd-4316-b7ab-bd131322a563
;;;Identify Key Public Concerns;6b5593fb-7c11-490c-b627-7c523f1184ef
;;;Develop Targeted Communication Materials;61f0952a-8eb1-41ba-b488-d9999efe497d
;;;Establish Feedback Mechanisms;0636cf49-1f6b-4fee-a1ce-5c7394d92a23
;;;Engage with Influencers and Experts;137c0a54-861a-497c-a03f-de33dfeec62c
;Sunshade Deployment and Operation;;;0e733cd2-55c6-4fcd-9261-8e95f36cdc0b
;;Deploy Sunshade Components;;487167b7-26a4-4a8d-9848-7cd0537590b1
;;;Prepare Launch Sites and Infrastructure;15cbf07b-a42f-4af1-9d4c-dfbeaeaba806
;;;Manufacture Sunshade Components for Launch;58dc90dc-c2e2-4b91-8e8d-957890bb03e5
;;;Transport Components to Launch Sites;a77aaf54-a97c-4219-a9eb-d54b76f3b03a
;;;Conduct Pre-Launch Component Testing;e67058f0-7503-4da1-9362-faadfb08ca63
;;;Execute Sunshade Component Launches;651e711e-8f51-43b5-af1e-365fb2b03414
;;Assemble Sunshade in Space;;d1f3bbeb-cda7-448c-8a2b-25af42221bdc
;;;Prepare robotic assembly platform;72654ae5-4ceb-4333-a278-dd3a75b14f26
;;;Test component docking mechanisms;2fc49c3d-bc5e-49a8-b48c-dc8b28356916
;;;Develop assembly sequence procedures;bfb4bc82-86f1-4816-b484-cf5ed3f28d37
;;;Train assembly team on procedures;28a0a9aa-0a70-480a-98d9-b5528ca0730b
;;;Monitor assembly progress and adjust;bc3f6017-b0ab-4c47-85ba-836edf91ab54
;;Monitor Sunshade Performance;;adeec8ce-1c56-4291-b456-6362e3e526aa
;;;Calibrate Sunshade Performance Sensors;66ce7a20-5c54-464c-86d7-08749fd0cc0f
;;;Analyze Sunshade Performance Data;9c45e7e3-2cd0-4b55-a44f-fe8bbb373470
;;;Detect Anomalies in Sunshade Behavior;a1093018-9bd8-4d17-a7fb-3b2208d661f4
;;;Assess Material Degradation Over Time;2e3f08f0-de27-4e6a-bfd3-92b7144df5f5
;;;Adjust Sunshade Orientation for Optimization;a1f5b010-a4de-4a62-8f01-cf9b8ab67910
;;Maintain and Adapt Sunshade;;c0d965a1-3028-4a1a-9b7a-d9d75fbacf77
;;;Monitor Sunshade Component Degradation;c12e4c7c-5677-4df5-a9b4-915823799882
;;;Plan Robotic Repair Missions;27f00363-3f90-4c8c-92bc-db53d5b367fe
;;;Track and Avoid Orbital Debris;af037314-ce06-453a-9524-8df4a907e04f
;;;Optimize Sunshade Orientation;6d31a00a-8252-4cb7-aa7e-95068a5f3549
;;;Integrate New Technologies;107ab39a-9098-42c3-9fdb-0c50b7b6e2f9