Level 1;Level 2;Level 3;Level 4;Task ID
Canine Enhancement;;;;bc506db5-876b-487a-8b7e-0eab35189949
;Project Initiation & Planning;;;37464668-69aa-4993-9119-cbc31ba5b02f
;;Secure Funding;;224e7f9b-3eb5-4790-ab53-627eb690e4bb
;;;Identify Potential Funding Sources;3347e2b7-3fdd-4a93-a28f-59dd8cf70dfe
;;;Prepare Funding Proposals;8aa74570-5514-42f0-b9c5-ea748460ed39
;;;Engage with Potential Funders;118b9468-0478-48f7-abe6-14302a3d61d8
;;;Negotiate Funding Agreements;4d2deeb2-0fb7-4bc2-82b3-8d7d72110e50
;;;Secure Final Approval of Funds;835191d0-a60b-41f8-ac9c-a4dc0c2a866a
;;Establish Project Team;;5fe61b19-6bdc-4e14-8354-44d628e6ec28
;;;Define roles and responsibilities;616dfdb5-0e85-49d4-afe3-43cd96edc9a9
;;;Recruit key personnel;63e785ed-025c-4956-b68a-66599f827307
;;;Onboard new team members;9abffbdb-78b0-4deb-9990-382a52bfb9ff
;;;Establish team communication protocols;97a1320e-9380-40d6-bdd7-38867b90d038
;;Define Project Scope and Objectives;;92a4ba73-a84d-4524-bede-105b1db273e7
;;;Identify Key Stakeholders and Their Needs;d7812886-88f2-4d85-a210-1a091b49fcaf
;;;Define Aesthetic Trait Requirements;aa4b716b-31a1-48fb-86e5-d89f59ff16ac
;;;Define Tactile Trait Requirements;9b60adf9-ab1d-4760-a586-15a2b5c8a551
;;;Define Behavioral Trait Requirements;53804deb-41a5-44fe-9cd1-d67fa38732d5
;;;Document Project Scope and Objectives;d5a1fd0b-45e1-4eb9-b9c4-853926416346
;;Develop Detailed Project Plan;;319e9f7c-c1e8-44cb-94e6-cdf607ee1140
;;;Define Project Deliverables and Acceptance Criteria;d707964e-fdc1-47a8-a253-8f17edf7b608
;;;Create Detailed Timeline and Resource Allocation;9e1e24c0-156a-41e2-9dde-3eefbb201ab0
;;;Identify Task Dependencies and Critical Path;8c920153-cb46-45e3-bf07-9c0a86ea0943
;;;Establish Communication and Reporting Protocols;d3d44bb2-48c7-4067-9fbc-ea14784c0c34
;;Risk Assessment and Mitigation Planning;;30a33f10-f8f3-427b-9a01-887fa8a83e08
;;;Identify potential project risks;3492c4f2-d7d4-40df-9fa9-774ca1151a23
;;;Assess the impact and probability of risks;aac43c53-e9a7-4987-82cd-897f70c43c1d
;;;Develop mitigation strategies for key risks;af1d974d-dab2-470e-8c62-04b7835663d8
;;;Document risk assessment and mitigation plan;31c4fd8f-3806-4998-b494-fdaa8c0b0adb
;;Stakeholder Analysis and Engagement Planning;;5f586ac4-27de-4c86-8470-b2d287a59e38
;;;Identify Key Stakeholders;3863971f-4517-41dc-9bf1-57989a3aad1b
;;;Analyze Stakeholder Interests and Influence;0e25fac4-6f12-48f0-8ecd-64a4f083b661
;;;Develop Engagement Strategies;84762fb3-c9f3-481f-9e7b-eaef00ab9223
;;;Document Stakeholder Engagement Plan;c350f7f2-622d-4a2c-a49d-aaf780ad6b9e
;Ethical and Regulatory Compliance;;;a7eaa434-2d4f-4018-80e5-3e0fd60640c2
;;Establish Ethics Advisory Board;;2965587c-f516-45c7-a25f-a1c9e38e148e
;;;Identify Potential Ethics Board Members;a8d225c4-3a7a-45fe-a000-e49b1ac12515
;;;Contact and Recruit Board Members;8e4cb93e-3071-45f2-922f-30cfa2c1ff1f
;;;Define Board Charter and Responsibilities;6faee851-4a05-4d83-b882-a77e501a9bd5
;;;Establish Board Operating Procedures;4f8034fa-c9f1-4176-804c-e9b66f274447
;;;Onboard and Train Ethics Board Members;969de510-1647-4f5f-8453-102aed58eae2
;;Develop Ethical Guidelines and Protocols;;8c4f021e-4d52-4b02-bbe4-d9950cb6e56f
;;;Research ethical guidelines for animal research;dc8ea3fe-a240-4aad-9f0e-fa6a56f4fdee
;;;Draft initial ethical guidelines and protocols;c8caeb3c-5014-4146-b4c0-3bafdb3bea17
;;;Review draft guidelines with ethics advisory board;6f3925d7-f30a-4399-aae3-0e68c5933117
;;;Finalize ethical guidelines and protocols;dbe7a4dd-697b-4f49-bea8-cbe9222bd273
;;Obtain Animal Research Permit;;9638d03a-7adb-4acd-84c7-7bdc7f610963
;;;Gather required documentation for animal research;1c547e6a-1799-46ff-a06c-fc3db15fb91a
;;;Prepare application form for animal research permit;7459a2a1-3120-452a-a666-492303f117d7
;;;Submit application to Animal and Plant Quarantine Agency;ef762cde-2d2c-46f4-b89e-91df90565d22
;;;Respond to APQA inquiries and requests;8f8db033-dbde-4cfa-86b0-fa6c8bad6445
;;;Follow up on application status with APQA;11d101ae-fc43-4ec2-9980-929738790db3
;;Obtain GMO Research License;;a611b1a2-7e16-402b-bd6c-08b6dfeb4f44
;;;Identify Applicable GMO Regulations;61cca318-c3eb-44fb-ac8a-b647050e70e5
;;;Prepare GMO Research License Application;e6ce1740-8e4f-4271-a2a1-da8acdb2010d
;;;Submit Application to MFDS;f4f03176-c41c-452b-a0cd-32ce4931d273
;;;Address MFDS Inquiries and Requests;2f88df24-2478-4742-a359-bffb8bb5292a
;;;Track Application Status and Approval;eec07fa4-a737-48a6-b4f0-fae4f2a22c8c
;;Secure Biosafety Approval;;793fce0c-2596-4fbc-81ab-687aeba36bec
;;;Prepare biosafety documentation;be55962d-d26f-48b0-8abb-f39c45e2ad8b
;;;Conduct biosafety risk assessment;209a3cbc-5ba3-4d83-bcaa-128421314851
;;;Submit biosafety application;374f66ef-6c78-4118-86b1-6248dd9b5efe
;;;Address biosafety queries;02f429ae-9db4-4084-bf3e-40236869f60f
;;Engage with Regulatory Agencies (MFDS, APQA);;892105f7-fbf0-45cf-ac38-6cd0a1867565
;;;Prepare MFDS briefing documents;9a11a5b2-08a4-4dc8-8d38-747220257df9
;;;Schedule MFDS consultation meeting;ddf8aa3b-2f6f-4ac2-8f55-e3b96926d7ef
;;;Prepare APQA briefing documents;41f3341a-1022-460c-b12d-0b4e25d56fed
;;;Schedule APQA consultation meeting;0fce731a-796c-488d-8281-ce4dca0cff0a
;;;Document agency feedback and action items;0a133a4a-a11a-420b-a5d9-12ac188a4542
;;Develop Regulatory Compliance Plan;;df0b8994-e15b-4f0c-98d4-5c8fab961e96
;;;Identify applicable regulations and guidelines;e1d66e1c-67d5-42e8-9c62-f150346e4d7f
;;;Map project activities to regulatory requirements;d3a7fdd6-d56b-46de-86f2-61dd5a96405d
;;;Develop compliance checklist and procedures;d426d0c6-e872-4b53-92ab-5ed998e8f9d2
;;;Establish documentation and record-keeping system;41ec7628-71ce-452e-94e3-0270ad11fc54
;;;Implement internal audits and compliance monitoring;60bbbc38-cd86-4fad-8e80-f8edd6c154c2
;Genetic Engineering & Research;;;6e14c317-0939-4c35-94ba-bbfaee185dec
;;Establish Genetic Engineering Laboratory;;8855e5e5-8a35-438c-8773-29f1f1e0185c
;;;Identify Lab Space and Requirements;02b7a71a-da40-4eac-83cf-85f06e77ca95
;;;Procure Essential Equipment and Supplies;73369b60-9361-4537-bba3-47c1d519a175
;;;Design Lab Layout and Infrastructure;a15aef9d-ce4c-455d-a566-52fd3adba057
;;;Renovate/Construct Lab Space;0bf91424-658b-4b9b-806c-6ae0ddd1ad6d
;;;Install and Validate Equipment;79e2ca6e-6bd1-4820-a4ae-05425f34a5ee
;;Select Target Genes;;b8291bad-9f6b-434b-9c01-1c4c3ce7f490
;;;Literature Review of Canine Genetics;cff05fca-100b-48f8-aafa-fa3b90354056
;;;Identify Genes for Aesthetic Traits;cbdf9978-be22-4b5d-9d0a-e357b20fdd41
;;;Identify Genes for Tactile Traits;fc3938ff-16dc-4036-8893-c9dbcf4b0058
;;;Identify Genes for Behavioral Traits;224582e0-a672-496c-912c-114f1f2106f5
;;;Prioritize Candidate Genes;64e37133-c459-4717-a336-02a0e0a6a804
;;Design Genetic Modifications (CRISPR-Cas9, Prime Editing);;21edd639-6e83-4966-8949-1ab18d846c1d
;;;Identify candidate guide RNA sequences;994e8e8d-6fc5-4c99-b5a7-e066cd76bbbd
;;;Predict off-target effects of guide RNAs;f871683e-40b6-4a7d-aa64-27047be76fec
;;;Design donor DNA templates for gene editing;233c965f-0097-46f0-92f5-dad410138b58
;;;Optimize delivery methods for gene editing components;be9092fc-5863-482c-9a85-2aaad3579549
;;Conduct In Vitro Testing;;a3fdbdc9-5870-4bbf-b984-41fa04cb6826
;;;Prepare cell cultures for testing;b4bb2496-def3-40ba-aff9-12631009fabf
;;;Transfect cells with modified genes;a81886e3-8af6-4b80-aad6-6ec6e682a9b5
;;;Assess gene expression and protein production;3f75667f-297e-4662-a578-916a743dcec5
;;;Measure dopamine and oxytocin levels;e339cb61-36aa-4073-bfab-f5c83d078f48
;;;Analyze cellular effects of modifications;bfa9991e-a8d6-4f5d-a5b9-4c818739e973
;;Conduct In Vivo Testing;;cf7d63d7-2e94-476e-8d17-939a6567ce77
;;;Prepare animal subjects for in vivo testing;2148b02e-0f2f-44cb-940f-b565e260818b
;;;Administer genetic modifications in vivo;0263ae73-1833-429d-a838-833fadd4e2a7
;;;Monitor physiological responses post-modification;ddcab60c-d9c7-47a7-9096-9f641cfa6a39
;;;Assess dopamine and oxytocin levels in vivo;6d7946a2-7530-4cd3-bb4a-3796e536cc3b
;;;Analyze in vivo testing results;2549aa09-ddc7-444e-b9cd-21ea361a5854
;;Off-Target Effect Screening;;7583c910-4153-4f30-9181-6ce9ff006b90
;;;Design guide RNAs for off-target sites;477b4d7a-66f9-4803-a9b0-bfa075ba9378
;;;Perform in silico off-target analysis;8afdaab6-108a-442f-a14b-9807efbb2730
;;;Validate off-target effects in vitro;b149c472-601d-464e-b9d5-76f786f83b4a
;;;Analyze sequencing data for off-target mutations;f79871f8-f956-4781-a76e-467a641235ab
;;;Refine guide RNAs based on off-target data;f99ba4c4-8ee1-4943-a08e-30c994c0a5cf
;;Correlate Genetic Modifications with Behavioral Outcomes;;c4747c3b-1faa-415e-8fe5-20ea8f776436
;;;Define Behavioral Assessment Metrics;8bcda609-0e54-4540-a41b-912477cb072b
;;;Establish Control Group & Protocol;0e80863c-b9f7-4bdb-a809-84f0999b8a76
;;;Conduct Behavioral Assessments;fc836729-fb01-432c-8102-9e96c311c270
;;;Analyze Behavioral Data;1422aeed-24e3-434c-bf5d-47105905efff
;;;Refine Genetic Modification Strategy;4595adb0-11b6-4b90-97ab-8f7ef94ebfcd
;Animal Care & Monitoring;;;acef183d-3654-4c20-819a-4d569e4c9fed
;;Develop Animal Welfare Plan;;34693203-9974-4476-988f-807604d9a16f
;;;Research canine welfare best practices;d8fc3b01-0e2d-48a1-9424-b3d6e29bc178
;;;Define ethical considerations for modified canines;5d9e1ec6-acbd-4c40-8a28-157565d5ad15
;;;Establish welfare monitoring protocols;208320df-588a-4ec3-a595-b5f1629896fe
;;;Create emergency response plan;5fa49ea3-f870-407b-822e-6cb47aa08132
;;Implement Health Monitoring Protocol;;d75805a0-2245-4672-acc8-4f9293655cea
;;;Define Health Monitoring Parameters;928698ec-576d-4cf4-995c-743883356043
;;;Select and Procure Monitoring Equipment;b362d107-8afc-492a-8d45-dd114dbde7cf
;;;Establish Baseline Health Data;686bc22d-2360-4cb6-854a-221f2e72402d
;;;Implement Continuous Health Monitoring;58475c52-2e3e-4dd9-a74b-772b0b1411b9
;;;Analyze Health Data and Report Findings;001939e1-c620-47b5-8a5e-2a617697f343
;;Conduct Regular Veterinary Check-ups;;88463c01-6745-40e9-a08c-1076ee9ff1fd
;;;Define Behavioral Assessment Protocols;10d117ef-d522-4cd1-b57d-67335dbdec2a
;;;Establish Control Group for Comparison;15861115-36c3-4305-9d20-e2cf4e2a11ef
;;;Conduct Behavioral Tests and Observations;3e8762df-3350-4777-b601-201f1084b420
;;;Analyze Behavioral Data and Draw Conclusions;1ce283f0-d22c-477a-89de-bd6d609249e1
;;Behavioral Assessments;;ac78b359-a14c-4ee6-b92d-55ccda04cd59
;;;Define Behavioral Assessment Protocol;9411cb0b-8727-4774-b195-72a2c65429e3
;;;Establish Control Group for Comparison;db7feaa3-1211-4046-b22e-5dcbe5646ff9
;;;Conduct Initial Baseline Assessments;61bb57a8-ffb6-41d4-848b-6993251a1430
;;;Monitor and Record Behavioral Changes;e90f998b-33f9-416d-ba95-cbbd06514f2f
;;;Analyze Data and Draw Conclusions;7f90c84e-e6e2-4f01-9d59-4972fbeb89ee
;;Lifespan Management;;1a5a0166-a2b2-4038-b5fd-bc8eb676a5c8
;;;Geriatric Health Monitoring;44a7f02f-415f-4301-ab65-2261f5fa4bd8
;;;Palliative Care Protocol Development;dd39e9ab-cd5f-41be-b6ee-f5d78cfeadd6
;;;Ethical End-of-Life Decision Making;01e98fde-7b72-4e40-bd9a-949e95c431e8
;;;Mortality Data Collection and Analysis;8d1a70e9-b1db-467e-a088-20981208e710
;Commercialization & Marketing;;;2ef05ebf-0166-4e12-8688-934fcb8edaed
;;Develop Commercialization Strategy;;1dbfaf4c-21f3-45c2-9f88-31e5bfdbd047
;;;Analyze Market for Genetically Modified Pets;b2a8d0a8-68f7-4369-952b-3f16a8947dc7
;;;Assess Public Perception and Ethical Concerns;5546d8c2-7159-4d3c-aada-c2dbefc94107
;;;Evaluate Regulatory Landscape for Commercialization;12e1866f-d931-4f79-b80c-1586fc43da52
;;;Develop Pricing and Distribution Models;b9f5649e-e3d5-4ae7-a9a9-caa13ec18391
;;Market Validation and Testing;;faff4aab-ad75-4d35-85c7-8e3049917c69
;;;Define Target Market Segments;0df8e3b5-58cc-46e0-900a-37a180f6d0f1
;;;Conduct Surveys and Focus Groups;ce9ff66e-e1f3-44c1-8e0d-67a30a190dca
;;;Analyze Competitor Offerings;30d3efaf-4bb0-4e3b-91e7-e8ea138800a3
;;;Develop Prototype Marketing Materials;15a0132f-8ccf-46fd-b1ab-872a2c042c33
;;;Test Marketing Materials with Target Groups;cfea03a5-289a-427c-9317-6125f6aa6197
;;Branding and Positioning;;d3d1998a-d3cf-4973-a287-072d06e0c190
;;;Define Target Audience and Brand Values;aa80da24-19c2-403f-8a2c-e81265b987ab
;;;Develop Brand Name and Visual Identity;953b8dfd-271d-45eb-9e1d-0d4a91ffe38f
;;;Craft Key Messaging and Brand Story;ab27cd04-b1be-4b78-b833-ba9792db642a
;;;Design Marketing Materials and Website;4eb407e1-2408-4c4c-b02e-c709a2d893f5
;;Establish Distribution Channels;;e1127180-8108-4876-b31b-f695c4a8538c
;;;Identify Target Customer Segments;e3081dbd-4a6f-4ea6-b78a-5fbf951a5fb4
;;;Develop Value Proposition Messaging;c2a0ac60-dbbd-4c43-b370-e4126930e088
;;;Select Appropriate Marketing Channels;ca97761b-5047-407b-9c3b-9cc51adf2931
;;;Create Marketing Materials and Content;b218780f-7adb-4d78-8a9f-2c1cba863d7a
;;Geographic Launch Strategy;;fb369db0-c8d3-4e3e-9b05-b6822300f923
;;;Research regulatory landscape in target regions;ff1d7b0f-cd0a-4e00-ad12-f2440d409d7a
;;;Assess logistical challenges for shipping;2c9904fb-97e6-41fa-80b6-d2cf92fa5096
;;;Develop market entry strategies per region;f7be088e-e612-41ce-9046-6fed6a8da822
;;;Identify potential distribution partners;18221288-d8dd-46c2-a865-3da643246059
;;Sales and Marketing Campaigns;;771f0812-2a2b-49bf-b704-167354b08100
;;;Define Target Audience and Messaging;abe9be52-5b18-4c14-861d-8915bdbe62e4
;;;Develop Marketing Materials;595b7a0d-f88c-4f11-96a5-66da3262bdbc
;;;Implement Digital Marketing Strategy;860df42e-af9f-4858-ae98-cac36b5b08b7
;;;Public Relations and Media Outreach;f32f6e3d-d168-47ce-a8ec-d7b449b2b74a
;;;Monitor Campaign Performance and Optimize;185485a9-1172-447c-8a3b-1ca220872c0a
;Project Monitoring & Control;;;e1112c20-0e0f-4c13-88f9-0198e0047c56
;;Track Project Progress;;def6f56a-aac4-4c66-a886-9be6f2bdabce
;;;Collect data on key performance indicators;dbf6130c-a92d-432f-af5e-2bf363145069
;;;Analyze collected data for trends;fe0f35a6-1a4a-4f30-b134-902dbcee6649
;;;Compare actual progress against baseline;694f2e03-82ab-49ff-bdbe-98abceb4530b
;;;Document progress and findings;e845183b-55bb-4000-8304-d3c0415a0196
;;Manage Budget and Resources;;f9faeb39-3cdb-4898-bbd7-5adaba327297
;;;Track budget spending against plan;b38f7afc-d113-4002-9c88-2458e640a972
;;;Monitor resource allocation and utilization;423478f2-427c-4f6a-b2da-fbee339aa9c8
;;;Manage vendor contracts and payments;5419ddba-b123-4c34-a370-4d263c8ab7db
;;;Forecast future resource needs;c0d77f6d-4eca-40c0-abb1-e0d837612b41
;;Monitor and Mitigate Risks;;27442538-fc93-4baf-8eae-e379d536fc57
;;;Identify Emerging Project Risks;9ebca99a-23d4-4729-864f-a0628e78955e
;;;Reassess Existing Risk Impact and Probability;f93d1e60-e359-4198-8a43-1cebd6344d11
;;;Develop/Update Mitigation Strategies;6b46d083-a481-4a8f-bf19-095018a697ca
;;;Implement Mitigation Plans;3b629ad9-5541-4b45-b775-54e394aa8a86
;;;Track Mitigation Effectiveness;d9583e27-c973-4023-88b8-1814a3fc4ed0
;;Report Project Status to Stakeholders;;3cfa049e-f26d-47e0-9a44-c1c30419bb5d
;;;Define Stakeholder Communication Needs;90d09e0d-9e1c-4b86-964f-3b3430061ba1
;;;Prepare Project Status Reports;c547f69e-a7f2-4513-8116-0eb63eb77e64
;;;Schedule Stakeholder Meetings;bd5435f9-6bd2-46bd-9c5d-4d3f114dd047
;;;Distribute Project Updates;684a4bb2-abeb-4536-96e5-b87da71d0ebe
;;Conduct Project Reviews;;54d27e2c-4954-4b3c-b861-4ba161b82270
;;;Define Project Review Objectives;433af146-07f1-419b-9f67-d1b6fad957bc
;;;Establish Review Criteria and Metrics;633257ca-05c6-40c0-9cbe-7ba046030db3
;;;Collect and Analyze Project Data;e1f30d21-8aec-4415-910a-88c397a4679a
;;;Conduct Review Meetings and Document Findings;c0ae1c1b-b6e6-4e95-aec0-07935d993b95
;;;Implement Corrective Actions and Track Progress;adaa714f-e34f-4a34-a988-4ceb041bea5a