project_key,project_name,project_description,project_start_date,project_end_date,project_progress,project_parent,originating_department
bc506db5-876b-487a-8b7e-0eab35189949,Canine Enhancement,"Canine Enhancement

Final deliverable:
Engineered Canine",11/25/2025,8/31/2048,0,,PlanExe
37464668-69aa-4993-9119-cbc31ba5b02f,Project Initiation & Planning,,11/25/2025,5/8/2026,0,bc506db5-876b-487a-8b7e-0eab35189949,PlanExe
224e7f9b-3eb5-4790-ab53-627eb690e4bb,Secure Funding,,11/25/2025,2/23/2026,0,37464668-69aa-4993-9119-cbc31ba5b02f,PlanExe
3347e2b7-3fdd-4a93-a28f-59dd8cf70dfe,Identify Potential Funding Sources,"Identify Potential Funding Sources

Description:
Research and identify potential funding sources, including grants, investors, and loans, that align with the project's goals and objectives. This involves exploring government funding programs, private foundations, venture capital firms, and other relevant sources.

Resources needed:
• Financial Analyst
• Research Assistant
• Project Manager",11/25/2025,12/13/2025,0,224e7f9b-3eb5-4790-ab53-627eb690e4bb,PlanExe
8aa74570-5514-42f0-b9c5-ea748460ed39,Prepare Funding Proposals,"Prepare Funding Proposals

Description:
Develop comprehensive funding proposals tailored to each identified funding source. This includes writing grant applications, creating investor pitch decks, and preparing loan applications, ensuring all required documentation and information are included.

Resources needed:
• Grant Writer
• Financial Analyst
• Project Manager
• Legal Counsel",12/13/2025,12/31/2025,0,3347e2b7-3fdd-4a93-a28f-59dd8cf70dfe,PlanExe
118b9468-0478-48f7-abe6-14302a3d61d8,Engage with Potential Funders,"Engage with Potential Funders

Description:
Establish communication and build relationships with potential funders. This involves attending industry events, scheduling meetings, and presenting the project to potential investors and grant-making organizations.

Resources needed:
• Project Manager
• Principal Investigator
• Business Development Manager",12/31/2025,1/18/2026,0,8aa74570-5514-42f0-b9c5-ea748460ed39,PlanExe
4d2deeb2-0fb7-4bc2-82b3-8d7d72110e50,Negotiate Funding Agreements,"Negotiate Funding Agreements

Description:
Negotiate the terms and conditions of funding agreements with selected funders. This includes reviewing contracts, addressing legal and financial concerns, and finalizing the funding arrangements.

Resources needed:
• Legal Counsel
• Financial Analyst
• Project Manager",1/18/2026,2/5/2026,0,118b9468-0478-48f7-abe6-14302a3d61d8,PlanExe
835191d0-a60b-41f8-ac9c-a4dc0c2a866a,Secure Final Approval of Funds,"Secure Final Approval of Funds

Description:
Obtain final approval and secure the committed funding. This involves completing all necessary paperwork, fulfilling any remaining requirements, and ensuring the funds are transferred to the project account.

Resources needed:
• Financial Controller
• Project Manager
• Administrative Assistant",2/5/2026,2/23/2026,0,224e7f9b-3eb5-4790-ab53-627eb690e4bb,PlanExe
5fe61b19-6bdc-4e14-8354-44d628e6ec28,Establish Project Team,,2/23/2026,3/11/2026,0,224e7f9b-3eb5-4790-ab53-627eb690e4bb,PlanExe
616dfdb5-0e85-49d4-afe3-43cd96edc9a9,Define roles and responsibilities,"Define roles and responsibilities

Description:
Clearly define the roles and responsibilities for each team member, including geneticists, veterinarians, behaviorists, regulatory specialists, and the project manager. This includes creating job descriptions and outlining reporting structures.

Resources needed:
• Project Manager
• HR Specialist",2/23/2026,2/27/2026,0,5fe61b19-6bdc-4e14-8354-44d628e6ec28,PlanExe
63e785ed-025c-4956-b68a-66599f827307,Recruit key personnel,"Recruit key personnel

Description:
Identify and recruit qualified individuals for each role, focusing on expertise in genetic engineering, animal behavior, regulatory compliance, and project management. This may involve advertising positions, conducting interviews, and negotiating contracts.

Resources needed:
• HR Specialist
• Project Manager
• Hiring Managers",2/27/2026,3/3/2026,0,616dfdb5-0e85-49d4-afe3-43cd96edc9a9,PlanExe
9abffbdb-78b0-4deb-9990-382a52bfb9ff,Onboard new team members,"Onboard new team members

Description:
Provide new team members with the necessary training, resources, and support to effectively perform their roles. This includes introducing them to the project goals, ethical guidelines, regulatory requirements, and team dynamics.

Resources needed:
• Project Manager
• Team Leads
• HR Specialist",3/3/2026,3/7/2026,0,63e785ed-025c-4956-b68a-66599f827307,PlanExe
97a1320e-9380-40d6-bdd7-38867b90d038,Establish team communication protocols,"Establish team communication protocols

Description:
Define clear communication channels and protocols to ensure effective collaboration and information sharing among team members. This includes establishing regular meetings, using project management software, and creating a communication plan.

Resources needed:
• Project Manager
• Team Leads",3/7/2026,3/11/2026,0,5fe61b19-6bdc-4e14-8354-44d628e6ec28,PlanExe
92a4ba73-a84d-4524-bede-105b1db273e7,Define Project Scope and Objectives,,3/11/2026,3/21/2026,0,5fe61b19-6bdc-4e14-8354-44d628e6ec28,PlanExe
d7812886-88f2-4d85-a210-1a091b49fcaf,Identify Key Stakeholders and Their Needs,"Identify Key Stakeholders and Their Needs

Description:
Identify all individuals and groups who have an interest in the project and determine their specific requirements and expectations regarding the aesthetic, tactile, and behavioral traits of the engineered canine. This includes geneticists, veterinarians, ethicists, regulatory agencies, and potential customers.

Resources needed:
• Project Manager
• Stakeholder Engagement Specialist
• Market Research Analyst",3/11/2026,3/13/2026,0,92a4ba73-a84d-4524-bede-105b1db273e7,PlanExe
aa4b716b-31a1-48fb-86e5-d89f59ff16ac,Define Aesthetic Trait Requirements,"Define Aesthetic Trait Requirements

Description:
Establish specific, measurable, achievable, relevant, and time-bound (SMART) criteria for the desired aesthetic traits of the engineered canine. This includes defining the desired appearance, size, coat color, and other visual characteristics, considering human preferences and breed standards.

Resources needed:
• Veterinarian
• Geneticist
• Animal Behaviorist
• Design Consultant",3/13/2026,3/15/2026,0,d7812886-88f2-4d85-a210-1a091b49fcaf,PlanExe
9b60adf9-ab1d-4760-a586-15a2b5c8a551,Define Tactile Trait Requirements,"Define Tactile Trait Requirements

Description:
Establish SMART criteria for the desired tactile traits of the engineered canine. This includes defining the desired coat texture, softness, and other physical characteristics that will enhance human-animal interaction and maximize oxytocin release.

Resources needed:
• Veterinarian
• Animal Behaviorist
• Sensory Expert
• Materials Scientist",3/15/2026,3/17/2026,0,aa4b716b-31a1-48fb-86e5-d89f59ff16ac,PlanExe
53804deb-41a5-44fe-9cd1-d67fa38732d5,Define Behavioral Trait Requirements,"Define Behavioral Trait Requirements

Description:
Establish SMART criteria for the desired behavioral traits of the engineered canine. This includes defining the desired temperament, trainability, social skills, and other behavioral characteristics that will enhance human-animal interaction and maximize dopamine release.

Resources needed:
• Animal Behaviorist
• Veterinarian
• Dog Trainer
• Neurobiologist",3/17/2026,3/19/2026,0,9b60adf9-ab1d-4760-a586-15a2b5c8a551,PlanExe
d5a1fd0b-45e1-4eb9-b9c4-853926416346,Document Project Scope and Objectives,"Document Project Scope and Objectives

Description:
Create a comprehensive document that clearly defines the project scope, objectives, and success criteria, based on the identified stakeholder needs and the defined aesthetic, tactile, and behavioral trait requirements. This document will serve as a guide for the entire project team and ensure that everyone is working towards the same goals.

Resources needed:
• Project Manager
• Technical Writer
• All Subject Matter Experts",3/19/2026,3/21/2026,0,92a4ba73-a84d-4524-bede-105b1db273e7,PlanExe
319e9f7c-c1e8-44cb-94e6-cdf607ee1140,Develop Detailed Project Plan,,3/21/2026,4/10/2026,0,92a4ba73-a84d-4524-bede-105b1db273e7,PlanExe
d707964e-fdc1-47a8-a253-8f17edf7b608,Define Project Deliverables and Acceptance Criteria,"Define Project Deliverables and Acceptance Criteria

Description:
Clearly define all project deliverables, including the specific aesthetic, tactile, and behavioral traits of the engineered canine. Establish measurable acceptance criteria for each deliverable to ensure alignment with project objectives.

Resources needed:
• Project Manager
• Geneticists
• Veterinarians
• Behaviorists
• Stakeholders",3/21/2026,3/26/2026,0,319e9f7c-c1e8-44cb-94e6-cdf607ee1140,PlanExe
9e1e24c0-156a-41e2-9dde-3eefbb201ab0,Create Detailed Timeline and Resource Allocation,"Create Detailed Timeline and Resource Allocation

Description:
Develop a comprehensive project timeline with specific milestones and deadlines for each task. Allocate resources (personnel, equipment, budget) to each task based on its complexity and priority. Use project management software to track progress and manage resources effectively.

Resources needed:
• Project Manager
• Financial Controller
• Resource Manager
• Project Management Software",3/26/2026,3/31/2026,0,d707964e-fdc1-47a8-a253-8f17edf7b608,PlanExe
8c920153-cb46-45e3-bf07-9c0a86ea0943,Identify Task Dependencies and Critical Path,"Identify Task Dependencies and Critical Path

Description:
Identify all task dependencies to understand the sequence of activities required to complete the project. Determine the critical path, which is the longest sequence of dependent tasks that determines the project's overall duration. Focus on managing tasks along the critical path to minimize delays.

Resources needed:
• Project Manager
• Geneticists
• Veterinarians
• Behaviorists",3/31/2026,4/5/2026,0,9e1e24c0-156a-41e2-9dde-3eefbb201ab0,PlanExe
d3d44bb2-48c7-4067-9fbc-ea14784c0c34,Establish Communication and Reporting Protocols,"Establish Communication and Reporting Protocols

Description:
Define clear communication channels and reporting protocols to ensure effective information flow among team members and stakeholders. Establish regular project status meetings and generate progress reports to track milestones, identify risks, and address issues promptly.

Resources needed:
• Project Manager
• Communication Specialist
• Stakeholders",4/5/2026,4/10/2026,0,319e9f7c-c1e8-44cb-94e6-cdf607ee1140,PlanExe
30a33f10-f8f3-427b-9a01-887fa8a83e08,Risk Assessment and Mitigation Planning,,4/10/2026,4/26/2026,0,319e9f7c-c1e8-44cb-94e6-cdf607ee1140,PlanExe
3492c4f2-d7d4-40df-9fa9-774ca1151a23,Identify potential project risks,"Identify potential project risks

Description:
Objective: Identify all potential risks that could impact the project's success.
Scope: Cover all aspects of the project, including technical, ethical, regulatory, financial, and operational risks.
Steps: Brainstorm with the project team, review historical data from similar projects, consult with experts, and conduct a SWOT analysis.
Deliverables: A comprehensive list of potential project risks.

Resources needed:
• Project Manager
• Subject Matter Experts
• Risk Management Specialist",4/10/2026,4/14/2026,0,30a33f10-f8f3-427b-9a01-887fa8a83e08,PlanExe
aac43c53-e9a7-4987-82cd-897f70c43c1d,Assess the impact and probability of risks,"Assess the impact and probability of risks

Description:
Objective: Evaluate the potential impact and probability of each identified risk.
Scope: Quantify the impact in terms of cost, schedule, and performance. Assess the probability of occurrence using a qualitative or quantitative scale.
Steps: Conduct risk workshops, use historical data and expert judgment, and apply risk assessment techniques (e.g., Monte Carlo simulation).
Deliverables: A risk assessment matrix that ranks risks based on their impact and probability.

Resources needed:
• Project Manager
• Risk Management Specialist
• Financial Analyst",4/14/2026,4/18/2026,0,3492c4f2-d7d4-40df-9fa9-774ca1151a23,PlanExe
af1d974d-dab2-470e-8c62-04b7835663d8,Develop mitigation strategies for key risks,"Develop mitigation strategies for key risks

Description:
Objective: Develop strategies to mitigate or eliminate the most significant risks.
Scope: Identify proactive and reactive measures to reduce the likelihood or impact of each key risk.
Steps: Brainstorm mitigation options, evaluate their feasibility and cost-effectiveness, and document the chosen strategies.
Deliverables: A risk mitigation plan that outlines the specific actions to be taken for each key risk.

Resources needed:
• Project Manager
• Subject Matter Experts
• Risk Management Specialist",4/18/2026,4/22/2026,0,aac43c53-e9a7-4987-82cd-897f70c43c1d,PlanExe
31c4fd8f-3806-4998-b494-fdaa8c0b0adb,Document risk assessment and mitigation plan,"Document risk assessment and mitigation plan

Description:
Objective: Create a comprehensive document that summarizes the risk assessment and mitigation plan.
Scope: Include the list of identified risks, their impact and probability, mitigation strategies, and responsible parties.
Steps: Compile the information from the previous steps, format the document, and obtain approval from key stakeholders.
Deliverables: A formal risk assessment and mitigation plan document.

Resources needed:
• Project Manager
• Risk Management Specialist
• Document Control Specialist",4/22/2026,4/26/2026,0,30a33f10-f8f3-427b-9a01-887fa8a83e08,PlanExe
5f586ac4-27de-4c86-8470-b2d287a59e38,Stakeholder Analysis and Engagement Planning,,4/26/2026,5/8/2026,0,37464668-69aa-4993-9119-cbc31ba5b02f,PlanExe
3863971f-4517-41dc-9bf1-57989a3aad1b,Identify Key Stakeholders,"Identify Key Stakeholders

Description:
Identify all individuals, groups, and organizations that have an interest in or are affected by the project. This includes internal teams, regulatory bodies, animal welfare organizations, and the general public.

Resources needed:
• Project Manager
• Stakeholder Engagement Specialist",4/26/2026,4/29/2026,0,5f586ac4-27de-4c86-8470-b2d287a59e38,PlanExe
0e25fac4-6f12-48f0-8ecd-64a4f083b661,Analyze Stakeholder Interests and Influence,"Analyze Stakeholder Interests and Influence

Description:
Assess the interests, needs, and level of influence of each stakeholder. Determine their potential impact on the project's success and identify any potential conflicts or concerns.

Resources needed:
• Project Manager
• Stakeholder Engagement Specialist
• Communication Specialist",4/29/2026,5/2/2026,0,3863971f-4517-41dc-9bf1-57989a3aad1b,PlanExe
84762fb3-c9f3-481f-9e7b-eaef00ab9223,Develop Engagement Strategies,"Develop Engagement Strategies

Description:
Create tailored engagement strategies for each stakeholder group, outlining the communication methods, frequency, and content that will be used to keep them informed and involved throughout the project lifecycle.

Resources needed:
• Stakeholder Engagement Specialist
• Communication Specialist
• Project Manager",5/2/2026,5/5/2026,0,0e25fac4-6f12-48f0-8ecd-64a4f083b661,PlanExe
c350f7f2-622d-4a2c-a49d-aaf780ad6b9e,Document Stakeholder Engagement Plan,"Document Stakeholder Engagement Plan

Description:
Formalize the stakeholder analysis and engagement strategies into a comprehensive plan that outlines the objectives, methods, and responsibilities for stakeholder engagement throughout the project.

Resources needed:
• Project Manager
• Stakeholder Engagement Specialist
• Communication Specialist",5/5/2026,5/8/2026,0,5f586ac4-27de-4c86-8470-b2d287a59e38,PlanExe
a7eaa434-2d4f-4018-80e5-3e0fd60640c2,Ethical and Regulatory Compliance,,5/8/2026,5/13/2027,0,37464668-69aa-4993-9119-cbc31ba5b02f,PlanExe
2965587c-f516-45c7-a25f-a1c9e38e148e,Establish Ethics Advisory Board,,5/8/2026,6/7/2026,0,a7eaa434-2d4f-4018-80e5-3e0fd60640c2,PlanExe
a8d225c4-3a7a-45fe-a000-e49b1ac12515,Identify Potential Ethics Board Members,"Identify Potential Ethics Board Members

Description:
Identify and research potential candidates with expertise in relevant fields such as animal welfare, bioethics, genetics, and regulatory affairs. Consider diversity in perspectives and backgrounds.

Resources needed:
• Project Manager
• Ethics and Animal Welfare Advocate
• Regulatory Affairs Specialist",5/8/2026,5/14/2026,0,2965587c-f516-45c7-a25f-a1c9e38e148e,PlanExe
8e4cb93e-3071-45f2-922f-30cfa2c1ff1f,Contact and Recruit Board Members,"Contact and Recruit Board Members

Description:
Reach out to identified candidates, explain the project's goals and scope, and invite them to join the ethics advisory board. Negotiate terms of engagement and compensation.

Resources needed:
• Project Manager
• Legal Counsel
• Administrative Support",5/14/2026,5/20/2026,0,a8d225c4-3a7a-45fe-a000-e49b1ac12515,PlanExe
6faee851-4a05-4d83-b882-a77e501a9bd5,Define Board Charter and Responsibilities,"Define Board Charter and Responsibilities

Description:
Develop a formal charter outlining the board's purpose, authority, decision-making processes, and responsibilities. Ensure alignment with ethical guidelines and regulatory requirements.

Resources needed:
• Ethics and Animal Welfare Advocate
• Legal Counsel
• Project Manager",5/20/2026,5/26/2026,0,8e4cb93e-3071-45f2-922f-30cfa2c1ff1f,PlanExe
4f8034fa-c9f1-4176-804c-e9b66f274447,Establish Board Operating Procedures,"Establish Board Operating Procedures

Description:
Create clear procedures for board meetings, document review, conflict resolution, and communication with the project team and stakeholders.

Resources needed:
• Ethics and Animal Welfare Advocate
• Project Manager
• Administrative Support",5/26/2026,6/1/2026,0,6faee851-4a05-4d83-b882-a77e501a9bd5,PlanExe
969de510-1647-4f5f-8453-102aed58eae2,Onboard and Train Ethics Board Members,"Onboard and Train Ethics Board Members

Description:
Provide new board members with comprehensive information about the project, relevant scientific background, ethical considerations, and regulatory landscape. Offer ongoing training and support.

Resources needed:
• Lead Geneticist
• Ethics and Animal Welfare Advocate
• Project Manager",6/1/2026,6/7/2026,0,2965587c-f516-45c7-a25f-a1c9e38e148e,PlanExe
8c4f021e-4d52-4b02-bbe4-d9950cb6e56f,Develop Ethical Guidelines and Protocols,,6/7/2026,7/25/2026,0,2965587c-f516-45c7-a25f-a1c9e38e148e,PlanExe
dc8ea3fe-a240-4aad-9f0e-fa6a56f4fdee,Research ethical guidelines for animal research,"Research ethical guidelines for animal research

Description:
Objective: Identify relevant ethical guidelines and standards for animal research, genetic engineering, and animal welfare.
Scope: Review existing literature, consult with experts, and analyze relevant regulations.
Steps: Conduct literature review, consult with ethicists and animal welfare specialists, and document findings.
Deliverables: A comprehensive report summarizing relevant ethical guidelines and standards.

Resources needed:
• Ethics and Animal Welfare Advocate
• Regulatory Affairs Specialist
• Legal Counsel",6/7/2026,6/19/2026,0,8c4f021e-4d52-4b02-bbe4-d9950cb6e56f,PlanExe
c8caeb3c-5014-4146-b4c0-3bafdb3bea17,Draft initial ethical guidelines and protocols,"Draft initial ethical guidelines and protocols

Description:
Objective: Develop a draft set of ethical guidelines and protocols tailored to the specific project.
Scope: Based on the research findings, create a comprehensive document outlining ethical principles, procedures, and responsibilities.
Steps: Draft ethical guidelines, incorporate feedback from stakeholders, and revise as needed.
Deliverables: A draft document outlining ethical guidelines and protocols.

Resources needed:
• Ethics and Animal Welfare Advocate
• Project Manager
• Legal Counsel",6/19/2026,7/1/2026,0,dc8ea3fe-a240-4aad-9f0e-fa6a56f4fdee,PlanExe
6f3925d7-f30a-4399-aae3-0e68c5933117,Review draft guidelines with ethics advisory board,"Review draft guidelines with ethics advisory board

Description:
Objective: Obtain feedback and approval from the ethics advisory board on the draft guidelines and protocols.
Scope: Present the draft document to the board, facilitate discussion, and incorporate their recommendations.
Steps: Schedule board meeting, present draft guidelines, address concerns, and revise based on feedback.
Deliverables: A revised document incorporating feedback from the ethics advisory board.

Resources needed:
• Ethics and Animal Welfare Advocate
• Project Manager
• Ethics Advisory Board Members",7/1/2026,7/13/2026,0,c8caeb3c-5014-4146-b4c0-3bafdb3bea17,PlanExe
dbe7a4dd-697b-4f49-bea8-cbe9222bd273,Finalize ethical guidelines and protocols,"Finalize ethical guidelines and protocols

Description:
Objective: Finalize the ethical guidelines and protocols based on the feedback from the ethics advisory board and other stakeholders.
Scope: Incorporate all relevant feedback, ensure compliance with regulations, and obtain final approval.
Steps: Revise document, obtain final approval from the board, and disseminate the finalized guidelines.
Deliverables: A finalized and approved document outlining ethical guidelines and protocols.

Resources needed:
• Ethics and Animal Welfare Advocate
• Project Manager
• Legal Counsel
• Ethics Advisory Board Members",7/13/2026,7/25/2026,0,8c4f021e-4d52-4b02-bbe4-d9950cb6e56f,PlanExe
9638d03a-7adb-4acd-84c7-7bdc7f610963,Obtain Animal Research Permit,,7/25/2026,10/23/2026,0,8c4f021e-4d52-4b02-bbe4-d9950cb6e56f,PlanExe
1c547e6a-1799-46ff-a06c-fc3db15fb91a,Gather required documentation for animal research,"Gather required documentation for animal research

Description:
Objective: Compile all necessary documents for the animal research permit application.
Scope: Includes research proposal, ethical review board approval, animal care protocols, facility information, and researcher credentials.
Steps: 1. Review APQA guidelines. 2. Collect documents from relevant personnel. 3. Verify completeness and accuracy.
Deliverables: Complete documentation package.

Resources needed:
• Regulatory Affairs Specialist
• Veterinarian
• Research Team
• Legal Counsel",7/25/2026,8/12/2026,0,9638d03a-7adb-4acd-84c7-7bdc7f610963,PlanExe
7459a2a1-3120-452a-a666-492303f117d7,Prepare application form for animal research permit,"Prepare application form for animal research permit

Description:
Objective: Complete the official application form for the animal research permit.
Scope: Includes filling out all sections of the form accurately and completely, providing all required information, and ensuring compliance with APQA guidelines.
Steps: 1. Obtain the application form from APQA. 2. Fill out the form with accurate information. 3. Review and verify the completed form.
Deliverables: Completed application form.

Resources needed:
• Regulatory Affairs Specialist
• Project Manager",8/12/2026,8/30/2026,0,1c547e6a-1799-46ff-a06c-fc3db15fb91a,PlanExe
ef762cde-2d2c-46f4-b89e-91df90565d22,Submit application to Animal and Plant Quarantine Agency,"Submit application to Animal and Plant Quarantine Agency

Description:
Objective: Officially submit the completed application package to the APQA.
Scope: Includes submitting all required documents and forms, paying any applicable fees, and obtaining confirmation of receipt.
Steps: 1. Prepare the submission package. 2. Submit the package to APQA. 3. Obtain confirmation of receipt.
Deliverables: Submission confirmation.

Resources needed:
• Regulatory Affairs Specialist
• Project Manager",8/30/2026,9/17/2026,0,7459a2a1-3120-452a-a666-492303f117d7,PlanExe
8f8db033-dbde-4cfa-86b0-fa6c8bad6445,Respond to APQA inquiries and requests,"Respond to APQA inquiries and requests

Description:
Objective: Address any questions or requests for additional information from the APQA during the review process.
Scope: Includes promptly responding to inquiries, providing requested information, and addressing any concerns raised by the APQA.
Steps: 1. Monitor communication from APQA. 2. Prepare responses to inquiries. 3. Submit responses to APQA.
Deliverables: Complete and timely responses to APQA.

Resources needed:
• Regulatory Affairs Specialist
• Veterinarian
• Research Team
• Legal Counsel",9/17/2026,10/5/2026,0,ef762cde-2d2c-46f4-b89e-91df90565d22,PlanExe
11d101ae-fc43-4ec2-9980-929738790db3,Follow up on application status with APQA,"Follow up on application status with APQA

Description:
Objective: Proactively monitor the progress of the application review and follow up with the APQA to ensure timely processing.
Scope: Includes regularly checking the application status, contacting APQA representatives, and addressing any potential delays.
Steps: 1. Track application status. 2. Contact APQA representatives. 3. Address any delays.
Deliverables: Regular updates on application status.

Resources needed:
• Regulatory Affairs Specialist
• Project Manager",10/5/2026,10/23/2026,0,9638d03a-7adb-4acd-84c7-7bdc7f610963,PlanExe
a611b1a2-7e16-402b-bd6c-08b6dfeb4f44,Obtain GMO Research License,,10/23/2026,1/21/2027,0,9638d03a-7adb-4acd-84c7-7bdc7f610963,PlanExe
61cca318-c3eb-44fb-ac8a-b647050e70e5,Identify Applicable GMO Regulations,"Identify Applicable GMO Regulations

Description:
Determine the specific South Korean regulations and guidelines pertaining to genetically modified organisms (GMOs) relevant to the canine enhancement project. This includes researching the LMO Act and any related subsidiary legislation.

Resources needed:
• Regulatory Affairs Specialist
• Legal Counsel",10/23/2026,11/10/2026,0,a611b1a2-7e16-402b-bd6c-08b6dfeb4f44,PlanExe
e6ce1740-8e4f-4271-a2a1-da8acdb2010d,Prepare GMO Research License Application,"Prepare GMO Research License Application

Description:
Compile all necessary documentation and information required for the GMO research license application to the Ministry of Food and Drug Safety (MFDS). This includes detailed descriptions of the genetic modifications, risk assessments, and biosafety protocols.

Resources needed:
• Lead Geneticist
• Regulatory Affairs Specialist
• Project Manager",11/10/2026,11/28/2026,0,61cca318-c3eb-44fb-ac8a-b647050e70e5,PlanExe
f4f03176-c41c-452b-a0cd-32ce4931d273,Submit Application to MFDS,"Submit Application to MFDS

Description:
Formally submit the completed GMO research license application to the MFDS, ensuring all required forms are accurately filled out and all supporting documentation is included.

Resources needed:
• Regulatory Affairs Specialist
• Project Manager",11/28/2026,12/16/2026,0,e6ce1740-8e4f-4271-a2a1-da8acdb2010d,PlanExe
2f88df24-2478-4742-a359-bffb8bb5292a,Address MFDS Inquiries and Requests,"Address MFDS Inquiries and Requests

Description:
Respond promptly and thoroughly to any inquiries or requests for additional information from the MFDS during the review process. This may involve providing clarification on specific aspects of the research or submitting supplementary data.

Resources needed:
• Lead Geneticist
• Regulatory Affairs Specialist
• Project Manager",12/16/2026,1/3/2027,0,f4f03176-c41c-452b-a0cd-32ce4931d273,PlanExe
eec07fa4-a737-48a6-b4f0-fae4f2a22c8c,Track Application Status and Approval,"Track Application Status and Approval

Description:
Monitor the progress of the GMO research license application through the MFDS review process and track key milestones. Upon approval, ensure all conditions and requirements are clearly understood and implemented.

Resources needed:
• Regulatory Affairs Specialist
• Project Manager",1/3/2027,1/21/2027,0,a611b1a2-7e16-402b-bd6c-08b6dfeb4f44,PlanExe
793fce0c-2596-4fbc-81ab-687aeba36bec,Secure Biosafety Approval,,1/21/2027,2/22/2027,0,a611b1a2-7e16-402b-bd6c-08b6dfeb4f44,PlanExe
be55962d-d26f-48b0-8abb-f39c45e2ad8b,Prepare biosafety documentation,"Prepare biosafety documentation

Description:
Gather and compile all necessary documents for biosafety approval, including facility descriptions, safety protocols, and risk assessments.

Resources needed:
• Biosafety Officer
• Laboratory Manager
• Regulatory Affairs Specialist",1/21/2027,1/29/2027,0,793fce0c-2596-4fbc-81ab-687aeba36bec,PlanExe
209a3cbc-5ba3-4d83-bcaa-128421314851,Conduct biosafety risk assessment,"Conduct biosafety risk assessment

Description:
Evaluate potential risks associated with the genetic engineering work, including containment procedures, waste disposal, and emergency response plans.

Resources needed:
• Biosafety Officer
• Geneticist
• Veterinarian",1/29/2027,2/6/2027,0,be55962d-d26f-48b0-8abb-f39c45e2ad8b,PlanExe
374f66ef-6c78-4118-86b1-6248dd9b5efe,Submit biosafety application,"Submit biosafety application

Description:
Complete and submit the biosafety approval application to the relevant regulatory body, ensuring all required information is included.

Resources needed:
• Regulatory Affairs Specialist
• Project Manager",2/6/2027,2/14/2027,0,209a3cbc-5ba3-4d83-bcaa-128421314851,PlanExe
02f429ae-9db4-4084-bf3e-40236869f60f,Address biosafety queries,"Address biosafety queries

Description:
Respond to any questions or requests for additional information from the biosafety review board in a timely and thorough manner.

Resources needed:
• Biosafety Officer
• Regulatory Affairs Specialist
• Geneticist",2/14/2027,2/22/2027,0,793fce0c-2596-4fbc-81ab-687aeba36bec,PlanExe
892105f7-fbf0-45cf-ac38-6cd0a1867565,"Engage with Regulatory Agencies (MFDS, APQA)",,2/22/2027,4/23/2027,0,793fce0c-2596-4fbc-81ab-687aeba36bec,PlanExe
9a11a5b2-08a4-4dc8-8d38-747220257df9,Prepare MFDS briefing documents,"Prepare MFDS briefing documents

Description:
Compile all relevant project information, including scientific data, ethical considerations, and regulatory compliance plans, into a comprehensive briefing document for the Ministry of Food and Drug Safety (MFDS).

Resources needed:
• Regulatory Affairs Specialist
• Lead Geneticist
• Project Manager",2/22/2027,3/6/2027,0,892105f7-fbf0-45cf-ac38-6cd0a1867565,PlanExe
ddf8aa3b-2f6f-4ac2-8f55-e3b96926d7ef,Schedule MFDS consultation meeting,"Schedule MFDS consultation meeting

Description:
Coordinate with MFDS officials to schedule a formal consultation meeting to present the project, address any concerns, and obtain preliminary feedback on the regulatory pathway.

Resources needed:
• Regulatory Affairs Specialist
• Project Manager",3/6/2027,3/18/2027,0,9a11a5b2-08a4-4dc8-8d38-747220257df9,PlanExe
41f3341a-1022-460c-b12d-0b4e25d56fed,Prepare APQA briefing documents,"Prepare APQA briefing documents

Description:
Compile all relevant project information, including animal welfare plans, health monitoring protocols, and biosafety measures, into a comprehensive briefing document for the Animal and Plant Quarantine Agency (APQA).

Resources needed:
• Regulatory Affairs Specialist
• Veterinarian
• Project Manager",3/18/2027,3/30/2027,0,ddf8aa3b-2f6f-4ac2-8f55-e3b96926d7ef,PlanExe
0fce731a-796c-488d-8281-ce4dca0cff0a,Schedule APQA consultation meeting,"Schedule APQA consultation meeting

Description:
Coordinate with APQA officials to schedule a formal consultation meeting to present the project, address any concerns related to animal welfare and biosafety, and obtain preliminary feedback on the regulatory pathway.

Resources needed:
• Regulatory Affairs Specialist
• Project Manager
• Veterinarian",3/30/2027,4/11/2027,0,41f3341a-1022-460c-b12d-0b4e25d56fed,PlanExe
0a133a4a-a11a-420b-a5d9-12ac188a4542,Document agency feedback and action items,"Document agency feedback and action items

Description:
Thoroughly document all feedback received from MFDS and APQA during the consultation meetings, and identify specific action items required to address their concerns and ensure regulatory compliance.

Resources needed:
• Regulatory Affairs Specialist
• Project Manager",4/11/2027,4/23/2027,0,892105f7-fbf0-45cf-ac38-6cd0a1867565,PlanExe
df0b8994-e15b-4f0c-98d4-5c8fab961e96,Develop Regulatory Compliance Plan,,4/23/2027,5/13/2027,0,a7eaa434-2d4f-4018-80e5-3e0fd60640c2,PlanExe
e1d66e1c-67d5-42e8-9c62-f150346e4d7f,Identify applicable regulations and guidelines,"Identify applicable regulations and guidelines

Description:
Identify all relevant South Korean regulations, guidelines, and standards related to GMOs, animal research, biosafety, and animal welfare. This includes researching laws such as the LMO Act, Animal Protection Act, and Laboratory Animal Act.

Resources needed:
• Regulatory Affairs Specialist
• Legal Counsel",4/23/2027,4/27/2027,0,df0b8994-e15b-4f0c-98d4-5c8fab961e96,PlanExe
d3a7fdd6-d56b-46de-86f2-61dd5a96405d,Map project activities to regulatory requirements,"Map project activities to regulatory requirements

Description:
Create a detailed mapping of all project activities (e.g., genetic modification, animal care, data collection) to the specific regulatory requirements identified in the previous step. This will ensure that all activities are conducted in compliance with applicable laws and guidelines.

Resources needed:
• Regulatory Affairs Specialist
• Project Manager
• Lead Geneticist",4/27/2027,5/1/2027,0,e1d66e1c-67d5-42e8-9c62-f150346e4d7f,PlanExe
d426d0c6-e872-4b53-92ab-5ed998e8f9d2,Develop compliance checklist and procedures,"Develop compliance checklist and procedures

Description:
Based on the regulatory mapping, develop a comprehensive compliance checklist and detailed standard operating procedures (SOPs) for each project activity. These procedures should outline the steps necessary to ensure compliance with all applicable regulations.

Resources needed:
• Regulatory Affairs Specialist
• Project Manager
• Veterinarian
• Behaviorist",5/1/2027,5/5/2027,0,d3a7fdd6-d56b-46de-86f2-61dd5a96405d,PlanExe
41ec7628-71ce-452e-94e3-0270ad11fc54,Establish documentation and record-keeping system,"Establish documentation and record-keeping system

Description:
Establish a robust documentation and record-keeping system to track all compliance-related activities. This system should include procedures for documenting permits, licenses, approvals, training records, audit results, and any corrective actions taken.

Resources needed:
• Regulatory Affairs Specialist
• Project Manager
• Data Management Specialist",5/5/2027,5/9/2027,0,d426d0c6-e872-4b53-92ab-5ed998e8f9d2,PlanExe
60bbbc38-cd86-4fad-8e80-f8edd6c154c2,Implement internal audits and compliance monitoring,"Implement internal audits and compliance monitoring

Description:
Implement a system of regular internal audits and compliance monitoring to ensure that all project activities are being conducted in accordance with the established procedures and regulatory requirements. This includes conducting periodic reviews of documentation, observing project activities, and interviewing project personnel.

Resources needed:
• Regulatory Affairs Specialist
• Project Manager
• Auditor",5/9/2027,5/13/2027,0,df0b8994-e15b-4f0c-98d4-5c8fab961e96,PlanExe
6e14c317-0939-4c35-94ba-bbfaee185dec,Genetic Engineering & Research,,5/13/2027,8/30/2029,0,a7eaa434-2d4f-4018-80e5-3e0fd60640c2,PlanExe
8855e5e5-8a35-438c-8773-29f1f1e0185c,Establish Genetic Engineering Laboratory,,5/13/2027,9/10/2027,0,6e14c317-0939-4c35-94ba-bbfaee185dec,PlanExe
02b7a71a-da40-4eac-83cf-85f06e77ca95,Identify Lab Space and Requirements,"Identify Lab Space and Requirements

Description:
Determine the specific space needed for the genetic engineering lab, including square footage, biosafety level, and any specialized environmental controls.  Outline all necessary equipment, including CRISPR-Cas9 and Prime Editing systems, high-throughput sequencers, and cell culture facilities.  Consider future expansion needs.

Resources needed:
• Project Manager
• Lab Manager
• Biosafety Officer
• Facilities Planner",5/13/2027,6/6/2027,0,8855e5e5-8a35-438c-8773-29f1f1e0185c,PlanExe
73369b60-9361-4537-bba3-47c1d519a175,Procure Essential Equipment and Supplies,"Procure Essential Equipment and Supplies

Description:
Obtain quotes from vendors for all required equipment, including CRISPR-Cas9 and Prime Editing systems, high-throughput sequencers, microscopes, centrifuges, and cell culture incubators.  Order necessary supplies, such as reagents, cell culture media, and consumables.  Establish vendor relationships and negotiate favorable pricing.

Resources needed:
• Procurement Specialist
• Lab Manager
• Financial Controller",6/6/2027,6/30/2027,0,02b7a71a-da40-4eac-83cf-85f06e77ca95,PlanExe
a15aef9d-ce4c-455d-a566-52fd3adba057,Design Lab Layout and Infrastructure,"Design Lab Layout and Infrastructure

Description:
Develop a detailed lab layout that optimizes workflow, ensures biosafety, and complies with all relevant regulations.  Plan for necessary infrastructure, including power, ventilation, water, and waste disposal systems.  Consider ergonomic factors and accessibility requirements.

Resources needed:
• Architect
• Engineer
• Biosafety Officer
• Lab Manager",6/30/2027,7/24/2027,0,73369b60-9361-4537-bba3-47c1d519a175,PlanExe
0bf91424-658b-4b9b-806c-6ae0ddd1ad6d,Renovate/Construct Lab Space,"Renovate/Construct Lab Space

Description:
Oversee the renovation or construction of the lab space according to the approved design.  Ensure that all work is completed to code and meets biosafety requirements.  Coordinate with contractors and vendors to ensure timely completion of the project.

Resources needed:
• Construction Manager
• Contractors
• Engineer
• Lab Manager",7/24/2027,8/17/2027,0,a15aef9d-ce4c-455d-a566-52fd3adba057,PlanExe
79e2ca6e-6bd1-4820-a4ae-05425f34a5ee,Install and Validate Equipment,"Install and Validate Equipment

Description:
Install all procured equipment according to manufacturer specifications.  Conduct thorough validation testing to ensure that all equipment is functioning properly and meets performance standards.  Train lab personnel on the proper use and maintenance of the equipment.

Resources needed:
• Equipment Vendors
• Lab Manager
• Technicians
• Quality Assurance Specialist",8/17/2027,9/10/2027,0,8855e5e5-8a35-438c-8773-29f1f1e0185c,PlanExe
b8291bad-9f6b-434b-9c01-1c4c3ce7f490,Select Target Genes,,9/10/2027,11/9/2027,0,8855e5e5-8a35-438c-8773-29f1f1e0185c,PlanExe
cff05fca-100b-48f8-aafa-fa3b90354056,Literature Review of Canine Genetics,"Literature Review of Canine Genetics

Description:
Conduct a thorough review of existing literature on canine genetics, focusing on genes associated with behavior, temperament, and physical traits relevant to dopamine and oxytocin release in humans. Identify potential candidate genes for modification.

Resources needed:
• Geneticists
• Bioinformaticians
• Scientific databases
• Research journals",9/10/2027,9/22/2027,0,b8291bad-9f6b-434b-9c01-1c4c3ce7f490,PlanExe
cbdf9978-be22-4b5d-9d0a-e357b20fdd41,Identify Genes for Aesthetic Traits,"Identify Genes for Aesthetic Traits

Description:
Identify specific genes responsible for desired aesthetic traits (e.g., coat color, fur texture, eye color, size) in canines. Research the genetic basis of these traits and their potential impact on human perception and interaction.

Resources needed:
• Geneticists
• Veterinarians
• Breed experts
• Canine genome databases",9/22/2027,10/4/2027,0,cff05fca-100b-48f8-aafa-fa3b90354056,PlanExe
fc3938ff-16dc-4036-8893-c9dbcf4b0058,Identify Genes for Tactile Traits,"Identify Genes for Tactile Traits

Description:
Identify genes influencing tactile traits (e.g., fur softness, skin sensitivity) in canines. Investigate the relationship between these traits and human tactile perception, focusing on factors that promote positive emotional responses.

Resources needed:
• Geneticists
• Veterinarians
• Sensory biologists
• Touch perception studies",10/4/2027,10/16/2027,0,cbdf9978-be22-4b5d-9d0a-e357b20fdd41,PlanExe
224582e0-a672-496c-912c-114f1f2106f5,Identify Genes for Behavioral Traits,"Identify Genes for Behavioral Traits

Description:
Identify genes associated with specific behavioral traits (e.g., playfulness, sociability, trainability) in canines. Research the genetic basis of these traits and their influence on dopamine and oxytocin release in humans during interaction.

Resources needed:
• Behavioral geneticists
• Veterinary ethologists
• Neurobiologists
• Behavioral studies",10/16/2027,10/28/2027,0,fc3938ff-16dc-4036-8893-c9dbcf4b0058,PlanExe
64e37133-c459-4717-a336-02a0e0a6a804,Prioritize Candidate Genes,"Prioritize Candidate Genes

Description:
Prioritize candidate genes based on their potential to influence the desired aesthetic, tactile, and behavioral traits, as well as their feasibility for genetic modification using CRISPR-Cas9 or Prime Editing. Consider potential off-target effects and ethical implications.

Resources needed:
• Geneticists
• Bioethicists
• Regulatory specialists
• Risk assessment tools",10/28/2027,11/9/2027,0,b8291bad-9f6b-434b-9c01-1c4c3ce7f490,PlanExe
21edd639-6e83-4966-8949-1ab18d846c1d,"Design Genetic Modifications (CRISPR-Cas9, Prime Editing)",,11/9/2027,1/8/2028,0,b8291bad-9f6b-434b-9c01-1c4c3ce7f490,PlanExe
994e8e8d-6fc5-4c99-b5a7-e066cd76bbbd,Identify candidate guide RNA sequences,"Identify candidate guide RNA sequences

Description:
Identify potential guide RNA sequences for CRISPR-Cas9 and Prime Editing that target the selected genes. Consider factors such as on-target activity, off-target potential, and compatibility with delivery methods.

Resources needed:
• Bioinformaticians
• CRISPR-Cas9 experts
• Prime Editing experts
• Bioinformatics software
• Genomic databases",11/9/2027,11/24/2027,0,21edd639-6e83-4966-8949-1ab18d846c1d,PlanExe
f871683e-40b6-4a7d-aa64-27047be76fec,Predict off-target effects of guide RNAs,"Predict off-target effects of guide RNAs

Description:
Use bioinformatics tools to predict potential off-target binding sites for the selected guide RNAs. Prioritize guide RNAs with minimal predicted off-target effects.

Resources needed:
• Bioinformaticians
• Bioinformatics software
• Genomic databases",11/24/2027,12/9/2027,0,994e8e8d-6fc5-4c99-b5a7-e066cd76bbbd,PlanExe
233c965f-0097-46f0-92f5-dad410138b58,Design donor DNA templates for gene editing,"Design donor DNA templates for gene editing

Description:
Design donor DNA templates for gene knock-in or base editing, ensuring proper homology arms and desired sequence modifications. Optimize template design for efficient and accurate gene editing.

Resources needed:
• Molecular biologists
• CRISPR-Cas9 experts
• Prime Editing experts
• DNA synthesis services",12/9/2027,12/24/2027,0,f871683e-40b6-4a7d-aa64-27047be76fec,PlanExe
be9092fc-5863-482c-9a85-2aaad3579549,Optimize delivery methods for gene editing components,"Optimize delivery methods for gene editing components

Description:
Determine the most efficient and safe delivery methods for CRISPR-Cas9 or Prime Editing components into canine cells, considering factors such as cell type, delivery efficiency, and potential toxicity.

Resources needed:
• Cell culture specialists
• Delivery system experts
• Molecular biologists
• Cell culture equipment",12/24/2027,1/8/2028,0,21edd639-6e83-4966-8949-1ab18d846c1d,PlanExe
a3fdbdc9-5870-4bbf-b984-41fa04cb6826,Conduct In Vitro Testing,,1/8/2028,4/7/2028,0,21edd639-6e83-4966-8949-1ab18d846c1d,PlanExe
b4bb2496-def3-40ba-aff9-12631009fabf,Prepare cell cultures for testing,"Prepare cell cultures for testing

Description:
Prepare and maintain the necessary cell cultures for in vitro testing of the genetic modifications. This includes selecting appropriate cell lines, ensuring optimal growth conditions, and monitoring cell viability.

Resources needed:
• Cell culture media
• Cell lines
• Incubators
• Microscopes
• Cell culture technicians",1/8/2028,1/26/2028,0,a3fdbdc9-5870-4bbf-b984-41fa04cb6826,PlanExe
a81886e3-8af6-4b80-aad6-6ec6e682a9b5,Transfect cells with modified genes,"Transfect cells with modified genes

Description:
Introduce the genetically modified genes into the selected cell cultures using appropriate transfection methods. This includes optimizing transfection efficiency and minimizing cytotoxicity.

Resources needed:
• Transfection reagents
• Modified gene constructs
• Cell culture technicians
• Molecular biologists",1/26/2028,2/13/2028,0,b4bb2496-def3-40ba-aff9-12631009fabf,PlanExe
3f75667f-297e-4662-a578-916a743dcec5,Assess gene expression and protein production,"Assess gene expression and protein production

Description:
Evaluate the expression of the modified genes and the production of the corresponding proteins in the transfected cells. This includes using techniques such as quantitative PCR (qPCR) and Western blotting.

Resources needed:
• qPCR reagents
• Western blotting reagents
• Molecular biologists
• Biochemists",2/13/2028,3/2/2028,0,a81886e3-8af6-4b80-aad6-6ec6e682a9b5,PlanExe
e339cb61-36aa-4073-bfab-f5c83d078f48,Measure dopamine and oxytocin levels,"Measure dopamine and oxytocin levels

Description:
Quantify the levels of dopamine and oxytocin produced by the transfected cells. This includes using techniques such as ELISA or mass spectrometry.

Resources needed:
• ELISA kits
• Mass spectrometer
• Biochemists
• Analytical chemists",3/2/2028,3/20/2028,0,3f75667f-297e-4662-a578-916a743dcec5,PlanExe
bfa9991e-a8d6-4f5d-a5b9-4c818739e973,Analyze cellular effects of modifications,"Analyze cellular effects of modifications

Description:
Investigate the effects of the genetic modifications on cellular function and behavior. This includes assessing cell proliferation, differentiation, and response to stimuli.

Resources needed:
• Microscopes
• Cell imaging equipment
• Cell biologists
• Neurobiologists",3/20/2028,4/7/2028,0,a3fdbdc9-5870-4bbf-b984-41fa04cb6826,PlanExe
cf7d63d7-2e94-476e-8d17-939a6567ce77,Conduct In Vivo Testing,,4/7/2028,8/5/2028,0,a3fdbdc9-5870-4bbf-b984-41fa04cb6826,PlanExe
2148b02e-0f2f-44cb-940f-b565e260818b,Prepare animal subjects for in vivo testing,"Prepare animal subjects for in vivo testing

Description:
Prepare the selected canine subjects for in vivo testing, including health checks, acclimatization to the testing environment, and baseline data collection.

Resources needed:
• Veterinarians
• Animal handlers
• Health monitoring equipment",4/7/2028,5/1/2028,0,cf7d63d7-2e94-476e-8d17-939a6567ce77,PlanExe
0263ae73-1833-429d-a838-833fadd4e2a7,Administer genetic modifications in vivo,"Administer genetic modifications in vivo

Description:
Administer the designed genetic modifications (CRISPR-Cas9 or Prime Editing) to the canine subjects in vivo, following established protocols and safety guidelines.

Resources needed:
• Lead Geneticist
• Veterinarians
• CRISPR-Cas9 kits
• Prime Editing kits
• Injection equipment",5/1/2028,5/25/2028,0,2148b02e-0f2f-44cb-940f-b565e260818b,PlanExe
ddcab60c-d9c7-47a7-9096-9f641cfa6a39,Monitor physiological responses post-modification,"Monitor physiological responses post-modification

Description:
Continuously monitor the physiological responses of the canine subjects post-genetic modification, including vital signs, blood chemistry, and any signs of adverse effects.

Resources needed:
• Veterinarians
• Health Monitoring Technician
• Wearable health monitoring devices
• Laboratory equipment",5/25/2028,6/18/2028,0,0263ae73-1833-429d-a838-833fadd4e2a7,PlanExe
6d7946a2-7530-4cd3-bb4a-3796e536cc3b,Assess dopamine and oxytocin levels in vivo,"Assess dopamine and oxytocin levels in vivo

Description:
Measure dopamine and oxytocin levels in the canine subjects in vivo to assess the impact of the genetic modifications on these neurotransmitter pathways.

Resources needed:
• Neurobiologists
• Laboratory technicians
• Blood sampling equipment
• ELISA kits
• Mass spectrometer",6/18/2028,7/12/2028,0,ddcab60c-d9c7-47a7-9096-9f641cfa6a39,PlanExe
2549aa09-ddc7-444e-b9cd-21ea361a5854,Analyze in vivo testing results,"Analyze in vivo testing results

Description:
Analyze the data collected from the in vivo testing to determine the efficacy and safety of the genetic modifications, and to identify any potential unintended consequences.

Resources needed:
• Biostatisticians
• Geneticists
• Veterinarians
• Data analysis software",7/12/2028,8/5/2028,0,cf7d63d7-2e94-476e-8d17-939a6567ce77,PlanExe
7583c910-4153-4f30-9181-6ce9ff006b90,Off-Target Effect Screening,,8/5/2028,12/3/2028,0,cf7d63d7-2e94-476e-8d17-939a6567ce77,PlanExe
477b4d7a-66f9-4803-a9b0-bfa075ba9378,Design guide RNAs for off-target sites,"Design guide RNAs for off-target sites

Description:
Design guide RNAs targeting predicted off-target sites based on bioinformatics analysis. This includes selecting appropriate PAM sequences and optimizing guide RNA sequences for specificity.

Resources needed:
• Bioinformatician
• CRISPR design software
• High-performance computing cluster",8/5/2028,8/29/2028,0,7583c910-4153-4f30-9181-6ce9ff006b90,PlanExe
8afdaab6-108a-442f-a14b-9807efbb2730,Perform in silico off-target analysis,"Perform in silico off-target analysis

Description:
Use bioinformatics tools to predict potential off-target sites for the designed guide RNAs. This involves analyzing the genome sequence for regions with high similarity to the guide RNA sequence.

Resources needed:
• Bioinformatician
• Genome browser
• Off-target prediction software",8/29/2028,9/22/2028,0,477b4d7a-66f9-4803-a9b0-bfa075ba9378,PlanExe
b149c472-601d-464e-b9d5-76f786f83b4a,Validate off-target effects in vitro,"Validate off-target effects in vitro

Description:
Conduct in vitro experiments to assess the frequency and location of off-target mutations. This involves using cell-based assays to measure the cleavage activity of CRISPR-Cas9 at predicted off-target sites.

Resources needed:
• Cell culture facilities
• CRISPR-Cas9 reagents
• DNA sequencing equipment
• Molecular biologist",9/22/2028,10/16/2028,0,8afdaab6-108a-442f-a14b-9807efbb2730,PlanExe
f79871f8-f956-4781-a76e-467a641235ab,Analyze sequencing data for off-target mutations,"Analyze sequencing data for off-target mutations

Description:
Analyze sequencing data from in vitro experiments to identify and quantify off-target mutations. This involves using bioinformatics pipelines to align sequencing reads to the genome and identify regions with increased mutation rates.

Resources needed:
• Bioinformatician
• Sequencing data analysis pipeline
• High-performance computing cluster",10/16/2028,11/9/2028,0,b149c472-601d-464e-b9d5-76f786f83b4a,PlanExe
f99ba4c4-8ee1-4943-a08e-30c994c0a5cf,Refine guide RNAs based on off-target data,"Refine guide RNAs based on off-target data

Description:
Based on the results of in silico and in vitro off-target analysis, refine the guide RNA design to minimize off-target effects. This may involve selecting alternative guide RNA sequences or modifying the CRISPR-Cas9 system.

Resources needed:
• Bioinformatician
• Molecular biologist
• CRISPR design software",11/9/2028,12/3/2028,0,7583c910-4153-4f30-9181-6ce9ff006b90,PlanExe
c4747c3b-1faa-415e-8fe5-20ea8f776436,Correlate Genetic Modifications with Behavioral Outcomes,,12/3/2028,8/30/2029,0,6e14c317-0939-4c35-94ba-bbfaee185dec,PlanExe
8bcda609-0e54-4540-a41b-912477cb072b,Define Behavioral Assessment Metrics,"Define Behavioral Assessment Metrics

Description:
Establish specific, measurable, achievable, relevant, and time-bound (SMART) metrics for assessing the behavioral traits of the genetically modified canines. This includes defining the desired behavioral outcomes related to dopamine and oxytocin release in humans, as well as identifying appropriate assessment tools and techniques.

Resources needed:
• Veterinary Ethologist
• Animal Behaviorist
• Statistician",12/3/2028,1/26/2029,0,c4747c3b-1faa-415e-8fe5-20ea8f776436,PlanExe
0e80863c-b9f7-4bdb-a809-84f0999b8a76,Establish Control Group & Protocol,"Establish Control Group & Protocol

Description:
Establish a control group of non-genetically modified canines to serve as a baseline for comparison. Develop a standardized behavioral assessment protocol that outlines the procedures, timing, and environment for conducting the assessments. Ensure the protocol minimizes bias and confounding factors.

Resources needed:
• Veterinary Ethologist
• Animal Behaviorist
• Research Assistant",1/26/2029,3/21/2029,0,8bcda609-0e54-4540-a41b-912477cb072b,PlanExe
fc836729-fb01-432c-8102-9e96c311c270,Conduct Behavioral Assessments,"Conduct Behavioral Assessments

Description:
Implement the standardized behavioral assessment protocol to collect data on the genetically modified and control group canines. This includes observing and recording their behavior in various scenarios, such as interactions with humans, other animals, and novel objects. Use validated assessment tools and techniques to quantify the behavioral traits of interest.

Resources needed:
• Animal Behaviorist
• Research Assistant
• Veterinary Technician",3/21/2029,5/14/2029,0,0e80863c-b9f7-4bdb-a809-84f0999b8a76,PlanExe
1422aeed-24e3-434c-bf5d-47105905efff,Analyze Behavioral Data,"Analyze Behavioral Data

Description:
Analyze the collected behavioral data to determine the relationship between the genetic modifications and the observed behavioral outcomes. Use statistical methods to compare the behavioral traits of the genetically modified and control group canines. Identify any significant differences and correlations.

Resources needed:
• Statistician
• Veterinary Ethologist
• Animal Behaviorist",5/14/2029,7/7/2029,0,fc836729-fb01-432c-8102-9e96c311c270,PlanExe
4595adb0-11b6-4b90-97ab-8f7ef94ebfcd,Refine Genetic Modification Strategy,"Refine Genetic Modification Strategy

Description:
Based on the results of the behavioral data analysis, refine the genetic modification strategy to optimize the desired behavioral outcomes. This may involve adjusting the target genes, the type of genetic modifications, or the assessment protocol. Iterate the process of genetic modification, behavioral assessment, and data analysis until the desired behavioral traits are achieved.

Resources needed:
• Lead Geneticist
• Veterinary Ethologist
• Animal Behaviorist",7/7/2029,8/30/2029,0,c4747c3b-1faa-415e-8fe5-20ea8f776436,PlanExe
acef183d-3654-4c20-819a-4d569e4c9fed,Animal Care & Monitoring,,8/30/2029,1/9/2041,0,6e14c317-0939-4c35-94ba-bbfaee185dec,PlanExe
34693203-9974-4476-988f-807604d9a16f,Develop Animal Welfare Plan,,8/30/2029,10/29/2029,0,acef183d-3654-4c20-819a-4d569e4c9fed,PlanExe
d8fc3b01-0e2d-48a1-9424-b3d6e29bc178,Research canine welfare best practices,"Research canine welfare best practices

Description:
Objective: Identify and document the most effective and ethical practices for ensuring the well-being of canines in a research setting.
Scope: This includes reviewing scientific literature, consulting with animal welfare experts, and examining existing animal welfare plans from reputable research institutions.
Steps:
1. Conduct a literature review on canine welfare.
2. Consult with veterinary behaviorists and animal welfare specialists.
3. Analyze existing animal welfare plans.
4. Document best practices for canine care and handling.
Deliverables: A comprehensive report outlining best practices for canine welfare in research.

Resources needed:
• Veterinary behaviorist
• Animal welfare specialist
• Research assistant
• Scientific databases",8/30/2029,9/14/2029,0,34693203-9974-4476-988f-807604d9a16f,PlanExe
5d9e1ec6-acbd-4c40-8a28-157565d5ad15,Define ethical considerations for modified canines,"Define ethical considerations for modified canines

Description:
Objective: Identify and address the unique ethical considerations associated with genetically modifying canines for research purposes.
Scope: This includes considering the potential impact on animal welfare, the justification for genetic modification, and the potential for unintended consequences.
Steps:
1. Consult with ethicists specializing in animal research.
2. Review ethical guidelines for genetic modification.
3. Identify potential ethical concerns related to the project.
4. Develop strategies for mitigating ethical risks.
Deliverables: A report outlining the ethical considerations and mitigation strategies.

Resources needed:
• Ethicist
• Veterinarian
• Regulatory affairs specialist
• Ethical guidelines documents",9/14/2029,9/29/2029,0,d8fc3b01-0e2d-48a1-9424-b3d6e29bc178,PlanExe
208320df-588a-4ec3-a595-b5f1629896fe,Establish welfare monitoring protocols,"Establish welfare monitoring protocols

Description:
Objective: Develop a detailed protocol for monitoring the welfare of the genetically modified canines throughout their lifespan.
Scope: This includes defining specific indicators of well-being, establishing monitoring schedules, and outlining procedures for addressing any welfare concerns.
Steps:
1. Define key indicators of canine well-being (e.g., behavior, health, social interaction).
2. Establish monitoring schedules and procedures.
3. Develop a system for documenting and reporting welfare concerns.
4. Train staff on welfare monitoring protocols.
Deliverables: A comprehensive welfare monitoring protocol.

Resources needed:
• Veterinarian
• Animal behaviorist
• Veterinary technicians
• Monitoring equipment",9/29/2029,10/14/2029,0,5d9e1ec6-acbd-4c40-8a28-157565d5ad15,PlanExe
5fa49ea3-f870-407b-822e-6cb47aa08132,Create emergency response plan,"Create emergency response plan

Description:
Objective: Develop a plan for responding to emergencies that may affect the welfare of the genetically modified canines.
Scope: This includes addressing potential health crises, natural disasters, and other unforeseen events.
Steps:
1. Identify potential emergency scenarios.
2. Develop response procedures for each scenario.
3. Establish communication protocols.
4. Ensure access to emergency veterinary care.
Deliverables: An emergency response plan.

Resources needed:
• Veterinarian
• Facility manager
• Security personnel
• Emergency contact list",10/14/2029,10/29/2029,0,34693203-9974-4476-988f-807604d9a16f,PlanExe
d75805a0-2245-4672-acc8-4f9293655cea,Implement Health Monitoring Protocol,,10/29/2029,11/23/2029,0,34693203-9974-4476-988f-807604d9a16f,PlanExe
928698ec-576d-4cf4-995c-743883356043,Define Health Monitoring Parameters,"Define Health Monitoring Parameters

Description:
Establish specific, measurable, achievable, relevant, and time-bound (SMART) parameters for monitoring the health of the genetically modified canines. This includes physiological indicators (e.g., heart rate, blood pressure, body temperature), biochemical markers (e.g., hormone levels, enzyme activity), and behavioral observations (e.g., activity levels, social interactions).

Resources needed:
• Veterinarian
• Veterinary Technician
• Behaviorist
• Endocrinologist",10/29/2029,11/3/2029,0,d75805a0-2245-4672-acc8-4f9293655cea,PlanExe
b362d107-8afc-492a-8d45-dd114dbde7cf,Select and Procure Monitoring Equipment,"Select and Procure Monitoring Equipment

Description:
Identify and acquire appropriate equipment for monitoring the defined health parameters. This may include wearable sensors (e.g., activity trackers, heart rate monitors), blood sampling devices, imaging equipment (e.g., ultrasound, X-ray), and behavioral observation tools (e.g., video cameras, scoring systems).

Resources needed:
• Veterinarian
• Procurement Specialist
• Biomedical Engineer",11/3/2029,11/8/2029,0,928698ec-576d-4cf4-995c-743883356043,PlanExe
686bc22d-2360-4cb6-854a-221f2e72402d,Establish Baseline Health Data,"Establish Baseline Health Data

Description:
Collect baseline health data from a control group of non-genetically modified canines of similar age, breed, and sex. This will serve as a reference point for comparing the health of the genetically modified canines and identifying any potential adverse effects of the genetic modifications.

Resources needed:
• Veterinarian
• Veterinary Technician
• Data Analyst",11/8/2029,11/13/2029,0,b362d107-8afc-492a-8d45-dd114dbde7cf,PlanExe
58475c52-2e3e-4dd9-a74b-772b0b1411b9,Implement Continuous Health Monitoring,"Implement Continuous Health Monitoring

Description:
Continuously monitor the health of the genetically modified canines using the selected equipment and defined parameters. Regularly collect data, analyze trends, and identify any deviations from the baseline health data or established norms. Implement a system for promptly addressing any health concerns that arise.

Resources needed:
• Veterinarian
• Veterinary Technician
• Data Analyst",11/13/2029,11/18/2029,0,686bc22d-2360-4cb6-854a-221f2e72402d,PlanExe
001939e1-c620-47b5-8a5e-2a617697f343,Analyze Health Data and Report Findings,"Analyze Health Data and Report Findings

Description:
Analyze the collected health data to identify any significant differences between the genetically modified canines and the control group. Prepare regular reports summarizing the findings and highlighting any potential health risks or benefits associated with the genetic modifications. Share the reports with the ethics advisory board, regulatory agencies, and other relevant stakeholders.

Resources needed:
• Veterinarian
• Data Analyst
• Report Writer",11/18/2029,11/23/2029,0,d75805a0-2245-4672-acc8-4f9293655cea,PlanExe
88463c01-6745-40e9-a08c-1076ee9ff1fd,Conduct Regular Veterinary Check-ups,,11/23/2029,1/10/2030,0,d75805a0-2245-4672-acc8-4f9293655cea,PlanExe
10d117ef-d522-4cd1-b57d-67335dbdec2a,Define Behavioral Assessment Protocols,"Define Behavioral Assessment Protocols

Description:
Establish standardized protocols for assessing canine behavior, including specific tests, scoring systems, and data collection methods. This will ensure consistency and objectivity in behavioral evaluations.

Resources needed:
• Veterinary Ethologist
• Animal Behaviorist
• Data Analyst",11/23/2029,12/5/2029,0,88463c01-6745-40e9-a08c-1076ee9ff1fd,PlanExe
15861115-36c3-4305-9d20-e2cf4e2a11ef,Establish Control Group for Comparison (1),"Establish Control Group for Comparison

Description:
Select a control group of canines that are not genetically modified to serve as a baseline for comparison. This will help isolate the effects of the genetic modifications on behavior.

Resources needed:
• Veterinarian
• Animal Handler
• Research Assistant",12/5/2029,12/17/2029,0,10d117ef-d522-4cd1-b57d-67335dbdec2a,PlanExe
3e8762df-3350-4777-b601-201f1084b420,Conduct Behavioral Tests and Observations,"Conduct Behavioral Tests and Observations

Description:
Administer the defined behavioral tests and conduct structured observations of both the genetically modified canines and the control group. Record data accurately and consistently.

Resources needed:
• Animal Behaviorist
• Research Assistant
• Video Recording Equipment",12/17/2029,12/29/2029,0,15861115-36c3-4305-9d20-e2cf4e2a11ef,PlanExe
1ce283f0-d22c-477a-89de-bd6d609249e1,Analyze Behavioral Data and Draw Conclusions,"Analyze Behavioral Data and Draw Conclusions

Description:
Analyze the collected behavioral data using statistical methods to identify significant differences between the genetically modified canines and the control group. Draw conclusions about the impact of the genetic modifications on behavior.

Resources needed:
• Data Analyst
• Veterinary Ethologist
• Statistician",12/29/2029,1/10/2030,0,88463c01-6745-40e9-a08c-1076ee9ff1fd,PlanExe
ac78b359-a14c-4ee6-b92d-55ccda04cd59,Behavioral Assessments,,1/10/2030,1/10/2031,0,88463c01-6745-40e9-a08c-1076ee9ff1fd,PlanExe
9411cb0b-8727-4774-b195-72a2c65429e3,Define Behavioral Assessment Protocol,"Define Behavioral Assessment Protocol

Description:
Establish a standardized protocol for assessing canine behavior, including specific tests, scoring methods, and data collection procedures. This will ensure consistency and objectivity in behavioral evaluations.

Resources needed:
• Veterinary Ethologist
• Animal Behaviorist
• Data Analyst",1/10/2030,3/24/2030,0,ac78b359-a14c-4ee6-b92d-55ccda04cd59,PlanExe
db7feaa3-1211-4046-b22e-5dcbe5646ff9,Establish Control Group for Comparison (2),"Establish Control Group for Comparison

Description:
Select a control group of canines that are genetically similar but have not undergone genetic modification. This group will serve as a baseline for comparing behavioral traits and identifying the effects of the genetic modifications.

Resources needed:
• Veterinarian
• Animal Handler
• Geneticist",3/24/2030,6/5/2030,0,9411cb0b-8727-4774-b195-72a2c65429e3,PlanExe
61bb57a8-ffb6-41d4-848b-6993251a1430,Conduct Initial Baseline Assessments,"Conduct Initial Baseline Assessments

Description:
Perform initial behavioral assessments on both the genetically modified canines and the control group to establish a baseline for comparison. This will involve administering the standardized behavioral tests and collecting data on various behavioral traits.

Resources needed:
• Veterinary Ethologist
• Animal Behaviorist
• Animal Handler",6/5/2030,8/17/2030,0,db7feaa3-1211-4046-b22e-5dcbe5646ff9,PlanExe
e90f998b-33f9-416d-ba95-cbbd06514f2f,Monitor and Record Behavioral Changes,"Monitor and Record Behavioral Changes

Description:
Continuously monitor and record behavioral changes in both the genetically modified canines and the control group over time. This will involve regular behavioral assessments, video monitoring, and data analysis to identify any significant differences or trends.

Resources needed:
• Veterinary Ethologist
• Animal Behaviorist
• Data Analyst
• Health Monitoring Technician",8/17/2030,10/29/2030,0,61bb57a8-ffb6-41d4-848b-6993251a1430,PlanExe
7f90c84e-e6e2-4f01-9d59-4972fbeb89ee,Analyze Data and Draw Conclusions,"Analyze Data and Draw Conclusions

Description:
Analyze the collected data to determine the effects of the genetic modifications on canine behavior. This will involve statistical analysis, data visualization, and interpretation of the results to draw meaningful conclusions about the relationship between genetics and behavior.

Resources needed:
• Data Analyst
• Veterinary Ethologist
• Animal Behaviorist",10/29/2030,1/10/2031,0,ac78b359-a14c-4ee6-b92d-55ccda04cd59,PlanExe
1a5a0166-a2b2-4038-b5fd-bc8eb676a5c8,Lifespan Management,,1/10/2031,1/9/2041,0,acef183d-3654-4c20-819a-4d569e4c9fed,PlanExe
44a7f02f-415f-4301-ab65-2261f5fa4bd8,Geriatric Health Monitoring,"Geriatric Health Monitoring

Description:
Implement a comprehensive geriatric health monitoring program to detect and manage age-related health issues in the genetically engineered canines. This includes regular physical examinations, blood tests, and other diagnostic procedures.

Resources needed:
• Veterinarians
• Veterinary technicians
• Diagnostic equipment
• Laboratory facilities",1/10/2031,7/11/2033,0,1a5a0166-a2b2-4038-b5fd-bc8eb676a5c8,PlanExe
dd39e9ab-cd5f-41be-b6ee-f5d78cfeadd6,Palliative Care Protocol Development,"Palliative Care Protocol Development

Description:
Develop a detailed palliative care protocol to provide comfort and pain relief to canines suffering from chronic or terminal illnesses. This includes medication management, physical therapy, and emotional support.

Resources needed:
• Veterinarians
• Pain management specialists
• Animal behaviorists
• Palliative care equipment",7/11/2033,1/10/2036,0,44a7f02f-415f-4301-ab65-2261f5fa4bd8,PlanExe
01e98fde-7b72-4e40-bd9a-949e95c431e8,Ethical End-of-Life Decision Making,"Ethical End-of-Life Decision Making

Description:
Establish a clear ethical framework for making end-of-life decisions for the genetically engineered canines, considering factors such as quality of life, pain levels, and prognosis. Consult with the ethics advisory board and veterinary specialists.

Resources needed:
• Ethics advisory board
• Veterinarians
• Legal counsel
• Animal welfare specialists",1/10/2036,7/11/2038,0,dd39e9ab-cd5f-41be-b6ee-f5d78cfeadd6,PlanExe
8d1a70e9-b1db-467e-a088-20981208e710,Mortality Data Collection and Analysis,"Mortality Data Collection and Analysis

Description:
Collect and analyze data on the causes of death and lifespan of the genetically engineered canines to identify potential health risks and improve future animal care protocols. This includes conducting necropsies and reviewing medical records.

Resources needed:
• Veterinarians
• Pathologists
• Data analysts
• Laboratory facilities",7/11/2038,1/9/2041,0,1a5a0166-a2b2-4038-b5fd-bc8eb676a5c8,PlanExe
2ef05ebf-0166-4e12-8688-934fcb8edaed,Commercialization & Marketing,,1/9/2041,7/5/2042,0,acef183d-3654-4c20-819a-4d569e4c9fed,PlanExe
1dbfaf4c-21f3-45c2-9f88-31e5bfdbd047,Develop Commercialization Strategy,,1/9/2041,5/9/2041,0,2ef05ebf-0166-4e12-8688-934fcb8edaed,PlanExe
b2a8d0a8-68f7-4369-952b-3f16a8947dc7,Analyze Market for Genetically Modified Pets,"Analyze Market for Genetically Modified Pets

Description:
Objective: Determine the potential market size and demand for genetically modified companion animals, focusing on the target demographic and their willingness to adopt such pets.
Scope: Conduct market research surveys, analyze existing market data on pet ownership and spending habits, and identify potential customer segments.
Steps: Define target demographic, design survey questions, distribute surveys online and offline, analyze survey results, and prepare a market analysis report.
Deliverables: Market analysis report with market size estimates, customer segmentation, and demand forecasts.

Resources needed:
• Market Research Analyst
• Survey Design Specialist
• Data Analyst
• Statistical Software",1/9/2041,2/8/2041,0,1dbfaf4c-21f3-45c2-9f88-31e5bfdbd047,PlanExe
5546d8c2-7159-4d3c-aada-c2dbefc94107,Assess Public Perception and Ethical Concerns,"Assess Public Perception and Ethical Concerns

Description:
Objective: Evaluate public opinion and ethical considerations surrounding genetically modified companion animals, identifying potential concerns and developing strategies to address them.
Scope: Conduct focus groups, analyze social media sentiment, and engage with animal welfare organizations to understand their perspectives.
Steps: Recruit focus group participants, conduct focus group sessions, analyze social media data, engage with animal welfare organizations, and prepare a report on public perception and ethical concerns.
Deliverables: Report on public perception and ethical concerns with identified key issues and mitigation strategies.

Resources needed:
• Ethics Consultant
• Public Relations Specialist
• Social Media Analyst
• Focus Group Facilitator",2/8/2041,3/10/2041,0,b2a8d0a8-68f7-4369-952b-3f16a8947dc7,PlanExe
12e1866f-d931-4f79-b80c-1586fc43da52,Evaluate Regulatory Landscape for Commercialization,"Evaluate Regulatory Landscape for Commercialization

Description:
Objective: Determine the regulatory requirements and approval pathways for commercializing genetically modified companion animals in target markets.
Scope: Conduct legal research, engage with regulatory agencies, and analyze existing regulations related to GMOs and animal welfare.
Steps: Identify target markets, research relevant regulations, engage with regulatory agencies, analyze regulatory requirements, and prepare a regulatory compliance report.
Deliverables: Regulatory compliance report with identified requirements, approval pathways, and potential challenges.

Resources needed:
• Regulatory Affairs Specialist
• Legal Counsel
• Compliance Officer
• Regulatory Databases",3/10/2041,4/9/2041,0,5546d8c2-7159-4d3c-aada-c2dbefc94107,PlanExe
b9f5649e-e3d5-4ae7-a9a9-caa13ec18391,Develop Pricing and Distribution Models,"Develop Pricing and Distribution Models

Description:
Objective: Determine the optimal pricing strategy and distribution channels for genetically modified companion animals, considering production costs, market demand, and regulatory constraints.
Scope: Conduct cost analysis, analyze competitor pricing, and evaluate potential distribution channels (e.g., pet stores, breeders, online retailers).
Steps: Conduct cost analysis, analyze competitor pricing, evaluate distribution channels, develop pricing models, and prepare a pricing and distribution strategy report.
Deliverables: Pricing and distribution strategy report with recommended pricing models, distribution channels, and sales forecasts.

Resources needed:
• Financial Analyst
• Sales Manager
• Distribution Specialist
• Pricing Software",4/9/2041,5/9/2041,0,1dbfaf4c-21f3-45c2-9f88-31e5bfdbd047,PlanExe
faff4aab-ad75-4d35-85c7-8e3049917c69,Market Validation and Testing,,5/9/2041,8/7/2041,0,1dbfaf4c-21f3-45c2-9f88-31e5bfdbd047,PlanExe
0df8e3b5-58cc-46e0-900a-37a180f6d0f1,Define Target Market Segments,"Define Target Market Segments

Description:
Identify specific groups of potential customers based on demographics, psychographics, and needs related to companion animals and genetic engineering acceptance. This includes researching existing pet owner profiles and identifying potential new customer segments.

Resources needed:
• Market Research Analyst
• Marketing Strategist
• Data Analysis Software",5/9/2041,5/27/2041,0,faff4aab-ad75-4d35-85c7-8e3049917c69,PlanExe
ce9ff66e-e1f3-44c1-8e0d-67a30a190dca,Conduct Surveys and Focus Groups,"Conduct Surveys and Focus Groups

Description:
Gather data on consumer preferences, willingness to pay, and ethical concerns related to genetically engineered canines. This involves designing survey questionnaires, recruiting participants for focus groups, and analyzing the collected data.

Resources needed:
• Market Research Analyst
• Survey Software
• Focus Group Facilitator
• Recruitment Agency",5/27/2041,6/14/2041,0,0df8e3b5-58cc-46e0-900a-37a180f6d0f1,PlanExe
30d3efaf-4bb0-4e3b-91e7-e8ea138800a3,Analyze Competitor Offerings,"Analyze Competitor Offerings

Description:
Evaluate existing pet products and services to identify potential competitive advantages and differentiation strategies for the genetically engineered canine. This includes researching competitor pricing, marketing strategies, and customer reviews.

Resources needed:
• Market Research Analyst
• Competitive Intelligence Tools",6/14/2041,7/2/2041,0,ce9ff66e-e1f3-44c1-8e0d-67a30a190dca,PlanExe
15a0132f-8ccf-46fd-b1ab-872a2c042c33,Develop Prototype Marketing Materials,"Develop Prototype Marketing Materials

Description:
Create sample marketing materials (e.g., brochures, website mockups, social media posts) to test consumer response to different messaging and branding approaches. This involves working with designers and copywriters to develop compelling and informative materials.

Resources needed:
• Marketing Manager
• Graphic Designer
• Copywriter",7/2/2041,7/20/2041,0,30d3efaf-4bb0-4e3b-91e7-e8ea138800a3,PlanExe
cfea03a5-289a-427c-9317-6125f6aa6197,Test Marketing Materials with Target Groups,"Test Marketing Materials with Target Groups

Description:
Evaluate the effectiveness of the prototype marketing materials by presenting them to target market segments and gathering feedback on their appeal, clarity, and persuasiveness. This involves conducting A/B testing, usability testing, and gathering qualitative feedback.

Resources needed:
• Marketing Manager
• Testing Platform
• Recruitment Agency",7/20/2041,8/7/2041,0,faff4aab-ad75-4d35-85c7-8e3049917c69,PlanExe
d3d1998a-d3cf-4973-a287-072d06e0c190,Branding and Positioning,,8/7/2041,10/6/2041,0,faff4aab-ad75-4d35-85c7-8e3049917c69,PlanExe
aa80da24-19c2-403f-8a2c-e81265b987ab,Define Target Audience and Brand Values,"Define Target Audience and Brand Values

Description:
Identify the ideal customer profile and define the core values that the brand will represent. This includes understanding their needs, motivations, and ethical considerations related to genetically modified animals.

Resources needed:
• Market Research Analyst
• Brand Strategist
• Ethicist",8/7/2041,8/22/2041,0,d3d1998a-d3cf-4973-a287-072d06e0c190,PlanExe
953b8dfd-271d-45eb-9e1d-0d4a91ffe38f,Develop Brand Name and Visual Identity,"Develop Brand Name and Visual Identity

Description:
Create a memorable and appealing brand name, logo, and visual elements that resonate with the target audience and convey the brand's values. Ensure the visual identity is professional, trustworthy, and avoids negative connotations.

Resources needed:
• Graphic Designer
• Marketing Team
• Brand Strategist",8/22/2041,9/6/2041,0,aa80da24-19c2-403f-8a2c-e81265b987ab,PlanExe
ab27cd04-b1be-4b78-b833-ba9792db642a,Craft Key Messaging and Brand Story,"Craft Key Messaging and Brand Story

Description:
Develop compelling messaging that highlights the unique benefits of the engineered canine while addressing potential ethical concerns. Create a brand story that connects with the target audience on an emotional level and builds trust.

Resources needed:
• Copywriter
• Marketing Team
• Public Relations Specialist",9/6/2041,9/21/2041,0,953b8dfd-271d-45eb-9e1d-0d4a91ffe38f,PlanExe
4eb407e1-2408-4c4c-b02e-c709a2d893f5,Design Marketing Materials and Website,"Design Marketing Materials and Website

Description:
Create marketing materials (brochures, videos, social media content) and a website that effectively communicate the brand's message and showcase the engineered canine. Ensure all materials are visually appealing, informative, and address potential customer concerns.

Resources needed:
• Web Developer
• Graphic Designer
• Marketing Team",9/21/2041,10/6/2041,0,d3d1998a-d3cf-4973-a287-072d06e0c190,PlanExe
e1127180-8108-4876-b31b-f695c4a8538c,Establish Distribution Channels,,10/6/2041,1/6/2042,0,d3d1998a-d3cf-4973-a287-072d06e0c190,PlanExe
e3081dbd-4a6f-4ea6-b78a-5fbf951a5fb4,Identify Target Customer Segments,"Identify Target Customer Segments

Description:
Define specific customer groups based on demographics, lifestyle, and pet ownership preferences to tailor marketing efforts effectively.

Resources needed:
• Market Research Analyst
• Marketing Strategist",10/6/2041,10/29/2041,0,e1127180-8108-4876-b31b-f695c4a8538c,PlanExe
c2a0ac60-dbbd-4c43-b370-e4126930e088,Develop Value Proposition Messaging,"Develop Value Proposition Messaging

Description:
Craft compelling messaging that highlights the unique benefits of the engineered canine and resonates with target customer segments.

Resources needed:
• Copywriter
• Marketing Manager
• Brand Strategist",10/29/2041,11/21/2041,0,e3081dbd-4a6f-4ea6-b78a-5fbf951a5fb4,PlanExe
ca97761b-5047-407b-9c3b-9cc51adf2931,Select Appropriate Marketing Channels,"Select Appropriate Marketing Channels

Description:
Determine the most effective channels (e.g., social media, online advertising, print media) to reach target customer segments and promote the engineered canine.

Resources needed:
• Marketing Manager
• Digital Marketing Specialist
• Media Buyer",11/21/2041,12/14/2041,0,c2a0ac60-dbbd-4c43-b370-e4126930e088,PlanExe
b218780f-7adb-4d78-8a9f-2c1cba863d7a,Create Marketing Materials and Content,"Create Marketing Materials and Content

Description:
Develop engaging marketing materials, including website content, brochures, videos, and social media posts, to showcase the engineered canine and its benefits.

Resources needed:
• Graphic Designer
• Videographer
• Content Writer",12/14/2041,1/6/2042,0,e1127180-8108-4876-b31b-f695c4a8538c,PlanExe
fb369db0-c8d3-4e3e-9b05-b6822300f923,Geographic Launch Strategy,,1/6/2042,3/7/2042,0,e1127180-8108-4876-b31b-f695c4a8538c,PlanExe
ff1d7b0f-cd0a-4e00-ad12-f2440d409d7a,Research regulatory landscape in target regions,"Research regulatory landscape in target regions

Description:
Objective: Understand the regulatory requirements for genetically modified animals in potential launch regions.
Scope: Identify and analyze relevant laws, guidelines, and approval processes.
Steps: Conduct online research, consult with regulatory experts, and prepare a summary report.
Deliverables: Regulatory landscape report.

Resources needed:
• Regulatory Affairs Specialist
• Legal Counsel
• Research Analyst",1/6/2042,1/21/2042,0,fb369db0-c8d3-4e3e-9b05-b6822300f923,PlanExe
2c9904fb-97e6-41fa-80b6-d2cf92fa5096,Assess logistical challenges for shipping,"Assess logistical challenges for shipping

Description:
Objective: Evaluate the feasibility and cost of shipping genetically modified canines to target regions.
Scope: Identify potential logistical hurdles, such as transportation restrictions, quarantine requirements, and customs regulations.
Steps: Contact shipping companies, research import/export regulations, and prepare a logistics plan.
Deliverables: Logistics assessment report.

Resources needed:
• Logistics Coordinator
• Veterinarian
• Shipping Company Representatives",1/21/2042,2/5/2042,0,ff1d7b0f-cd0a-4e00-ad12-f2440d409d7a,PlanExe
f7be088e-e612-41ce-9046-6fed6a8da822,Develop market entry strategies per region,"Develop market entry strategies per region

Description:
Objective: Create tailored market entry strategies for each target region, considering local market conditions and consumer preferences.
Scope: Analyze market demand, identify potential distribution partners, and develop marketing plans.
Steps: Conduct market research, interview potential partners, and prepare a market entry strategy document.
Deliverables: Market entry strategy document.

Resources needed:
• Marketing Manager
• Sales Manager
• Market Research Analyst",2/5/2042,2/20/2042,0,2c9904fb-97e6-41fa-80b6-d2cf92fa5096,PlanExe
18221288-d8dd-46c2-a865-3da643246059,Identify potential distribution partners,"Identify potential distribution partners

Description:
Objective: Find and evaluate potential distribution partners in each target region.
Scope: Identify companies with experience in pet product distribution and a strong market presence.
Steps: Conduct online research, attend industry events, and contact potential partners.
Deliverables: List of potential distribution partners.

Resources needed:
• Business Development Manager
• Sales Manager
• Legal Counsel",2/20/2042,3/7/2042,0,fb369db0-c8d3-4e3e-9b05-b6822300f923,PlanExe
771f0812-2a2b-49bf-b704-167354b08100,Sales and Marketing Campaigns,,3/7/2042,7/5/2042,0,2ef05ebf-0166-4e12-8688-934fcb8edaed,PlanExe
abe9be52-5b18-4c14-861d-8915bdbe62e4,Define Target Audience and Messaging,"Define Target Audience and Messaging

Description:
Identify specific customer segments and craft tailored marketing messages that resonate with their values and needs, while addressing ethical considerations.

Resources needed:
• Marketing Strategist
• Market Research Analyst
• Ethicist
• Copywriter",3/7/2042,3/31/2042,0,771f0812-2a2b-49bf-b704-167354b08100,PlanExe
595b7a0d-f88c-4f11-96a5-66da3262bdbc,Develop Marketing Materials,"Develop Marketing Materials

Description:
Create compelling visuals, videos, and written content that showcase the unique benefits of the engineered canine and address potential ethical concerns.

Resources needed:
• Graphic Designer
• Videographer
• Copywriter
• Marketing Manager",3/31/2042,4/24/2042,0,abe9be52-5b18-4c14-861d-8915bdbe62e4,PlanExe
860df42e-af9f-4858-ae98-cac36b5b08b7,Implement Digital Marketing Strategy,"Implement Digital Marketing Strategy

Description:
Utilize online channels such as social media, search engine optimization (SEO), and paid advertising to reach the target audience and generate leads.

Resources needed:
• Digital Marketing Specialist
• SEO Specialist
• Social Media Manager
• Web Developer",4/24/2042,5/18/2042,0,595b7a0d-f88c-4f11-96a5-66da3262bdbc,PlanExe
f32f6e3d-d168-47ce-a8ec-d7b449b2b74a,Public Relations and Media Outreach,"Public Relations and Media Outreach

Description:
Engage with media outlets and influencers to generate positive coverage and address any negative perceptions surrounding genetic engineering.

Resources needed:
• Public Relations Specialist
• Media Relations Manager
• Spokesperson",5/18/2042,6/11/2042,0,860df42e-af9f-4858-ae98-cac36b5b08b7,PlanExe
185485a9-1172-447c-8a3b-1ca220872c0a,Monitor Campaign Performance and Optimize,"Monitor Campaign Performance and Optimize

Description:
Track key metrics such as website traffic, lead generation, and customer engagement to assess the effectiveness of the marketing campaigns and make necessary adjustments.

Resources needed:
• Marketing Analyst
• Data Scientist
• Marketing Manager",6/11/2042,7/5/2042,0,771f0812-2a2b-49bf-b704-167354b08100,PlanExe
e1112c20-0e0f-4c13-88f9-0198e0047c56,Project Monitoring & Control,,7/5/2042,8/31/2048,0,bc506db5-876b-487a-8b7e-0eab35189949,PlanExe
def6f56a-aac4-4c66-a886-9be6f2bdabce,Track Project Progress,,7/5/2042,7/5/2045,0,e1112c20-0e0f-4c13-88f9-0198e0047c56,PlanExe
dbf6130c-a92d-432f-af5e-2bf363145069,Collect data on key performance indicators,"Collect data on key performance indicators

Description:
Gather data on project KPIs, including budget spend, task completion rates, and resource utilization, to assess overall project health.

Resources needed:
• Project Management Software
• Data Analysts
• Project Managers",7/5/2042,4/5/2043,0,def6f56a-aac4-4c66-a886-9be6f2bdabce,PlanExe
fe0f35a6-1a4a-4f30-b134-902dbcee6649,Analyze collected data for trends,"Analyze collected data for trends

Description:
Analyze the collected data to identify trends, patterns, and potential issues that may impact project progress.

Resources needed:
• Data Analysis Tools
• Data Analysts
• Subject Matter Experts",4/5/2043,1/4/2044,0,dbf6130c-a92d-432f-af5e-2bf363145069,PlanExe
694f2e03-82ab-49ff-bdbe-98abceb4530b,Compare actual progress against baseline,"Compare actual progress against baseline

Description:
Compare the actual project progress against the planned baseline to identify deviations and areas of concern.

Resources needed:
• Project Plan
• Project Schedule
• Project Managers",1/4/2044,10/4/2044,0,fe0f35a6-1a4a-4f30-b134-902dbcee6649,PlanExe
e845183b-55bb-4000-8304-d3c0415a0196,Document progress and findings,"Document progress and findings

Description:
Document the project progress, findings, and any identified issues in a clear and concise manner for reporting purposes.

Resources needed:
• Reporting Templates
• Project Managers
• Communication Tools",10/4/2044,7/5/2045,0,def6f56a-aac4-4c66-a886-9be6f2bdabce,PlanExe
f9faeb39-3cdb-4898-bbd7-5adaba327297,Manage Budget and Resources,,7/5/2045,7/5/2048,0,def6f56a-aac4-4c66-a886-9be6f2bdabce,PlanExe
b38f7afc-d113-4002-9c88-2458e640a972,Track budget spending against plan,"Track budget spending against plan

Description:
Monitor actual spending versus planned budget. Identify variances and investigate causes. Implement corrective actions to stay within budget.

Resources needed:
• Financial Controller
• Project Manager
• Accounting Software",7/5/2045,4/5/2046,0,f9faeb39-3cdb-4898-bbd7-5adaba327297,PlanExe
423478f2-427c-4f6a-b2da-fbee339aa9c8,Monitor resource allocation and utilization,"Monitor resource allocation and utilization

Description:
Track resource allocation across project tasks. Analyze resource utilization rates. Identify and address any resource bottlenecks or inefficiencies.

Resources needed:
• Project Manager
• Team Leads
• Resource Management Software",4/5/2046,1/4/2047,0,b38f7afc-d113-4002-9c88-2458e640a972,PlanExe
5419ddba-b123-4c34-a370-4d263c8ab7db,Manage vendor contracts and payments,"Manage vendor contracts and payments

Description:
Oversee vendor contracts, ensuring compliance with terms and conditions. Process vendor invoices and payments in a timely manner. Resolve any vendor-related issues.

Resources needed:
• Procurement Specialist
• Financial Controller
• Legal Counsel",1/4/2047,10/5/2047,0,423478f2-427c-4f6a-b2da-fbee339aa9c8,PlanExe
c0d77f6d-4eca-40c0-abb1-e0d837612b41,Forecast future resource needs,"Forecast future resource needs

Description:
Anticipate future resource requirements based on project progress and upcoming tasks. Proactively secure necessary resources to avoid delays.

Resources needed:
• Project Manager
• Team Leads
• Resource Planning Tools",10/5/2047,7/5/2048,0,f9faeb39-3cdb-4898-bbd7-5adaba327297,PlanExe
27442538-fc93-4baf-8eae-e379d536fc57,Monitor and Mitigate Risks,,7/5/2048,8/4/2048,0,f9faeb39-3cdb-4898-bbd7-5adaba327297,PlanExe
9ebca99a-23d4-4729-864f-a0628e78955e,Identify Emerging Project Risks,"Identify Emerging Project Risks

Description:
Continuously scan the project environment for new or evolving risks that could impact project objectives. This includes monitoring regulatory changes, technological advancements, and market trends.

Resources needed:
• Project Manager
• Risk Management Specialist
• Subject Matter Experts",7/5/2048,7/11/2048,0,27442538-fc93-4baf-8eae-e379d536fc57,PlanExe
f93d1e60-e359-4198-8a43-1cebd6344d11,Reassess Existing Risk Impact and Probability,"Reassess Existing Risk Impact and Probability

Description:
Regularly review the initial risk assessments to determine if the impact or probability of identified risks has changed. This involves gathering updated data and consulting with relevant stakeholders.

Resources needed:
• Project Manager
• Risk Management Specialist
• Data Analyst",7/11/2048,7/17/2048,0,9ebca99a-23d4-4729-864f-a0628e78955e,PlanExe
6b46d083-a481-4a8f-bf19-095018a697ca,Develop/Update Mitigation Strategies,"Develop/Update Mitigation Strategies

Description:
Create or refine mitigation strategies for newly identified risks or risks with significantly altered impact/probability. This includes identifying potential actions, assigning responsibilities, and allocating resources.

Resources needed:
• Project Manager
• Risk Management Specialist
• Subject Matter Experts",7/17/2048,7/23/2048,0,f93d1e60-e359-4198-8a43-1cebd6344d11,PlanExe
3b629ad9-5541-4b45-b775-54e394aa8a86,Implement Mitigation Plans,"Implement Mitigation Plans

Description:
Execute the developed mitigation strategies, ensuring that actions are taken according to the plan and that progress is tracked. This involves coordinating with relevant teams and monitoring the effectiveness of the mitigation efforts.

Resources needed:
• Project Team Members
• Project Manager
• Risk Management Specialist",7/23/2048,7/29/2048,0,6b46d083-a481-4a8f-bf19-095018a697ca,PlanExe
d9583e27-c973-4023-88b8-1814a3fc4ed0,Track Mitigation Effectiveness,"Track Mitigation Effectiveness

Description:
Monitor and evaluate the effectiveness of implemented mitigation strategies. This includes collecting data on the impact of mitigation actions and adjusting strategies as needed to achieve desired outcomes.

Resources needed:
• Project Manager
• Risk Management Specialist
• Data Analyst",7/29/2048,8/4/2048,0,27442538-fc93-4baf-8eae-e379d536fc57,PlanExe
3cfa049e-f26d-47e0-9a44-c1c30419bb5d,Report Project Status to Stakeholders,,8/4/2048,8/16/2048,0,27442538-fc93-4baf-8eae-e379d536fc57,PlanExe
90d09e0d-9e1c-4b86-964f-3b3430061ba1,Define Stakeholder Communication Needs,"Define Stakeholder Communication Needs

Description:
Identify the specific information needs and preferred communication channels for each stakeholder group (e.g., geneticists, regulatory agencies, public). This includes determining the frequency, format, and content of project updates.

Resources needed:
• Project Manager
• Stakeholder Analysis Documentation
• Communication Specialist",8/4/2048,8/7/2048,0,3cfa049e-f26d-47e0-9a44-c1c30419bb5d,PlanExe
c547f69e-a7f2-4513-8116-0eb63eb77e64,Prepare Project Status Reports,"Prepare Project Status Reports

Description:
Compile comprehensive project status reports that include key milestones achieved, budget expenditures, risk assessments, and any deviations from the original project plan. Tailor the reports to the specific needs of each stakeholder group.

Resources needed:
• Project Manager
• Project Data
• Reporting Templates",8/7/2048,8/10/2048,0,90d09e0d-9e1c-4b86-964f-3b3430061ba1,PlanExe
bd5435f9-6bd2-46bd-9c5d-4d3f114dd047,Schedule Stakeholder Meetings,"Schedule Stakeholder Meetings

Description:
Organize and facilitate regular stakeholder meetings to provide project updates, address concerns, and solicit feedback. Ensure that all relevant stakeholders are invited and that the meetings are conducted in a professional and productive manner.

Resources needed:
• Project Manager
• Meeting Scheduling Tools
• Meeting Agenda",8/10/2048,8/13/2048,0,c547f69e-a7f2-4513-8116-0eb63eb77e64,PlanExe
684a4bb2-abeb-4536-96e5-b87da71d0ebe,Distribute Project Updates,"Distribute Project Updates

Description:
Disseminate project status reports and other relevant information to stakeholders through their preferred communication channels (e.g., email, online portal, presentations). Ensure that the information is delivered in a timely and accessible manner.

Resources needed:
• Communication Specialist
• Distribution Lists
• Communication Platforms",8/13/2048,8/16/2048,0,3cfa049e-f26d-47e0-9a44-c1c30419bb5d,PlanExe
54d27e2c-4954-4b3c-b861-4ba161b82270,Conduct Project Reviews,,8/16/2048,8/31/2048,0,e1112c20-0e0f-4c13-88f9-0198e0047c56,PlanExe
433af146-07f1-419b-9f67-d1b6fad957bc,Define Project Review Objectives,"Define Project Review Objectives

Description:
Clearly define the objectives of each project review, including the scope, criteria, and desired outcomes. This ensures that reviews are focused and effective in identifying areas for improvement.

Resources needed:
• Project Manager
• Stakeholders
• Review Team",8/16/2048,8/19/2048,0,54d27e2c-4954-4b3c-b861-4ba161b82270,PlanExe
633257ca-05c6-40c0-9cbe-7ba046030db3,Establish Review Criteria and Metrics,"Establish Review Criteria and Metrics

Description:
Develop specific, measurable, achievable, relevant, and time-bound (SMART) criteria and metrics for evaluating project performance. This provides a consistent and objective basis for assessing progress and identifying deviations from the plan.

Resources needed:
• Project Manager
• Subject Matter Experts
• Data Analysts",8/19/2048,8/22/2048,0,433af146-07f1-419b-9f67-d1b6fad957bc,PlanExe
e1f30d21-8aec-4415-910a-88c397a4679a,Collect and Analyze Project Data,"Collect and Analyze Project Data

Description:
Gather relevant data on project progress, budget, risks, and other key performance indicators (KPIs). Analyze the data to identify trends, patterns, and potential issues that require attention.

Resources needed:
• Project Team
• Data Analysts
• Reporting Tools",8/22/2048,8/25/2048,0,633257ca-05c6-40c0-9cbe-7ba046030db3,PlanExe
c0ae1c1b-b6e6-4e95-aec0-07935d993b95,Conduct Review Meetings and Document Findings,"Conduct Review Meetings and Document Findings

Description:
Hold regular review meetings with the project team and stakeholders to discuss the data analysis, identify areas of concern, and develop recommendations for corrective actions. Document the findings and recommendations in a clear and concise report.

Resources needed:
• Project Manager
• Stakeholders
• Review Team
• Note Taker",8/25/2048,8/28/2048,0,e1f30d21-8aec-4415-910a-88c397a4679a,PlanExe
adaa714f-e34f-4a34-a988-4ceb041bea5a,Implement Corrective Actions and Track Progress,"Implement Corrective Actions and Track Progress

Description:
Implement the corrective actions identified during the review meetings and track their progress to ensure that they are effective in addressing the identified issues. Regularly monitor the KPIs to assess the impact of the corrective actions.

Resources needed:
• Project Team
• Project Manager
• Stakeholders",8/28/2048,8/31/2048,0,54d27e2c-4954-4b3c-b861-4ba161b82270,PlanExe
