[
  {
    "id": "cb5da74a-dd4a-456c-bd4e-41aa2a4ab442",
    "document_name": "Participating Nations Under-15 Social Media Usage Statistical Data",
    "description": "Statistical data on social media usage by individuals under the age of 15 in participating EU nations. This data will be used to establish a baseline, identify trends, and measure the impact of the social media blackout. Intended audience: Project team, researchers, policymakers. Context: EU-wide social media blackout enforcement.",
    "recency_requirement": "Most recent available year",
    "responsible_role_type": "Data Analyst",
    "steps_to_find": [
      "Contact national statistical offices in participating EU nations.",
      "Search Eurostat database.",
      "Review reports from social media analytics firms."
    ],
    "access_difficulty": "Medium: Requires contacting multiple national offices and potentially purchasing data from analytics firms.",
    "essential_information": [
      "Quantify the current social media usage rates (hours per day, platforms used) for under-15s in each participating EU nation.",
      "Identify the most popular social media platforms used by under-15s in each nation.",
      "Detail the demographic breakdown (age, gender, socioeconomic status) of under-15 social media users in each nation.",
      "List the existing national regulations or policies related to social media usage by minors in each nation.",
      "Provide data on parental awareness and attitudes towards social media usage by their under-15 children in each nation.",
      "Identify trends in social media usage by under-15s over the past 3-5 years in each nation.",
      "Quantify the estimated number of under-15 social media users in each nation.",
      "Detail the data collection methods and sample sizes used to generate the statistics for each nation.",
      "Compare social media usage rates of under-15s across different EU nations."
    ],
    "risks_of_poor_quality": [
      "Inaccurate baseline data leads to flawed impact assessment of the blackout.",
      "Misidentification of key platforms results in ineffective enforcement efforts.",
      "Lack of demographic understanding hinders targeted communication strategies.",
      "Outdated data leads to incorrect assumptions about usage patterns.",
      "Incomplete data prevents accurate measurement of the blackout's effectiveness.",
      "Biased data collection methods skew the understanding of the true situation."
    ],
    "worst_case_scenario": "The project's impact is miscalculated due to inaccurate baseline data, leading to a false sense of success or failure and misallocation of resources. The blackout may be deemed ineffective or harmful based on flawed data, resulting in its premature termination or continuation despite negative consequences.",
    "best_case_scenario": "Accurate and comprehensive statistical data enables precise measurement of the blackout's impact, informs adaptive strategies, and demonstrates the project's value to stakeholders, leading to its successful implementation and long-term sustainability.",
    "fallback_alternative_approaches": [
      "Initiate targeted user interviews and surveys to gather primary data on social media usage by under-15s.",
      "Engage social media analytics firms to conduct a comprehensive analysis of usage patterns.",
      "Conduct a meta-analysis of existing research and reports on social media usage by minors in Europe.",
      "Develop a predictive model based on available data and expert opinions to estimate usage rates.",
      "Purchase access to relevant industry standard reports on youth social media usage."
    ]
  },
  {
    "id": "443423c1-c98c-4709-850a-3352c56102fd",
    "document_name": "Participating Nations Existing Child Online Safety Policies/Laws/Regulations",
    "description": "Existing policies, laws, and regulations related to child online safety in participating EU nations. This information will be used to understand the current legal landscape, identify gaps, and ensure compliance with existing regulations. Intended audience: Legal counsel, policymakers. Context: EU-wide social media blackout enforcement.",
    "recency_requirement": "Current regulations essential",
    "responsible_role_type": "Legal Counsel",
    "steps_to_find": [
      "Search government legislative portals in participating EU nations.",
      "Contact relevant government agencies.",
      "Consult with legal experts in each nation."
    ],
    "access_difficulty": "Medium: Requires searching multiple legislative portals and potentially consulting with legal experts.",
    "essential_information": [
      "List all relevant existing laws, regulations, and policies in each participating EU nation that pertain to child online safety.",
      "For each law/regulation/policy, identify the specific articles or sections relevant to social media usage, data privacy, and age verification.",
      "Detail any existing enforcement mechanisms or penalties associated with violations of these laws/regulations/policies.",
      "Identify any gaps or inconsistencies in the legal framework across different EU nations regarding child online safety.",
      "Summarize how each nation currently defines 'child' or 'minor' in the context of online activities.",
      "Provide links to official sources (e.g., government websites, legislative databases) for each identified law/regulation/policy.",
      "Identify any pending legislation or proposed changes to child online safety laws in participating nations."
    ],
    "risks_of_poor_quality": [
      "Failure to comply with existing national laws, leading to legal challenges and project delays.",
      "Inaccurate understanding of the legal landscape, resulting in ineffective enforcement strategies.",
      "Duplication of existing efforts or conflicts with existing regulations.",
      "Inability to identify and address legal loopholes or inconsistencies.",
      "Development of enforcement strategies that are unenforceable or easily challenged in specific member states."
    ],
    "worst_case_scenario": "The EU-wide blackout enforcement program is halted due to legal challenges in multiple member states, resulting in significant financial losses, reputational damage, and a failure to protect minors online.",
    "best_case_scenario": "The EU-wide blackout enforcement program is implemented smoothly and effectively, fully compliant with all existing national and EU laws, leading to a significant reduction in underage social media usage and enhanced online safety for minors.",
    "fallback_alternative_approaches": [
      "Engage legal experts in each participating EU nation to conduct a comprehensive legal review.",
      "Purchase access to a legal database that compiles and summarizes child online safety laws across the EU.",
      "Conduct targeted interviews with policymakers and legal professionals in each nation to gather information on existing regulations.",
      "Focus initially on member states with the most clearly defined and enforceable child online safety laws."
    ]
  },
  {
    "id": "93b163be-1cb0-4078-97c8-d8613239eb30",
    "document_name": "Participating Nations Data Protection Laws/Regulations",
    "description": "Data protection laws and regulations in participating EU nations, including GDPR implementation. This information will be used to ensure compliance with data protection requirements and address privacy concerns. Intended audience: Legal counsel, data security specialist. Context: EU-wide social media blackout enforcement.",
    "recency_requirement": "Current regulations essential",
    "responsible_role_type": "Legal Counsel",
    "steps_to_find": [
      "Search government legislative portals in participating EU nations.",
      "Consult with data protection authorities.",
      "Review GDPR guidelines and interpretations."
    ],
    "access_difficulty": "Medium: Requires searching multiple legislative portals and consulting with data protection authorities.",
    "essential_information": [
      "List all participating EU nations in the social media blackout enforcement project.",
      "For each nation, identify the specific data protection laws and regulations that are applicable to the project.",
      "Detail how GDPR is implemented and interpreted in each nation, noting any national variations or specific derogations.",
      "Identify any specific requirements for data processing, storage, and transfer related to age verification and enforcement activities in each nation.",
      "Outline the legal requirements for obtaining consent for data processing, particularly concerning minors, in each nation.",
      "Detail the rights of individuals regarding their personal data (access, rectification, erasure, restriction of processing, data portability, objection) in each nation.",
      "Identify the data protection authority in each nation and their contact information.",
      "Outline the penalties for non-compliance with data protection laws in each nation.",
      "Detail any specific requirements for data breach notification in each nation.",
      "Provide a checklist of actions required to ensure compliance with data protection laws in each nation."
    ],
    "risks_of_poor_quality": [
      "Non-compliance with data protection laws leading to legal challenges and fines.",
      "Violation of individual privacy rights, resulting in public backlash and reputational damage.",
      "Inconsistent enforcement of data protection standards across EU member states.",
      "Compromised data security, leading to data breaches and unauthorized access to personal information.",
      "Delays in project implementation due to legal obstacles and compliance issues."
    ],
    "worst_case_scenario": "Legal injunctions halt the EU-wide social media blackout enforcement program due to violations of data protection laws, resulting in significant financial losses, reputational damage, and a failure to achieve the project's objectives.",
    "best_case_scenario": "The project fully complies with all data protection laws and regulations across participating EU nations, ensuring the privacy and security of personal data, building public trust, and enabling the successful enforcement of the social media blackout.",
    "fallback_alternative_approaches": [
      "Engage a team of legal experts specializing in EU data protection law to conduct a comprehensive review of the project's data processing activities.",
      "Purchase a subscription to a legal database that provides up-to-date information on data protection laws and regulations in EU member states.",
      "Conduct targeted consultations with data protection authorities in each participating nation to obtain clarification on specific compliance requirements.",
      "Develop a standardized data protection compliance framework that can be adapted to the specific requirements of each nation.",
      "Implement a robust data governance program to ensure ongoing compliance with data protection laws and regulations."
    ]
  },
  {
    "id": "447f6cff-4c7c-46f3-80bb-8cb62e6aa5bf",
    "document_name": "Participating Nations Freedom of Expression Laws/Regulations",
    "description": "Laws and regulations related to freedom of expression in participating EU nations. This information will be used to assess potential conflicts with freedom of expression rights and develop mitigation strategies. Intended audience: Legal counsel, policymakers. Context: EU-wide social media blackout enforcement.",
    "recency_requirement": "Current regulations essential",
    "responsible_role_type": "Legal Counsel",
    "steps_to_find": [
      "Search government legislative portals in participating EU nations.",
      "Consult with legal experts in each nation.",
      "Review relevant case law."
    ],
    "access_difficulty": "Medium: Requires searching multiple legislative portals and consulting with legal experts.",
    "essential_information": [
      "List all relevant laws and regulations pertaining to freedom of expression in each EU member state participating in the social media blackout enforcement.",
      "Identify specific clauses or provisions within these laws that could potentially conflict with the enforcement of the blackout, particularly concerning restrictions on access to information or expression.",
      "Detail any legal precedents or court rulings in each member state that interpret or apply these freedom of expression laws in ways relevant to online content restrictions.",
      "Compare and contrast the freedom of expression legal frameworks across different EU member states, highlighting key similarities and differences that could impact enforcement strategies.",
      "Outline the permissible limitations on freedom of expression under each member state's laws, specifically focusing on exceptions related to the protection of minors or public safety.",
      "Identify any ongoing legal challenges or debates within each member state regarding the scope or interpretation of freedom of expression laws in the digital age.",
      "Provide a summary table outlining key aspects of freedom of expression laws in each member state, including relevant articles, permissible limitations, and key legal precedents."
    ],
    "risks_of_poor_quality": [
      "Failure to accurately identify conflicting laws could lead to legal challenges and injunctions against the blackout enforcement.",
      "Incomplete or outdated information could result in ineffective mitigation strategies and violations of fundamental rights.",
      "Misinterpretation of legal precedents could lead to inconsistent enforcement and public distrust.",
      "Ignoring variations in legal frameworks across member states could result in unfair or discriminatory application of the blackout.",
      "Lack of clarity on permissible limitations could lead to overbroad restrictions on freedom of expression and public backlash."
    ],
    "worst_case_scenario": "The EU-wide social media blackout is halted by legal injunctions in multiple member states due to violations of freedom of expression rights, resulting in significant financial losses, reputational damage, and a complete failure to achieve the project's objectives.",
    "best_case_scenario": "The document enables the development of a legally sound and ethically responsible enforcement strategy that respects freedom of expression rights while effectively protecting minors from the potential harms of social media, leading to widespread public support and successful implementation of the blackout.",
    "fallback_alternative_approaches": [
      "Engage a panel of legal experts specializing in freedom of expression law in the EU to conduct a comprehensive review of the legal landscape.",
      "Commission a comparative legal study analyzing freedom of expression laws across EU member states and their implications for online content restrictions.",
      "Conduct targeted consultations with civil society organizations and human rights advocates to gather insights on potential freedom of expression concerns.",
      "Purchase access to a reputable legal database that provides up-to-date information on freedom of expression laws and case law in EU member states."
    ]
  },
  {
    "id": "cb20926b-9b6f-4240-aa59-58af89d12049",
    "document_name": "List of Social Media Platforms Operating in Participating Nations",
    "description": "A comprehensive list of social media platforms operating in participating EU nations, including their user base and age verification policies. This information will be used to target enforcement efforts and assess the feasibility of age verification methods. Intended audience: Technical specialist, enforcement coordinator. Context: EU-wide social media blackout enforcement.",
    "recency_requirement": "Updated within last 6 months",
    "responsible_role_type": "Technical Specialist",
    "steps_to_find": [
      "Conduct online research.",
      "Contact industry associations.",
      "Review reports from market research firms."
    ],
    "access_difficulty": "Medium: Requires conducting extensive online research and potentially purchasing data from market research firms.",
    "essential_information": [
      "List all social media platforms (including communication platforms with social features) operating in each participating EU nation.",
      "For each platform, quantify the estimated user base within the EU, specifying the overall number and, if available, the estimated number of users under 15.",
      "Detail the current age verification policies and methods employed by each platform, including their stated effectiveness and any known vulnerabilities.",
      "Identify the headquarters location and legal jurisdiction of each platform.",
      "Categorize each platform by type (e.g., social networking, microblogging, video sharing, messaging).",
      "Document the data sources used to compile the list and user base estimates, including dates of access and methodologies.",
      "Assess the technical feasibility of implementing age verification measures on each platform, considering factors like API availability and platform architecture."
    ],
    "risks_of_poor_quality": [
      "Incomplete platform list leads to uneven enforcement and circumvention opportunities.",
      "Inaccurate user base estimates result in misallocation of resources and ineffective targeting.",
      "Outdated age verification information leads to reliance on ineffective or easily bypassed methods.",
      "Failure to identify platform jurisdiction hinders legal enforcement actions.",
      "Incorrect categorization leads to inappropriate enforcement strategies.",
      "Lack of source documentation undermines the credibility and defensibility of the enforcement plan."
    ],
    "worst_case_scenario": "Significant portions of underage social media usage remain undetected and unaddressed due to an incomplete or inaccurate platform list, rendering the blackout ineffective and undermining public trust.",
    "best_case_scenario": "A comprehensive and accurate platform list enables highly targeted and effective enforcement, significantly reducing underage social media usage and demonstrating the EU's commitment to protecting minors online.",
    "fallback_alternative_approaches": [
      "Initiate targeted user interviews with underage social media users to identify commonly used platforms not captured in initial research.",
      "Engage a subject matter expert in social media platform analysis to review and validate the compiled list.",
      "Purchase a comprehensive industry standard document listing social media platforms and their user demographics from a reputable market research firm.",
      "Conduct a survey of parents and educators to identify social media platforms commonly used by underage individuals."
    ]
  },
  {
    "id": "da4603cc-b911-4457-bc09-53f765cee31a",
    "document_name": "Existing EU Regulations and Directives Governing Inspections",
    "description": "Existing EU regulations and directives governing inspections, including data protection, human rights, and due process. This information will be used to ensure compliance with EU law and address potential legal challenges. Intended audience: Legal counsel, enforcement coordinator. Context: EU-wide social media blackout enforcement.",
    "recency_requirement": "Current regulations essential",
    "responsible_role_type": "Legal Counsel",
    "steps_to_find": [
      "Search the EUR-Lex database.",
      "Consult with legal experts in EU law.",
      "Review relevant case law."
    ],
    "access_difficulty": "Easy: Publicly available data from the EUR-Lex database.",
    "essential_information": [
      "List all relevant EU regulations and directives pertaining to inspections, including but not limited to data protection (GDPR), human rights (European Convention on Human Rights), and due process.",
      "Detail the specific articles and clauses within each regulation/directive that directly impact the legality and execution of unannounced inspections for social media usage by minors.",
      "Identify any conflicting regulations or directives across EU member states that could create legal challenges or inconsistencies in enforcement.",
      "Summarize the legal requirements for obtaining permits or authorizations necessary to conduct inspections and confiscate devices in each member state.",
      "Outline the procedures for handling personal data collected during inspections in compliance with GDPR, including data minimization, purpose limitation, and data security measures.",
      "Detail the rights of individuals (including minors and their parents/guardians) during inspections, such as the right to legal representation, the right to appeal, and the right to privacy.",
      "Provide a checklist of legal requirements that must be met before, during, and after each inspection to ensure compliance with EU law and minimize the risk of legal challenges."
    ],
    "risks_of_poor_quality": [
      "Failure to comply with EU regulations leads to legal challenges and injunctions halting the program.",
      "Incorrect interpretation of regulations results in violations of human rights and privacy, damaging public trust.",
      "Inconsistent enforcement across member states due to differing interpretations of EU law.",
      "Lack of a clear legal basis for inspections and confiscations undermines the legitimacy of the blackout.",
      "Inability to defend against legal challenges results in financial losses and reputational damage."
    ],
    "worst_case_scenario": "A legal challenge succeeds in invalidating the entire EU-wide social media blackout enforcement program due to non-compliance with EU regulations, resulting in significant financial losses, reputational damage, and a complete failure to achieve the project's objectives.",
    "best_case_scenario": "The project operates in full compliance with all relevant EU regulations, minimizing legal risks, maintaining public trust, and ensuring consistent and effective enforcement of the social media blackout across all member states, leading to a significant reduction in underage social media usage.",
    "fallback_alternative_approaches": [
      "Engage a team of legal experts specializing in EU law to conduct a comprehensive legal review of the enforcement plan.",
      "Purchase a subscription to a legal database that provides up-to-date information on EU regulations and case law.",
      "Conduct targeted legal research on specific areas of concern, such as data protection and human rights.",
      "Consult with national data protection authorities in each member state to obtain guidance on compliance with GDPR.",
      "Develop a legal risk assessment framework to identify and mitigate potential legal challenges."
    ]
  },
  {
    "id": "cfe105a0-f3e5-46de-832b-f16295a8ef5b",
    "document_name": "Data on Effectiveness of Different Age Verification Methods",
    "description": "Data on the effectiveness of different age verification methods, including accuracy rates, privacy implications, and user experience. This information will be used to select the most appropriate age verification methods for the social media blackout. Intended audience: Technical specialist, legal counsel. Context: EU-wide social media blackout enforcement.",
    "recency_requirement": "Published within last 3 years",
    "responsible_role_type": "Technical Specialist",
    "steps_to_find": [
      "Review academic research papers.",
      "Contact technology companies.",
      "Consult with cybersecurity experts."
    ],
    "access_difficulty": "Medium: Requires reviewing academic research and potentially contacting technology companies.",
    "essential_information": [
      "Quantify the accuracy rates of various age verification methods (e.g., ID verification, biometric data, parental consent, blockchain-based solutions).",
      "Compare the privacy implications of each age verification method, detailing data collection, storage, and usage practices.",
      "Assess the user experience (UX) of each method, including ease of use, time required for verification, and potential for user frustration.",
      "Identify the technical feasibility and scalability of each age verification method for EU-wide implementation.",
      "List the costs associated with implementing and maintaining each age verification method.",
      "Detail any known vulnerabilities or circumvention methods for each age verification approach.",
      "Identify any legal or regulatory restrictions on the use of specific age verification methods within the EU.",
      "Compare the effectiveness of different age verification methods in preventing underage access to social media platforms.",
      "Provide a checklist of required security measures for each age verification method to protect user data."
    ],
    "risks_of_poor_quality": [
      "Selection of an inaccurate age verification method leads to false positives (incorrectly blocking access) or false negatives (allowing underage access).",
      "Privacy violations due to inadequate data protection measures in the chosen age verification method.",
      "Poor user experience leads to user frustration and circumvention attempts.",
      "Implementation of a non-scalable age verification method hinders EU-wide enforcement.",
      "High costs associated with an inefficient age verification method strain the project budget.",
      "Vulnerabilities in the age verification method are exploited by underage users, rendering the blackout ineffective.",
      "Legal challenges arise due to non-compliance with EU data protection regulations."
    ],
    "worst_case_scenario": "The chosen age verification method is easily circumvented, leading to widespread underage access to social media, legal challenges due to privacy violations, and complete failure of the social media blackout, resulting in significant financial losses and reputational damage for the EU.",
    "best_case_scenario": "The selected age verification method accurately and efficiently verifies user ages while preserving user privacy, leading to a significant reduction in underage social media usage, enhanced public trust, and successful enforcement of the EU-wide blackout.",
    "fallback_alternative_approaches": [
      "Initiate targeted user interviews with underage social media users to understand circumvention techniques.",
      "Engage a cybersecurity expert to conduct a penetration test of proposed age verification systems.",
      "Purchase a relevant industry standard document detailing best practices for age verification.",
      "Conduct a pilot program with multiple age verification methods to compare their effectiveness in a real-world setting.",
      "Consult with legal experts to ensure compliance with all relevant EU regulations."
    ]
  }
]