Level 1;Level 2;Level 3;Level 4;Task ID
Social Blackout;;;;952e4cdd-bf68-4282-9b4e-fd5808ab1242
;Legal Framework and Compliance;;;d5be3ed9-6ad1-4443-aab1-735a0dcf0a89
;;Conduct Legal Review of EU and Member State Laws;;5aaebe83-788d-4680-afae-fd26f8e3344c
;;;Identify relevant EU directives and regulations;8bbecede-f4ab-4eb4-99ad-fafabf775cd9
;;;Analyze member state laws on social media;a45b3255-211c-4a2a-8e97-7abd75120a7f
;;;Assess potential conflicts and inconsistencies;61a6ca9e-2eed-4996-9d6c-f60b2a41f8e0
;;;Document legal review findings and analysis;c45fa174-f874-4dd0-b5da-dad4b17f51a1
;;Develop Legal Defense Strategy;;e992faf5-7284-4930-ab73-0c3ad282abeb
;;;Research potential legal challenges;2b971834-b424-43a2-a0f3-01938d83e4af
;;;Develop defense arguments and counter-strategies;af870a49-e294-42d6-9e25-eb2995a129ea
;;;Draft legal documentation and briefs;9a5695fd-0153-4d7c-988a-54e16335ad37
;;;Consult with legal experts and stakeholders;a74568b4-c277-4f73-b85b-decc349efe9f
;;;Prepare for potential litigation;ac6685ca-943a-4ded-8fda-8bb56bf6fe36
;;Establish Ethical Guidelines and Complaint Mechanism;;2c30f4bb-80aa-4367-af2c-d949198397b0
;;;Define Ethical Principles and Scope;3252e605-fbc9-4a58-a5f5-6dd15dc50fdc
;;;Develop Draft Ethical Guidelines;2d123d3a-7742-4fb2-a7be-50c4d7c4ad0a
;;;Consult Stakeholders on Draft Guidelines;5e1271c0-43f9-4978-807f-c0b0c80d8f18
;;;Establish Complaint Mechanism Procedures;fab66d66-556c-4397-9923-8ce6a3beabaf
;;;Finalize and Publish Ethical Guidelines;8ca391cc-5ffc-4df8-8906-6636cbf02de6
;;Ensure GDPR Compliance;;a29f303a-d113-497f-b063-f81a3c427244
;;;Establish Ethics Review Board;04ebf61f-cea9-4b4f-9332-09dbc9ce2df6
;;;Define Ethical Principles and Values;754a0e8d-a022-42de-8152-0cd5dca09825
;;;Develop Draft Ethical Guidelines;268e725c-40fc-4a02-8f81-98a87d2e89ed
;;;Establish Complaint Mechanism;bd47e759-fd64-4eb5-905c-90960c8f8d0e
;;;Legal Review of Guidelines and Mechanism;773d4649-b7ee-421c-b333-a64b3dde44be
;;Obtain Necessary Permits and Licenses;;a4a9e844-ed92-4b9d-ab64-c8bd9d230dfb
;;;Identify Required Permits and Licenses;28e8975e-c255-4723-82f5-0437e9a8959b
;;;Prepare Permit and License Applications;affa7a00-c1c0-4215-83f9-10c824080c05
;;;Submit Applications and Track Progress;9cf90086-fdfb-489e-ba55-8181bf12382d
;;;Address Permit Denials or Delays;e47c5a5f-f677-4a9f-8fac-2028674f41d1
;Age Verification and Technological Countermeasures;;;54256d12-faa7-45c4-85a6-577387130ec1
;;Assess Existing Age Verification Methods;;991d7d8e-ec14-41d6-b4e3-1cc209eafbff
;;;Research existing age verification methods;a772fab4-349b-47ff-81fc-05635e87bd8b
;;;Analyze accuracy and reliability of methods;b4e10546-3e01-4773-a2ec-e46a3ba4babc
;;;Assess privacy implications of each method;cc09a9b2-d4b7-4e32-9fb4-fec88c98d0c6
;;;Document circumvention techniques and rates;f347e2db-ad1c-4be6-844e-a2bd41f9156f
;;Develop Multi-Factor Age Verification System;;9aa4fd6f-cab7-4ad5-aa01-5e2dba3c15fc
;;;Define System Requirements and Specifications;d3742318-751c-495d-98b3-814f43c04484
;;;Design Multi-Factor Verification Architecture;a26e42e3-e66e-4ce6-a4f9-f127c8654d67
;;;Develop and Test Verification Components;e6fbfc94-d41e-4caa-9c21-dbd58e693c25
;;;Integrate System and Conduct User Testing;193b9e85-2da6-4d3b-93f3-da0fb4a641a2
;;Develop Technological Countermeasure Strategy;;d61bbedd-a909-4730-985e-ab8f87a29761
;;;Research Countermeasure Technologies;59b22f6e-f37e-4d32-97ff-d85dd02f4c15
;;;Develop Circumvention Detection Methods;ea248b67-226c-4774-a082-d5f01d917a02
;;;Implement Real-Time Monitoring System;fb69d82a-a864-497a-b93b-d6649c9f76b3
;;;Create Adaptive Countermeasure Framework;221543d0-1082-41d6-aca8-d3bf2ca5343e
;;Implement Filtering Technologies and Parental Controls;;579be2d2-0629-4506-b92c-94b40ee5bd0f
;;;Research Filtering Technologies;99ed9964-062e-4b14-841e-bae6be886158
;;;Develop Filtering Rules and Policies;2f78ab37-170e-4c11-94f6-926fcefc65a4
;;;Implement Filtering Technologies;8df11666-3475-469c-893a-72af288d1462
;;;Implement Parental Control Features;7f10b87e-e5e7-47c1-a959-20a2d9e4ddc7
;;;Test and Refine Filtering and Controls;0033d03a-cea7-4d80-97bc-43813963b698
;;Monitor and Update Countermeasures;;00f3dee3-6e9c-470b-9123-a8b43e18eae1
;;;Research Emerging Circumvention Techniques;a50ffa87-c32f-4bc7-899a-d5d9d0a40cea
;;;Analyze Effectiveness of Current Countermeasures;5f94b3b5-3101-41d9-87f9-b14d0155af6e
;;;Develop and Test Updated Countermeasures;6e52de8b-7134-4f0f-a582-4f5978cb27da
;;;Deploy and Monitor Updated Countermeasures;78c478a6-5d71-4c53-b09d-997c6414feb6
;;;Report on Countermeasure Performance;b23a855b-32ed-4502-a4f5-d81efe5067d6
;Public Communication and Stakeholder Engagement;;;2fb70991-67dd-4d1c-96a7-60d075f3eaa4
;;Develop Public Communication Strategy;;c17c169a-d1e3-4bb2-96bf-e059d1177be2
;;;Define Target Audiences and Key Messages;e7a9bd0e-7707-45eb-8c2f-d629150520aa
;;;Select Communication Channels and Platforms;4fb62547-c0c2-4009-a03a-8ce7c2fdbfbb
;;;Develop Compelling Content and Materials;13256393-bc38-4bc4-b0c9-ea9423751868
;;;Establish Media Relations and Partnerships;82ec7803-836a-474e-9501-81877880b1fe
;;Conduct Stakeholder Analysis;;904c41bb-db0d-43d9-a55f-e7472797a533
;;;Identify Key Stakeholder Groups;cad2f023-a262-4b6a-a6da-8a7b334ac92c
;;;Research Stakeholder Perspectives and Concerns;effaeb2a-c4f6-48f8-892f-d19e44245564
;;;Prioritize Stakeholder Engagement Efforts;1532f759-2209-4014-bc17-d6ec70826c7a
;;;Develop Tailored Engagement Strategies;12be96fb-8e9c-4b3b-b273-83a2650a7dc2
;;Engage with Parents, Educators, and Youth Organizations;;c2e8955d-9a95-4c0f-a4d5-3f6fa570b5e4
;;;Identify Key Parent/Educator Stakeholders;ebc7b078-8912-4b49-a7b0-a2996581f475
;;;Prepare Engagement Materials and Messaging;f6d49a37-3699-45c3-9b7f-eeb98bb89605
;;;Schedule and Conduct Meetings/Presentations;8c2a5f65-5d6d-4fd7-9b2b-7f02af3defd9
;;;Gather Feedback and Address Concerns;aa8aa060-13ea-4da1-9175-49be3bf5bd0f
;;;Establish Ongoing Communication Channels;6bd1e569-8375-48a9-9c04-3746336c5d97
;;Monitor Public Sentiment and Address Concerns;;dac577fc-1b72-40ef-9050-269e957619ca
;;;Monitor social media for mentions;fe6b8de2-801a-4f7c-ac45-6d1ada5445cd
;;;Analyze sentiment and identify concerns;ac29f03b-22f2-42a0-a93a-5ce9d1750f94
;;;Prepare responses to common concerns;c0f5e8b6-2e32-4019-b2bb-b406ebb300b3
;;;Engage with social media platforms;a69c2405-3219-465c-9a26-a1d6e7dae03b
;;Launch Digital Literacy Initiative;;85bd3217-1892-4ca3-87e1-80b327ebe9bf
;;;Develop age-appropriate content;4008f549-256c-4a6e-a879-17a9ed5c1fef
;;;Partner with schools and community groups;c61d3653-7b96-4511-adfa-bfc1a9b1c1cf
;;;Promote initiative through multiple channels;83b2c12b-725d-4d49-bde2-efc6751b227c
;;;Evaluate initiative's effectiveness;67026db9-36ba-42f8-8d82-8585f1940c19
;Resource Allocation and Enforcement;;;da6577ba-907a-4419-877a-944a7a129219
;;Secure Funding for Inspection Teams and Operations;;1fc3e217-7464-491f-b024-c114e4b546dc
;;;Prepare funding proposal documentation;0e7c7244-8d7c-4665-aa20-efb5b5f9699f
;;;Identify potential funding sources;f6b0c4a9-4ed7-4d11-84a5-39cb3757408d
;;;Engage with key decision-makers;d7754e2d-821d-4b2e-93ee-f42126be036d
;;;Explore public-private partnerships;58a4d03c-d539-4229-8bb5-2fa9b9c3ae9c
;;Develop Standardized Inspection Procedures;;aabbce18-58d2-4a67-9f00-2cea21bbe917
;;;Research best practice inspection procedures;09f3f058-12fb-4a53-b6e0-d67b5ac81081
;;;Adapt procedures to EU member states;7aea6625-7f7c-46a3-8a0c-d0c16a030b98
;;;Develop inspection team training materials;cc760061-9e94-451a-a955-eee1dca55133
;;;Pilot test inspection procedures;2366950d-83fb-4343-bbad-3dd35b8217a2
;;Establish Central Coordination Center;;a5af1401-31c8-4cdc-8103-cafb7771b8ff
;;;Identify Location for Coordination Center;82f4a26a-7242-484e-b507-2511d42aa0d2
;;;Procure IT Infrastructure and Equipment;df4b75f2-dd3e-4beb-861c-61dd1654a46f
;;;Recruit and Train Coordination Center Staff;8cd91a5a-9ef9-4677-a938-35c83b98f040
;;;Establish Communication Protocols;4226cae3-94c6-4314-9560-b412e1ccc496
;;Allocate Resources Based on Predictive Modeling;;caf53e0d-5b6d-4ee0-9141-858ad0059871
;;;Gather historical inspection data;1f921c7c-a23b-484b-8442-8ba6258743b0
;;;Develop predictive model parameters;ae8205d0-33b2-4b97-88e9-d2c2ecd141ca
;;;Train and test predictive model;838e4337-7748-41c0-bf37-5667a51f1f0b
;;;Allocate resources based on model output;5bc2ea6d-4021-4044-8347-d05f658643df
;;;Refine model based on inspection results;e97494cb-a022-40a3-9c37-c51725581ae1
;;Conduct Unannounced Inspections;;66b8c617-e2ab-49e3-b6bc-1d90325a50f8
;;;Plan Unannounced Inspection Logistics;3b1470df-21ec-4481-b324-a9e6eaf7e33c
;;;Prepare Inspection Team Equipment;8e17aa4f-8db5-42e6-b010-dbcbbb33e9a3
;;;Execute Unannounced Inspections On-Site;af198ae0-6175-412c-8a15-9ad87ce6d72a
;;;Document and Securely Store Inspection Data;293e237d-bd4c-44ac-afdd-7adf0d9ebe60
;Monitoring, Evaluation, and Reporting;;;d784576f-a889-4ee4-84d6-5c26b1863de5
;;Establish Key Success Metrics;;98580570-d322-475b-ba04-3ca925c5be17
;;;Define Social Media Usage Metrics;e5e1bc64-9a55-4a34-9564-9adaaaeb13d5
;;;Identify Data Sources and Access Methods;059c180c-e70e-46b0-855c-03a0846383a6
;;;Develop Data Collection and Analysis Plan;5b0d057e-7186-4c95-b0f8-b152914ec5fd
;;;Implement Tracking Mechanisms and Tools;02cf718d-254c-4b89-a1ce-019328cf3ffe
;;Monitor Social Media Usage by Under-15s;;7783329b-2143-40f0-b47d-c0f51be82e1c
;;;Collect social media usage data;17079241-9cea-4b06-b283-cfe0623890a0
;;;Analyze usage trends and patterns;32c011cd-c0ac-44a9-ac71-0537fe320acf
;;;Assess impact of blackout measures;a6467a3e-4900-427b-b514-40950859fc33
;;;Identify circumvention methods;40d88c73-ab7e-4fa9-b753-692868b5d429
;;Track Penalties Issued and Revenue Generated;;ccb65e38-bb0b-46fc-b950-69e20b566f1e
;;;Design penalty tracking database schema;63f47ea2-289b-4abb-bcb6-f9b3972f1457
;;;Develop penalty tracking software application;d6b9ff9b-b959-4b09-a9ca-55ddf310d849
;;;Establish penalty revenue accounting procedures;4fb10ff8-84b2-4b33-8167-0a3bc4d48674
;;;Integrate with EU member state systems;e5a96c8c-7c2b-4c01-83b2-9bd4bb468532
;;;Test and validate the tracking system;fe808e07-ee85-49d8-aa07-faddc576d987
;;Evaluate Effectiveness of Enforcement Efforts;;629cc6e4-a222-43f4-8966-1e5a3ac8816e
;;;Define Key Performance Indicators (KPIs);d87b7b68-0605-400b-8c06-2edfb78e7aa2
;;;Analyze Social Media Usage Data;fc82756c-1f42-4bbc-be27-324c92a40bac
;;;Assess Impact on Stakeholders;2485ece9-507b-4c29-8302-820298e50f33
;;;Refine Enforcement Strategies;e45c48dd-ac15-4ba0-8fa3-ee3fcd7a4602
;;Provide Regular Progress Reports to Stakeholders;;6f580386-9cd7-4533-9992-301afb7c60a1
;;;Collect data for progress reports;d8ba1bc3-1b85-45b7-8b80-ff4f0b5438d8
;;;Analyze data and identify trends;4a5d4106-039e-437b-9407-e4e39895f4d5
;;;Prepare draft progress reports;c544ce93-ea15-4be0-b38c-dd024d1be4d8
;;;Review and revise progress reports;223bad2d-088c-4aee-860b-c03cdcf7dacd
;;;Distribute final progress reports;5aa97653-572f-4366-85eb-5f494ebb9396