{
  "wbs_project": {
    "id": "952e4cdd-bf68-4282-9b4e-fd5808ab1242",
    "description": "Social Blackout",
    "extra_fields": {
      "final_deliverable": "Enforced Blackout"
    },
    "task_children": [
      {
        "id": "d5be3ed9-6ad1-4443-aab1-735a0dcf0a89",
        "description": "Legal Framework and Compliance",
        "task_children": [
          {
            "id": "5aaebe83-788d-4680-afae-fd26f8e3344c",
            "description": "Conduct Legal Review of EU and Member State Laws",
            "task_children": [
              {
                "id": "8bbecede-f4ab-4eb4-99ad-fafabf775cd9",
                "description": "Identify relevant EU directives and regulations",
                "extra_fields": {
                  "detailed_description": "Objective: Identify all relevant EU directives and regulations pertaining to social media usage by minors, data privacy, and freedom of expression.\nScope: Review EU legislation, including GDPR, ePrivacy Directive, and relevant case law.\nSteps: 1. Conduct keyword searches in EUR-Lex. 2. Consult with legal experts on relevant legislation. 3. Document findings in a comprehensive report.\nDeliverables: A report summarizing relevant EU directives and regulations.",
                  "resources_needed": [
                    "EU Law Expert",
                    "Legal Research Database (EUR-Lex)",
                    "Legal Counsel"
                  ]
                }
              },
              {
                "id": "a45b3255-211c-4a2a-8e97-7abd75120a7f",
                "description": "Analyze member state laws on social media",
                "extra_fields": {
                  "detailed_description": "Objective: Analyze the specific laws of each EU member state regarding social media usage by minors, data privacy, and freedom of expression.\nScope: Review national legislation, including data protection laws, child protection laws, and relevant case law.\nSteps: 1. Engage local legal counsel in each member state. 2. Review national legislation and case law. 3. Document findings in a comparative analysis report.\nDeliverables: A comparative analysis report summarizing member state laws.",
                  "resources_needed": [
                    "Local Legal Counsel (27 member states)",
                    "Legal Research Databases (Westlaw, LexisNexis)",
                    "EU Policy Analyst"
                  ]
                }
              },
              {
                "id": "61a6ca9e-2eed-4996-9d6c-f60b2a41f8e0",
                "description": "Assess potential conflicts and inconsistencies",
                "extra_fields": {
                  "detailed_description": "Objective: Identify potential conflicts and inconsistencies between EU directives, member state laws, and the proposed enforcement program.\nScope: Analyze the legal framework to identify areas of potential conflict or ambiguity.\nSteps: 1. Conduct a gap analysis between EU directives and member state laws. 2. Identify potential conflicts with the enforcement program. 3. Document findings in a risk assessment report.\nDeliverables: A risk assessment report identifying potential legal conflicts.",
                  "resources_needed": [
                    "EU Law Expert",
                    "Legal Counsel",
                    "Risk Management Specialist"
                  ]
                }
              },
              {
                "id": "c45fa174-f874-4dd0-b5da-dad4b17f51a1",
                "description": "Document legal review findings and analysis",
                "extra_fields": {
                  "detailed_description": "Objective: Compile all findings and analysis from the legal review into a comprehensive document.\nScope: Create a detailed report summarizing the legal framework, potential conflicts, and recommendations.\nSteps: 1. Consolidate all research and analysis. 2. Draft a comprehensive legal review report. 3. Obtain legal review and approval.\nDeliverables: A comprehensive legal review report.",
                  "resources_needed": [
                    "Legal Counsel",
                    "EU Policy Analyst",
                    "Technical Writer"
                  ]
                }
              }
            ]
          },
          {
            "id": "e992faf5-7284-4930-ab73-0c3ad282abeb",
            "description": "Develop Legal Defense Strategy",
            "task_children": [
              {
                "id": "2b971834-b424-43a2-a0f3-01938d83e4af",
                "description": "Research potential legal challenges",
                "extra_fields": {
                  "detailed_description": "Identify potential legal challenges to the blackout and inspection procedures, including human rights concerns, data privacy issues, and freedom of expression arguments. Analyze relevant case law and legal precedents.",
                  "resources_needed": [
                    "Legal researchers",
                    "Legal databases",
                    "Access to legal experts"
                  ]
                }
              },
              {
                "id": "af870a49-e294-42d6-9e25-eb2995a129ea",
                "description": "Develop defense arguments and counter-strategies",
                "extra_fields": {
                  "detailed_description": "Formulate legal arguments to defend the blackout and inspection procedures against potential challenges. Develop counter-strategies to address specific legal concerns, such as proportionality, necessity, and least restrictive means.",
                  "resources_needed": [
                    "Legal experts",
                    "Policy analysts",
                    "Human rights specialists"
                  ]
                }
              },
              {
                "id": "9a5695fd-0153-4d7c-988a-54e16335ad37",
                "description": "Draft legal documentation and briefs",
                "extra_fields": {
                  "detailed_description": "Prepare legal documentation, including briefs, memoranda, and affidavits, to support the defense of the blackout and inspection procedures. Ensure compliance with relevant legal standards and procedural requirements.",
                  "resources_needed": [
                    "Legal writers",
                    "Legal editors",
                    "Legal formatting tools"
                  ]
                }
              },
              {
                "id": "a74568b4-c277-4f73-b85b-decc349efe9f",
                "description": "Consult with legal experts and stakeholders",
                "extra_fields": {
                  "detailed_description": "Consult with legal experts, human rights organizations, and other stakeholders to gather feedback on the legal defense strategy. Incorporate relevant input to strengthen the strategy and address potential concerns.",
                  "resources_needed": [
                    "Legal consultants",
                    "Stakeholder engagement specialists",
                    "Communication channels"
                  ]
                }
              },
              {
                "id": "ac6685ca-943a-4ded-8fda-8bb56bf6fe36",
                "description": "Prepare for potential litigation",
                "extra_fields": {
                  "detailed_description": "Develop a plan for managing potential litigation, including identifying legal counsel, preparing witnesses, and gathering evidence. Establish procedures for responding to legal challenges and protecting the interests of the enforcement program.",
                  "resources_needed": [
                    "Litigation attorneys",
                    "Paralegals",
                    "Evidence management systems"
                  ]
                }
              }
            ]
          },
          {
            "id": "2c30f4bb-80aa-4367-af2c-d949198397b0",
            "description": "Establish Ethical Guidelines and Complaint Mechanism",
            "task_children": [
              {
                "id": "3252e605-fbc9-4a58-a5f5-6dd15dc50fdc",
                "description": "Define Ethical Principles and Scope",
                "extra_fields": {
                  "detailed_description": "Establish the core ethical principles that will guide the blackout and inspection procedures. Define the scope of the ethical guidelines, including the specific areas of concern (e.g., privacy, proportionality, discrimination).",
                  "resources_needed": [
                    "Ethics Review Board",
                    "Legal Counsel",
                    "EU Policy Analyst"
                  ]
                }
              },
              {
                "id": "2d123d3a-7742-4fb2-a7be-50c4d7c4ad0a",
                "description": "Develop Draft Ethical Guidelines",
                "extra_fields": {
                  "detailed_description": "Based on the defined principles and scope, develop a draft set of ethical guidelines for the blackout and inspection procedures. Address key ethical considerations, such as data privacy, freedom of expression, and due process.",
                  "resources_needed": [
                    "Ethics Review Board",
                    "Legal Counsel",
                    "Community Liaison Officer"
                  ]
                }
              },
              {
                "id": "5e1271c0-43f9-4978-807f-c0b0c80d8f18",
                "description": "Consult Stakeholders on Draft Guidelines",
                "extra_fields": {
                  "detailed_description": "Engage with relevant stakeholders (e.g., parents, educators, youth organizations, social media platforms) to gather feedback on the draft ethical guidelines. Conduct surveys, focus groups, and interviews to solicit input.",
                  "resources_needed": [
                    "Community Liaison Officer",
                    "Public Relations & Communications Manager",
                    "Stakeholder Representatives"
                  ]
                }
              },
              {
                "id": "fab66d66-556c-4397-9923-8ce6a3beabaf",
                "description": "Establish Complaint Mechanism Procedures",
                "extra_fields": {
                  "detailed_description": "Design a clear and accessible complaint mechanism for individuals who believe their rights have been violated by the blackout or inspection procedures. Define the process for submitting, investigating, and resolving complaints.",
                  "resources_needed": [
                    "Legal Counsel",
                    "Ethics Review Board",
                    "Administrative Staff"
                  ]
                }
              },
              {
                "id": "8ca391cc-5ffc-4df8-8906-6636cbf02de6",
                "description": "Finalize and Publish Ethical Guidelines",
                "extra_fields": {
                  "detailed_description": "Incorporate stakeholder feedback and legal review into the final ethical guidelines. Publish the guidelines in a clear and accessible format and disseminate them to all relevant parties.",
                  "resources_needed": [
                    "Ethics Review Board",
                    "Legal Counsel",
                    "Public Relations & Communications Manager"
                  ]
                }
              }
            ]
          },
          {
            "id": "a29f303a-d113-497f-b063-f81a3c427244",
            "description": "Ensure GDPR Compliance",
            "task_children": [
              {
                "id": "04ebf61f-cea9-4b4f-9332-09dbc9ce2df6",
                "description": "Establish Ethics Review Board",
                "extra_fields": {
                  "detailed_description": "Objective: Form a diverse ethics review board to guide the development of ethical guidelines.\nScope: Identify and recruit members with expertise in law, ethics, technology, and human rights.\nSteps: Define selection criteria, identify potential candidates, invite participation, and establish board charter.\nDeliverables: A fully constituted ethics review board with a defined charter.",
                  "resources_needed": [
                    "Project Manager",
                    "Legal Counsel",
                    "Ethics Consultant"
                  ]
                }
              },
              {
                "id": "754a0e8d-a022-42de-8152-0cd5dca09825",
                "description": "Define Ethical Principles and Values",
                "extra_fields": {
                  "detailed_description": "Objective: Define the core ethical principles and values that will guide the enforcement program.\nScope: Consider issues such as privacy, proportionality, fairness, and non-discrimination.\nSteps: Conduct research on relevant ethical frameworks, consult with stakeholders, and draft a statement of ethical principles.\nDeliverables: A documented statement of ethical principles and values.",
                  "resources_needed": [
                    "Ethics Review Board",
                    "Legal Counsel",
                    "Stakeholder Representatives"
                  ]
                }
              },
              {
                "id": "268e725c-40fc-4a02-8f81-98a87d2e89ed",
                "description": "Develop Draft Ethical Guidelines",
                "extra_fields": {
                  "detailed_description": "Objective: Develop detailed ethical guidelines for all aspects of the enforcement program.\nScope: Cover issues such as data collection, inspection procedures, penalty issuance, and complaint handling.\nSteps: Translate ethical principles into specific guidelines, consult with stakeholders, and revise based on feedback.\nDeliverables: A draft set of ethical guidelines.",
                  "resources_needed": [
                    "Ethics Review Board",
                    "Legal Counsel",
                    "Inspection Team Representatives"
                  ]
                }
              },
              {
                "id": "bd47e759-fd64-4eb5-905c-90960c8f8d0e",
                "description": "Establish Complaint Mechanism",
                "extra_fields": {
                  "detailed_description": "Objective: Establish a clear and accessible complaint mechanism for individuals who believe their rights have been violated.\nScope: Define procedures for filing, investigating, and resolving complaints.\nSteps: Design a complaint form, establish a review process, and develop a communication plan.\nDeliverables: A documented complaint mechanism with clear procedures.",
                  "resources_needed": [
                    "Legal Counsel",
                    "Ethics Review Board",
                    "Community Liaison Officer"
                  ]
                }
              },
              {
                "id": "773d4649-b7ee-421c-b333-a64b3dde44be",
                "description": "Legal Review of Guidelines and Mechanism",
                "extra_fields": {
                  "detailed_description": "Objective: Ensure that the ethical guidelines and complaint mechanism are legally sound and compliant with relevant regulations.\nScope: Review the guidelines and mechanism for potential legal challenges and conflicts.\nSteps: Submit the guidelines and mechanism to legal counsel for review, revise based on feedback, and obtain legal approval.\nDeliverables: Legally approved ethical guidelines and complaint mechanism.",
                  "resources_needed": [
                    "Legal Counsel",
                    "Ethics Review Board"
                  ]
                }
              }
            ]
          },
          {
            "id": "a4a9e844-ed92-4b9d-ab64-c8bd9d230dfb",
            "description": "Obtain Necessary Permits and Licenses",
            "task_children": [
              {
                "id": "28e8975e-c255-4723-82f5-0437e9a8959b",
                "description": "Identify Required Permits and Licenses",
                "extra_fields": {
                  "detailed_description": "Objective: Determine all necessary permits and licenses for the social media blackout enforcement program across EU member states.\nScope: Research national and local regulations related to data protection, inspections, and device confiscation.\nSteps: 1. Consult with legal experts in each member state. 2. Review relevant EU directives and national laws. 3. Compile a comprehensive list of required permits and licenses.\nDeliverables: A detailed report outlining all necessary permits and licenses.",
                  "resources_needed": [
                    "Legal Counsel",
                    "EU Policy Analyst",
                    "Research Team"
                  ]
                }
              },
              {
                "id": "affa7a00-c1c0-4215-83f9-10c824080c05",
                "description": "Prepare Permit and License Applications",
                "extra_fields": {
                  "detailed_description": "Objective: Prepare all necessary documentation for permit and license applications.\nScope: Gather required information, complete application forms, and prepare supporting documents.\nSteps: 1. Collect data on inspection procedures and data management practices. 2. Draft application forms for each required permit and license. 3. Obtain necessary signatures and approvals.\nDeliverables: Completed permit and license applications ready for submission.",
                  "resources_needed": [
                    "Administrative Staff",
                    "Legal Counsel",
                    "Inspection Team Coordinator"
                  ]
                }
              },
              {
                "id": "9cf90086-fdfb-489e-ba55-8181bf12382d",
                "description": "Submit Applications and Track Progress",
                "extra_fields": {
                  "detailed_description": "Objective: Submit permit and license applications to relevant regulatory bodies and track their progress.\nScope: Ensure timely submission of applications and monitor their status.\nSteps: 1. Submit applications to the appropriate regulatory bodies. 2. Track the progress of each application. 3. Respond to any requests for additional information.\nDeliverables: Confirmation of application submission and regular updates on application status.",
                  "resources_needed": [
                    "Administrative Staff",
                    "Legal Counsel",
                    "EU Policy Analyst"
                  ]
                }
              },
              {
                "id": "e47c5a5f-f677-4a9f-8fac-2028674f41d1",
                "description": "Address Permit Denials or Delays",
                "extra_fields": {
                  "detailed_description": "Objective: Develop contingency plans for permit denials or delays.\nScope: Identify potential reasons for denials or delays and develop strategies to address them.\nSteps: 1. Analyze potential reasons for permit denials or delays. 2. Develop alternative strategies for obtaining necessary approvals. 3. Engage with regulatory bodies to resolve any issues.\nDeliverables: A contingency plan outlining alternative strategies for obtaining necessary permits and licenses.",
                  "resources_needed": [
                    "Legal Counsel",
                    "EU Policy Analyst",
                    "Project Manager"
                  ]
                }
              }
            ]
          }
        ]
      },
      {
        "id": "54256d12-faa7-45c4-85a6-577387130ec1",
        "description": "Age Verification and Technological Countermeasures",
        "task_children": [
          {
            "id": "991d7d8e-ec14-41d6-b4e3-1cc209eafbff",
            "description": "Assess Existing Age Verification Methods",
            "task_children": [
              {
                "id": "a772fab4-349b-47ff-81fc-05635e87bd8b",
                "description": "Research existing age verification methods",
                "extra_fields": {
                  "detailed_description": "Identify and document current age verification techniques used by social media platforms and other online services. This includes methods like self-declaration, knowledge-based authentication, document verification, and biometric analysis. Objective is to create a comprehensive overview of available options.",
                  "resources_needed": [
                    "Security Analyst",
                    "Research Assistant",
                    "Online Databases",
                    "Technical Documentation"
                  ]
                }
              },
              {
                "id": "b4e10546-3e01-4773-a2ec-e46a3ba4babc",
                "description": "Analyze accuracy and reliability of methods",
                "extra_fields": {
                  "detailed_description": "Evaluate the effectiveness of each identified age verification method in accurately determining a user's age. This involves analyzing data on false positive and false negative rates, as well as assessing the vulnerability of each method to circumvention techniques. Deliverable is a comparative analysis report.",
                  "resources_needed": [
                    "Data Scientist",
                    "Security Expert",
                    "Statistical Analysis Software",
                    "Test Environment"
                  ]
                }
              },
              {
                "id": "cc09a9b2-d4b7-4e32-9fb4-fec88c98d0c6",
                "description": "Assess privacy implications of each method",
                "extra_fields": {
                  "detailed_description": "Determine the potential privacy risks associated with each age verification method, including the collection, storage, and use of personal data. This involves analyzing compliance with GDPR and other relevant privacy regulations. Deliverable is a privacy impact assessment report.",
                  "resources_needed": [
                    "Privacy Lawyer",
                    "Data Protection Officer",
                    "Privacy Assessment Tools",
                    "Legal Databases"
                  ]
                }
              },
              {
                "id": "f347e2db-ad1c-4be6-844e-a2bd41f9156f",
                "description": "Document circumvention techniques and rates",
                "extra_fields": {
                  "detailed_description": "Research and document common methods used by underage users to bypass age verification systems, such as using fake accounts, VPNs, or falsified documents. Estimate the success rate of these circumvention techniques. Deliverable is a report on circumvention methods and their effectiveness.",
                  "resources_needed": [
                    "Cybersecurity Expert",
                    "Ethical Hacker",
                    "VPN Detection Tools",
                    "Social Media Monitoring Tools"
                  ]
                }
              }
            ]
          },
          {
            "id": "9aa4fd6f-cab7-4ad5-aa01-5e2dba3c15fc",
            "description": "Develop Multi-Factor Age Verification System",
            "task_children": [
              {
                "id": "d3742318-751c-495d-98b3-814f43c04484",
                "description": "Define System Requirements and Specifications",
                "extra_fields": {
                  "detailed_description": "Objective: Clearly define the functional and non-functional requirements for the multi-factor age verification system. Scope: Includes identifying necessary data inputs, verification methods, security protocols, and user interface considerations. Steps: 1. Conduct stakeholder interviews. 2. Review existing age verification standards. 3. Document system specifications. Deliverables: A comprehensive system requirements document.",
                  "resources_needed": [
                    "System Architect",
                    "Security Expert",
                    "Requirements Analyst"
                  ]
                }
              },
              {
                "id": "a26e42e3-e66e-4ce6-a4f9-f127c8654d67",
                "description": "Design Multi-Factor Verification Architecture",
                "extra_fields": {
                  "detailed_description": "Objective: Design the system architecture for the multi-factor age verification system, including the integration of different verification methods. Scope: Includes selecting appropriate technologies, defining data flows, and ensuring scalability and security. Steps: 1. Evaluate different architectural patterns. 2. Design the data storage and retrieval mechanisms. 3. Develop a system diagram. Deliverables: A detailed system architecture document.",
                  "resources_needed": [
                    "System Architect",
                    "Software Engineers",
                    "Database Administrator"
                  ]
                }
              },
              {
                "id": "e6fbfc94-d41e-4caa-9c21-dbd58e693c25",
                "description": "Develop and Test Verification Components",
                "extra_fields": {
                  "detailed_description": "Objective: Develop and test the individual components of the multi-factor age verification system. Scope: Includes coding, unit testing, and integration testing of each verification method. Steps: 1. Develop the code for each verification component. 2. Conduct unit tests to ensure functionality. 3. Perform integration tests to verify interoperability. Deliverables: Tested and validated verification components.",
                  "resources_needed": [
                    "Software Engineers",
                    "Quality Assurance Testers",
                    "Security Experts"
                  ]
                }
              },
              {
                "id": "193b9e85-2da6-4d3b-93f3-da0fb4a641a2",
                "description": "Integrate System and Conduct User Testing",
                "extra_fields": {
                  "detailed_description": "Objective: Integrate all components into a cohesive system and conduct user testing to ensure usability and effectiveness. Scope: Includes system integration, user acceptance testing, and performance testing. Steps: 1. Integrate all verification components into a single system. 2. Conduct user acceptance testing with a representative user group. 3. Perform performance testing to ensure scalability. Deliverables: A fully integrated and tested multi-factor age verification system.",
                  "resources_needed": [
                    "Software Engineers",
                    "Quality Assurance Testers",
                    "User Experience Designers"
                  ]
                }
              }
            ]
          },
          {
            "id": "d61bbedd-a909-4730-985e-ab8f87a29761",
            "description": "Develop Technological Countermeasure Strategy",
            "task_children": [
              {
                "id": "59b22f6e-f37e-4d32-97ff-d85dd02f4c15",
                "description": "Research Countermeasure Technologies",
                "extra_fields": {
                  "detailed_description": "Objective: Identify and evaluate existing and emerging technological countermeasures against underage social media access.\nScope: Review academic literature, industry reports, and vendor solutions.\nSteps: 1. Conduct literature review. 2. Identify potential vendors. 3. Evaluate vendor solutions. 4. Document findings.\nDeliverables: Report on available countermeasure technologies.",
                  "resources_needed": [
                    "Cybersecurity Expert",
                    "Research Analyst"
                  ]
                }
              },
              {
                "id": "ea248b67-226c-4774-a082-d5f01d917a02",
                "description": "Develop Circumvention Detection Methods",
                "extra_fields": {
                  "detailed_description": "Objective: Create methods to detect and prevent underage users from circumventing age verification systems.\nScope: Develop algorithms and techniques to identify VPN usage, fake accounts, and other circumvention methods.\nSteps: 1. Analyze common circumvention techniques. 2. Develop detection algorithms. 3. Test detection methods. 4. Refine algorithms based on testing.\nDeliverables: Working circumvention detection algorithms.",
                  "resources_needed": [
                    "Software Developer",
                    "Data Scientist",
                    "Cybersecurity Expert"
                  ]
                }
              },
              {
                "id": "fb69d82a-a864-497a-b93b-d6649c9f76b3",
                "description": "Implement Real-Time Monitoring System",
                "extra_fields": {
                  "detailed_description": "Objective: Establish a system for real-time monitoring of social media platforms to detect and respond to circumvention attempts.\nScope: Integrate detection methods into a monitoring system that alerts administrators to suspicious activity.\nSteps: 1. Design monitoring system architecture. 2. Integrate detection algorithms. 3. Configure alerts and notifications. 4. Test monitoring system.\nDeliverables: Functional real-time monitoring system.",
                  "resources_needed": [
                    "Software Developer",
                    "System Administrator",
                    "Cybersecurity Analyst"
                  ]
                }
              },
              {
                "id": "221543d0-1082-41d6-aca8-d3bf2ca5343e",
                "description": "Create Adaptive Countermeasure Framework",
                "extra_fields": {
                  "detailed_description": "Objective: Design a framework that allows for rapid adaptation and updating of countermeasures in response to evolving circumvention techniques.\nScope: Develop a modular system that can easily incorporate new detection methods and countermeasures.\nSteps: 1. Design modular framework architecture. 2. Implement API for adding new countermeasures. 3. Document framework usage. 4. Test framework adaptability.\nDeliverables: Adaptive countermeasure framework.",
                  "resources_needed": [
                    "Software Architect",
                    "Software Developer"
                  ]
                }
              }
            ]
          },
          {
            "id": "579be2d2-0629-4506-b92c-94b40ee5bd0f",
            "description": "Implement Filtering Technologies and Parental Controls",
            "task_children": [
              {
                "id": "99ed9964-062e-4b14-841e-bae6be886158",
                "description": "Research Filtering Technologies",
                "extra_fields": {
                  "detailed_description": "Objective: Identify and evaluate available filtering technologies suitable for blocking underage users on social media platforms.\nScope: Research various filtering technologies, including keyword-based filters, image recognition, and AI-powered solutions. Assess their accuracy, performance, and scalability.\nSteps: Conduct literature reviews, consult with technology vendors, and perform pilot tests.\nDeliverables: A report summarizing the findings and recommendations.",
                  "resources_needed": [
                    "Cybersecurity Expert",
                    "Software Engineer",
                    "Research Analyst"
                  ]
                }
              },
              {
                "id": "2f78ab37-170e-4c11-94f6-926fcefc65a4",
                "description": "Develop Filtering Rules and Policies",
                "extra_fields": {
                  "detailed_description": "Objective: Create a comprehensive set of filtering rules and policies to effectively block underage users while minimizing false positives.\nScope: Define specific criteria for identifying underage users, including age-related keywords, images, and behaviors. Establish clear guidelines for handling flagged content and user accounts.\nSteps: Consult with legal experts, child safety advocates, and social media platforms.\nDeliverables: A documented set of filtering rules and policies.",
                  "resources_needed": [
                    "Legal Counsel",
                    "Child Safety Advocate",
                    "Policy Analyst"
                  ]
                }
              },
              {
                "id": "8df11666-3475-469c-893a-72af288d1462",
                "description": "Implement Filtering Technologies",
                "extra_fields": {
                  "detailed_description": "Objective: Integrate the selected filtering technologies into social media platforms and configure them according to the developed rules and policies.\nScope: Work with social media platforms to implement the filtering technologies, ensuring seamless integration and minimal disruption to user experience. Configure the filters to accurately identify and block underage users.\nSteps: Collaborate with social media platform developers, conduct testing and validation, and deploy the filtering technologies.\nDeliverables: Integrated and configured filtering technologies on social media platforms.",
                  "resources_needed": [
                    "Software Engineer",
                    "System Administrator",
                    "Social Media Platform Developer"
                  ]
                }
              },
              {
                "id": "7f10b87e-e5e7-47c1-a959-20a2d9e4ddc7",
                "description": "Implement Parental Control Features",
                "extra_fields": {
                  "detailed_description": "Objective: Develop and implement parental control features that allow parents to monitor and restrict their children's social media usage.\nScope: Design user-friendly parental control features, such as time limits, content filters, and activity monitoring. Ensure that the features are easily accessible and customizable.\nSteps: Conduct user research, develop the features, and integrate them into social media platforms.\nDeliverables: Implemented parental control features on social media platforms.",
                  "resources_needed": [
                    "UX Designer",
                    "Software Engineer",
                    "Parental Control Expert"
                  ]
                }
              },
              {
                "id": "0033d03a-cea7-4d80-97bc-43813963b698",
                "description": "Test and Refine Filtering and Controls",
                "extra_fields": {
                  "detailed_description": "Objective: Conduct thorough testing of the implemented filtering technologies and parental control features to ensure their effectiveness and accuracy.\nScope: Perform user testing with diverse groups of users, including parents and children. Identify and address any bugs, usability issues, or performance problems.\nSteps: Conduct user testing, analyze feedback, and refine the filtering technologies and parental control features.\nDeliverables: Tested and refined filtering technologies and parental control features.",
                  "resources_needed": [
                    "QA Tester",
                    "User Researcher",
                    "Software Engineer"
                  ]
                }
              }
            ]
          },
          {
            "id": "00f3dee3-6e9c-470b-9123-a8b43e18eae1",
            "description": "Monitor and Update Countermeasures",
            "task_children": [
              {
                "id": "a50ffa87-c32f-4bc7-899a-d5d9d0a40cea",
                "description": "Research Emerging Circumvention Techniques",
                "extra_fields": {
                  "detailed_description": "Identify new methods used by underage users to bypass age verification and filtering technologies. This includes exploring VPN usage, fake account creation, and other workarounds.",
                  "resources_needed": [
                    "Cybersecurity analysts",
                    "Social media monitoring tools",
                    "Ethical hackers"
                  ]
                }
              },
              {
                "id": "5f94b3b5-3101-41d9-87f9-b14d0155af6e",
                "description": "Analyze Effectiveness of Current Countermeasures",
                "extra_fields": {
                  "detailed_description": "Evaluate the performance of existing filtering technologies and parental controls in blocking underage access to social media. Assess the accuracy, speed, and resource consumption of these countermeasures.",
                  "resources_needed": [
                    "Software engineers",
                    "Data analysts",
                    "Testing environment"
                  ]
                }
              },
              {
                "id": "6e52de8b-7134-4f0f-a582-4f5978cb27da",
                "description": "Develop and Test Updated Countermeasures",
                "extra_fields": {
                  "detailed_description": "Based on research and analysis, develop and test new or improved filtering technologies and parental controls. This includes coding, debugging, and performance testing.",
                  "resources_needed": [
                    "Software developers",
                    "Quality assurance testers",
                    "Cybersecurity experts"
                  ]
                }
              },
              {
                "id": "78c478a6-5d71-4c53-b09d-997c6414feb6",
                "description": "Deploy and Monitor Updated Countermeasures",
                "extra_fields": {
                  "detailed_description": "Implement the updated countermeasures on social media platforms and monitor their effectiveness in real-time. Track key metrics such as underage access attempts, circumvention rates, and user feedback.",
                  "resources_needed": [
                    "System administrators",
                    "Network engineers",
                    "Monitoring tools"
                  ]
                }
              },
              {
                "id": "b23a855b-32ed-4502-a4f5-d81efe5067d6",
                "description": "Report on Countermeasure Performance",
                "extra_fields": {
                  "detailed_description": "Generate regular reports on the performance of the updated countermeasures, including key metrics, trends, and recommendations for further improvement. Share these reports with stakeholders.",
                  "resources_needed": [
                    "Data analysts",
                    "Report writers",
                    "Communication specialists"
                  ]
                }
              }
            ]
          }
        ]
      },
      {
        "id": "2fb70991-67dd-4d1c-96a7-60d075f3eaa4",
        "description": "Public Communication and Stakeholder Engagement",
        "task_children": [
          {
            "id": "c17c169a-d1e3-4bb2-96bf-e059d1177be2",
            "description": "Develop Public Communication Strategy",
            "task_children": [
              {
                "id": "e7a9bd0e-7707-45eb-8c2f-d629150520aa",
                "description": "Define Target Audiences and Key Messages",
                "extra_fields": {
                  "detailed_description": "Identify specific demographics and tailor key messages to resonate with each group. This includes parents, educators, youth organizations, and the general public. Define the core message about the blackout's purpose and benefits.",
                  "resources_needed": [
                    "Public Relations Manager",
                    "Market Research Analyst",
                    "Communication Specialist"
                  ]
                }
              },
              {
                "id": "4fb62547-c0c2-4009-a03a-8ce7c2fdbfbb",
                "description": "Select Communication Channels and Platforms",
                "extra_fields": {
                  "detailed_description": "Determine the most effective channels to reach target audiences, including social media, traditional media, websites, and community events. Evaluate the suitability of each platform for delivering key messages.",
                  "resources_needed": [
                    "Communication Specialist",
                    "Media Planner",
                    "Digital Marketing Expert"
                  ]
                }
              },
              {
                "id": "13256393-bc38-4bc4-b0c9-ea9423751868",
                "description": "Develop Compelling Content and Materials",
                "extra_fields": {
                  "detailed_description": "Create engaging content, such as infographics, videos, articles, and social media posts, to communicate key messages effectively. Ensure content is accessible, informative, and tailored to each platform.",
                  "resources_needed": [
                    "Content Writer",
                    "Graphic Designer",
                    "Video Editor"
                  ]
                }
              },
              {
                "id": "82ec7803-836a-474e-9501-81877880b1fe",
                "description": "Establish Media Relations and Partnerships",
                "extra_fields": {
                  "detailed_description": "Build relationships with journalists, bloggers, and influencers to secure media coverage and amplify key messages. Partner with relevant organizations to promote the blackout and its objectives.",
                  "resources_needed": [
                    "Public Relations Manager",
                    "Media Relations Specialist",
                    "Partnership Coordinator"
                  ]
                }
              }
            ]
          },
          {
            "id": "904c41bb-db0d-43d9-a55f-e7472797a533",
            "description": "Conduct Stakeholder Analysis",
            "task_children": [
              {
                "id": "cad2f023-a262-4b6a-a6da-8a7b334ac92c",
                "description": "Identify Key Stakeholder Groups",
                "extra_fields": {
                  "detailed_description": "Objective: Determine all relevant stakeholder groups impacted by the social media blackout. Scope: Identify and categorize stakeholders (parents, educators, youth organizations, social media platforms, law enforcement, etc.). Steps: Brainstorm potential stakeholders, research their involvement, categorize based on influence and impact. Deliverables: Stakeholder register.",
                  "resources_needed": [
                    "Project Manager",
                    "Community Liaison Officer",
                    "EU Policy Analyst"
                  ]
                }
              },
              {
                "id": "effaeb2a-c4f6-48f8-892f-d19e44245564",
                "description": "Research Stakeholder Perspectives and Concerns",
                "extra_fields": {
                  "detailed_description": "Objective: Understand the perspectives, concerns, and potential objections of each stakeholder group. Scope: Conduct research to identify existing opinions and potential issues. Steps: Review public statements, conduct online surveys, analyze social media sentiment. Deliverables: Stakeholder concerns report.",
                  "resources_needed": [
                    "Market Research Analyst",
                    "Public Relations Manager",
                    "Community Liaison Officer"
                  ]
                }
              },
              {
                "id": "1532f759-2209-4014-bc17-d6ec70826c7a",
                "description": "Prioritize Stakeholder Engagement Efforts",
                "extra_fields": {
                  "detailed_description": "Objective: Determine which stakeholder groups require the most immediate and intensive engagement. Scope: Rank stakeholders based on influence, impact, and potential resistance. Steps: Develop a prioritization matrix, assess engagement needs, allocate resources accordingly. Deliverables: Stakeholder engagement plan.",
                  "resources_needed": [
                    "Project Manager",
                    "Community Liaison Officer",
                    "Public Relations Manager"
                  ]
                }
              },
              {
                "id": "12be96fb-8e9c-4b3b-b273-83a2650a7dc2",
                "description": "Develop Tailored Engagement Strategies",
                "extra_fields": {
                  "detailed_description": "Objective: Create specific engagement strategies for each prioritized stakeholder group. Scope: Design communication plans, outreach activities, and feedback mechanisms. Steps: Define engagement goals, select appropriate channels, develop messaging. Deliverables: Stakeholder engagement strategies document.",
                  "resources_needed": [
                    "Public Relations Manager",
                    "Communication Specialist",
                    "Community Liaison Officer"
                  ]
                }
              }
            ]
          },
          {
            "id": "c2e8955d-9a95-4c0f-a4d5-3f6fa570b5e4",
            "description": "Engage with Parents, Educators, and Youth Organizations",
            "task_children": [
              {
                "id": "ebc7b078-8912-4b49-a7b0-a2996581f475",
                "description": "Identify Key Parent/Educator Stakeholders",
                "extra_fields": {
                  "detailed_description": "Objective: Identify and prioritize key parent groups, educational institutions, and youth organizations for engagement.\nScope: Research and compile a list of relevant stakeholders across EU member states.\nSteps: 1. Conduct online research to identify parent groups, schools, and youth organizations. 2. Prioritize stakeholders based on reach, influence, and relevance to the blackout. 3. Create a database of contact information for each stakeholder.\nDeliverables: A prioritized list of key parent groups, educational institutions, and youth organizations with contact information.",
                  "resources_needed": [
                    "Community Liaison Officer",
                    "Research Assistant"
                  ]
                }
              },
              {
                "id": "f6d49a37-3699-45c3-9b7f-eeb98bb89605",
                "description": "Prepare Engagement Materials and Messaging",
                "extra_fields": {
                  "detailed_description": "Objective: Develop tailored engagement materials and messaging for parents, educators, and youth organizations.\nScope: Create presentations, brochures, and online content explaining the blackout and its objectives.\nSteps: 1. Develop key messages about the blackout and its benefits for minors. 2. Create visually appealing presentations and brochures. 3. Develop online content for websites and social media. 4. Translate materials into relevant EU languages.\nDeliverables: Engagement materials and messaging tailored for parents, educators, and youth organizations in relevant EU languages.",
                  "resources_needed": [
                    "Public Relations & Communications Manager",
                    "Graphic Designer",
                    "Translator"
                  ]
                }
              },
              {
                "id": "8c2a5f65-5d6d-4fd7-9b2b-7f02af3defd9",
                "description": "Schedule and Conduct Meetings/Presentations",
                "extra_fields": {
                  "detailed_description": "Objective: Schedule and conduct meetings and presentations with parent groups, educational institutions, and youth organizations.\nScope: Organize meetings and presentations to explain the blackout and address concerns.\nSteps: 1. Contact stakeholders to schedule meetings and presentations. 2. Prepare agendas and presentation materials. 3. Conduct meetings and presentations. 4. Collect feedback from participants.\nDeliverables: Scheduled meetings and presentations with key stakeholders, feedback collected from participants.",
                  "resources_needed": [
                    "Community Liaison Officer",
                    "Public Relations & Communications Manager"
                  ]
                }
              },
              {
                "id": "aa8aa060-13ea-4da1-9175-49be3bf5bd0f",
                "description": "Gather Feedback and Address Concerns",
                "extra_fields": {
                  "detailed_description": "Objective: Gather feedback from stakeholders and address their concerns about the blackout.\nScope: Collect and analyze feedback from meetings, presentations, and online surveys.\nSteps: 1. Collect feedback from stakeholders through various channels. 2. Analyze feedback to identify common concerns and questions. 3. Develop responses to address concerns and questions. 4. Communicate responses to stakeholders.\nDeliverables: A summary of stakeholder feedback, responses to address concerns, and communication plan.",
                  "resources_needed": [
                    "Community Liaison Officer",
                    "Public Relations & Communications Manager"
                  ]
                }
              },
              {
                "id": "6bd1e569-8375-48a9-9c04-3746336c5d97",
                "description": "Establish Ongoing Communication Channels",
                "extra_fields": {
                  "detailed_description": "Objective: Establish ongoing communication channels with parents, educators, and youth organizations.\nScope: Create a system for regular communication and updates about the blackout.\nSteps: 1. Create a mailing list for stakeholders. 2. Develop a website or online forum for communication. 3. Schedule regular email updates. 4. Respond to inquiries from stakeholders.\nDeliverables: Established communication channels with stakeholders, including a mailing list, website/forum, and schedule for email updates.",
                  "resources_needed": [
                    "Public Relations & Communications Manager",
                    "Web Developer"
                  ]
                }
              }
            ]
          },
          {
            "id": "dac577fc-1b72-40ef-9050-269e957619ca",
            "description": "Monitor Public Sentiment and Address Concerns",
            "task_children": [
              {
                "id": "fe6b8de2-801a-4f7c-ac45-6d1ada5445cd",
                "description": "Monitor social media for mentions",
                "extra_fields": {
                  "detailed_description": "Use social listening tools to track mentions of the blackout, related keywords, and public sentiment across various social media platforms.",
                  "resources_needed": [
                    "Social media listening tools",
                    "Data analyst",
                    "Communication specialist"
                  ]
                }
              },
              {
                "id": "ac29f03b-22f2-42a0-a93a-5ce9d1750f94",
                "description": "Analyze sentiment and identify concerns",
                "extra_fields": {
                  "detailed_description": "Analyze the sentiment of social media posts and news articles related to the blackout to identify emerging concerns and areas of public misunderstanding.",
                  "resources_needed": [
                    "Sentiment analysis software",
                    "Data analyst",
                    "Communication specialist"
                  ]
                }
              },
              {
                "id": "c0f5e8b6-2e32-4019-b2bb-b406ebb300b3",
                "description": "Prepare responses to common concerns",
                "extra_fields": {
                  "detailed_description": "Develop clear and concise responses to address common concerns and misconceptions about the blackout, ensuring accuracy and transparency.",
                  "resources_needed": [
                    "Communication specialist",
                    "Legal counsel",
                    "Subject matter experts"
                  ]
                }
              },
              {
                "id": "a69c2405-3219-465c-9a26-a1d6e7dae03b",
                "description": "Engage with social media platforms",
                "extra_fields": {
                  "detailed_description": "Proactively engage with social media platforms to address their concerns, seek their cooperation, and clarify any misunderstandings about the blackout's purpose and implementation.",
                  "resources_needed": [
                    "Communication specialist",
                    "Legal counsel",
                    "Project manager"
                  ]
                }
              }
            ]
          },
          {
            "id": "85bd3217-1892-4ca3-87e1-80b327ebe9bf",
            "description": "Launch Digital Literacy Initiative",
            "task_children": [
              {
                "id": "4008f549-256c-4a6e-a879-17a9ed5c1fef",
                "description": "Develop age-appropriate content",
                "extra_fields": {
                  "detailed_description": "Create engaging and informative materials tailored to different age groups within the target audience, focusing on the risks of underage social media use and promoting responsible online behavior. This includes videos, infographics, and interactive quizzes.",
                  "resources_needed": [
                    "Curriculum developers",
                    "Graphic designers",
                    "Video editors",
                    "Child psychologists"
                  ]
                }
              },
              {
                "id": "c61d3653-7b96-4511-adfa-bfc1a9b1c1cf",
                "description": "Partner with schools and community groups",
                "extra_fields": {
                  "detailed_description": "Establish collaborations with schools, youth centers, and other community organizations to deliver the digital literacy initiative to a wider audience. This involves outreach, training for educators, and providing resources for classroom activities.",
                  "resources_needed": [
                    "Community outreach specialists",
                    "Training personnel",
                    "Educational materials",
                    "Project coordinators"
                  ]
                }
              },
              {
                "id": "83b2c12b-725d-4d49-bde2-efc6751b227c",
                "description": "Promote initiative through multiple channels",
                "extra_fields": {
                  "detailed_description": "Utilize various communication channels, including social media, websites, and traditional media, to promote the digital literacy initiative and raise awareness among parents, educators, and young people. This includes creating promotional materials, running social media campaigns, and engaging with journalists.",
                  "resources_needed": [
                    "Marketing specialists",
                    "Social media managers",
                    "Public relations officers",
                    "Website developers"
                  ]
                }
              },
              {
                "id": "67026db9-36ba-42f8-8d82-8585f1940c19",
                "description": "Evaluate initiative's effectiveness",
                "extra_fields": {
                  "detailed_description": "Assess the impact of the digital literacy initiative on knowledge, attitudes, and behaviors related to social media use among young people. This involves collecting data through surveys, focus groups, and website analytics, and analyzing the results to identify areas for improvement.",
                  "resources_needed": [
                    "Data analysts",
                    "Survey specialists",
                    "Evaluation experts",
                    "Research assistants"
                  ]
                }
              }
            ]
          }
        ]
      },
      {
        "id": "da6577ba-907a-4419-877a-944a7a129219",
        "description": "Resource Allocation and Enforcement",
        "task_children": [
          {
            "id": "1fc3e217-7464-491f-b024-c114e4b546dc",
            "description": "Secure Funding for Inspection Teams and Operations",
            "task_children": [
              {
                "id": "0e7c7244-8d7c-4665-aa20-efb5b5f9699f",
                "description": "Prepare funding proposal documentation",
                "extra_fields": {
                  "detailed_description": "Objective: Create a comprehensive funding proposal. Scope: Gather all necessary information, including project details, budget projections, and ROI analysis. Steps: 1. Collect project information. 2. Develop budget projections. 3. Write the proposal. 4. Review and revise. Deliverables: A complete funding proposal document.",
                  "resources_needed": [
                    "Project Manager",
                    "Financial Analyst",
                    "Grant Writer"
                  ]
                }
              },
              {
                "id": "f6b0c4a9-4ed7-4d11-84a5-39cb3757408d",
                "description": "Identify potential funding sources",
                "extra_fields": {
                  "detailed_description": "Objective: Identify potential funding sources for the inspection teams and operations. Scope: Research various funding options, including government grants, private investors, and corporate sponsorships. Steps: 1. Research government grant programs. 2. Identify potential private investors. 3. Explore corporate sponsorship opportunities. Deliverables: A list of potential funding sources with contact information and application requirements.",
                  "resources_needed": [
                    "Research Analyst",
                    "Funding Specialist"
                  ]
                }
              },
              {
                "id": "d7754e2d-821d-4b2e-93ee-f42126be036d",
                "description": "Engage with key decision-makers",
                "extra_fields": {
                  "detailed_description": "Objective: Engage with key decision-makers to secure funding approval. Scope: Schedule meetings, present the funding proposal, and address any concerns. Steps: 1. Identify key decision-makers. 2. Schedule meetings. 3. Prepare presentation materials. 4. Follow up after meetings. Deliverables: Meetings with key decision-makers and a clear understanding of their funding priorities.",
                  "resources_needed": [
                    "Project Manager",
                    "Lobbyist",
                    "Government Relations Specialist"
                  ]
                }
              },
              {
                "id": "58a4d03c-d539-4229-8bb5-2fa9b9c3ae9c",
                "description": "Explore public-private partnerships",
                "extra_fields": {
                  "detailed_description": "Objective: Explore the feasibility of public-private partnerships. Scope: Identify potential private sector partners and develop a partnership proposal. Steps: 1. Identify potential private sector partners. 2. Develop a partnership proposal. 3. Present the proposal to potential partners. Deliverables: A partnership proposal and initial discussions with potential private sector partners.",
                  "resources_needed": [
                    "Business Development Manager",
                    "Legal Counsel"
                  ]
                }
              }
            ]
          },
          {
            "id": "aabbce18-58d2-4a67-9f00-2cea21bbe917",
            "description": "Develop Standardized Inspection Procedures",
            "task_children": [
              {
                "id": "09f3f058-12fb-4a53-b6e0-d67b5ac81081",
                "description": "Research best practice inspection procedures",
                "extra_fields": {
                  "detailed_description": "Objective: Identify and document the most effective and legally sound inspection procedures currently used in similar contexts.\nScope: Review academic literature, industry reports, and legal databases to gather information on inspection procedures.\nSteps: 1. Conduct literature review. 2. Analyze legal precedents. 3. Document findings.\nDeliverables: A comprehensive report outlining best practice inspection procedures.",
                  "resources_needed": [
                    "Legal researchers",
                    "Industry analysts",
                    "Database access"
                  ]
                }
              },
              {
                "id": "7aea6625-7f7c-46a3-8a0c-d0c16a030b98",
                "description": "Adapt procedures to EU member states",
                "extra_fields": {
                  "detailed_description": "Objective: Tailor the identified best practice inspection procedures to the specific legal and cultural contexts of each EU member state.\nScope: Adapt the procedures to comply with local laws and regulations, and to be sensitive to cultural norms.\nSteps: 1. Identify legal and cultural differences. 2. Adapt procedures accordingly. 3. Obtain legal review.\nDeliverables: A set of adapted inspection procedures for each EU member state.",
                  "resources_needed": [
                    "Legal experts",
                    "Cultural consultants",
                    "Translation services"
                  ]
                }
              },
              {
                "id": "cc760061-9e94-451a-a955-eee1dca55133",
                "description": "Develop inspection team training materials",
                "extra_fields": {
                  "detailed_description": "Objective: Create comprehensive training materials to equip inspection teams with the knowledge and skills necessary to conduct inspections effectively and legally.\nScope: Develop training modules covering legal requirements, inspection procedures, data handling, and ethical considerations.\nSteps: 1. Design training modules. 2. Develop training materials. 3. Conduct pilot training.\nDeliverables: A complete set of training materials for inspection teams.",
                  "resources_needed": [
                    "Training specialists",
                    "Legal experts",
                    "Instructional designers"
                  ]
                }
              },
              {
                "id": "2366950d-83fb-4343-bbad-3dd35b8217a2",
                "description": "Pilot test inspection procedures",
                "extra_fields": {
                  "detailed_description": "Objective: Evaluate the effectiveness and feasibility of the developed inspection procedures through pilot testing in a representative sample of EU member states.\nScope: Conduct pilot inspections in selected member states, gather feedback from inspection teams, and refine the procedures based on the results.\nSteps: 1. Select pilot locations. 2. Conduct pilot inspections. 3. Gather feedback. 4. Refine procedures.\nDeliverables: A refined set of inspection procedures based on pilot testing results.",
                  "resources_needed": [
                    "Inspection teams",
                    "Pilot test locations",
                    "Data analysts"
                  ]
                }
              }
            ]
          },
          {
            "id": "a5af1401-31c8-4cdc-8103-cafb7771b8ff",
            "description": "Establish Central Coordination Center",
            "task_children": [
              {
                "id": "82f4a26a-7242-484e-b507-2511d42aa0d2",
                "description": "Identify Location for Coordination Center",
                "extra_fields": {
                  "detailed_description": "Objective: Secure a suitable physical location for the central coordination center.\nScope: Identify potential office spaces that meet the project's requirements (size, security, accessibility, IT infrastructure).\nSteps: Research available office spaces, conduct site visits, negotiate lease terms.\nDeliverables: A signed lease agreement for the coordination center.",
                  "resources_needed": [
                    "Real estate agent",
                    "Project manager",
                    "Legal counsel"
                  ]
                }
              },
              {
                "id": "df4b75f2-dd3e-4beb-861c-61dd1654a46f",
                "description": "Procure IT Infrastructure and Equipment",
                "extra_fields": {
                  "detailed_description": "Objective: Acquire and set up the necessary IT infrastructure and equipment for the coordination center.\nScope: Purchase computers, servers, networking equipment, and software licenses. Ensure secure data storage and communication capabilities.\nSteps: Develop IT requirements, obtain quotes from vendors, install and configure equipment.\nDeliverables: A fully functional IT infrastructure for the coordination center.",
                  "resources_needed": [
                    "IT specialist",
                    "Network engineer",
                    "Procurement officer"
                  ]
                }
              },
              {
                "id": "8cd91a5a-9ef9-4677-a938-35c83b98f040",
                "description": "Recruit and Train Coordination Center Staff",
                "extra_fields": {
                  "detailed_description": "Objective: Hire and train qualified personnel to staff the central coordination center.\nScope: Recruit project managers, data analysts, legal experts, and administrative staff. Provide training on inspection procedures, data management, and legal compliance.\nSteps: Develop job descriptions, conduct interviews, provide training sessions.\nDeliverables: A fully staffed and trained coordination center team.",
                  "resources_needed": [
                    "HR manager",
                    "Training personnel",
                    "Subject matter experts"
                  ]
                }
              },
              {
                "id": "4226cae3-94c6-4314-9560-b412e1ccc496",
                "description": "Establish Communication Protocols",
                "extra_fields": {
                  "detailed_description": "Objective: Define and implement communication protocols for the coordination center.\nScope: Establish clear communication channels between inspection teams, legal counsel, and regulatory bodies. Develop procedures for reporting incidents and escalating issues.\nSteps: Develop communication plan, create communication templates, train staff on protocols.\nDeliverables: A documented communication plan and trained staff.",
                  "resources_needed": [
                    "Communication specialist",
                    "Project manager",
                    "Legal counsel"
                  ]
                }
              }
            ]
          },
          {
            "id": "caf53e0d-5b6d-4ee0-9141-858ad0059871",
            "description": "Allocate Resources Based on Predictive Modeling",
            "task_children": [
              {
                "id": "1f921c7c-a23b-484b-8442-8ba6258743b0",
                "description": "Gather historical inspection data",
                "extra_fields": {
                  "detailed_description": "Collect data from previous inspections, including location, time, and findings, to identify patterns and high-risk areas.",
                  "resources_needed": [
                    "Data analyst",
                    "Database administrator"
                  ]
                }
              },
              {
                "id": "ae8205d0-33b2-4b97-88e9-d2c2ecd141ca",
                "description": "Develop predictive model parameters",
                "extra_fields": {
                  "detailed_description": "Define the parameters for the predictive model, such as demographics, social media usage patterns, and known violations.",
                  "resources_needed": [
                    "Data scientist",
                    "EU policy analyst"
                  ]
                }
              },
              {
                "id": "838e4337-7748-41c0-bf37-5667a51f1f0b",
                "description": "Train and test predictive model",
                "extra_fields": {
                  "detailed_description": "Train the predictive model using historical data and test its accuracy in predicting future violations.",
                  "resources_needed": [
                    "Data scientist",
                    "Machine learning engineer"
                  ]
                }
              },
              {
                "id": "5bc2ea6d-4021-4044-8347-d05f658643df",
                "description": "Allocate resources based on model output",
                "extra_fields": {
                  "detailed_description": "Use the output of the predictive model to allocate inspection teams and resources to high-risk areas.",
                  "resources_needed": [
                    "Inspection team coordinator",
                    "Data analyst"
                  ]
                }
              },
              {
                "id": "e97494cb-a022-40a3-9c37-c51725581ae1",
                "description": "Refine model based on inspection results",
                "extra_fields": {
                  "detailed_description": "Continuously refine the predictive model based on the results of ongoing inspections to improve its accuracy and effectiveness.",
                  "resources_needed": [
                    "Data scientist",
                    "Inspection team coordinator"
                  ]
                }
              }
            ]
          },
          {
            "id": "66b8c617-e2ab-49e3-b6bc-1d90325a50f8",
            "description": "Conduct Unannounced Inspections",
            "task_children": [
              {
                "id": "3b1470df-21ec-4481-b324-a9e6eaf7e33c",
                "description": "Plan Unannounced Inspection Logistics",
                "extra_fields": {
                  "detailed_description": "Objective: To efficiently plan the logistics for unannounced inspections, ensuring minimal disruption and maximum effectiveness.\nScope: Includes scheduling, team assignments, travel arrangements, and communication protocols.\nSteps: 1. Define inspection targets based on risk assessment. 2. Assign inspection teams based on expertise and availability. 3. Coordinate travel and accommodation logistics. 4. Establish secure communication channels.\nDeliverables: Detailed inspection schedule, team assignments, travel itineraries, and communication protocols.",
                  "resources_needed": [
                    "Inspection Team Coordinator",
                    "Logistics Manager",
                    "Communication Specialist"
                  ]
                }
              },
              {
                "id": "8e17aa4f-8db5-42e6-b010-dbcbbb33e9a3",
                "description": "Prepare Inspection Team Equipment",
                "extra_fields": {
                  "detailed_description": "Objective: To ensure inspection teams are equipped with the necessary tools and technology for conducting unannounced inspections.\nScope: Includes preparing body cameras, mobile device forensic kits, ID scanners, and secure communication devices.\nSteps: 1. Inventory and test all equipment. 2. Ensure equipment is fully charged and functional. 3. Distribute equipment to inspection teams. 4. Provide training on equipment usage.\nDeliverables: Fully equipped and functional inspection teams.",
                  "resources_needed": [
                    "Inspection Team Coordinator",
                    "Technical Support Staff",
                    "Training Personnel"
                  ]
                }
              },
              {
                "id": "af198ae0-6175-412c-8a15-9ad87ce6d72a",
                "description": "Execute Unannounced Inspections On-Site",
                "extra_fields": {
                  "detailed_description": "Objective: To conduct unannounced inspections of social media and communication platforms, gathering evidence of non-compliance.\nScope: Includes on-site inspections, data collection, and documentation of findings.\nSteps: 1. Arrive at inspection site unannounced. 2. Present inspection credentials. 3. Conduct inspection according to standardized procedures. 4. Collect data and document findings. 5. Securely transport data to central coordination center.\nDeliverables: Inspection reports, data logs, and evidence of non-compliance.",
                  "resources_needed": [
                    "Inspection Team Members",
                    "Legal Counsel (on call)",
                    "Security Personnel"
                  ]
                }
              },
              {
                "id": "293e237d-bd4c-44ac-afdd-7adf0d9ebe60",
                "description": "Document and Securely Store Inspection Data",
                "extra_fields": {
                  "detailed_description": "Objective: To properly document and securely store all data collected during unannounced inspections, ensuring data integrity and confidentiality.\nScope: Includes data entry, data validation, and secure storage in the centralized database.\nSteps: 1. Enter data into the centralized database. 2. Validate data for accuracy and completeness. 3. Encrypt and securely store data. 4. Implement access controls to protect data.\nDeliverables: Securely stored and validated inspection data.",
                  "resources_needed": [
                    "Data Entry Personnel",
                    "Data Security Specialist",
                    "Database Administrator"
                  ]
                }
              }
            ]
          }
        ]
      },
      {
        "id": "d784576f-a889-4ee4-84d6-5c26b1863de5",
        "description": "Monitoring, Evaluation, and Reporting",
        "task_children": [
          {
            "id": "98580570-d322-475b-ba04-3ca925c5be17",
            "description": "Establish Key Success Metrics",
            "task_children": [
              {
                "id": "e5e1bc64-9a55-4a34-9564-9adaaaeb13d5",
                "description": "Define Social Media Usage Metrics",
                "extra_fields": {
                  "detailed_description": "Establish clear, measurable metrics for social media usage by under-15s. This includes defining what constitutes 'usage' (e.g., active accounts, time spent, content posted), identifying data sources, and setting baseline measurements.",
                  "resources_needed": [
                    "Data Analyst",
                    "Social Media Expert",
                    "Statistician"
                  ]
                }
              },
              {
                "id": "059c180c-e70e-46b0-855c-03a0846383a6",
                "description": "Identify Data Sources and Access Methods",
                "extra_fields": {
                  "detailed_description": "Determine the data sources needed to track social media usage (e.g., platform APIs, third-party analytics, survey data). Establish methods for accessing this data, considering privacy regulations and platform policies. Address data security and anonymization.",
                  "resources_needed": [
                    "Data Engineer",
                    "Legal Counsel",
                    "Cybersecurity Expert"
                  ]
                }
              },
              {
                "id": "5b0d057e-7186-4c95-b0f8-b152914ec5fd",
                "description": "Develop Data Collection and Analysis Plan",
                "extra_fields": {
                  "detailed_description": "Create a detailed plan for collecting and analyzing social media usage data. This includes defining the data collection frequency, analysis techniques (e.g., trend analysis, sentiment analysis), and reporting formats. Ensure compliance with ethical guidelines.",
                  "resources_needed": [
                    "Data Scientist",
                    "Project Manager",
                    "Ethical Review Board"
                  ]
                }
              },
              {
                "id": "02cf718d-254c-4b89-a1ce-019328cf3ffe",
                "description": "Implement Tracking Mechanisms and Tools",
                "extra_fields": {
                  "detailed_description": "Set up the necessary tracking mechanisms and tools to monitor social media usage. This may involve developing custom scripts, using third-party analytics platforms, or conducting surveys. Test and validate the accuracy of the tracking mechanisms.",
                  "resources_needed": [
                    "Software Developer",
                    "IT Support",
                    "Quality Assurance Tester"
                  ]
                }
              }
            ]
          },
          {
            "id": "7783329b-2143-40f0-b47d-c0f51be82e1c",
            "description": "Monitor Social Media Usage by Under-15s",
            "task_children": [
              {
                "id": "17079241-9cea-4b06-b283-cfe0623890a0",
                "description": "Collect social media usage data",
                "extra_fields": {
                  "detailed_description": "Gather data on social media usage among under-15s from various sources, including platform analytics, surveys, and research studies. Objective: Obtain a comprehensive view of social media habits. Scope: EU-wide data collection. Steps: Identify data sources, establish data collection protocols, and implement data collection procedures. Deliverables: A consolidated dataset of social media usage.",
                  "resources_needed": [
                    "Data analysts",
                    "Survey specialists",
                    "Research assistants"
                  ]
                }
              },
              {
                "id": "32c011cd-c0ac-44a9-ac71-0537fe320acf",
                "description": "Analyze usage trends and patterns",
                "extra_fields": {
                  "detailed_description": "Analyze the collected data to identify trends and patterns in social media usage among under-15s. Objective: Understand how minors use social media. Scope: EU-wide trend analysis. Steps: Apply statistical analysis techniques, identify key trends, and create visualizations. Deliverables: A report summarizing key trends and patterns.",
                  "resources_needed": [
                    "Data scientists",
                    "Statistical software",
                    "Visualization tools"
                  ]
                }
              },
              {
                "id": "a6467a3e-4900-427b-b514-40950859fc33",
                "description": "Assess impact of blackout measures",
                "extra_fields": {
                  "detailed_description": "Evaluate the impact of the blackout measures on social media usage among under-15s. Objective: Determine the effectiveness of the blackout. Scope: EU-wide impact assessment. Steps: Compare usage data before and after the blackout, conduct surveys, and analyze feedback. Deliverables: An impact assessment report.",
                  "resources_needed": [
                    "Evaluation specialists",
                    "Survey specialists",
                    "Data analysts"
                  ]
                }
              },
              {
                "id": "40d88c73-ab7e-4fa9-b753-692868b5d429",
                "description": "Identify circumvention methods",
                "extra_fields": {
                  "detailed_description": "Identify methods used by under-15s to circumvent the blackout measures. Objective: Understand how minors bypass restrictions. Scope: EU-wide circumvention analysis. Steps: Monitor online forums, analyze user behavior, and conduct interviews. Deliverables: A report on circumvention methods.",
                  "resources_needed": [
                    "Cybersecurity experts",
                    "Researchers",
                    "Online monitors"
                  ]
                }
              }
            ]
          },
          {
            "id": "ccb65e38-bb0b-46fc-b950-69e20b566f1e",
            "description": "Track Penalties Issued and Revenue Generated",
            "task_children": [
              {
                "id": "63f47ea2-289b-4abb-bcb6-f9b3972f1457",
                "description": "Design penalty tracking database schema",
                "extra_fields": {
                  "detailed_description": "Define the structure of the database to store penalty information, including fields for violator details, violation type, penalty amount, date issued, and payment status. Consider scalability and reporting requirements.",
                  "resources_needed": [
                    "Database architect",
                    "Data analyst"
                  ]
                }
              },
              {
                "id": "d6b9ff9b-b959-4b09-a9ca-55ddf310d849",
                "description": "Develop penalty tracking software application",
                "extra_fields": {
                  "detailed_description": "Create a user-friendly application for entering, tracking, and managing penalty data. Include features for generating reports, exporting data, and integrating with other relevant systems.",
                  "resources_needed": [
                    "Software developers",
                    "UI/UX designer",
                    "Database administrator"
                  ]
                }
              },
              {
                "id": "4fb10ff8-84b2-4b33-8167-0a3bc4d48674",
                "description": "Establish penalty revenue accounting procedures",
                "extra_fields": {
                  "detailed_description": "Define the process for recording and managing penalty revenue, including procedures for reconciliation, reporting, and compliance with financial regulations. Ensure transparency and accountability in revenue management.",
                  "resources_needed": [
                    "Accountant",
                    "Financial analyst",
                    "Legal counsel"
                  ]
                }
              },
              {
                "id": "e5a96c8c-7c2b-4c01-83b2-9bd4bb468532",
                "description": "Integrate with EU member state systems",
                "extra_fields": {
                  "detailed_description": "Establish secure data exchange channels with relevant systems in each EU member state to facilitate the transfer of penalty information and revenue. Address data privacy and security concerns.",
                  "resources_needed": [
                    "IT security specialist",
                    "Data integration specialist",
                    "EU liaison officer"
                  ]
                }
              },
              {
                "id": "fe808e07-ee85-49d8-aa07-faddc576d987",
                "description": "Test and validate the tracking system",
                "extra_fields": {
                  "detailed_description": "Conduct thorough testing of the penalty tracking system to ensure accuracy, reliability, and security. Validate data integrity and system performance under various load conditions.",
                  "resources_needed": [
                    "Quality assurance testers",
                    "System administrators",
                    "Security auditors"
                  ]
                }
              }
            ]
          },
          {
            "id": "629cc6e4-a222-43f4-8966-1e5a3ac8816e",
            "description": "Evaluate Effectiveness of Enforcement Efforts",
            "task_children": [
              {
                "id": "d87b7b68-0605-400b-8c06-2edfb78e7aa2",
                "description": "Define Key Performance Indicators (KPIs)",
                "extra_fields": {
                  "detailed_description": "Establish specific, measurable, achievable, relevant, and time-bound (SMART) KPIs to assess the effectiveness of the enforcement efforts. This includes defining target levels for each KPI and establishing data collection methods.",
                  "resources_needed": [
                    "Project Manager",
                    "Data Analyst",
                    "Stakeholder Representatives"
                  ]
                }
              },
              {
                "id": "fc82756c-1f42-4bbc-be27-324c92a40bac",
                "description": "Analyze Social Media Usage Data",
                "extra_fields": {
                  "detailed_description": "Collect and analyze data on social media usage by under-15s before and after the implementation of the blackout. This includes analyzing trends in usage patterns, identifying potential circumvention methods, and assessing the impact of the blackout on different demographic groups.",
                  "resources_needed": [
                    "Data Analyst",
                    "IT Infrastructure",
                    "Data Security Specialist"
                  ]
                }
              },
              {
                "id": "2485ece9-507b-4c29-8302-820298e50f33",
                "description": "Assess Impact on Stakeholders",
                "extra_fields": {
                  "detailed_description": "Evaluate the impact of the enforcement efforts on various stakeholders, including social media platforms, parents, educators, and youth organizations. This includes gathering feedback through surveys, interviews, and focus groups.",
                  "resources_needed": [
                    "Community Liaison Officer",
                    "Survey Tools",
                    "Interviewers"
                  ]
                }
              },
              {
                "id": "e45c48dd-ac15-4ba0-8fa3-ee3fcd7a4602",
                "description": "Refine Enforcement Strategies",
                "extra_fields": {
                  "detailed_description": "Based on the evaluation findings, refine the enforcement strategies to improve their effectiveness and address any unintended consequences. This includes adjusting inspection procedures, updating technological countermeasures, and modifying public communication strategies.",
                  "resources_needed": [
                    "Project Manager",
                    "Legal Counsel",
                    "Inspection Team Coordinator"
                  ]
                }
              }
            ]
          },
          {
            "id": "6f580386-9cd7-4533-9992-301afb7c60a1",
            "description": "Provide Regular Progress Reports to Stakeholders",
            "task_children": [
              {
                "id": "d8ba1bc3-1b85-45b7-8b80-ff4f0b5438d8",
                "description": "Collect data for progress reports",
                "extra_fields": {
                  "detailed_description": "Gather relevant data on key performance indicators (KPIs) such as social media usage by under-15s, penalties issued, and revenue generated. Ensure data accuracy and completeness.",
                  "resources_needed": [
                    "Data Analyst",
                    "Reporting Tools",
                    "Database Access"
                  ]
                }
              },
              {
                "id": "4a5d4106-039e-437b-9407-e4e39895f4d5",
                "description": "Analyze data and identify trends",
                "extra_fields": {
                  "detailed_description": "Analyze the collected data to identify trends, patterns, and insights related to the effectiveness of the social media blackout and enforcement efforts. Use statistical methods and data visualization techniques.",
                  "resources_needed": [
                    "Data Analyst",
                    "Statistical Software",
                    "Data Visualization Tools"
                  ]
                }
              },
              {
                "id": "c544ce93-ea15-4be0-b38c-dd024d1be4d8",
                "description": "Prepare draft progress reports",
                "extra_fields": {
                  "detailed_description": "Prepare draft progress reports summarizing the key findings and insights from the data analysis. Include charts, graphs, and tables to illustrate the trends and patterns.",
                  "resources_needed": [
                    "Report Writer",
                    "Data Analyst",
                    "Reporting Template"
                  ]
                }
              },
              {
                "id": "223bad2d-088c-4aee-860b-c03cdcf7dacd",
                "description": "Review and revise progress reports",
                "extra_fields": {
                  "detailed_description": "Review the draft progress reports with relevant stakeholders, such as the project manager, legal counsel, and EU policy analyst. Incorporate feedback and revise the reports as needed.",
                  "resources_needed": [
                    "Project Manager",
                    "Legal Counsel",
                    "EU Policy Analyst"
                  ]
                }
              },
              {
                "id": "5aa97653-572f-4366-85eb-5f494ebb9396",
                "description": "Distribute final progress reports",
                "extra_fields": {
                  "detailed_description": "Distribute the final progress reports to all relevant stakeholders, including the EU Commission, regulatory bodies, and the general public. Ensure timely and effective communication of the project's progress and impact.",
                  "resources_needed": [
                    "Communication Manager",
                    "Distribution List",
                    "Communication Channels"
                  ]
                }
              }
            ]
          }
        ]
      }
    ]
  }
}