project_key,project_name,project_description,project_start_date,project_end_date,project_progress,project_parent,originating_department
952e4cdd-bf68-4282-9b4e-fd5808ab1242,Social Blackout,"Social Blackout

Final deliverable:
Enforced Blackout",10/7/2025,9/18/2027,0,,PlanExe
d5be3ed9-6ad1-4443-aab1-735a0dcf0a89,Legal Framework and Compliance,,10/7/2025,4/13/2026,0,952e4cdd-bf68-4282-9b4e-fd5808ab1242,PlanExe
5aaebe83-788d-4680-afae-fd26f8e3344c,Conduct Legal Review of EU and Member State Laws,,10/7/2025,10/27/2025,0,d5be3ed9-6ad1-4443-aab1-735a0dcf0a89,PlanExe
8bbecede-f4ab-4eb4-99ad-fafabf775cd9,Identify relevant EU directives and regulations,"Identify relevant EU directives and regulations

Description:
Objective: Identify all relevant EU directives and regulations pertaining to social media usage by minors, data privacy, and freedom of expression.
Scope: Review EU legislation, including GDPR, ePrivacy Directive, and relevant case law.
Steps: 1. Conduct keyword searches in EUR-Lex. 2. Consult with legal experts on relevant legislation. 3. Document findings in a comprehensive report.
Deliverables: A report summarizing relevant EU directives and regulations.

Resources needed:
• EU Law Expert
• Legal Research Database (EUR-Lex)
• Legal Counsel",10/7/2025,10/12/2025,0,5aaebe83-788d-4680-afae-fd26f8e3344c,PlanExe
a45b3255-211c-4a2a-8e97-7abd75120a7f,Analyze member state laws on social media,"Analyze member state laws on social media

Description:
Objective: Analyze the specific laws of each EU member state regarding social media usage by minors, data privacy, and freedom of expression.
Scope: Review national legislation, including data protection laws, child protection laws, and relevant case law.
Steps: 1. Engage local legal counsel in each member state. 2. Review national legislation and case law. 3. Document findings in a comparative analysis report.
Deliverables: A comparative analysis report summarizing member state laws.

Resources needed:
• Local Legal Counsel (27 member states)
• Legal Research Databases (Westlaw, LexisNexis)
• EU Policy Analyst",10/12/2025,10/17/2025,0,8bbecede-f4ab-4eb4-99ad-fafabf775cd9,PlanExe
61a6ca9e-2eed-4996-9d6c-f60b2a41f8e0,Assess potential conflicts and inconsistencies,"Assess potential conflicts and inconsistencies

Description:
Objective: Identify potential conflicts and inconsistencies between EU directives, member state laws, and the proposed enforcement program.
Scope: Analyze the legal framework to identify areas of potential conflict or ambiguity.
Steps: 1. Conduct a gap analysis between EU directives and member state laws. 2. Identify potential conflicts with the enforcement program. 3. Document findings in a risk assessment report.
Deliverables: A risk assessment report identifying potential legal conflicts.

Resources needed:
• EU Law Expert
• Legal Counsel
• Risk Management Specialist",10/17/2025,10/22/2025,0,a45b3255-211c-4a2a-8e97-7abd75120a7f,PlanExe
c45fa174-f874-4dd0-b5da-dad4b17f51a1,Document legal review findings and analysis,"Document legal review findings and analysis

Description:
Objective: Compile all findings and analysis from the legal review into a comprehensive document.
Scope: Create a detailed report summarizing the legal framework, potential conflicts, and recommendations.
Steps: 1. Consolidate all research and analysis. 2. Draft a comprehensive legal review report. 3. Obtain legal review and approval.
Deliverables: A comprehensive legal review report.

Resources needed:
• Legal Counsel
• EU Policy Analyst
• Technical Writer",10/22/2025,10/27/2025,0,5aaebe83-788d-4680-afae-fd26f8e3344c,PlanExe
e992faf5-7284-4930-ab73-0c3ad282abeb,Develop Legal Defense Strategy,,10/27/2025,11/26/2025,0,5aaebe83-788d-4680-afae-fd26f8e3344c,PlanExe
2b971834-b424-43a2-a0f3-01938d83e4af,Research potential legal challenges,"Research potential legal challenges

Description:
Identify potential legal challenges to the blackout and inspection procedures, including human rights concerns, data privacy issues, and freedom of expression arguments. Analyze relevant case law and legal precedents.

Resources needed:
• Legal researchers
• Legal databases
• Access to legal experts",10/27/2025,11/2/2025,0,e992faf5-7284-4930-ab73-0c3ad282abeb,PlanExe
af870a49-e294-42d6-9e25-eb2995a129ea,Develop defense arguments and counter-strategies,"Develop defense arguments and counter-strategies

Description:
Formulate legal arguments to defend the blackout and inspection procedures against potential challenges. Develop counter-strategies to address specific legal concerns, such as proportionality, necessity, and least restrictive means.

Resources needed:
• Legal experts
• Policy analysts
• Human rights specialists",11/2/2025,11/8/2025,0,2b971834-b424-43a2-a0f3-01938d83e4af,PlanExe
9a5695fd-0153-4d7c-988a-54e16335ad37,Draft legal documentation and briefs,"Draft legal documentation and briefs

Description:
Prepare legal documentation, including briefs, memoranda, and affidavits, to support the defense of the blackout and inspection procedures. Ensure compliance with relevant legal standards and procedural requirements.

Resources needed:
• Legal writers
• Legal editors
• Legal formatting tools",11/8/2025,11/14/2025,0,af870a49-e294-42d6-9e25-eb2995a129ea,PlanExe
a74568b4-c277-4f73-b85b-decc349efe9f,Consult with legal experts and stakeholders,"Consult with legal experts and stakeholders

Description:
Consult with legal experts, human rights organizations, and other stakeholders to gather feedback on the legal defense strategy. Incorporate relevant input to strengthen the strategy and address potential concerns.

Resources needed:
• Legal consultants
• Stakeholder engagement specialists
• Communication channels",11/14/2025,11/20/2025,0,9a5695fd-0153-4d7c-988a-54e16335ad37,PlanExe
ac6685ca-943a-4ded-8fda-8bb56bf6fe36,Prepare for potential litigation,"Prepare for potential litigation

Description:
Develop a plan for managing potential litigation, including identifying legal counsel, preparing witnesses, and gathering evidence. Establish procedures for responding to legal challenges and protecting the interests of the enforcement program.

Resources needed:
• Litigation attorneys
• Paralegals
• Evidence management systems",11/20/2025,11/26/2025,0,e992faf5-7284-4930-ab73-0c3ad282abeb,PlanExe
2c30f4bb-80aa-4367-af2c-d949198397b0,Establish Ethical Guidelines and Complaint Mechanism,,11/26/2025,12/26/2025,0,e992faf5-7284-4930-ab73-0c3ad282abeb,PlanExe
3252e605-fbc9-4a58-a5f5-6dd15dc50fdc,Define Ethical Principles and Scope,"Define Ethical Principles and Scope

Description:
Establish the core ethical principles that will guide the blackout and inspection procedures. Define the scope of the ethical guidelines, including the specific areas of concern (e.g., privacy, proportionality, discrimination).

Resources needed:
• Ethics Review Board
• Legal Counsel
• EU Policy Analyst",11/26/2025,12/2/2025,0,2c30f4bb-80aa-4367-af2c-d949198397b0,PlanExe
2d123d3a-7742-4fb2-a7be-50c4d7c4ad0a,Develop Draft Ethical Guidelines (1),"Develop Draft Ethical Guidelines

Description:
Based on the defined principles and scope, develop a draft set of ethical guidelines for the blackout and inspection procedures. Address key ethical considerations, such as data privacy, freedom of expression, and due process.

Resources needed:
• Ethics Review Board
• Legal Counsel
• Community Liaison Officer",12/2/2025,12/8/2025,0,3252e605-fbc9-4a58-a5f5-6dd15dc50fdc,PlanExe
5e1271c0-43f9-4978-807f-c0b0c80d8f18,Consult Stakeholders on Draft Guidelines,"Consult Stakeholders on Draft Guidelines

Description:
Engage with relevant stakeholders (e.g., parents, educators, youth organizations, social media platforms) to gather feedback on the draft ethical guidelines. Conduct surveys, focus groups, and interviews to solicit input.

Resources needed:
• Community Liaison Officer
• Public Relations & Communications Manager
• Stakeholder Representatives",12/8/2025,12/14/2025,0,2d123d3a-7742-4fb2-a7be-50c4d7c4ad0a,PlanExe
fab66d66-556c-4397-9923-8ce6a3beabaf,Establish Complaint Mechanism Procedures,"Establish Complaint Mechanism Procedures

Description:
Design a clear and accessible complaint mechanism for individuals who believe their rights have been violated by the blackout or inspection procedures. Define the process for submitting, investigating, and resolving complaints.

Resources needed:
• Legal Counsel
• Ethics Review Board
• Administrative Staff",12/14/2025,12/20/2025,0,5e1271c0-43f9-4978-807f-c0b0c80d8f18,PlanExe
8ca391cc-5ffc-4df8-8906-6636cbf02de6,Finalize and Publish Ethical Guidelines,"Finalize and Publish Ethical Guidelines

Description:
Incorporate stakeholder feedback and legal review into the final ethical guidelines. Publish the guidelines in a clear and accessible format and disseminate them to all relevant parties.

Resources needed:
• Ethics Review Board
• Legal Counsel
• Public Relations & Communications Manager",12/20/2025,12/26/2025,0,2c30f4bb-80aa-4367-af2c-d949198397b0,PlanExe
a29f303a-d113-497f-b063-f81a3c427244,Ensure GDPR Compliance,,12/26/2025,2/24/2026,0,2c30f4bb-80aa-4367-af2c-d949198397b0,PlanExe
04ebf61f-cea9-4b4f-9332-09dbc9ce2df6,Establish Ethics Review Board,"Establish Ethics Review Board

Description:
Objective: Form a diverse ethics review board to guide the development of ethical guidelines.
Scope: Identify and recruit members with expertise in law, ethics, technology, and human rights.
Steps: Define selection criteria, identify potential candidates, invite participation, and establish board charter.
Deliverables: A fully constituted ethics review board with a defined charter.

Resources needed:
• Project Manager
• Legal Counsel
• Ethics Consultant",12/26/2025,1/7/2026,0,a29f303a-d113-497f-b063-f81a3c427244,PlanExe
754a0e8d-a022-42de-8152-0cd5dca09825,Define Ethical Principles and Values,"Define Ethical Principles and Values

Description:
Objective: Define the core ethical principles and values that will guide the enforcement program.
Scope: Consider issues such as privacy, proportionality, fairness, and non-discrimination.
Steps: Conduct research on relevant ethical frameworks, consult with stakeholders, and draft a statement of ethical principles.
Deliverables: A documented statement of ethical principles and values.

Resources needed:
• Ethics Review Board
• Legal Counsel
• Stakeholder Representatives",1/7/2026,1/19/2026,0,04ebf61f-cea9-4b4f-9332-09dbc9ce2df6,PlanExe
268e725c-40fc-4a02-8f81-98a87d2e89ed,Develop Draft Ethical Guidelines (2),"Develop Draft Ethical Guidelines

Description:
Objective: Develop detailed ethical guidelines for all aspects of the enforcement program.
Scope: Cover issues such as data collection, inspection procedures, penalty issuance, and complaint handling.
Steps: Translate ethical principles into specific guidelines, consult with stakeholders, and revise based on feedback.
Deliverables: A draft set of ethical guidelines.

Resources needed:
• Ethics Review Board
• Legal Counsel
• Inspection Team Representatives",1/19/2026,1/31/2026,0,754a0e8d-a022-42de-8152-0cd5dca09825,PlanExe
bd47e759-fd64-4eb5-905c-90960c8f8d0e,Establish Complaint Mechanism,"Establish Complaint Mechanism

Description:
Objective: Establish a clear and accessible complaint mechanism for individuals who believe their rights have been violated.
Scope: Define procedures for filing, investigating, and resolving complaints.
Steps: Design a complaint form, establish a review process, and develop a communication plan.
Deliverables: A documented complaint mechanism with clear procedures.

Resources needed:
• Legal Counsel
• Ethics Review Board
• Community Liaison Officer",1/31/2026,2/12/2026,0,268e725c-40fc-4a02-8f81-98a87d2e89ed,PlanExe
773d4649-b7ee-421c-b333-a64b3dde44be,Legal Review of Guidelines and Mechanism,"Legal Review of Guidelines and Mechanism

Description:
Objective: Ensure that the ethical guidelines and complaint mechanism are legally sound and compliant with relevant regulations.
Scope: Review the guidelines and mechanism for potential legal challenges and conflicts.
Steps: Submit the guidelines and mechanism to legal counsel for review, revise based on feedback, and obtain legal approval.
Deliverables: Legally approved ethical guidelines and complaint mechanism.

Resources needed:
• Legal Counsel
• Ethics Review Board",2/12/2026,2/24/2026,0,a29f303a-d113-497f-b063-f81a3c427244,PlanExe
a4a9e844-ed92-4b9d-ab64-c8bd9d230dfb,Obtain Necessary Permits and Licenses,,2/24/2026,4/13/2026,0,d5be3ed9-6ad1-4443-aab1-735a0dcf0a89,PlanExe
28e8975e-c255-4723-82f5-0437e9a8959b,Identify Required Permits and Licenses,"Identify Required Permits and Licenses

Description:
Objective: Determine all necessary permits and licenses for the social media blackout enforcement program across EU member states.
Scope: Research national and local regulations related to data protection, inspections, and device confiscation.
Steps: 1. Consult with legal experts in each member state. 2. Review relevant EU directives and national laws. 3. Compile a comprehensive list of required permits and licenses.
Deliverables: A detailed report outlining all necessary permits and licenses.

Resources needed:
• Legal Counsel
• EU Policy Analyst
• Research Team",2/24/2026,3/8/2026,0,a4a9e844-ed92-4b9d-ab64-c8bd9d230dfb,PlanExe
affa7a00-c1c0-4215-83f9-10c824080c05,Prepare Permit and License Applications,"Prepare Permit and License Applications

Description:
Objective: Prepare all necessary documentation for permit and license applications.
Scope: Gather required information, complete application forms, and prepare supporting documents.
Steps: 1. Collect data on inspection procedures and data management practices. 2. Draft application forms for each required permit and license. 3. Obtain necessary signatures and approvals.
Deliverables: Completed permit and license applications ready for submission.

Resources needed:
• Administrative Staff
• Legal Counsel
• Inspection Team Coordinator",3/8/2026,3/20/2026,0,28e8975e-c255-4723-82f5-0437e9a8959b,PlanExe
9cf90086-fdfb-489e-ba55-8181bf12382d,Submit Applications and Track Progress,"Submit Applications and Track Progress

Description:
Objective: Submit permit and license applications to relevant regulatory bodies and track their progress.
Scope: Ensure timely submission of applications and monitor their status.
Steps: 1. Submit applications to the appropriate regulatory bodies. 2. Track the progress of each application. 3. Respond to any requests for additional information.
Deliverables: Confirmation of application submission and regular updates on application status.

Resources needed:
• Administrative Staff
• Legal Counsel
• EU Policy Analyst",3/20/2026,4/1/2026,0,affa7a00-c1c0-4215-83f9-10c824080c05,PlanExe
e47c5a5f-f677-4a9f-8fac-2028674f41d1,Address Permit Denials or Delays,"Address Permit Denials or Delays

Description:
Objective: Develop contingency plans for permit denials or delays.
Scope: Identify potential reasons for denials or delays and develop strategies to address them.
Steps: 1. Analyze potential reasons for permit denials or delays. 2. Develop alternative strategies for obtaining necessary approvals. 3. Engage with regulatory bodies to resolve any issues.
Deliverables: A contingency plan outlining alternative strategies for obtaining necessary permits and licenses.

Resources needed:
• Legal Counsel
• EU Policy Analyst
• Project Manager",4/1/2026,4/13/2026,0,a4a9e844-ed92-4b9d-ab64-c8bd9d230dfb,PlanExe
54256d12-faa7-45c4-85a6-577387130ec1,Age Verification and Technological Countermeasures,,4/13/2026,12/6/2026,0,d5be3ed9-6ad1-4443-aab1-735a0dcf0a89,PlanExe
991d7d8e-ec14-41d6-b4e3-1cc209eafbff,Assess Existing Age Verification Methods,,4/13/2026,4/25/2026,0,54256d12-faa7-45c4-85a6-577387130ec1,PlanExe
a772fab4-349b-47ff-81fc-05635e87bd8b,Research existing age verification methods,"Research existing age verification methods

Description:
Identify and document current age verification techniques used by social media platforms and other online services. This includes methods like self-declaration, knowledge-based authentication, document verification, and biometric analysis. Objective is to create a comprehensive overview of available options.

Resources needed:
• Security Analyst
• Research Assistant
• Online Databases
• Technical Documentation",4/13/2026,4/16/2026,0,991d7d8e-ec14-41d6-b4e3-1cc209eafbff,PlanExe
b4e10546-3e01-4773-a2ec-e46a3ba4babc,Analyze accuracy and reliability of methods,"Analyze accuracy and reliability of methods

Description:
Evaluate the effectiveness of each identified age verification method in accurately determining a user's age. This involves analyzing data on false positive and false negative rates, as well as assessing the vulnerability of each method to circumvention techniques. Deliverable is a comparative analysis report.

Resources needed:
• Data Scientist
• Security Expert
• Statistical Analysis Software
• Test Environment",4/16/2026,4/19/2026,0,a772fab4-349b-47ff-81fc-05635e87bd8b,PlanExe
cc09a9b2-d4b7-4e32-9fb4-fec88c98d0c6,Assess privacy implications of each method,"Assess privacy implications of each method

Description:
Determine the potential privacy risks associated with each age verification method, including the collection, storage, and use of personal data. This involves analyzing compliance with GDPR and other relevant privacy regulations. Deliverable is a privacy impact assessment report.

Resources needed:
• Privacy Lawyer
• Data Protection Officer
• Privacy Assessment Tools
• Legal Databases",4/19/2026,4/22/2026,0,b4e10546-3e01-4773-a2ec-e46a3ba4babc,PlanExe
f347e2db-ad1c-4be6-844e-a2bd41f9156f,Document circumvention techniques and rates,"Document circumvention techniques and rates

Description:
Research and document common methods used by underage users to bypass age verification systems, such as using fake accounts, VPNs, or falsified documents. Estimate the success rate of these circumvention techniques. Deliverable is a report on circumvention methods and their effectiveness.

Resources needed:
• Cybersecurity Expert
• Ethical Hacker
• VPN Detection Tools
• Social Media Monitoring Tools",4/22/2026,4/25/2026,0,991d7d8e-ec14-41d6-b4e3-1cc209eafbff,PlanExe
9aa4fd6f-cab7-4ad5-aa01-5e2dba3c15fc,Develop Multi-Factor Age Verification System,,4/25/2026,6/24/2026,0,991d7d8e-ec14-41d6-b4e3-1cc209eafbff,PlanExe
d3742318-751c-495d-98b3-814f43c04484,Define System Requirements and Specifications,"Define System Requirements and Specifications

Description:
Objective: Clearly define the functional and non-functional requirements for the multi-factor age verification system. Scope: Includes identifying necessary data inputs, verification methods, security protocols, and user interface considerations. Steps: 1. Conduct stakeholder interviews. 2. Review existing age verification standards. 3. Document system specifications. Deliverables: A comprehensive system requirements document.

Resources needed:
• System Architect
• Security Expert
• Requirements Analyst",4/25/2026,5/10/2026,0,9aa4fd6f-cab7-4ad5-aa01-5e2dba3c15fc,PlanExe
a26e42e3-e66e-4ce6-a4f9-f127c8654d67,Design Multi-Factor Verification Architecture,"Design Multi-Factor Verification Architecture

Description:
Objective: Design the system architecture for the multi-factor age verification system, including the integration of different verification methods. Scope: Includes selecting appropriate technologies, defining data flows, and ensuring scalability and security. Steps: 1. Evaluate different architectural patterns. 2. Design the data storage and retrieval mechanisms. 3. Develop a system diagram. Deliverables: A detailed system architecture document.

Resources needed:
• System Architect
• Software Engineers
• Database Administrator",5/10/2026,5/25/2026,0,d3742318-751c-495d-98b3-814f43c04484,PlanExe
e6fbfc94-d41e-4caa-9c21-dbd58e693c25,Develop and Test Verification Components,"Develop and Test Verification Components

Description:
Objective: Develop and test the individual components of the multi-factor age verification system. Scope: Includes coding, unit testing, and integration testing of each verification method. Steps: 1. Develop the code for each verification component. 2. Conduct unit tests to ensure functionality. 3. Perform integration tests to verify interoperability. Deliverables: Tested and validated verification components.

Resources needed:
• Software Engineers
• Quality Assurance Testers
• Security Experts",5/25/2026,6/9/2026,0,a26e42e3-e66e-4ce6-a4f9-f127c8654d67,PlanExe
193b9e85-2da6-4d3b-93f3-da0fb4a641a2,Integrate System and Conduct User Testing,"Integrate System and Conduct User Testing

Description:
Objective: Integrate all components into a cohesive system and conduct user testing to ensure usability and effectiveness. Scope: Includes system integration, user acceptance testing, and performance testing. Steps: 1. Integrate all verification components into a single system. 2. Conduct user acceptance testing with a representative user group. 3. Perform performance testing to ensure scalability. Deliverables: A fully integrated and tested multi-factor age verification system.

Resources needed:
• Software Engineers
• Quality Assurance Testers
• User Experience Designers",6/9/2026,6/24/2026,0,9aa4fd6f-cab7-4ad5-aa01-5e2dba3c15fc,PlanExe
d61bbedd-a909-4730-985e-ab8f87a29761,Develop Technological Countermeasure Strategy,,6/24/2026,8/23/2026,0,9aa4fd6f-cab7-4ad5-aa01-5e2dba3c15fc,PlanExe
59b22f6e-f37e-4d32-97ff-d85dd02f4c15,Research Countermeasure Technologies,"Research Countermeasure Technologies

Description:
Objective: Identify and evaluate existing and emerging technological countermeasures against underage social media access.
Scope: Review academic literature, industry reports, and vendor solutions.
Steps: 1. Conduct literature review. 2. Identify potential vendors. 3. Evaluate vendor solutions. 4. Document findings.
Deliverables: Report on available countermeasure technologies.

Resources needed:
• Cybersecurity Expert
• Research Analyst",6/24/2026,7/9/2026,0,d61bbedd-a909-4730-985e-ab8f87a29761,PlanExe
ea248b67-226c-4774-a082-d5f01d917a02,Develop Circumvention Detection Methods,"Develop Circumvention Detection Methods

Description:
Objective: Create methods to detect and prevent underage users from circumventing age verification systems.
Scope: Develop algorithms and techniques to identify VPN usage, fake accounts, and other circumvention methods.
Steps: 1. Analyze common circumvention techniques. 2. Develop detection algorithms. 3. Test detection methods. 4. Refine algorithms based on testing.
Deliverables: Working circumvention detection algorithms.

Resources needed:
• Software Developer
• Data Scientist
• Cybersecurity Expert",7/9/2026,7/24/2026,0,59b22f6e-f37e-4d32-97ff-d85dd02f4c15,PlanExe
fb69d82a-a864-497a-b93b-d6649c9f76b3,Implement Real-Time Monitoring System,"Implement Real-Time Monitoring System

Description:
Objective: Establish a system for real-time monitoring of social media platforms to detect and respond to circumvention attempts.
Scope: Integrate detection methods into a monitoring system that alerts administrators to suspicious activity.
Steps: 1. Design monitoring system architecture. 2. Integrate detection algorithms. 3. Configure alerts and notifications. 4. Test monitoring system.
Deliverables: Functional real-time monitoring system.

Resources needed:
• Software Developer
• System Administrator
• Cybersecurity Analyst",7/24/2026,8/8/2026,0,ea248b67-226c-4774-a082-d5f01d917a02,PlanExe
221543d0-1082-41d6-aca8-d3bf2ca5343e,Create Adaptive Countermeasure Framework,"Create Adaptive Countermeasure Framework

Description:
Objective: Design a framework that allows for rapid adaptation and updating of countermeasures in response to evolving circumvention techniques.
Scope: Develop a modular system that can easily incorporate new detection methods and countermeasures.
Steps: 1. Design modular framework architecture. 2. Implement API for adding new countermeasures. 3. Document framework usage. 4. Test framework adaptability.
Deliverables: Adaptive countermeasure framework.

Resources needed:
• Software Architect
• Software Developer",8/8/2026,8/23/2026,0,d61bbedd-a909-4730-985e-ab8f87a29761,PlanExe
579be2d2-0629-4506-b92c-94b40ee5bd0f,Implement Filtering Technologies and Parental Controls,,8/23/2026,11/6/2026,0,d61bbedd-a909-4730-985e-ab8f87a29761,PlanExe
99ed9964-062e-4b14-841e-bae6be886158,Research Filtering Technologies,"Research Filtering Technologies

Description:
Objective: Identify and evaluate available filtering technologies suitable for blocking underage users on social media platforms.
Scope: Research various filtering technologies, including keyword-based filters, image recognition, and AI-powered solutions. Assess their accuracy, performance, and scalability.
Steps: Conduct literature reviews, consult with technology vendors, and perform pilot tests.
Deliverables: A report summarizing the findings and recommendations.

Resources needed:
• Cybersecurity Expert
• Software Engineer
• Research Analyst",8/23/2026,9/7/2026,0,579be2d2-0629-4506-b92c-94b40ee5bd0f,PlanExe
2f78ab37-170e-4c11-94f6-926fcefc65a4,Develop Filtering Rules and Policies,"Develop Filtering Rules and Policies

Description:
Objective: Create a comprehensive set of filtering rules and policies to effectively block underage users while minimizing false positives.
Scope: Define specific criteria for identifying underage users, including age-related keywords, images, and behaviors. Establish clear guidelines for handling flagged content and user accounts.
Steps: Consult with legal experts, child safety advocates, and social media platforms.
Deliverables: A documented set of filtering rules and policies.

Resources needed:
• Legal Counsel
• Child Safety Advocate
• Policy Analyst",9/7/2026,9/22/2026,0,99ed9964-062e-4b14-841e-bae6be886158,PlanExe
8df11666-3475-469c-893a-72af288d1462,Implement Filtering Technologies,"Implement Filtering Technologies

Description:
Objective: Integrate the selected filtering technologies into social media platforms and configure them according to the developed rules and policies.
Scope: Work with social media platforms to implement the filtering technologies, ensuring seamless integration and minimal disruption to user experience. Configure the filters to accurately identify and block underage users.
Steps: Collaborate with social media platform developers, conduct testing and validation, and deploy the filtering technologies.
Deliverables: Integrated and configured filtering technologies on social media platforms.

Resources needed:
• Software Engineer
• System Administrator
• Social Media Platform Developer",9/22/2026,10/7/2026,0,2f78ab37-170e-4c11-94f6-926fcefc65a4,PlanExe
7f10b87e-e5e7-47c1-a959-20a2d9e4ddc7,Implement Parental Control Features,"Implement Parental Control Features

Description:
Objective: Develop and implement parental control features that allow parents to monitor and restrict their children's social media usage.
Scope: Design user-friendly parental control features, such as time limits, content filters, and activity monitoring. Ensure that the features are easily accessible and customizable.
Steps: Conduct user research, develop the features, and integrate them into social media platforms.
Deliverables: Implemented parental control features on social media platforms.

Resources needed:
• UX Designer
• Software Engineer
• Parental Control Expert",10/7/2026,10/22/2026,0,8df11666-3475-469c-893a-72af288d1462,PlanExe
0033d03a-cea7-4d80-97bc-43813963b698,Test and Refine Filtering and Controls,"Test and Refine Filtering and Controls

Description:
Objective: Conduct thorough testing of the implemented filtering technologies and parental control features to ensure their effectiveness and accuracy.
Scope: Perform user testing with diverse groups of users, including parents and children. Identify and address any bugs, usability issues, or performance problems.
Steps: Conduct user testing, analyze feedback, and refine the filtering technologies and parental control features.
Deliverables: Tested and refined filtering technologies and parental control features.

Resources needed:
• QA Tester
• User Researcher
• Software Engineer",10/22/2026,11/6/2026,0,579be2d2-0629-4506-b92c-94b40ee5bd0f,PlanExe
00f3dee3-6e9c-470b-9123-a8b43e18eae1,Monitor and Update Countermeasures,,11/6/2026,12/6/2026,0,54256d12-faa7-45c4-85a6-577387130ec1,PlanExe
a50ffa87-c32f-4bc7-899a-d5d9d0a40cea,Research Emerging Circumvention Techniques,"Research Emerging Circumvention Techniques

Description:
Identify new methods used by underage users to bypass age verification and filtering technologies. This includes exploring VPN usage, fake account creation, and other workarounds.

Resources needed:
• Cybersecurity analysts
• Social media monitoring tools
• Ethical hackers",11/6/2026,11/12/2026,0,00f3dee3-6e9c-470b-9123-a8b43e18eae1,PlanExe
5f94b3b5-3101-41d9-87f9-b14d0155af6e,Analyze Effectiveness of Current Countermeasures,"Analyze Effectiveness of Current Countermeasures

Description:
Evaluate the performance of existing filtering technologies and parental controls in blocking underage access to social media. Assess the accuracy, speed, and resource consumption of these countermeasures.

Resources needed:
• Software engineers
• Data analysts
• Testing environment",11/12/2026,11/18/2026,0,a50ffa87-c32f-4bc7-899a-d5d9d0a40cea,PlanExe
6e52de8b-7134-4f0f-a582-4f5978cb27da,Develop and Test Updated Countermeasures,"Develop and Test Updated Countermeasures

Description:
Based on research and analysis, develop and test new or improved filtering technologies and parental controls. This includes coding, debugging, and performance testing.

Resources needed:
• Software developers
• Quality assurance testers
• Cybersecurity experts",11/18/2026,11/24/2026,0,5f94b3b5-3101-41d9-87f9-b14d0155af6e,PlanExe
78c478a6-5d71-4c53-b09d-997c6414feb6,Deploy and Monitor Updated Countermeasures,"Deploy and Monitor Updated Countermeasures

Description:
Implement the updated countermeasures on social media platforms and monitor their effectiveness in real-time. Track key metrics such as underage access attempts, circumvention rates, and user feedback.

Resources needed:
• System administrators
• Network engineers
• Monitoring tools",11/24/2026,11/30/2026,0,6e52de8b-7134-4f0f-a582-4f5978cb27da,PlanExe
b23a855b-32ed-4502-a4f5-d81efe5067d6,Report on Countermeasure Performance,"Report on Countermeasure Performance

Description:
Generate regular reports on the performance of the updated countermeasures, including key metrics, trends, and recommendations for further improvement. Share these reports with stakeholders.

Resources needed:
• Data analysts
• Report writers
• Communication specialists",11/30/2026,12/6/2026,0,00f3dee3-6e9c-470b-9123-a8b43e18eae1,PlanExe
2fb70991-67dd-4d1c-96a7-60d075f3eaa4,Public Communication and Stakeholder Engagement,,12/6/2026,2/10/2027,0,54256d12-faa7-45c4-85a6-577387130ec1,PlanExe
c17c169a-d1e3-4bb2-96bf-e059d1177be2,Develop Public Communication Strategy,,12/6/2026,12/18/2026,0,2fb70991-67dd-4d1c-96a7-60d075f3eaa4,PlanExe
e7a9bd0e-7707-45eb-8c2f-d629150520aa,Define Target Audiences and Key Messages,"Define Target Audiences and Key Messages

Description:
Identify specific demographics and tailor key messages to resonate with each group. This includes parents, educators, youth organizations, and the general public. Define the core message about the blackout's purpose and benefits.

Resources needed:
• Public Relations Manager
• Market Research Analyst
• Communication Specialist",12/6/2026,12/9/2026,0,c17c169a-d1e3-4bb2-96bf-e059d1177be2,PlanExe
4fb62547-c0c2-4009-a03a-8ce7c2fdbfbb,Select Communication Channels and Platforms,"Select Communication Channels and Platforms

Description:
Determine the most effective channels to reach target audiences, including social media, traditional media, websites, and community events. Evaluate the suitability of each platform for delivering key messages.

Resources needed:
• Communication Specialist
• Media Planner
• Digital Marketing Expert",12/9/2026,12/12/2026,0,e7a9bd0e-7707-45eb-8c2f-d629150520aa,PlanExe
13256393-bc38-4bc4-b0c9-ea9423751868,Develop Compelling Content and Materials,"Develop Compelling Content and Materials

Description:
Create engaging content, such as infographics, videos, articles, and social media posts, to communicate key messages effectively. Ensure content is accessible, informative, and tailored to each platform.

Resources needed:
• Content Writer
• Graphic Designer
• Video Editor",12/12/2026,12/15/2026,0,4fb62547-c0c2-4009-a03a-8ce7c2fdbfbb,PlanExe
82ec7803-836a-474e-9501-81877880b1fe,Establish Media Relations and Partnerships,"Establish Media Relations and Partnerships

Description:
Build relationships with journalists, bloggers, and influencers to secure media coverage and amplify key messages. Partner with relevant organizations to promote the blackout and its objectives.

Resources needed:
• Public Relations Manager
• Media Relations Specialist
• Partnership Coordinator",12/15/2026,12/18/2026,0,c17c169a-d1e3-4bb2-96bf-e059d1177be2,PlanExe
904c41bb-db0d-43d9-a55f-e7472797a533,Conduct Stakeholder Analysis,,12/18/2026,12/26/2026,0,c17c169a-d1e3-4bb2-96bf-e059d1177be2,PlanExe
cad2f023-a262-4b6a-a6da-8a7b334ac92c,Identify Key Stakeholder Groups,"Identify Key Stakeholder Groups

Description:
Objective: Determine all relevant stakeholder groups impacted by the social media blackout. Scope: Identify and categorize stakeholders (parents, educators, youth organizations, social media platforms, law enforcement, etc.). Steps: Brainstorm potential stakeholders, research their involvement, categorize based on influence and impact. Deliverables: Stakeholder register.

Resources needed:
• Project Manager
• Community Liaison Officer
• EU Policy Analyst",12/18/2026,12/20/2026,0,904c41bb-db0d-43d9-a55f-e7472797a533,PlanExe
effaeb2a-c4f6-48f8-892f-d19e44245564,Research Stakeholder Perspectives and Concerns,"Research Stakeholder Perspectives and Concerns

Description:
Objective: Understand the perspectives, concerns, and potential objections of each stakeholder group. Scope: Conduct research to identify existing opinions and potential issues. Steps: Review public statements, conduct online surveys, analyze social media sentiment. Deliverables: Stakeholder concerns report.

Resources needed:
• Market Research Analyst
• Public Relations Manager
• Community Liaison Officer",12/20/2026,12/22/2026,0,cad2f023-a262-4b6a-a6da-8a7b334ac92c,PlanExe
1532f759-2209-4014-bc17-d6ec70826c7a,Prioritize Stakeholder Engagement Efforts,"Prioritize Stakeholder Engagement Efforts

Description:
Objective: Determine which stakeholder groups require the most immediate and intensive engagement. Scope: Rank stakeholders based on influence, impact, and potential resistance. Steps: Develop a prioritization matrix, assess engagement needs, allocate resources accordingly. Deliverables: Stakeholder engagement plan.

Resources needed:
• Project Manager
• Community Liaison Officer
• Public Relations Manager",12/22/2026,12/24/2026,0,effaeb2a-c4f6-48f8-892f-d19e44245564,PlanExe
12be96fb-8e9c-4b3b-b273-83a2650a7dc2,Develop Tailored Engagement Strategies,"Develop Tailored Engagement Strategies

Description:
Objective: Create specific engagement strategies for each prioritized stakeholder group. Scope: Design communication plans, outreach activities, and feedback mechanisms. Steps: Define engagement goals, select appropriate channels, develop messaging. Deliverables: Stakeholder engagement strategies document.

Resources needed:
• Public Relations Manager
• Communication Specialist
• Community Liaison Officer",12/24/2026,12/26/2026,0,904c41bb-db0d-43d9-a55f-e7472797a533,PlanExe
c2e8955d-9a95-4c0f-a4d5-3f6fa570b5e4,"Engage with Parents, Educators, and Youth Organizations",,12/26/2026,1/5/2027,0,904c41bb-db0d-43d9-a55f-e7472797a533,PlanExe
ebc7b078-8912-4b49-a7b0-a2996581f475,Identify Key Parent/Educator Stakeholders,"Identify Key Parent/Educator Stakeholders

Description:
Objective: Identify and prioritize key parent groups, educational institutions, and youth organizations for engagement.
Scope: Research and compile a list of relevant stakeholders across EU member states.
Steps: 1. Conduct online research to identify parent groups, schools, and youth organizations. 2. Prioritize stakeholders based on reach, influence, and relevance to the blackout. 3. Create a database of contact information for each stakeholder.
Deliverables: A prioritized list of key parent groups, educational institutions, and youth organizations with contact information.

Resources needed:
• Community Liaison Officer
• Research Assistant",12/26/2026,12/28/2026,0,c2e8955d-9a95-4c0f-a4d5-3f6fa570b5e4,PlanExe
f6d49a37-3699-45c3-9b7f-eeb98bb89605,Prepare Engagement Materials and Messaging,"Prepare Engagement Materials and Messaging

Description:
Objective: Develop tailored engagement materials and messaging for parents, educators, and youth organizations.
Scope: Create presentations, brochures, and online content explaining the blackout and its objectives.
Steps: 1. Develop key messages about the blackout and its benefits for minors. 2. Create visually appealing presentations and brochures. 3. Develop online content for websites and social media. 4. Translate materials into relevant EU languages.
Deliverables: Engagement materials and messaging tailored for parents, educators, and youth organizations in relevant EU languages.

Resources needed:
• Public Relations & Communications Manager
• Graphic Designer
• Translator",12/28/2026,12/30/2026,0,ebc7b078-8912-4b49-a7b0-a2996581f475,PlanExe
8c2a5f65-5d6d-4fd7-9b2b-7f02af3defd9,Schedule and Conduct Meetings/Presentations,"Schedule and Conduct Meetings/Presentations

Description:
Objective: Schedule and conduct meetings and presentations with parent groups, educational institutions, and youth organizations.
Scope: Organize meetings and presentations to explain the blackout and address concerns.
Steps: 1. Contact stakeholders to schedule meetings and presentations. 2. Prepare agendas and presentation materials. 3. Conduct meetings and presentations. 4. Collect feedback from participants.
Deliverables: Scheduled meetings and presentations with key stakeholders, feedback collected from participants.

Resources needed:
• Community Liaison Officer
• Public Relations & Communications Manager",12/30/2026,1/1/2027,0,f6d49a37-3699-45c3-9b7f-eeb98bb89605,PlanExe
aa8aa060-13ea-4da1-9175-49be3bf5bd0f,Gather Feedback and Address Concerns,"Gather Feedback and Address Concerns

Description:
Objective: Gather feedback from stakeholders and address their concerns about the blackout.
Scope: Collect and analyze feedback from meetings, presentations, and online surveys.
Steps: 1. Collect feedback from stakeholders through various channels. 2. Analyze feedback to identify common concerns and questions. 3. Develop responses to address concerns and questions. 4. Communicate responses to stakeholders.
Deliverables: A summary of stakeholder feedback, responses to address concerns, and communication plan.

Resources needed:
• Community Liaison Officer
• Public Relations & Communications Manager",1/1/2027,1/3/2027,0,8c2a5f65-5d6d-4fd7-9b2b-7f02af3defd9,PlanExe
6bd1e569-8375-48a9-9c04-3746336c5d97,Establish Ongoing Communication Channels,"Establish Ongoing Communication Channels

Description:
Objective: Establish ongoing communication channels with parents, educators, and youth organizations.
Scope: Create a system for regular communication and updates about the blackout.
Steps: 1. Create a mailing list for stakeholders. 2. Develop a website or online forum for communication. 3. Schedule regular email updates. 4. Respond to inquiries from stakeholders.
Deliverables: Established communication channels with stakeholders, including a mailing list, website/forum, and schedule for email updates.

Resources needed:
• Public Relations & Communications Manager
• Web Developer",1/3/2027,1/5/2027,0,c2e8955d-9a95-4c0f-a4d5-3f6fa570b5e4,PlanExe
dac577fc-1b72-40ef-9050-269e957619ca,Monitor Public Sentiment and Address Concerns,,1/5/2027,1/21/2027,0,c2e8955d-9a95-4c0f-a4d5-3f6fa570b5e4,PlanExe
fe6b8de2-801a-4f7c-ac45-6d1ada5445cd,Monitor social media for mentions,"Monitor social media for mentions

Description:
Use social listening tools to track mentions of the blackout, related keywords, and public sentiment across various social media platforms.

Resources needed:
• Social media listening tools
• Data analyst
• Communication specialist",1/5/2027,1/9/2027,0,dac577fc-1b72-40ef-9050-269e957619ca,PlanExe
ac29f03b-22f2-42a0-a93a-5ce9d1750f94,Analyze sentiment and identify concerns,"Analyze sentiment and identify concerns

Description:
Analyze the sentiment of social media posts and news articles related to the blackout to identify emerging concerns and areas of public misunderstanding.

Resources needed:
• Sentiment analysis software
• Data analyst
• Communication specialist",1/9/2027,1/13/2027,0,fe6b8de2-801a-4f7c-ac45-6d1ada5445cd,PlanExe
c0f5e8b6-2e32-4019-b2bb-b406ebb300b3,Prepare responses to common concerns,"Prepare responses to common concerns

Description:
Develop clear and concise responses to address common concerns and misconceptions about the blackout, ensuring accuracy and transparency.

Resources needed:
• Communication specialist
• Legal counsel
• Subject matter experts",1/13/2027,1/17/2027,0,ac29f03b-22f2-42a0-a93a-5ce9d1750f94,PlanExe
a69c2405-3219-465c-9a26-a1d6e7dae03b,Engage with social media platforms,"Engage with social media platforms

Description:
Proactively engage with social media platforms to address their concerns, seek their cooperation, and clarify any misunderstandings about the blackout's purpose and implementation.

Resources needed:
• Communication specialist
• Legal counsel
• Project manager",1/17/2027,1/21/2027,0,dac577fc-1b72-40ef-9050-269e957619ca,PlanExe
85bd3217-1892-4ca3-87e1-80b327ebe9bf,Launch Digital Literacy Initiative,,1/21/2027,2/10/2027,0,2fb70991-67dd-4d1c-96a7-60d075f3eaa4,PlanExe
4008f549-256c-4a6e-a879-17a9ed5c1fef,Develop age-appropriate content,"Develop age-appropriate content

Description:
Create engaging and informative materials tailored to different age groups within the target audience, focusing on the risks of underage social media use and promoting responsible online behavior. This includes videos, infographics, and interactive quizzes.

Resources needed:
• Curriculum developers
• Graphic designers
• Video editors
• Child psychologists",1/21/2027,1/26/2027,0,85bd3217-1892-4ca3-87e1-80b327ebe9bf,PlanExe
c61d3653-7b96-4511-adfa-bfc1a9b1c1cf,Partner with schools and community groups,"Partner with schools and community groups

Description:
Establish collaborations with schools, youth centers, and other community organizations to deliver the digital literacy initiative to a wider audience. This involves outreach, training for educators, and providing resources for classroom activities.

Resources needed:
• Community outreach specialists
• Training personnel
• Educational materials
• Project coordinators",1/26/2027,1/31/2027,0,4008f549-256c-4a6e-a879-17a9ed5c1fef,PlanExe
83b2c12b-725d-4d49-bde2-efc6751b227c,Promote initiative through multiple channels,"Promote initiative through multiple channels

Description:
Utilize various communication channels, including social media, websites, and traditional media, to promote the digital literacy initiative and raise awareness among parents, educators, and young people. This includes creating promotional materials, running social media campaigns, and engaging with journalists.

Resources needed:
• Marketing specialists
• Social media managers
• Public relations officers
• Website developers",1/31/2027,2/5/2027,0,c61d3653-7b96-4511-adfa-bfc1a9b1c1cf,PlanExe
67026db9-36ba-42f8-8d82-8585f1940c19,Evaluate initiative's effectiveness,"Evaluate initiative's effectiveness

Description:
Assess the impact of the digital literacy initiative on knowledge, attitudes, and behaviors related to social media use among young people. This involves collecting data through surveys, focus groups, and website analytics, and analyzing the results to identify areas for improvement.

Resources needed:
• Data analysts
• Survey specialists
• Evaluation experts
• Research assistants",2/5/2027,2/10/2027,0,85bd3217-1892-4ca3-87e1-80b327ebe9bf,PlanExe
da6577ba-907a-4419-877a-944a7a129219,Resource Allocation and Enforcement,,2/10/2027,7/9/2027,0,2fb70991-67dd-4d1c-96a7-60d075f3eaa4,PlanExe
1fc3e217-7464-491f-b024-c114e4b546dc,Secure Funding for Inspection Teams and Operations,,2/10/2027,3/30/2027,0,da6577ba-907a-4419-877a-944a7a129219,PlanExe
0e7c7244-8d7c-4665-aa20-efb5b5f9699f,Prepare funding proposal documentation,"Prepare funding proposal documentation

Description:
Objective: Create a comprehensive funding proposal. Scope: Gather all necessary information, including project details, budget projections, and ROI analysis. Steps: 1. Collect project information. 2. Develop budget projections. 3. Write the proposal. 4. Review and revise. Deliverables: A complete funding proposal document.

Resources needed:
• Project Manager
• Financial Analyst
• Grant Writer",2/10/2027,2/22/2027,0,1fc3e217-7464-491f-b024-c114e4b546dc,PlanExe
f6b0c4a9-4ed7-4d11-84a5-39cb3757408d,Identify potential funding sources,"Identify potential funding sources

Description:
Objective: Identify potential funding sources for the inspection teams and operations. Scope: Research various funding options, including government grants, private investors, and corporate sponsorships. Steps: 1. Research government grant programs. 2. Identify potential private investors. 3. Explore corporate sponsorship opportunities. Deliverables: A list of potential funding sources with contact information and application requirements.

Resources needed:
• Research Analyst
• Funding Specialist",2/22/2027,3/6/2027,0,0e7c7244-8d7c-4665-aa20-efb5b5f9699f,PlanExe
d7754e2d-821d-4b2e-93ee-f42126be036d,Engage with key decision-makers,"Engage with key decision-makers

Description:
Objective: Engage with key decision-makers to secure funding approval. Scope: Schedule meetings, present the funding proposal, and address any concerns. Steps: 1. Identify key decision-makers. 2. Schedule meetings. 3. Prepare presentation materials. 4. Follow up after meetings. Deliverables: Meetings with key decision-makers and a clear understanding of their funding priorities.

Resources needed:
• Project Manager
• Lobbyist
• Government Relations Specialist",3/6/2027,3/18/2027,0,f6b0c4a9-4ed7-4d11-84a5-39cb3757408d,PlanExe
58a4d03c-d539-4229-8bb5-2fa9b9c3ae9c,Explore public-private partnerships,"Explore public-private partnerships

Description:
Objective: Explore the feasibility of public-private partnerships. Scope: Identify potential private sector partners and develop a partnership proposal. Steps: 1. Identify potential private sector partners. 2. Develop a partnership proposal. 3. Present the proposal to potential partners. Deliverables: A partnership proposal and initial discussions with potential private sector partners.

Resources needed:
• Business Development Manager
• Legal Counsel",3/18/2027,3/30/2027,0,1fc3e217-7464-491f-b024-c114e4b546dc,PlanExe
aabbce18-58d2-4a67-9f00-2cea21bbe917,Develop Standardized Inspection Procedures,,3/30/2027,4/23/2027,0,1fc3e217-7464-491f-b024-c114e4b546dc,PlanExe
09f3f058-12fb-4a53-b6e0-d67b5ac81081,Research best practice inspection procedures,"Research best practice inspection procedures

Description:
Objective: Identify and document the most effective and legally sound inspection procedures currently used in similar contexts.
Scope: Review academic literature, industry reports, and legal databases to gather information on inspection procedures.
Steps: 1. Conduct literature review. 2. Analyze legal precedents. 3. Document findings.
Deliverables: A comprehensive report outlining best practice inspection procedures.

Resources needed:
• Legal researchers
• Industry analysts
• Database access",3/30/2027,4/5/2027,0,aabbce18-58d2-4a67-9f00-2cea21bbe917,PlanExe
7aea6625-7f7c-46a3-8a0c-d0c16a030b98,Adapt procedures to EU member states,"Adapt procedures to EU member states

Description:
Objective: Tailor the identified best practice inspection procedures to the specific legal and cultural contexts of each EU member state.
Scope: Adapt the procedures to comply with local laws and regulations, and to be sensitive to cultural norms.
Steps: 1. Identify legal and cultural differences. 2. Adapt procedures accordingly. 3. Obtain legal review.
Deliverables: A set of adapted inspection procedures for each EU member state.

Resources needed:
• Legal experts
• Cultural consultants
• Translation services",4/5/2027,4/11/2027,0,09f3f058-12fb-4a53-b6e0-d67b5ac81081,PlanExe
cc760061-9e94-451a-a955-eee1dca55133,Develop inspection team training materials,"Develop inspection team training materials

Description:
Objective: Create comprehensive training materials to equip inspection teams with the knowledge and skills necessary to conduct inspections effectively and legally.
Scope: Develop training modules covering legal requirements, inspection procedures, data handling, and ethical considerations.
Steps: 1. Design training modules. 2. Develop training materials. 3. Conduct pilot training.
Deliverables: A complete set of training materials for inspection teams.

Resources needed:
• Training specialists
• Legal experts
• Instructional designers",4/11/2027,4/17/2027,0,7aea6625-7f7c-46a3-8a0c-d0c16a030b98,PlanExe
2366950d-83fb-4343-bbad-3dd35b8217a2,Pilot test inspection procedures,"Pilot test inspection procedures

Description:
Objective: Evaluate the effectiveness and feasibility of the developed inspection procedures through pilot testing in a representative sample of EU member states.
Scope: Conduct pilot inspections in selected member states, gather feedback from inspection teams, and refine the procedures based on the results.
Steps: 1. Select pilot locations. 2. Conduct pilot inspections. 3. Gather feedback. 4. Refine procedures.
Deliverables: A refined set of inspection procedures based on pilot testing results.

Resources needed:
• Inspection teams
• Pilot test locations
• Data analysts",4/17/2027,4/23/2027,0,aabbce18-58d2-4a67-9f00-2cea21bbe917,PlanExe
a5af1401-31c8-4cdc-8103-cafb7771b8ff,Establish Central Coordination Center,,4/23/2027,6/10/2027,0,aabbce18-58d2-4a67-9f00-2cea21bbe917,PlanExe
82f4a26a-7242-484e-b507-2511d42aa0d2,Identify Location for Coordination Center,"Identify Location for Coordination Center

Description:
Objective: Secure a suitable physical location for the central coordination center.
Scope: Identify potential office spaces that meet the project's requirements (size, security, accessibility, IT infrastructure).
Steps: Research available office spaces, conduct site visits, negotiate lease terms.
Deliverables: A signed lease agreement for the coordination center.

Resources needed:
• Real estate agent
• Project manager
• Legal counsel",4/23/2027,5/5/2027,0,a5af1401-31c8-4cdc-8103-cafb7771b8ff,PlanExe
df4b75f2-dd3e-4beb-861c-61dd1654a46f,Procure IT Infrastructure and Equipment,"Procure IT Infrastructure and Equipment

Description:
Objective: Acquire and set up the necessary IT infrastructure and equipment for the coordination center.
Scope: Purchase computers, servers, networking equipment, and software licenses. Ensure secure data storage and communication capabilities.
Steps: Develop IT requirements, obtain quotes from vendors, install and configure equipment.
Deliverables: A fully functional IT infrastructure for the coordination center.

Resources needed:
• IT specialist
• Network engineer
• Procurement officer",5/5/2027,5/17/2027,0,82f4a26a-7242-484e-b507-2511d42aa0d2,PlanExe
8cd91a5a-9ef9-4677-a938-35c83b98f040,Recruit and Train Coordination Center Staff,"Recruit and Train Coordination Center Staff

Description:
Objective: Hire and train qualified personnel to staff the central coordination center.
Scope: Recruit project managers, data analysts, legal experts, and administrative staff. Provide training on inspection procedures, data management, and legal compliance.
Steps: Develop job descriptions, conduct interviews, provide training sessions.
Deliverables: A fully staffed and trained coordination center team.

Resources needed:
• HR manager
• Training personnel
• Subject matter experts",5/17/2027,5/29/2027,0,df4b75f2-dd3e-4beb-861c-61dd1654a46f,PlanExe
4226cae3-94c6-4314-9560-b412e1ccc496,Establish Communication Protocols,"Establish Communication Protocols

Description:
Objective: Define and implement communication protocols for the coordination center.
Scope: Establish clear communication channels between inspection teams, legal counsel, and regulatory bodies. Develop procedures for reporting incidents and escalating issues.
Steps: Develop communication plan, create communication templates, train staff on protocols.
Deliverables: A documented communication plan and trained staff.

Resources needed:
• Communication specialist
• Project manager
• Legal counsel",5/29/2027,6/10/2027,0,a5af1401-31c8-4cdc-8103-cafb7771b8ff,PlanExe
caf53e0d-5b6d-4ee0-9141-858ad0059871,Allocate Resources Based on Predictive Modeling,,6/10/2027,7/5/2027,0,a5af1401-31c8-4cdc-8103-cafb7771b8ff,PlanExe
1f921c7c-a23b-484b-8442-8ba6258743b0,Gather historical inspection data,"Gather historical inspection data

Description:
Collect data from previous inspections, including location, time, and findings, to identify patterns and high-risk areas.

Resources needed:
• Data analyst
• Database administrator",6/10/2027,6/15/2027,0,caf53e0d-5b6d-4ee0-9141-858ad0059871,PlanExe
ae8205d0-33b2-4b97-88e9-d2c2ecd141ca,Develop predictive model parameters,"Develop predictive model parameters

Description:
Define the parameters for the predictive model, such as demographics, social media usage patterns, and known violations.

Resources needed:
• Data scientist
• EU policy analyst",6/15/2027,6/20/2027,0,1f921c7c-a23b-484b-8442-8ba6258743b0,PlanExe
838e4337-7748-41c0-bf37-5667a51f1f0b,Train and test predictive model,"Train and test predictive model

Description:
Train the predictive model using historical data and test its accuracy in predicting future violations.

Resources needed:
• Data scientist
• Machine learning engineer",6/20/2027,6/25/2027,0,ae8205d0-33b2-4b97-88e9-d2c2ecd141ca,PlanExe
5bc2ea6d-4021-4044-8347-d05f658643df,Allocate resources based on model output,"Allocate resources based on model output

Description:
Use the output of the predictive model to allocate inspection teams and resources to high-risk areas.

Resources needed:
• Inspection team coordinator
• Data analyst",6/25/2027,6/30/2027,0,838e4337-7748-41c0-bf37-5667a51f1f0b,PlanExe
e97494cb-a022-40a3-9c37-c51725581ae1,Refine model based on inspection results,"Refine model based on inspection results

Description:
Continuously refine the predictive model based on the results of ongoing inspections to improve its accuracy and effectiveness.

Resources needed:
• Data scientist
• Inspection team coordinator",6/30/2027,7/5/2027,0,caf53e0d-5b6d-4ee0-9141-858ad0059871,PlanExe
66b8c617-e2ab-49e3-b6bc-1d90325a50f8,Conduct Unannounced Inspections,,7/5/2027,7/9/2027,0,da6577ba-907a-4419-877a-944a7a129219,PlanExe
3b1470df-21ec-4481-b324-a9e6eaf7e33c,Plan Unannounced Inspection Logistics,"Plan Unannounced Inspection Logistics

Description:
Objective: To efficiently plan the logistics for unannounced inspections, ensuring minimal disruption and maximum effectiveness.
Scope: Includes scheduling, team assignments, travel arrangements, and communication protocols.
Steps: 1. Define inspection targets based on risk assessment. 2. Assign inspection teams based on expertise and availability. 3. Coordinate travel and accommodation logistics. 4. Establish secure communication channels.
Deliverables: Detailed inspection schedule, team assignments, travel itineraries, and communication protocols.

Resources needed:
• Inspection Team Coordinator
• Logistics Manager
• Communication Specialist",7/5/2027,7/6/2027,0,66b8c617-e2ab-49e3-b6bc-1d90325a50f8,PlanExe
8e17aa4f-8db5-42e6-b010-dbcbbb33e9a3,Prepare Inspection Team Equipment,"Prepare Inspection Team Equipment

Description:
Objective: To ensure inspection teams are equipped with the necessary tools and technology for conducting unannounced inspections.
Scope: Includes preparing body cameras, mobile device forensic kits, ID scanners, and secure communication devices.
Steps: 1. Inventory and test all equipment. 2. Ensure equipment is fully charged and functional. 3. Distribute equipment to inspection teams. 4. Provide training on equipment usage.
Deliverables: Fully equipped and functional inspection teams.

Resources needed:
• Inspection Team Coordinator
• Technical Support Staff
• Training Personnel",7/6/2027,7/7/2027,0,3b1470df-21ec-4481-b324-a9e6eaf7e33c,PlanExe
af198ae0-6175-412c-8a15-9ad87ce6d72a,Execute Unannounced Inspections On-Site,"Execute Unannounced Inspections On-Site

Description:
Objective: To conduct unannounced inspections of social media and communication platforms, gathering evidence of non-compliance.
Scope: Includes on-site inspections, data collection, and documentation of findings.
Steps: 1. Arrive at inspection site unannounced. 2. Present inspection credentials. 3. Conduct inspection according to standardized procedures. 4. Collect data and document findings. 5. Securely transport data to central coordination center.
Deliverables: Inspection reports, data logs, and evidence of non-compliance.

Resources needed:
• Inspection Team Members
• Legal Counsel (on call)
• Security Personnel",7/7/2027,7/8/2027,0,8e17aa4f-8db5-42e6-b010-dbcbbb33e9a3,PlanExe
293e237d-bd4c-44ac-afdd-7adf0d9ebe60,Document and Securely Store Inspection Data,"Document and Securely Store Inspection Data

Description:
Objective: To properly document and securely store all data collected during unannounced inspections, ensuring data integrity and confidentiality.
Scope: Includes data entry, data validation, and secure storage in the centralized database.
Steps: 1. Enter data into the centralized database. 2. Validate data for accuracy and completeness. 3. Encrypt and securely store data. 4. Implement access controls to protect data.
Deliverables: Securely stored and validated inspection data.

Resources needed:
• Data Entry Personnel
• Data Security Specialist
• Database Administrator",7/8/2027,7/9/2027,0,66b8c617-e2ab-49e3-b6bc-1d90325a50f8,PlanExe
d784576f-a889-4ee4-84d6-5c26b1863de5,"Monitoring, Evaluation, and Reporting",,7/9/2027,9/18/2027,0,952e4cdd-bf68-4282-9b4e-fd5808ab1242,PlanExe
98580570-d322-475b-ba04-3ca925c5be17,Establish Key Success Metrics,,7/9/2027,7/29/2027,0,d784576f-a889-4ee4-84d6-5c26b1863de5,PlanExe
e5e1bc64-9a55-4a34-9564-9adaaaeb13d5,Define Social Media Usage Metrics,"Define Social Media Usage Metrics

Description:
Establish clear, measurable metrics for social media usage by under-15s. This includes defining what constitutes 'usage' (e.g., active accounts, time spent, content posted), identifying data sources, and setting baseline measurements.

Resources needed:
• Data Analyst
• Social Media Expert
• Statistician",7/9/2027,7/14/2027,0,98580570-d322-475b-ba04-3ca925c5be17,PlanExe
059c180c-e70e-46b0-855c-03a0846383a6,Identify Data Sources and Access Methods,"Identify Data Sources and Access Methods

Description:
Determine the data sources needed to track social media usage (e.g., platform APIs, third-party analytics, survey data). Establish methods for accessing this data, considering privacy regulations and platform policies. Address data security and anonymization.

Resources needed:
• Data Engineer
• Legal Counsel
• Cybersecurity Expert",7/14/2027,7/19/2027,0,e5e1bc64-9a55-4a34-9564-9adaaaeb13d5,PlanExe
5b0d057e-7186-4c95-b0f8-b152914ec5fd,Develop Data Collection and Analysis Plan,"Develop Data Collection and Analysis Plan

Description:
Create a detailed plan for collecting and analyzing social media usage data. This includes defining the data collection frequency, analysis techniques (e.g., trend analysis, sentiment analysis), and reporting formats. Ensure compliance with ethical guidelines.

Resources needed:
• Data Scientist
• Project Manager
• Ethical Review Board",7/19/2027,7/24/2027,0,059c180c-e70e-46b0-855c-03a0846383a6,PlanExe
02cf718d-254c-4b89-a1ce-019328cf3ffe,Implement Tracking Mechanisms and Tools,"Implement Tracking Mechanisms and Tools

Description:
Set up the necessary tracking mechanisms and tools to monitor social media usage. This may involve developing custom scripts, using third-party analytics platforms, or conducting surveys. Test and validate the accuracy of the tracking mechanisms.

Resources needed:
• Software Developer
• IT Support
• Quality Assurance Tester",7/24/2027,7/29/2027,0,98580570-d322-475b-ba04-3ca925c5be17,PlanExe
7783329b-2143-40f0-b47d-c0f51be82e1c,Monitor Social Media Usage by Under-15s,,7/29/2027,8/14/2027,0,98580570-d322-475b-ba04-3ca925c5be17,PlanExe
17079241-9cea-4b06-b283-cfe0623890a0,Collect social media usage data,"Collect social media usage data

Description:
Gather data on social media usage among under-15s from various sources, including platform analytics, surveys, and research studies. Objective: Obtain a comprehensive view of social media habits. Scope: EU-wide data collection. Steps: Identify data sources, establish data collection protocols, and implement data collection procedures. Deliverables: A consolidated dataset of social media usage.

Resources needed:
• Data analysts
• Survey specialists
• Research assistants",7/29/2027,8/2/2027,0,7783329b-2143-40f0-b47d-c0f51be82e1c,PlanExe
32c011cd-c0ac-44a9-ac71-0537fe320acf,Analyze usage trends and patterns,"Analyze usage trends and patterns

Description:
Analyze the collected data to identify trends and patterns in social media usage among under-15s. Objective: Understand how minors use social media. Scope: EU-wide trend analysis. Steps: Apply statistical analysis techniques, identify key trends, and create visualizations. Deliverables: A report summarizing key trends and patterns.

Resources needed:
• Data scientists
• Statistical software
• Visualization tools",8/2/2027,8/6/2027,0,17079241-9cea-4b06-b283-cfe0623890a0,PlanExe
a6467a3e-4900-427b-b514-40950859fc33,Assess impact of blackout measures,"Assess impact of blackout measures

Description:
Evaluate the impact of the blackout measures on social media usage among under-15s. Objective: Determine the effectiveness of the blackout. Scope: EU-wide impact assessment. Steps: Compare usage data before and after the blackout, conduct surveys, and analyze feedback. Deliverables: An impact assessment report.

Resources needed:
• Evaluation specialists
• Survey specialists
• Data analysts",8/6/2027,8/10/2027,0,32c011cd-c0ac-44a9-ac71-0537fe320acf,PlanExe
40d88c73-ab7e-4fa9-b753-692868b5d429,Identify circumvention methods,"Identify circumvention methods

Description:
Identify methods used by under-15s to circumvent the blackout measures. Objective: Understand how minors bypass restrictions. Scope: EU-wide circumvention analysis. Steps: Monitor online forums, analyze user behavior, and conduct interviews. Deliverables: A report on circumvention methods.

Resources needed:
• Cybersecurity experts
• Researchers
• Online monitors",8/10/2027,8/14/2027,0,7783329b-2143-40f0-b47d-c0f51be82e1c,PlanExe
ccb65e38-bb0b-46fc-b950-69e20b566f1e,Track Penalties Issued and Revenue Generated,,8/14/2027,8/24/2027,0,7783329b-2143-40f0-b47d-c0f51be82e1c,PlanExe
63f47ea2-289b-4abb-bcb6-f9b3972f1457,Design penalty tracking database schema,"Design penalty tracking database schema

Description:
Define the structure of the database to store penalty information, including fields for violator details, violation type, penalty amount, date issued, and payment status. Consider scalability and reporting requirements.

Resources needed:
• Database architect
• Data analyst",8/14/2027,8/16/2027,0,ccb65e38-bb0b-46fc-b950-69e20b566f1e,PlanExe
d6b9ff9b-b959-4b09-a9ca-55ddf310d849,Develop penalty tracking software application,"Develop penalty tracking software application

Description:
Create a user-friendly application for entering, tracking, and managing penalty data. Include features for generating reports, exporting data, and integrating with other relevant systems.

Resources needed:
• Software developers
• UI/UX designer
• Database administrator",8/16/2027,8/18/2027,0,63f47ea2-289b-4abb-bcb6-f9b3972f1457,PlanExe
4fb10ff8-84b2-4b33-8167-0a3bc4d48674,Establish penalty revenue accounting procedures,"Establish penalty revenue accounting procedures

Description:
Define the process for recording and managing penalty revenue, including procedures for reconciliation, reporting, and compliance with financial regulations. Ensure transparency and accountability in revenue management.

Resources needed:
• Accountant
• Financial analyst
• Legal counsel",8/18/2027,8/20/2027,0,d6b9ff9b-b959-4b09-a9ca-55ddf310d849,PlanExe
e5a96c8c-7c2b-4c01-83b2-9bd4bb468532,Integrate with EU member state systems,"Integrate with EU member state systems

Description:
Establish secure data exchange channels with relevant systems in each EU member state to facilitate the transfer of penalty information and revenue. Address data privacy and security concerns.

Resources needed:
• IT security specialist
• Data integration specialist
• EU liaison officer",8/20/2027,8/22/2027,0,4fb10ff8-84b2-4b33-8167-0a3bc4d48674,PlanExe
fe808e07-ee85-49d8-aa07-faddc576d987,Test and validate the tracking system,"Test and validate the tracking system

Description:
Conduct thorough testing of the penalty tracking system to ensure accuracy, reliability, and security. Validate data integrity and system performance under various load conditions.

Resources needed:
• Quality assurance testers
• System administrators
• Security auditors",8/22/2027,8/24/2027,0,ccb65e38-bb0b-46fc-b950-69e20b566f1e,PlanExe
629cc6e4-a222-43f4-8966-1e5a3ac8816e,Evaluate Effectiveness of Enforcement Efforts,,8/24/2027,9/13/2027,0,ccb65e38-bb0b-46fc-b950-69e20b566f1e,PlanExe
d87b7b68-0605-400b-8c06-2edfb78e7aa2,Define Key Performance Indicators (KPIs),"Define Key Performance Indicators (KPIs)

Description:
Establish specific, measurable, achievable, relevant, and time-bound (SMART) KPIs to assess the effectiveness of the enforcement efforts. This includes defining target levels for each KPI and establishing data collection methods.

Resources needed:
• Project Manager
• Data Analyst
• Stakeholder Representatives",8/24/2027,8/29/2027,0,629cc6e4-a222-43f4-8966-1e5a3ac8816e,PlanExe
fc82756c-1f42-4bbc-be27-324c92a40bac,Analyze Social Media Usage Data,"Analyze Social Media Usage Data

Description:
Collect and analyze data on social media usage by under-15s before and after the implementation of the blackout. This includes analyzing trends in usage patterns, identifying potential circumvention methods, and assessing the impact of the blackout on different demographic groups.

Resources needed:
• Data Analyst
• IT Infrastructure
• Data Security Specialist",8/29/2027,9/3/2027,0,d87b7b68-0605-400b-8c06-2edfb78e7aa2,PlanExe
2485ece9-507b-4c29-8302-820298e50f33,Assess Impact on Stakeholders,"Assess Impact on Stakeholders

Description:
Evaluate the impact of the enforcement efforts on various stakeholders, including social media platforms, parents, educators, and youth organizations. This includes gathering feedback through surveys, interviews, and focus groups.

Resources needed:
• Community Liaison Officer
• Survey Tools
• Interviewers",9/3/2027,9/8/2027,0,fc82756c-1f42-4bbc-be27-324c92a40bac,PlanExe
e45c48dd-ac15-4ba0-8fa3-ee3fcd7a4602,Refine Enforcement Strategies,"Refine Enforcement Strategies

Description:
Based on the evaluation findings, refine the enforcement strategies to improve their effectiveness and address any unintended consequences. This includes adjusting inspection procedures, updating technological countermeasures, and modifying public communication strategies.

Resources needed:
• Project Manager
• Legal Counsel
• Inspection Team Coordinator",9/8/2027,9/13/2027,0,629cc6e4-a222-43f4-8966-1e5a3ac8816e,PlanExe
6f580386-9cd7-4533-9992-301afb7c60a1,Provide Regular Progress Reports to Stakeholders,,9/13/2027,9/18/2027,0,d784576f-a889-4ee4-84d6-5c26b1863de5,PlanExe
d8ba1bc3-1b85-45b7-8b80-ff4f0b5438d8,Collect data for progress reports,"Collect data for progress reports

Description:
Gather relevant data on key performance indicators (KPIs) such as social media usage by under-15s, penalties issued, and revenue generated. Ensure data accuracy and completeness.

Resources needed:
• Data Analyst
• Reporting Tools
• Database Access",9/13/2027,9/14/2027,0,6f580386-9cd7-4533-9992-301afb7c60a1,PlanExe
4a5d4106-039e-437b-9407-e4e39895f4d5,Analyze data and identify trends,"Analyze data and identify trends

Description:
Analyze the collected data to identify trends, patterns, and insights related to the effectiveness of the social media blackout and enforcement efforts. Use statistical methods and data visualization techniques.

Resources needed:
• Data Analyst
• Statistical Software
• Data Visualization Tools",9/14/2027,9/15/2027,0,d8ba1bc3-1b85-45b7-8b80-ff4f0b5438d8,PlanExe
c544ce93-ea15-4be0-b38c-dd024d1be4d8,Prepare draft progress reports,"Prepare draft progress reports

Description:
Prepare draft progress reports summarizing the key findings and insights from the data analysis. Include charts, graphs, and tables to illustrate the trends and patterns.

Resources needed:
• Report Writer
• Data Analyst
• Reporting Template",9/15/2027,9/16/2027,0,4a5d4106-039e-437b-9407-e4e39895f4d5,PlanExe
223bad2d-088c-4aee-860b-c03cdcf7dacd,Review and revise progress reports,"Review and revise progress reports

Description:
Review the draft progress reports with relevant stakeholders, such as the project manager, legal counsel, and EU policy analyst. Incorporate feedback and revise the reports as needed.

Resources needed:
• Project Manager
• Legal Counsel
• EU Policy Analyst",9/16/2027,9/17/2027,0,c544ce93-ea15-4be0-b38c-dd024d1be4d8,PlanExe
5aa97653-572f-4366-85eb-5f494ebb9396,Distribute final progress reports,"Distribute final progress reports

Description:
Distribute the final progress reports to all relevant stakeholders, including the EU Commission, regulatory bodies, and the general public. Ensure timely and effective communication of the project's progress and impact.

Resources needed:
• Communication Manager
• Distribution List
• Communication Channels",9/17/2027,9/18/2027,0,6f580386-9cd7-4533-9992-301afb7c60a1,PlanExe
