Level 1;Level 2;Level 3;Level 4;Task ID
Battery Breakthrough;;;;39ef2469-b75a-4eb4-bfa6-087c38a8baf4
;Project Initiation & Planning;;;218decd8-b3eb-4b09-bbe2-e09ebd104cd7
;;Secure Funding;;6386b837-2e94-49a8-94df-6e3bf196f41b
;;;Identify Potential Funding Sources;d1d7dc15-b835-4a30-b868-281d31e105db
;;;Prepare Funding Proposal;f1ff95b7-7f47-476b-ad16-e2be8e0eb625
;;;Engage with Potential Investors;6f9ea542-4859-4c9c-a27d-7268154cf7fe
;;;Negotiate Funding Terms;f9c84612-0c1a-4ba1-bfbe-2c1ff5a6a89f
;;;Secure Final Approval of Funds;9f7fc3bd-7291-4d1f-98f5-63bb693a8afb
;;Establish Laboratory Near Tesla;;51c5784c-91d3-415f-b06b-ee1d381852c4
;;;Identify potential lab spaces near Tesla;c3b27083-937c-4f7e-9ddd-33d0c817af8a
;;;Negotiate lease terms and agreements;ce8db0a0-e564-4fd3-8c13-1cb258a84298
;;;Obtain necessary permits and approvals;001a239b-4ebe-4d51-87ce-13219b60b84e
;;;Design and plan lab layout;a2413f9a-871c-4044-b4ac-81d09bf7eb21
;;;Prepare lab for occupancy;32c66358-8cac-40d1-b207-8c4565f78243
;;Define Project Scope and Objectives;;d960d208-7a93-42d4-8507-96a85d9efeed
;;;Identify Key Stakeholders;d381d134-a132-41e4-9dca-c20bc9b43721
;;;Define Project Goals and Objectives;4f747015-0f0c-4776-bc38-6dd5f7202041
;;;Establish Success Criteria and Metrics;c89c040e-acd3-4aac-9ad1-e4f791135857
;;;Document Assumptions and Constraints;51f1b80b-8649-4782-ae37-82b97252786d
;;Develop Detailed Project Plan;;0a24ee34-ccd9-45d2-8104-9ae1186f5628
;;;Define Task Dependencies and Timeline;61483f96-037b-48be-9000-00ff56695683
;;;Allocate Resources and Budget;06fd9e62-00a4-456b-bfd0-2f64c6320f40
;;;Develop Risk Management Plan;d85e24d1-15f0-488d-ba90-60943cef35dd
;;;Establish Communication Plan;5f7f293f-15d9-4c74-86bd-64c15e802689
;;Stakeholder Alignment and Communication Plan;;744935b5-d221-4205-895b-25fecbfcdcfb
;;;Identify Key Stakeholders;0f652e08-9793-494a-9835-823a75ef8501
;;;Analyze Stakeholder Needs and Expectations;ba171779-3046-4746-8f31-6280b7360dc4
;;;Develop Communication Strategy;effdaf3e-ba3a-40de-8f5f-3fb281d1e330
;;;Establish Communication Channels;c8906511-f821-4be5-9962-23583c43c9ed
;;;Implement Feedback Mechanisms;1102bd38-4f5f-4a4d-9e64-74de241b8a4f
;Material Exploration & Selection;;;b75f7b5a-82d9-4cb4-8250-506625949c1a
;;Conduct Literature Review of Battery Materials;;3d703894-5bf6-4b11-833b-251a1aec5a07
;;;Identify relevant battery material databases;94f73b7d-9b5a-4318-98f1-766bb01a9f62
;;;Define search criteria for battery materials;f079bc32-5908-4607-b29d-e19ea8056d1a
;;;Extract data from scientific publications;e3745bc7-7bbe-4d69-807d-fa3ce8d787d2
;;;Assess data quality and reliability;844caf47-f2cc-4775-81f7-fa084d466a34
;;;Organize literature review data;f671c4e1-b81e-4543-972b-d169ccaa0d0d
;;Computational Materials Discovery;;743889aa-ea12-42d4-8be9-52c3bce5f41f
;;;Define target material properties;7815d6bd-ac85-41e1-96ba-0f333021247d
;;;Set up computational environment;5ebc471b-f2a8-4851-9f45-ab6855332edc
;;;Run high-throughput simulations;19ba595b-f6d9-4a4c-8e98-3acf157ef4a2
;;;Analyze simulation results;e079f5d8-a458-4b8c-ac0f-cb30d25a4232
;;;Validate top candidates with experiments;861d7938-3e1b-4351-bc8b-71d0f1aa2e65
;;Synthesize and Characterize Candidate Materials;;6c253cdf-d561-429e-ac7e-2c1045601155
;;;Prepare Material Synthesis Equipment;06fd71a4-b66c-47c9-abaf-c47c478974d2
;;;Synthesize Target Compounds;e6424194-bf58-4671-9671-4eae196e6fdf
;;;Purify Synthesized Materials;6742bc15-0038-4655-aa4f-db3555f6739a
;;;Characterize Material Properties;d5f6c52c-886d-4f00-aa05-0869cde4ee53
;;;Analyze Characterization Data;108f80cc-3208-4ee2-8e62-d96caac34248
;;Material Cost Analysis and Sourcing;;3615f3d4-d8fa-4902-8368-2d0f3192582a
;;;Identify potential material suppliers;3b528216-0a11-4245-b29e-0e40baf37d0b
;;;Request quotes from material suppliers;814081ce-1fbc-4f46-9a6d-807279a07244
;;;Analyze material cost data;9cbe72aa-c7e8-4967-a363-e33347b7ce36
;;;Assess material availability and lead times;64e65d79-fb32-4c72-9479-d6f49ea73e54
;;Select Materials Based on Performance and Cost;;9125be68-ac71-49fa-a597-e529e11b2745
;;;Define Material Selection Criteria;7c6af28b-f914-40d0-b685-21efe8129b10
;;;Rank Candidate Materials;2036fd50-cc7f-462f-8e28-86409b30a3a7
;;;Conduct Sensitivity Analysis;f82e26cb-b325-478b-9739-64ad0efce4ac
;;;Document Material Selection Rationale;7be25e82-4754-4682-bb2b-a3f3539ef8b0
;Cell Design & Prototyping;;;9d5a44c8-dca7-40d4-9b5b-d8419a2c1f27
;;Develop Cell Design Based on Selected Materials;;e4ff9246-75a4-40a8-9b03-9ed685ce193e
;;;Fabricate electrode components;93b387c0-7959-4172-b35a-3cfbbb11a610
;;;Assemble battery cells;2c9f31e7-4eb0-4a5c-b186-9e5329f035b0
;;;Conduct initial performance tests;c7c37c51-158c-4e92-9b4c-9ed451276052
;;;Analyze prototype failure modes;6f326ad7-b101-411c-8c8e-edd386f02b92
;;Build and Test Initial Prototypes;;55ee0f50-257a-42f6-9e88-69b1999ce4c3
;;;Fabricate initial battery cell prototypes;5e2e0789-23f7-4328-b728-b50d10da80da
;;;Conduct basic charge/discharge testing;ddd43935-f459-426a-b7ef-4a11ebb80be6
;;;Analyze initial testing data;59ddb1f1-5c07-4120-af30-51157b203ddc
;;;Document prototype fabrication and testing;c84c4f6f-8d10-4c26-9149-cd391d152526
;;Refine Cell Design Based on Testing Results;;37ea152f-3681-4d62-8a7c-28f1f9908a38
;;;Analyze Prototype Testing Data;dec105f6-d651-430e-aed6-e76e5624076a
;;;Identify Key Design Parameters;9d0c3fe8-b24e-4ccb-b746-0d08f3f120f9
;;;Implement Design Modifications;f7879333-9d14-4973-86f1-8701a0ba86bf
;;;Update Simulation Model;9d8baeb7-2cb2-4ecf-bb86-658c63a84cc3
;;Develop Digital Twin of Battery;;57c5f73a-ed1c-4428-b176-8c22f40e89eb
;;;Define Digital Twin Scope and Objectives;fbb2a8b5-9bca-4985-8e0c-fbaa368ebdbe
;;;Develop Physics-Based Battery Model;00797016-c2d7-43d7-abc7-29af5fd33655
;;;Integrate AI and Machine Learning;538d9bb8-dcf5-492d-8fa4-36ec354b208b
;;;Validate Digital Twin with Experimental Data;084ea0a7-7a1d-4df7-a33c-2ff29b577369
;;;Refine Digital Twin and Iterate;9c76cf3d-206f-48b1-a986-10122941d2ea
;;Advanced Simulation and Analysis;;7e9ab8db-0c34-4bc3-9641-a2d8f90e97a0
;;;Refine Simulation Model Parameters;4cd08865-2f45-4e3f-8ae8-8895d338a640
;;;Conduct Sensitivity Analysis;13ed276e-b2e5-42f4-9bd5-67427010eedd
;;;Validate Simulation Results;ca1723ce-ffa6-4126-86a9-23f9c0fd4d31
;;;Optimize Battery Design via Simulation;ed130fa3-4dda-4b06-be17-f2902cc169d7
;Performance Validation & Testing;;;300a83da-6f24-4960-b9bd-ad871ca4aa08
;;Establish Performance Validation Protocol;;092edc7c-c321-4e54-8fab-990c517f1054
;;;Define Key Performance Indicators (KPIs);ffdb4b2a-2859-4a46-be9e-7956816f9ffe
;;;Select Testing Equipment and Procedures;4249349e-1af8-4248-8ab3-2859ff6450f7
;;;Develop Data Acquisition and Analysis Plan;3bc6b1fb-b90a-4b25-b273-42ac88d776b0
;;;Establish Safety Protocols for Testing;77df6aee-16b4-4840-a3c3-2720bba06493
;;Conduct Accelerated Aging Tests;;67e1ae52-09d1-49e2-a5de-58e42a41d99e
;;;Prepare samples for aging tests;93e5466c-0871-4ce7-bd9a-b4dcbd29202a
;;;Set up accelerated aging test equipment;ad3b357c-af21-4a1e-af98-8a5454199ff6
;;;Execute accelerated aging test cycles;c867174a-dcef-4e1f-a6bd-5b3dea4c81cd
;;;Analyze aging test data and trends;cf40b86d-64d9-41b6-8b7c-719f0618c761
;;Third-Party Validation;;f6273364-98cd-49c2-8695-485e51eb5cf5
;;;Select Third-Party Validation Lab;5d431025-0f97-463f-be13-817faa2f79bd
;;;Define Testing Scope and Requirements;fbdb984a-0c9a-4684-9b46-a77896e0ff3d
;;;Prepare and Ship Battery Samples;2acde2da-cbd0-4508-8f9a-569cc1f9964c
;;;Review and Analyze Validation Reports;4580c94c-7ee2-4159-beb0-35e877ea41f9
;;;Address Validation Findings;1ceb397a-474f-4ca1-92ad-9d685ca0f15e
;;Compare Simulation Results with Physical Testing;;70db4fd5-0a8b-400e-80fd-8c976eedf008
;;;Gather simulation and testing data;d6817c63-2098-47d0-8e95-4cd044a5e8d2
;;;Identify discrepancies in results;edbbd79e-0194-4be1-9d83-b2988d06e31c
;;;Investigate root causes of differences;9f11c806-ceeb-4c92-8235-ea511bf3e844
;;;Refine simulation model and testing;25b34c18-cf8c-400c-b11a-4d670acb376c
;;Analyze Performance Data and Identify Improvements;;43a14f35-3686-4e07-a68f-0a0fb94fe2c1
;;;Clean and Organize Performance Data;aa70c46f-a723-40be-81b6-8ceeafbd00fc
;;;Identify Key Performance Trends;d3566636-7f7a-4ceb-9f2a-8227d21738e5
;;;Relate Performance to Design Parameters;51a2cb70-ef70-423b-8585-13cd852e2778
;;;Propose Design and Process Improvements;7db7fa96-556a-4717-ad02-8f7955c7d31f
;Manufacturing Process Development;;;830ee49a-4245-4a76-a622-83f3a8dcb68a
;;Evaluate Existing Manufacturing Processes;;8c7be591-c24c-42cc-9ded-0a753d217e07
;;;Research potential manufacturing processes;89f25329-42e4-423c-acde-60612f87820d
;;;Assess process adaptability to new chemistry;55d31e25-ea6c-4687-92b6-3cfb20e109bb
;;;Document process limitations and requirements;5b827dce-2cfd-4cf6-acea-404d1ed738c6
;;;Identify equipment and material suppliers;5b0a1b14-fbd4-4e2c-b2b8-96dd1c382bbd
;;Develop Novel Manufacturing Processes;;367adc00-5a58-4a1b-9ab8-2a65e97b248b
;;;Research novel battery manufacturing techniques;2fbebbc5-7b05-437b-b09d-9a193a6e9e00
;;;Design custom equipment for new processes;828e64a9-7f2c-4fb3-b56c-837f2a85097f
;;;Fabricate prototype manufacturing equipment;91eb19cb-f6aa-49ba-b8f7-07dd6570cd61
;;;Optimize manufacturing process parameters;0ab4a0ee-d943-49a0-a6b4-9008b0673dfe
;;;Assess scalability and cost-effectiveness;96b49b63-f47b-4ad5-a6fc-0229914512ac
;;Manufacturing Process Simulation and Optimization;;1a8dfd4e-0cc1-4364-b222-36c2701e0d55
;;;Define Simulation Objectives and Scope;a801a550-6f49-426b-9fd0-209b64a02bc4
;;;Develop Simulation Model;a1cb0466-20de-4a23-b045-9a36faa786f4
;;;Validate Simulation Model;6022f0c9-5ad3-4932-82c0-70708626641f
;;;Optimize Process Parameters;a4ba80ef-5a6d-4d9b-9f59-bbf92bfd1bc2
;;;Analyze Simulation Results and Report;28370189-fa1f-4444-a8f3-a01b1992df07
;;Pilot Production Run;;62369ceb-291a-4f0b-9646-aed35dcc2814
;;;Prepare Pilot Production Run Materials;2b010314-03f2-4ad1-b659-7c33f95b8321
;;;Set Up Pilot Production Line Equipment;b5be02cb-c81d-49c5-9a3b-10705c5475b2
;;;Execute Pilot Production Run;4a388fbb-43bf-4294-921d-53fc41472283
;;;Collect and Analyze Production Data;4cc64614-07ef-4982-8d54-6ad97665f64a
;;Manufacturing Cost Analysis;;8b3d747c-a0a0-4aad-b59f-a286986b4306
;;;Define Cost Categories;2dca7cf0-1f8d-4398-ae5b-b9618a12f34b
;;;Gather Cost Data;a9556005-faad-4ac0-904c-7f049d38db54
;;;Model Manufacturing Costs;84652c07-47f9-4a79-b4c8-11afb9a43d41
;;;Analyze Cost Drivers;c5a9303d-1682-4d09-a94d-8b153c359808
;;;Refine Cost Estimates;c14a0e99-dcec-4bca-99e5-bc0bebe111f9
;Safety Protocol Implementation;;;1d9e5272-fc46-42f8-9e65-49433ff3e5d5
;;Conduct Hazard Assessments;;632cf1d5-17f9-4808-a5d3-29142affd876
;;;Identify potential hazards;76978b1c-76c5-4892-93e7-68dd2d3352be
;;;Assess hazard severity and likelihood;1fbb3550-c009-44d3-8c2f-f5bc6fcfc01d
;;;Document hazard assessment findings;c94e9a49-e759-4efc-ab86-a2bf59bad2ee
;;;Review and update assessments regularly;52b48765-1692-4492-b502-0f0873e6ca48
;;Develop Emergency Response Plans;;cae3b3ba-5065-41e3-926c-2ea65fec7208
;;;Identify potential emergency scenarios;69672086-3f33-42d8-b3ad-ce8350b0aaaf
;;;Define emergency response procedures;06c2d287-2309-409e-8e50-cf0373245ab2
;;;Establish communication protocols;b63887c5-00c3-4a4b-b832-0e10e83ca4a0
;;;Document and disseminate response plans;a6657a5c-6c55-43b8-a64a-053b497dc2c3
;;;Conduct drills and simulations;4040b97a-22a0-49c0-9660-f7977b9c8f34
;;Implement Safety Training Programs;;9fba77e0-1c66-43c3-b524-2318b07a8a0d
;;;Develop Training Materials;7dce7382-c37e-4991-b0ac-353e0f3a48be
;;;Schedule Training Sessions;563008e5-168f-45cc-8614-8292706c4659
;;;Conduct Training and Assessments;3c67295b-a940-4321-967f-44b00c1dbfa3
;;;Document Training Completion;4be5780e-ba6c-43a4-95f7-8af5268e7db5
;;Conduct Safety Audits and Inspections;;b1309b25-304e-45b9-9728-771c95218dbd
;;;Prepare audit checklists;5499447f-8a26-4652-b68e-1d79c837de04
;;;Train auditors on procedures;be8ccb9e-d867-47ec-894a-b428831ee408
;;;Schedule and conduct audits;c94af6c4-4e23-4ce6-a447-e8b79e4c5d7d
;;;Document and report findings;67abcab8-611f-4e12-bc10-8dbd0f2831ed
;;;Track corrective actions;53a6c2de-30cf-4f74-87de-5b62460e3433
;;Incident Reporting and Corrective Actions;;570877b7-e814-4ae0-ae62-8433576ae899
;;;Establish Incident Reporting System;33aeedd8-0547-423b-a60b-e140d49e64ce
;;;Investigate Reported Incidents Thoroughly;b31c2126-13a8-4b57-9413-b40788d67311
;;;Implement Corrective and Preventive Actions;e68f779c-7d82-4b88-8485-8a8ebfffb25c
;;;Track and Evaluate Effectiveness of Actions;40957e46-3585-4e92-bf89-3b8154881751
;Project Closure;;;e1e672c9-036f-42fb-92a3-8ad282be66da
;;Final Performance Evaluation;;df74ca6b-f305-4a1b-b774-21b9822b1950
;;;Collect all performance data;bc01563a-fba3-423f-b7f7-b6c179a3689b
;;;Analyze performance against targets;7f973708-64a9-49b7-8c22-22316367726e
;;;Document evaluation findings;08dd8ef0-3195-4b46-bd2a-b316021deed6
;;;Identify root causes of deviations;d43d48ef-6ffa-4c7e-9b45-8272c62d4afe
;;Documentation and Reporting;;945ad9dd-1bb8-49d3-9405-15f004444aeb
;;;Gather all project documentation;097dbc13-0de2-4dfd-aebb-88b255176200
;;;Consolidate data into a report;58db46f1-9dbb-44d9-baac-9f42b2a49cd9
;;;Obtain stakeholder feedback on report;f2b00370-7b01-4352-89f5-9e07c0109b1a
;;;Finalize and submit documentation;1bbc048d-0768-41f9-9f31-beaf6815659b
;;Knowledge Transfer and Archiving;;473c2eee-0dbf-4591-b99e-c1c53dad7999
;;;Identify key knowledge holders;a9c55002-e9a7-4109-aaf4-6949ef65dab3
;;;Document key findings and processes;42c8a069-96c6-47a3-b93a-757af5be4aef
;;;Conduct knowledge transfer sessions;d8f2e641-066d-4f5c-8128-0e5ce33be4b7
;;;Archive project data and documentation;21faa145-a3d2-472e-8263-6385101b5c07
;;;Validate data integrity and accessibility;dde6310e-e3da-4826-952c-ceeebc45e59e
;;Final Stakeholder Review;;1dac4ee2-1ecf-4851-b7e6-66bc187ef17b
;;;Schedule final review meetings;8d5a344d-37a1-401d-be27-088706b99075
;;;Prepare review materials;426a38ce-c782-4778-9bc1-f09dbe75009b
;;;Conduct the final review meeting;4afdf894-6cfd-4d2c-9e4d-0efdca7afad5
;;;Address feedback and finalize documentation;d21c1f08-7ab2-485c-9ebf-cc6a6a4fef71
;;Project Closeout;;4578d5f2-cc14-4359-a3d0-95e202d8691c
;;;Finalize all contracts and agreements;29af42dc-4634-4422-9a0d-fb6327063c48
;;;Dispose of or transfer project assets;3aef6783-bdea-4442-8550-404656c5c4a7
;;;Reconcile all financial accounts;a65f8b56-c0ac-4edf-baa1-a7b9c3b8dee8
;;;Obtain final sign-off from stakeholders;a2a5c61b-8ed8-4dae-be31-2bdff3125df6