Level 1;Level 2;Level 3;Level 4;Task ID
SkyNet Sentinel;;;;cdb2ed36-72af-4532-a0ae-5331a7bd7f4c
;Project Initiation & Planning;;;2500fa37-529f-4203-92dc-685eac765baa
;;Secure EASA Approval and Establish Steering Committee;;e521f3f1-ac24-47db-8d9e-4a44945cd4fe
;;;Engage with EASA early and proactively;dc031550-809b-439d-93c0-03811ddbeaf3
;;;Prepare comprehensive documentation for EASA;3af6e089-343e-416d-bc69-b53a42be1feb
;;;Identify and recruit steering committee members;b800b93e-980d-484c-9731-68c62e77f105
;;;Establish steering committee roles and responsibilities;94223fbf-1f6f-4890-965d-14f9cfaf7636
;;;Secure preliminary funding commitments;6f7079b1-a3fd-4b58-b1f6-a3647cff7ede
;;Define Project Scope and Objectives;;3852a0e4-eab8-4fa0-924a-864488d8ca8b
;;;Identify Key Stakeholders;d017cf91-077a-49ce-a6a4-afbc78d6204f
;;;Define Measurable Objectives;ac18ef85-1f97-4a93-81c0-61accd4a3daf
;;;Establish Scope Boundaries;6dcea199-1361-48bb-bfee-521b3d1d4b92
;;;Document Assumptions and Constraints;340ad3ed-2577-4e07-8e89-b0f18b181582
;;;Develop KPI Framework;716ae314-6bc9-41cf-87ce-80f9df789187
;;Develop Detailed Project Plan;;35dc57c3-b0ac-46f7-9d02-6d177dfa530e
;;;Define task dependencies and milestones;0d9c7b30-f0f7-4fb4-921a-6a3289d08638
;;;Create detailed schedule with resource allocation;63eacb18-281b-4810-aca2-3bbccbc501b0
;;;Establish communication and reporting protocols;7981acd4-9f36-425e-9126-c23e099b0c3c
;;;Develop risk management and contingency plans;861d105e-3242-4ec6-98a0-862b1da417d9
;;;Document assumptions and constraints;161e04b7-795f-4f49-b0db-af8db4ca7a9e
;;Establish PMO;;b2c398fa-a95a-476d-9fbc-515419363e8d
;;;Define PMO scope and responsibilities;f0d04920-2cc6-4aaf-992a-cf6d99020566
;;;Develop PMO charter and governance model;05e74590-6e90-4526-88ed-484d677fd4b2
;;;Recruit and onboard PMO staff;0b163911-6bed-49f6-a3c9-0d282c0eed02
;;;Select and implement PMO tools;fe967d76-a272-4644-854d-d941afd85b6c
;;;Establish PMO processes and standards;c5f31cca-527a-452a-8d61-29e9f8fa881d
;;Stakeholder Analysis and Communication Plan;;cb698e39-db4f-41c0-8182-c5a1e9d791d4
;;;Identify Key Stakeholders;77a0f045-f69c-4a1f-ac76-f75640c9d4b3
;;;Assess Stakeholder Interests and Influence;b1cb4948-689e-4474-ae7a-b100b46c069a
;;;Develop Communication Strategy;6ef68f36-5b05-4053-b2e6-a06c7bf349f9
;;;Establish Communication Channels;a07dfe6b-a1da-4a8c-ad1d-4c9cdaeed749
;;;Implement Communication Plan;820748f3-30b4-448b-a8c9-fcf7be71d980
;;Risk Assessment and Mitigation Planning;;d7ddf2a4-0d03-4c61-a3e1-8d3e967fff09
;;;Identify potential project risks;c4339300-c2fe-4036-8a14-fade6f3c38fd
;;;Assess risk probabilities and impacts;fe69cee3-c6fe-4b97-bb84-49c755f476c3
;;;Develop risk mitigation strategies;17a639a5-3a2e-484f-b6d9-571cda610dd6
;;;Create a risk response plan;d08dd812-874b-4cb3-a118-811c1dc9c076
;;;Establish risk monitoring process;4065f8a3-7a69-4487-93e8-1cb1bab58b82
;Requirements & Design;;;931f6085-72c1-4b4f-a052-fb7b9a0fdc2a
;;Define System Requirements;;82148128-dd65-41fa-b05b-da2fbd88b201
;;;Identify Key Stakeholders and Their Needs;bc031730-7c7a-4f55-91bc-b5e3aa8fb079
;;;Define Functional and Non-Functional Requirements;0d0e390a-ccab-415e-b380-1da2f3b61dc0
;;;Document Operational Scenarios and Use Cases;c0562180-45b3-4f9d-bb78-e5ef4326325b
;;;Establish Performance Metrics and KPIs;0a116a7d-b375-406c-b4a9-f1ba593b4e67
;;;Document Regulatory and Compliance Requirements;37c0270b-6a5b-476d-9b5d-d4591fafe877
;;System Architecture Design;;20ff51d0-0efa-4823-a5c9-c9734c554e50
;;;Define System Architecture Components;98a30b5f-4ce4-4333-a2fc-145842a7c009
;;;Design Data Flow and Processing Pipeline;fb4c11c8-3384-4777-9ffa-411fb360feae
;;;Develop Communication Architecture;4b3f516c-2c38-4114-8b72-b4cb6609a270
;;;Define System Scalability and Redundancy;8401d663-939c-468f-a3aa-0aaeba4f1d41
;;;Document System Architecture Design;abfb2a04-8871-4dd1-b4eb-57687fb6a61a
;;Cybersecurity Architecture Design;;8c02a918-84ec-4dc9-965a-1f63d27e027c
;;;Define Security Requirements and Architecture;2587055d-38ff-432f-baee-cb7996199843
;;;Implement Zero-Trust Network Segmentation;ff4765e3-8f0d-4b1f-a508-284eafd1e4d2
;;;Implement Identity and Access Management;01e8d2e4-7de6-49f7-997c-ddf02a7c09db
;;;Implement Data Encryption and Protection;2a150e12-ceb6-4c5a-9f91-648fe43733a2
;;;Conduct Security Testing and Vulnerability Assessments;f5502695-4ec3-4acd-b324-952cd67df65d
;;Data Governance Framework Design;;eb2dbf43-f7fa-4062-b9ac-0c5d2aae1399
;;;Define Data Governance Principles;90ac9099-b74a-4ed5-b198-80823765ce5d
;;;Classify Data Types and Sensitivity;a24b7def-07b3-40cc-b647-156e0fa3d573
;;;Design Data Access Control Mechanisms;825b4fcf-f86a-48c4-a9e6-f9e5a0bee1ec
;;;Establish Data Retention and Disposal Policies;508024e6-d2e7-4607-b4f9-e4d47151008b
;;;Design Data Anonymization Techniques;938af678-6c72-43d7-9b5c-f63cedca7bee
;;Sensor Fusion Strategy Design;;d3f4819e-399e-4baa-986d-62334735e110
;;;Identify Data Sources and Owners;ec64b422-3408-4977-94fd-2017abe862c2
;;;Define Data Quality Metrics;e38c6dde-fbfb-4dbb-8483-5d8d1ae88b19
;;;Establish Data Access Control Policies;26122c31-04ba-4779-87c8-9972c35c4fed
;;;Design Data Retention and Archival Strategy;bd8a6fc7-9efb-44d5-b262-c6f73c2a6964
;;;Implement Data Monitoring and Auditing;7b4b3683-b226-4b91-ad7b-7e49dbca48ff
;;Calibration Methodology Design;;b7edfc86-e70f-4caa-b2e6-fdf272a751ef
;;;Define Calibration Accuracy Requirements;301db38f-d506-4851-b783-d242a37be112
;;;Select Calibration Hardware and Software;cb5bd452-836b-4ba2-b4ba-1f54a6356a78
;;;Develop Calibration Procedures;dc979110-b28a-4612-a328-91f12ec0bd05
;;;Simulate Calibration Performance;97d917b4-7564-4c2a-891f-8c03bd60a023
;;;Test and Refine Calibration Procedures;8c8a3190-66da-4b1b-81d0-227ddfc721f8
;;Deployment Density Strategy Design;;aacc187f-26a5-48f2-9fb1-1e09f7d6d820
;;;Analyze airport layout and constraints;4f736f1d-bfaf-4dbe-b6ba-24e6c6e470b9
;;;Simulate sensor coverage at varying densities;2296ddb7-50d3-4604-ba0d-17fb8142d23e
;;;Cost-benefit analysis of deployment densities;a7e92778-abce-4915-a5a8-974df05a4a9d
;;;Involve airport security in placement design;5fac3e97-67d2-402b-89d9-937beebb78d8
;;;Optimize sensor placement with site surveys;50cae4f6-0369-40cb-ab99-67c3ca9b1c44
;;Countermeasure Integration Design;;3a79f511-f611-4019-8eff-6363549a61a1
;;;Define Countermeasure Integration Requirements;4ff13aee-3a05-40a8-8891-a417f1df1429
;;;Select Countermeasure Technologies;c49e7092-6415-4b11-a801-56d7e48374ce
;;;Develop Integration Interfaces;3b3af98f-982f-4698-9b01-2215949f7cc5
;;;Test Countermeasure Integration;26d66ac2-6195-4788-b74d-465c2142ceaf
;;Deployment Phasing Strategy Design;;dee794b5-b1de-4824-b190-4eb877660b16
;;;Define Deployment Phasing Criteria;6487de9e-a679-474a-a0f6-2cfa4f532e83
;;;Assess Airport Readiness for Deployment;175c673c-ed3b-40b7-88cf-01080a0cc693
;;;Develop Phased Deployment Schedule;28fc4b5c-128b-48cd-ae0a-598b0e13bd47
;;;Secure Airport Authority Approvals;1286986b-6ae5-4ebc-b6f0-ea890fa032a3
;Procurement & Vendor Selection;;;3f1cac4e-461b-4193-9267-b6f8720e483b
;;Finalize Sensor Procurement Contracts (Lots A/B/C);;ac7c59b6-106b-4876-af62-e70b27d31e04
;;;Prepare sensor procurement documentation;5bda4001-7e13-4677-8276-b512af407ac5
;;;Negotiate sensor contract terms;ce70e555-b068-41b8-99b1-c9c1fa20964f
;;;Conduct sensor supplier due diligence;223ac484-7033-40d5-8f2b-becf524e76fd
;;;Finalize legal review of contracts;a2b83470-0185-46c6-879e-6d27a6abc511
;;Establish Framework Agreements with Integration Vendors;;8bfd227d-4d52-4a8d-b842-0bec6979a3ab
;;;Define Integration Vendor Selection Criteria;2999d548-164e-46e3-b971-fb3778658e16
;;;Develop Integration Vendor RFP;ab4a8e65-c24a-45f8-ab8e-6c926eac47ac
;;;Evaluate Vendor Proposals and Shortlist;50a36502-1ccf-4ec0-9635-400e9afed6ba
;;;Conduct Vendor Interviews and Due Diligence;40d7160b-83c1-4c81-9a5c-f183d834047b
;;;Negotiate and Finalize Framework Agreements;9b9d82d0-4d3e-43c4-b1c7-e05e73c88567
;;Establish Framework Agreements with IV&V Vendors;;c2822151-48b9-4e82-9559-f35c2428261d
;;;Define IV&V scope and objectives;4dc85685-19b9-432a-b309-0f46166a1c91
;;;Develop IV&V test plan and procedures;78cd56be-e1cd-4cdc-89bc-4f8acf468436
;;;Evaluate IV&V vendor capabilities;639d1590-c929-4547-883c-0ff95b85e1a6
;;;Negotiate and finalize IV&V agreements;e7f8faf2-c489-4f0f-b098-9aa09f0b2ed9
;;Procure Hardware (PTZ Cameras, RF Sensors, Edge Nodes);;018dbe22-769d-4e99-8a18-4aea58d406d7
;;;Define Hardware Specifications;8f5fdeec-1c27-4037-86e6-84cd61c313a2
;;;Identify Potential Hardware Vendors;86b2365a-31bb-4279-a870-f40500934eba
;;;Issue RFQs and Evaluate Responses;b91d1530-44a7-4bbf-b956-17ace278a1e9
;;;Negotiate Contracts and Finalize Orders;b5d2826b-593b-48e3-b737-527566745e5b
;;;Manage Hardware Delivery and Acceptance;1d0fb20e-ccca-4383-8e4c-326944f75372
;;Procure Software Licenses;;9b5b2f5a-b159-4950-b210-e39971cf3351
;;;Identify required software licenses;5ec5a98e-ccaa-4c84-8e42-1dff5ada2a8f
;;;Negotiate license agreements with vendors;75690671-a48f-4f39-ae03-72579282280b
;;;Verify license compliance and compatibility;019c8387-490b-4c92-b2e9-36a407c70a81
;;;Manage software license inventory;88ef9052-cc28-4564-85cd-e957f5db8cbd
;Development & Integration;;;1b18cc31-c4c5-41d4-8b0a-e77720103b21
;;Develop DLT Triangulation Algorithm;;398cf252-5e92-4511-b733-5712b0789679
;;;Define DLT triangulation requirements;5688eb71-9e6d-4e13-b9b2-a0351942fab7
;;;Design DLT triangulation algorithm;0caa9e89-d0ad-4e2f-a65e-76fd91b75b74
;;;Implement DLT triangulation algorithm;350fd75f-273a-4a69-bdfa-f0c75d6100bb
;;;Test and optimize DLT triangulation;b4aa91a7-31d8-4f37-9f64-2881ccdf1680
;;Establish Zero-Trust Cybersecurity Architecture;;048c1d32-7454-4f82-a0d0-d4049857b5bb
;;;Define Zero-Trust Principles and Scope;d5d843a7-58f8-44fe-b689-070eaf186520
;;;Map Data Flows and Access Control;be637621-9bb6-4a5b-bcd5-5febbd9ca714
;;;Implement Micro-Segmentation;d540d897-24fb-4345-b881-e5b3a62499d7
;;;Enforce Multi-Factor Authentication;af02ed70-f8f7-48b3-beb6-237d41ec79aa
;;;Continuous Monitoring and Threat Detection;b5c2a79f-6eb4-47ba-9f30-d11b96519d4c
;;Integrate Sensors and Edge Nodes;;c553b13e-7f41-4c31-b373-f6c843fcd069
;;;Prepare sensor integration environment;9ca4d444-0823-4e0f-a70d-61a38e99fb3f
;;;Configure edge node operating system;e4151522-b7c6-4c75-b83b-e778bc0d8a0b
;;;Establish secure communication channels;69ccc475-b0c7-4ca4-bec5-26b04376677f
;;;Test sensor data transmission;a549e871-08bd-4a4d-b576-6eb23ead5397
;;;Validate data integrity and security;ea17c4a6-0bff-49cf-9d42-511b8cdb1161
;;Implement Sensor Fusion Strategy;;f6c40955-0a8b-4afb-b395-3f7ff8bb1f29
;;;Define Sensor Fusion Requirements;57bc0641-77ac-4674-886f-b489b8279c0b
;;;Select Fusion Algorithms;adcff08f-1a2b-4898-b2ac-03f7b1a0a9d8
;;;Implement Fusion Algorithms;d9217ffc-5769-4848-9dbd-78bf9039a120
;;;Test and Optimize Fusion;7738faa7-85c2-4470-96e3-0ba5e22c5db9
;;Implement Calibration Methodology;;c4f5bb42-88b6-4700-b53d-3b854ce54f30
;;;Define Calibration Requirements;a0f27412-10de-46d9-b212-1f6194d06d44
;;;Develop Calibration Procedures;695393fe-43b1-472d-b133-bf71db0a5617
;;;Implement Calibration Software;2afc12ec-0480-4f00-a24a-2f4054301452
;;;Test and Validate Calibration;3be0d39e-a914-4c53-8f94-306d0bd5837b
;;;Document Calibration Methodology;18308a80-d08a-4217-97de-0f3326a34748
;;Implement Countermeasure Integration;;5f0b7132-8585-46c2-bb04-a8b7c10eeb4f
;;;Define Countermeasure Integration Requirements;3da544d2-5524-4fd0-997c-503b78708411
;;;Develop Countermeasure Interface Specifications;c1323ee9-8d34-40d8-9fed-9a172c1905df
;;;Implement Countermeasure Control Logic;448c7ae2-3e48-482e-a2a0-7275a851802c
;;;Test Countermeasure Integration and Performance;a2e172cc-9285-4732-bedc-975c7add4012
;Testing & Validation;;;a6ea171b-61f7-4b2c-9460-918d2d9ef658
;;Conduct Unit Testing;;90dec03a-7b64-4d9c-ba36-878ff4062337
;;;Define Unit Test Cases;2522d36f-45ff-4ed6-96c1-950a4074e836
;;;Implement Unit Tests;5b0db157-0306-453f-aad6-5e9cba7d28cf
;;;Execute Unit Tests and Analyze Results;daf0f265-393b-4f21-b5b2-e0f47b1d6e18
;;;Document Unit Testing Results;7068c464-0cf3-440f-aa5b-9de1d1ef273b
;;Conduct Integration Testing;;e42a60a6-21a1-47c2-a1b9-d52c2933df78
;;;Prepare integration test environment;3a86d267-8a00-4614-b0b2-e8b1d284ff99
;;;Develop integration test cases;3a528ef3-322a-4f5e-b40c-17041fb6f415
;;;Execute integration tests;4c538c93-c932-4eb6-ba04-53f16b76f35c
;;;Analyze and resolve integration issues;fa5cb22b-bc95-4449-90d3-71d75d0f37f2
;;;Document integration test results;bebf89d0-7399-47a9-9ee1-b5629beb7525
;;Conduct System Testing;;415b600a-b4ca-42ec-a411-882b6c9dd2d2
;;;Prepare test environment and data;e4b09bee-86df-46c6-a56c-e8503774a28f
;;;Execute system test cases;1eb09ed5-d3e0-4d09-b086-89e550381985
;;;Analyze test results and report defects;4c8876d4-6d5d-45e3-99a5-772e71399f9a
;;;Verify defect fixes;1a368c8c-d2b0-463b-9ea6-90e55fb57f7c
;;Perform Cybersecurity Testing (Penetration Testing);;a1e9183d-d403-434a-bc92-e993f4a74e2a
;;;Plan IV&V activities and scope;b3171aa8-1024-4f72-ae88-0af1d58766e1
;;;Review system requirements and design;f23c18a4-7d70-4001-86de-5c94b5066380
;;;Conduct code and configuration audits;1fda78db-459e-4c51-acd3-5990b26e0308
;;;Perform independent testing and analysis;8874bab0-fd60-489b-ab66-3ab139ecbfc9
;;;Report IV&V findings and recommendations;b1d3e58d-063c-4d1e-b92f-c389a7805d60
;;Perform IV&V Activities;;10dc3c41-125e-43ef-bcfa-28164a20a634
;;;Plan IV&V activities and schedule;20cac4fc-6ae8-4972-88d7-7d6c7b371b3d
;;;Review system requirements and design;adf2b88c-b429-4cb4-8b95-c880873ebb0e
;;;Execute IV&V test cases and analyze results;3c7a0df1-dc34-4bdd-aa84-beb6af661643
;;;Report IV&V findings and recommendations;31e0cf82-c49a-4257-a178-ecb64a27049d
;;;Track and verify defect resolution;e63b9ac7-aaba-405b-956c-74336a6a725b
;;Validate Deployment Density Strategy;;6568b85b-ba11-40cf-a721-ac945b3d650a
;;;Define Deployment Density Test Scenarios;3484fe7b-8974-41ca-8d72-dedcaeb923fc
;;;Simulate sUAS Traffic and Sensor Coverage;bc31af15-7202-4bb6-b86c-b65d7a519e80
;;;Analyze Simulation Results and Metrics;09084ada-38c4-466d-b4ed-79f4c636206a
;;;Document Deployment Density Validation Results;44d135fd-d1b4-409f-b3d9-95c8126c72f8
;;Validate Cybersecurity Hardening Approach;;877ef03e-0489-4780-8ea1-fb11a01e4b29
;;;Simulate common cyberattack scenarios;a342f1ae-d10b-4f12-a5af-79fe2ed583ea
;;;Conduct vulnerability scanning and analysis;a175c2c7-586d-44f0-9b3b-6e04c800f459
;;;Perform penetration testing;38030461-09f2-444b-a4e4-278eaa34536d
;;;Review and update security policies;128f0565-b2ca-4c67-901a-181f411cf667
;;;Implement security hardening measures;94b74f6e-a6a8-4bdf-8c7f-1fd4ea3875bb
;;Validate Calibration Methodology;;1b736379-6c1b-4efe-8ed0-82376b4e925d
;;;Define Calibration Requirements and KPIs;1d119e38-7e24-42f8-8ed4-23513766eb8e
;;;Develop Automated Calibration Procedures;3b52d202-a1cd-4838-8420-5136fe91a6ee
;;;Test and Validate Calibration Accuracy;1ac8791c-3e94-4e15-a345-8072177c594c
;;;Document Calibration Methodology;0acc93fe-3051-4179-8a86-f8cd445698e3
;;Validate Deployment Phasing Strategy;;94bbc79a-7d99-4bde-a2c4-5b6e38b4ceed
;;;Define Key Performance Indicators (KPIs);0e6a3a14-baba-4cd7-a3f8-5fb2f8023216
;;;Develop Simulation Scenarios;76d98067-93b1-4b07-9281-b9bdd75a73c4
;;;Conduct Simulation Runs;89355d1b-77ba-4b1d-9107-5b2d82bb15e5
;;;Analyze Simulation Results;534684ad-1dfe-42b1-bf76-ab9d1c8ad4b5
;;;Expert Review and Validation;4b8241e7-f53c-4cd7-a00c-700d3e4577e0
;;Validate Countermeasure Integration;;3488ed50-849d-4b3b-a75d-1a45bd85c5a5
;;;Define Countermeasure Integration Test Scenarios;40d3ca11-9d70-400e-887d-ee88aeca3058
;;;Prepare Test Environment and Data;14856763-2138-4530-83a7-56b9c588ff23
;;;Execute Countermeasure Integration Tests;3fdae467-6567-4031-b92a-cae60931a1f5
;;;Analyze Test Results and Identify Issues;2d085847-f00a-4a1c-8c31-089d6e3b668f
;;;Verify Regulatory Compliance;cb42595f-f0f0-407f-88e3-060270e93b69
;;Validate Sensor Fusion Strategy;;3d68c4c1-4567-4928-8af0-ab1d9c0f5b71
;;;Prepare sensor data for fusion;bf1fda45-42c2-4766-ab93-97d885e82497
;;;Implement fusion algorithms;1f66a660-9a0b-4e3c-80b6-12a9c2bc3e1a
;;;Evaluate fusion performance;873d1a84-0a9c-46a2-a5a0-1c54080ecb90
;;;Optimize fusion parameters;066172bd-de3f-4c60-b344-bba731b9ca71
;;;Integrate with DLT triangulation;53e4ad17-a522-4e8a-9359-6df8042aa9bf
;;Validate Data Governance Framework;;14793eae-d185-4c9b-b498-5ad53911152d
;;;Define Data Governance Framework KPIs;f446251a-ded5-46bc-9547-85798de69c3a
;;;Simulate Data Flows and Privacy Risks;8d9857b1-b097-4604-a8b3-ee5c55850d6c
;;;Assess Impact on AI Model Training;9d74ef3a-8aa7-4db9-9ffb-71ae80b32906
;;;Expert Review of Framework Compliance;29dc6555-b0f1-4db8-a0eb-c5609ca8a657
;;;Document Validation Results and Recommendations;2809c28d-9ef9-46a3-b05e-3b9c2fbe38da
;Deployment & Operations;;;50d3170a-b256-4217-83b7-6207190ec397
;;Complete Site Surveys and Secure Access to CPH and AAL Airports;;7f26a5eb-9713-4986-963e-720656f5630b
;;;Coordinate with airport authorities for access;fe42e51c-3236-46b4-afe4-bb1019862a19
;;;Conduct pre-installation site assessments;e48e7e61-a2f5-4108-9030-d98273e49ee5
;;;Prepare sites for system installation;12c6d502-20a9-4187-ae32-5dc4a0c5c63e
;;;Transport equipment to CPH and AAL;f7f0fcad-5043-45cf-bab3-7edb700772fe
;;Deploy System at CPH and AAL (Phase 1);;1c74ee14-8f52-4880-a84b-6d466a3ffe37
;;;Prepare CPH and AAL sites;71c85b8b-914e-4d4a-8583-e6a34b43c8fe
;;;Install sensor clusters at CPH;158de03e-e65d-4902-a483-6a7ad90ed72d
;;;Install sensor clusters at AAL;2ccb1974-fdd0-4766-936b-d82251095ca0
;;;Integrate system with airport infrastructure;984a964c-5bce-4d03-b265-b9e37a2dca61
;;;Initial system calibration and testing;2a072cf6-f19c-46b0-8ea5-ae80fe9ed338
;;Conduct Pilot Acceptance Testing;;529d94d1-c0aa-40c6-b027-fccdf78148a0
;;;Define Pilot Acceptance Test Criteria;f4ecad9a-adef-4f65-a9b0-bfbc6218148d
;;;Prepare Test Environment and Data;c4fdd2fa-7f0e-4cd2-b711-03e07c09f655
;;;Execute Pilot Acceptance Tests;653c4d57-3e40-400b-b714-b9b21bd84b04
;;;Analyze Test Results and Report;8e4ef0a8-eb13-4fcc-8503-a910cc418239
;;;Address Issues and Retest;1aabe5a1-f0ca-4b63-8b3d-dba9d241eb9c
;;Down-select/Production Readiness;;7a129f3d-63ee-41fb-8da3-a5101a01035b
;;;Define Pilot Acceptance Test Criteria;a0b6ffe0-0079-4dd9-a5ac-cf1ea9296079
;;;Prepare Test Environment and Data;458e4305-06f0-4b36-9a4c-22ba11451468
;;;Execute Pilot Acceptance Tests;54f7774b-4beb-440f-b2aa-209af09044d9
;;;Analyze Test Results and Identify Issues;72eb7a62-892c-477b-bdbc-2cf345427f42
;;;Address Issues and Prepare for Production;b9502a31-04e1-4695-92c7-b905b9bdbfc0
;;Deploy System at Remaining Airports (Phase 2);;efffd48f-c722-4686-875a-db793f0f77ed
;;;Prepare airport deployment checklists;3ff8d0b4-8f11-45ce-bebf-c9818d8d2bd0
;;;Coordinate logistics for airport deployments;57ee9dbb-fbde-4632-85d9-c6cdcc696f91
;;;Configure and test system at each airport;ba338dd5-b61a-40c7-b255-9f3eab61381f
;;;Train airport personnel on system operation;9395a548-b5aa-4e7e-ad16-af83c64e85fc
;;Achieve EU IOC;;8f6d39e5-9ec1-4802-aa3a-86d65e41bf5e
;;;Define IOC performance metrics;b43c892a-c520-46f4-89f6-6d7f6ff5e117
;;;Conduct IOC readiness assessment;71439cc2-6c6d-4b93-8bd2-a0388abcf077
;;;Address IOC performance gaps;659214ac-a25b-457b-94ca-5725a48d81e1
;;;Obtain EU IOC certification;8813c027-fcd8-49d1-ab64-0bea56427e75
;;Achieve FOC;;ec4b0980-17e7-410b-80d4-64a9cf7958c1
;;;Finalize system configuration and settings;55b34d7d-d137-4bf4-b638-13825c84c9cf
;;;Conduct final system performance review;7cbaa13c-ffdb-439e-b08a-a3c760fcd5ae
;;;Obtain final regulatory approvals;bec8bed6-5ad8-422e-b4e8-ca001edbd58c
;;;Complete user training and documentation;ca600ff4-c29f-4ce1-8f85-663a3e3f31cd
;;Ongoing System Maintenance and Support;;ac11d1e1-2961-40a4-9ba4-ccf5454ca56b
;;;Monitor System Performance and Health;5ec52391-1cd7-4219-8f62-ecf8591804fd
;;;Apply Security Patches and Updates;3f68e792-db3a-436c-8062-329e54e40326
;;;Perform Routine System Maintenance;6e2570c1-f817-4c43-98d0-40ae61fe8144
;;;Provide Help Desk Support;ba01a166-c1fd-4992-8bdf-6cc6c7c3b02b
;;;Manage System Configuration and Changes;1df8a17c-d55f-4094-812a-f5baafaef20c
;Regulatory & Compliance;;;fc5322e6-ca33-411d-b3f1-41c7d4c68d2b
;;Obtain National Aviation Authority Permits;;915f9717-87f9-4952-83d2-204136385041
;;;Identify applicable aviation authority;de5bd5e1-d5a4-4679-9b4f-9922024befa0
;;;Gather permit requirements per authority;dbd732f4-b951-4630-b08d-dcf3c7f4b6b7
;;;Prepare permit application packages;76764661-440b-496f-8545-39807af38231
;;;Submit applications and track progress;8406fa8d-ee6d-4786-92b1-009117ae7e79
;;;Address authority feedback and revisions;6e3faafa-83aa-4bde-be5d-81bc1a927eb2
;;Obtain Spectrum Licenses for RF Sensors;;52b241f9-6b2f-44d9-948a-9ba537a63ce0
;;;Identify relevant spectrum bands;43c2ea56-7fb0-4760-beb1-1911c8929b86
;;;Prepare spectrum license application;6cfcee65-ea97-428c-be54-d9479969894f
;;;Submit application to authorities;5ae5ad86-c00c-4151-adb1-46c08ce9173e
;;;Negotiate license terms and conditions;c3520c7b-675b-4bbb-bba5-a15d58c457d7
;;;Pay fees and obtain licenses;f4d6d813-99b4-44ca-a617-f7dd59e37f56
;;Obtain Data Protection Licenses (GDPR Compliance);;be7b3f17-44e1-461a-92b7-c9d88620b97f
;;;Conduct Data Privacy Impact Assessment (DPIA);746b48cc-6aeb-4db5-b8d9-b4450de92a9c
;;;Implement Data Encryption and Anonymization Techniques;e151ab07-bbc5-498f-b8a6-55c68e50a44b
;;;Establish Data Access Control Policies;470ddc0c-26f1-49ae-abe8-0c5532e29de3
;;;Develop Incident Response Plan for Data Breaches;529b74a5-33a0-4a16-9a62-fa67de69eb12
;;;Implement Data Subject Rights Mechanisms;21ac229e-089d-4fdf-9b84-c3d2f2e579c7
;;Conduct Regular Compliance Audits;;e01470c3-7e99-4679-bbbf-a7528d549275
;;;Schedule initial compliance audit;a57ea9ff-ca4a-4ff5-b5fc-31c73b3986ac
;;;Prepare audit documentation;65562fa1-0f8c-4af7-bd4b-f35a89737412
;;;Conduct internal pre-audit review;d9aa5e44-0a8a-469d-bb17-1fa87da79583
;;;Address audit findings and implement corrections;cb58f54e-0138-4439-bf83-dd9e44600c39
;;Maintain Compliance with Evolving Regulations;;05900784-bad3-427d-ad5e-81f21bfac97c
;;;Monitor regulatory changes;a1fe5b22-fb25-4335-895f-75f054beba7e
;;;Analyze impact of regulatory changes;5ba87005-3b72-46e7-af55-d9363b4aabf5
;;;Update compliance documentation;e7b86126-caae-4aee-b6ee-0c55195337ce
;;;Implement necessary system modifications;2235d8ec-73a9-4218-b391-2785f0446ebd
;;;Conduct internal compliance reviews;7bdbe991-31b3-4ce6-b687-5b035eb211ea