Level 1;Level 2;Level 3;Level 4;Task ID
Rust OS;;;;a33b8916-ecf7-4de8-a96e-e31e70b32941
;Kernel Development;;;39f2636d-257a-4a2c-a501-0b9d9804d46d
;;Set up Kernel Build Environment;;271f0697-c11f-41b4-8b20-5609b4294cf1
;;;Install Rust toolchain;284a1c59-76d8-4b71-bba5-16ffdc5b427f
;;;Install cross-compilation tools;28976cbf-85a9-4e93-a1fc-06d37a2b64a1
;;;Configure build environment;a9dfb10d-10fe-4b47-a166-77db876946b6
;;;Create minimal kernel project;643c0dba-499a-4d3f-8692-ea3b7cad2051
;;;Test build environment;b91087ab-f309-4f1f-8501-b68b00cea7ee
;;Implement Minimal Kernel;;80bb9415-7a16-4067-9056-3fbf1c42562a
;;;Implement basic kernel entry point;65c2fd6f-a027-4cdf-a359-f20936f5d83e
;;;Set up basic console output;c0fb95fb-72e0-4908-8b5d-54a109d12d1f
;;;Implement panic handler;38374baa-00f7-4e4f-a008-f70859f4c272
;;;Implement basic interrupt handling;72e33507-02b3-4649-ba3a-eaa32ffe4c79
;;;Create a simple build script;b79d1fd4-de48-4a11-b641-b2c2eb39acd3
;;Implement Basic Memory Management;;97176e13-50fc-4f0d-aa93-27731ff9b2e8
;;;Implement Physical Memory Allocation;a4e94b13-3800-420a-894e-66bf9eb629c6
;;;Implement Virtual Memory Management;96befb9c-8001-4ed9-aef4-95fb5540e070
;;;Implement a Heap Allocator;e4627797-80e1-413a-9ab3-8dfd6aab68d8
;;;Test Memory Management;a08ae7d6-4b8e-45a8-afae-c072688cc91d
;;Implement Process Scheduler;;98558e2c-6b4f-4e2e-925a-8db76a0a24f4
;;;Implement TCB and Context Switching;4184a72a-6e38-437d-97b6-877a68c2aa71
;;;Implement Basic Scheduling Algorithm;9cc92774-6e9b-4812-afa5-13e815a02bd4
;;;Implement Process Creation and Termination;b375fce2-0b4a-466b-b940-bb5998806042
;;;Implement Inter-Process Communication (IPC);2fc58267-f80e-410f-865f-bdc2e4f052c8
;Driver Development;;;a87c2316-85aa-435a-985c-ef6d2ed96979
;;Implement Console Driver;;bb09278a-9ea4-4b6f-a8a6-a1797fe540b5
;;;Research Console Specifications;0bc0c3df-004c-46cf-b4c9-819e18420be0
;;;Implement Basic Output Functions;e64fe85b-6a33-44e7-bdf8-a2f775688a41
;;;Implement Input Handling;21fca6ef-76d6-4230-bc4c-c5da077ad7a9
;;;Test Console Driver;bdebab72-cae8-4c3f-ade9-121bca2fc76b
;;Implement Disk Driver;;924c0ff5-a14d-4a8a-8cf7-952c50c2331f
;;;Research Disk Access Protocols;e30ce09d-c309-49dc-a8d7-45acabde0ce1
;;;Implement Read/Write Operations;376bd42a-d107-48bf-896c-dfecbc645598
;;;Handle Disk Formats and Partitioning;b8aaea7f-c730-4ebe-9ca9-8273fae48acc
;;;Implement Error Handling;b69416bc-1463-4b70-836d-48bd66bd1564
;;Implement VirtIO-Net Driver;;4b26997a-ca37-4d25-88ad-26062c7296f6
;;;Study VirtIO-Net Specification;ec21e6d8-3692-4cff-b2e3-495df1102528
;;;Implement Ring Buffer Management;17968555-1495-4435-9e9c-bce0919b0722
;;;Handle Network Interrupts;840ee969-44e6-41cd-9f89-5381a66aa04a
;;;Send and Receive Packets;2f04f5ab-07fd-4ce0-bf7f-c888be2280c2
;;;Integrate with Kernel Network Stack;47b72c52-d26f-4880-9339-daff0b8ebe36
;Shell and Utilities;;;475a0245-b1e8-4c3e-b981-b9d38160fc07
;;Develop Basic Shell;;8f511fcb-85f3-49e1-b51a-e3810b7116d0
;;;Parse command line input;85693978-ee50-4a5c-b1a1-814ed56dbc38
;;;Handle built-in commands;a37a9dd6-0122-4a22-beb2-bf10724876cb
;;;Execute external programs;8a8fc4db-f511-4cbc-b830-08085af9f314
;;;Manage input/output streams;3e2dc20a-4686-4530-aae4-1c66e3aa8e07
;;Implement 'ls' Utility;;ab168f8e-a1cb-47ae-a43b-2915012dcd68
;;;Read directory contents;d0203993-9d16-4aee-9a88-f63a0bfe5058
;;;Format file information;29f81477-0d34-4779-b34b-dcd831e09503
;;;Handle command line arguments;3ca1afe9-7670-468f-8431-309fb85ee861
;;;Print formatted output;86989472-1fef-4d13-b246-cc25d0922489
;;;Implement error handling;2617b7d2-48b3-46a4-8245-c1d75d5f741f
;;Implement 'cat' Utility;;e9f93d5a-cd73-4001-a88d-8c240c27b196
;;;Implement file opening and reading;63bc0025-e6bf-49ab-a3a1-f6364bf458cf
;;;Implement console output;30ebcdd2-bc9f-407b-a8de-760d2b3ab585
;;;Handle large files in chunks;6351048b-d248-4d1b-8d43-e41798eff786
;;;Implement basic error handling;54122a8a-3cb4-41eb-8c53-155db19ecad3
;;Implement 'rm' Utility;;ec55a432-82a0-4bf5-9ec2-59c4a3ab0711
;;;Implement file deletion logic;d063c74f-3f47-4f8d-87b8-6f8d5efa76ef
;;;Handle file permissions;8dfbefc6-b954-47f2-8cea-f308a8b4f23e
;;;Implement error handling;e9f51e1f-4507-41c5-bc15-e6e63e3a882d
;;;Test 'rm' utility;03f944d0-ddc1-4bab-bc6a-26971aad3228
;;Implement 'mkdir' Utility;;b42325e1-5631-449f-8bcb-964547aa74ca
;;;Parse command line arguments;e828bec8-143d-434d-8069-3349674f190b
;;;Check for existing directory;8b06db87-97a3-4590-b202-c454c2fa6c4e
;;;Create the directory;4167f0ae-16cc-4327-ba0e-c1d70d538d8c
;;;Set directory permissions;eb210c38-a476-44ae-afba-11bd9ab07db7
;;;Handle errors and return status;792d7c1a-5d64-4c39-b9cd-435ecfb999de
;;Implement 'mv' Utility;;d4c51e26-8fc7-4326-9641-5dceac74ceca
;;;Implement basic file move functionality;be709a23-8c34-42fd-b8d3-7c620653dfa6
;;;Handle cross-filesystem moves;9913e0b3-ffff-408f-9bb8-704b5420b886
;;;Implement directory move functionality;cb672b20-b696-48dd-a5b4-8e404e785c31
;;;Handle file permissions and ownership;578125f6-d05b-4405-a67e-bb94e18d9f44
;;;Implement error handling and edge cases;b3e729ca-f90f-4fd5-86ae-c05f2119e479
;;Implement 'rmdir' Utility;;3ce16172-1d88-46b1-9ec8-7db90171dc39
;;;Parse command line arguments for rmdir;2afef137-0718-4616-ad4d-59bf8e47d41f
;;;Check directory existence and permissions;b72859e1-f558-4162-8f32-f6b59921b19e
;;;Check if directory is empty;7e4a5603-5e65-4d65-8167-71967e1a396d
;;;Remove the directory entry;e708e24e-9009-446b-baf8-8e7d4e211b7e
;;;Handle errors and edge cases;c95df24b-954e-4776-be99-b9db86bc3d9e
;;Implement 'ps' Utility;;2a209a7e-36df-477c-8595-18741bd3b25a
;;;Gather process information;cee58890-4114-4fb7-8a58-462a381c9cd2
;;;Format process data;a74c0f4a-6aa9-417d-b2e1-02bc4de197f2
;;;Display process information;0ea6ad25-f6ad-4330-a673-0a68d76afd57
;;;Handle command line arguments;f29370ff-fe73-4118-a3d9-830a17718ba9
;Networking Stack;;;3a40af7e-cfe7-4059-bf48-29b4df50de23
;;Implement Basic Network Stack;;d8ae4880-9e3d-4249-9883-cc49dad41e5a
;;;Implement IP Layer;5a27e6db-4b82-4e18-86cf-226ec1f28f88
;;;Implement UDP Protocol;028f4ce6-76c0-448d-a060-dfa4a63ef0bc
;;;Implement TCP Protocol;184918cd-0314-403b-a104-dfff43f75e96
;;;Implement ARP Protocol;b91d8e55-c858-4a52-9474-aff9b9ba5a8d
;;;Implement Ethernet Frame Handling;10cb7d29-4991-4347-bb07-f0c716492aa8
;;Implement Ping Functionality;;8f744f5a-af0f-45fc-88dc-4f5259e162f3
;;;Craft ICMP Echo Request Packet;b6e204a8-2421-4613-9b20-04b40dc2dcbc
;;;Send ICMP Echo Request;d3084d44-5a6f-4d3f-9c1d-eab7fb9957eb
;;;Receive ICMP Echo Reply;d9ec4d76-4c05-4191-9d84-997abf8db704
;;;Validate ICMP Echo Reply;49b64838-e295-492d-a817-c67ca068eeb5
;;;Measure Round Trip Time;3845ed8b-a311-4372-9346-ef603be9b9c3
;Testing and Debugging;;;89098089-eca5-4f3f-b9b0-9e91f2c737dc
;;Set up Testing Environment;;7935ff6c-8a11-4109-bd47-6c41561aec46
;;;Configure QEMU for kernel testing;e5d13c0d-353f-428c-a806-01dd4376da8f
;;;Set up GDB for kernel debugging;f888b7d8-316a-47d2-9700-85a594f0f63a
;;;Create basic test scripts;6868b0f8-a88d-4ceb-81e9-58c6a59c6f59
;;;Automate testing environment setup;27e3e1ec-333d-4c56-bb62-b7163bcb1bc4
;;Perform Kernel Testing;;197211fd-a12a-4e37-9fb9-6ba52e273ae2
;;;Test memory management routines;248c15c4-8054-4dea-b5c6-f8f0f1b4b85b
;;;Test process scheduling functionality;702e6b39-461c-49e8-9844-8459b7907410
;;;Test interrupt handling;b6565e69-31fe-4a61-a090-ae43004cbb94
;;;Test system call interface;8ee072f6-cc5f-498a-a29a-23dea0898445
;;Perform Driver Testing;;64a0ae5f-7a3f-4fd5-9b41-65398d5ebd33
;;;Console Driver Testing;c0a7ed84-f4a5-44a9-bb59-444be7fbe629
;;;Disk Driver Read/Write Testing;a4b1c9f4-115b-4e06-9141-0ef9f9be236c
;;;VirtIO-Net Driver Functionality Testing;d04d7a7c-2512-4c01-9464-2c49161e774c
;;;Driver Error Handling Testing;92b4554a-7e64-4e79-8f26-75f17a2c91a3
;;Perform Shell and Utilities Testing;;d28d23aa-34cf-477c-9cf8-c94ceecc8dca
;;;Test 'ls' utility functionality;e96db26e-8f23-4668-9c74-60b1145e947d
;;;Test 'cat' utility functionality;68c51162-4795-4d3a-b383-b6c073f65fef
;;;Test 'rm' utility functionality;778f2e35-4013-4c71-93d1-188abb8bc74b
;;;Test 'mkdir' utility functionality;1501617c-efe9-4898-be54-350436b16ae9
;;;Test 'mv' utility functionality;d8ca6da8-b1a0-48ba-bb95-52290769b855
;;;Test 'rmdir' utility functionality;93da494b-0d78-4b88-8604-5849dcca9f60
;;;Test 'ps' utility functionality;8e8478af-a82d-4eb7-84e2-67224771423b
;;;Test shell command parsing;f3d94ad5-95cc-4a4a-921a-1e01c5f237bc
;;Perform Network Stack Testing;;d6771ef4-c5b7-40b8-984d-44ce7b5e0dbf
;;;Simulate network conditions for testing;23adba17-18ea-470f-be69-cb01eef34783
;;;Capture and analyze network traffic;3ae9aac1-1342-4621-8b9d-ee1fd729a472
;;;Test core network functionalities;c2a69806-1cea-4510-9dd8-ced64e24276d
;;;Test network error handling;94e136f8-4d89-481b-84e1-483a014a6d27