Level 1;Level 2;Level 3;Level 4;Task ID
Robot Olympics;;;;8bc0a862-8ff4-4b43-9435-271ceb27382d
;Project Initiation & Planning;;;fd1831b4-9e19-4935-96ea-0a1d2870af2a
;;Define Project Scope and Objectives;;c18c04f4-2219-4698-844e-59d605d79ad4
;;;Gather Initial Project Requirements;9a2a7633-5f5c-41b7-a223-fe59066586cf
;;;Define Project Deliverables;1cab1bde-8fff-4688-b1b9-801936c6c494
;;;Establish Acceptance Criteria;d8806d0a-5960-45e3-bdec-fe421a229f6e
;;;Document Project Scope Statement;3d76163d-822f-44e4-8e38-3c420007253d
;;Identify Stakeholders;;ca9a37f3-9cd8-4a2f-8009-99712475acda
;;;Identify Internal Stakeholders;bc7eab28-4df0-45f6-9c6b-682c603d3d8e
;;;Identify External Stakeholders;63c036d8-1cba-4cc4-ae01-7bb385e55959
;;;Analyze Stakeholder Interests and Influence;ad47755b-8f0e-42c6-9dd2-62190d0abcff
;;;Document Stakeholder Information;c38ecc81-6f20-4713-995a-c899e393d0df
;;Develop Project Schedule;;190c4071-88cb-4fab-9185-08a687723818
;;;Define Task Dependencies;1d3b1ae2-f36d-4344-adde-51e2e50328a1
;;;Estimate Task Durations;70ff1b6a-f44b-4caa-9800-32e1f02dd469
;;;Sequence Tasks;ba5769d7-5e24-4591-a839-c613a0144f01
;;;Identify Critical Path;cc54345b-f5d5-4ded-8b5a-a4db8192cfa2
;;;Refine and Optimize Schedule;e83a443b-cbca-413c-920f-8e2c8b7a7632
;;Create Budget and Resource Allocation Plan;;b5e124fb-7291-442b-b4ae-3378b9532bde
;;;Estimate Project Costs;e8ed3eef-ac45-4299-9ecd-6bc8a53d94e7
;;;Identify Funding Sources;95851dca-93f7-449e-a2a5-ee0886183361
;;;Allocate Resources to Project Tasks;cbea0d1a-f458-45e3-b536-82fb5be8af11
;;;Develop Budget Management Plan;04b2bbea-aa88-42a7-9686-fc8130274b9c
;;Establish Communication Plan;;5c97545c-22bb-49c0-8d03-fee180643761
;;;Identify Communication Needs;7a3cae51-14d8-4c4e-b1b7-eed67c4aeb28
;;;Select Communication Channels;ec6b6b2f-3cb9-45a3-999a-6d505d4bd1ec
;;;Define Communication Protocols;3e60d03d-d580-4af1-9e97-3941d86f13d3
;;;Schedule Regular Updates;6dc66ded-8799-43f6-828e-ed5cd717e387
;;;Establish Feedback Mechanisms;13938228-79a3-40ea-8f30-b55a63fc18d3
;;Develop Risk Management Plan;;9502bca4-7758-4f82-918e-5c060cfe4a9a
;;;Identify Potential Risks;302e1cc1-7193-4f42-908b-9f4ddaae11a3
;;;Assess Risk Likelihood and Impact;8be40a0d-da69-4079-bf4b-5976df51d59e
;;;Develop Mitigation Strategies;9ab598d7-968b-45ba-922f-f5a0af5f3096
;;;Assign Risk Owners;9a3eaefe-1034-4609-a18a-aed967be51b5
;;;Document and Review Risk Management Plan;fff596db-38c6-4ead-af0f-0549c61120a2
;Event Design & Rule Definition;;;171d1af6-9000-4ec3-aeba-6219dc66d74d
;;Design Innovative Robot Events;;907e6d49-bf83-4023-baff-dcbb0d764422
;;;Brainstorm Robot Event Concepts;8ca9df09-1602-480f-8762-70e0c7deabc6
;;;Research Existing Robotics Competitions;6e8fb0d0-504e-45c6-9a1c-b2f6b6fa5a25
;;;Assess Technical Feasibility;b1a1aa68-464a-4fea-a30d-e8cea908bf25
;;;Gather Feedback on Event Designs;24b4efdb-be70-4e3b-b803-9ecf60adc614
;;;Develop Detailed Event Specifications;5c7c0019-01b8-43a4-98c1-7d18ccc7d41b
;;Define Event Rules and Regulations;;ee3ee28e-ea6c-49eb-b1e5-e8fd5c9a99a2
;;;Research existing robot competition rules;442074a9-1b1e-4cfb-92f2-f929ee66be8b
;;;Draft initial set of event rules;cb191b0d-1374-4723-a73d-a7e03cdc6e62
;;;Review rules with robotics experts;77d158e5-e6b7-4e86-a4ab-6f7d06301204
;;;Solicit feedback from potential participants;e85c2971-04c9-485e-a53d-31434f0d4a0e
;;;Finalize and document event rules;c60e8e63-f294-4cc1-b07e-51f8c9ddea03
;;Develop Scoring Systems;;5a58ab31-1a9e-45d1-9d64-46ea4f0ccb49
;;;Define Scoring Criteria for Each Event;e91d812c-7dfe-4e3b-89f7-ebbf9eca69c2
;;;Develop Scoring Rubrics and Guidelines;bbd27f3d-d435-4c73-8bef-f8eb4a2aeb20
;;;Test Scoring Systems with Sample Events;88d12e0e-06ce-4844-a750-78a14391b399
;;;Create Scoring System Documentation;d85d7225-cce3-4034-9339-e404071b8d06
;;Design Initial Robot Event Prototypes;;9f99510d-edd9-490f-aec4-4d183604a55a
;;;Define Prototype Requirements and Specifications;efc867b5-b18c-4425-9cfc-e0b79447948a
;;;Source Materials and Components;9da96e71-cdcf-4bf1-9534-bfd74d6d862d
;;;Construct and Assemble Prototypes;a859e450-eaf3-4bfe-8ced-f6cbd0c038f7
;;;Test and Refine Prototypes;e1a80062-be18-46ba-b8d5-cadf1099fd4f
;;Conduct Event Simulations;;79772619-1b4b-4d51-9791-912b319446e7
;;;Define Simulation Parameters and Scenarios;311c31c6-834a-4a73-ab53-c6aaabe28e87
;;;Develop Simulation Environment;50189279-fb11-46c8-9507-934e7a8ab2b1
;;;Run Simulations and Collect Data;9b5e1911-7733-43f7-b886-f2f1777cb788
;;;Analyze Simulation Results;8869e40e-ffdd-4f63-a63f-a1f2cb1aef74
;;;Refine Event Design and Rules;efeb5fb8-def3-4e70-8bfc-b14033f1cdc6
;Logistics & Venue Management;;;8de4d994-43f4-4d97-9521-2ee43defe08f
;;Secure Venues in Beijing, Tokyo, and Boston;;77551329-6049-43e0-aceb-656f7c1bb2a6
;;;Research venue options in each city;545602cb-6fad-4577-afc3-e6e420ca4bea
;;;Contact venues and request proposals;122e14af-377f-44b3-a38d-1896c3b5bd38
;;;Evaluate proposals and negotiate terms;ba9fdf43-883f-4f1c-8ff4-c0b95995fb71
;;;Draft and finalize venue contracts;ffd2e821-d512-41af-847e-50dd39c95623
;;;Confirm venue bookings and payment schedules;874b60ae-b129-46e5-a32b-6f4cd23028dc
;;Establish Robot Transportation Logistics;;5933490d-878c-47f5-9746-229203df917f
;;;Select International Shipping Partners;74497cd1-9e93-4908-bf5e-cd05b2876aeb
;;;Prepare Customs Documentation;7862c9d0-21d7-404f-812d-3b15dfc3a545
;;;Secure Robot Insurance Coverage;2817e041-0f03-4eea-b485-628b4738df05
;;;Develop Packaging and Handling Procedures;490ff58b-3b5e-458b-8fb4-c04d54ea9eec
;;;Establish Contingency Plans;615abd42-b8b5-4a18-8cfd-bb50abc335e2
;;Plan Accommodation and Catering;;bc929f26-ebc1-45fc-8755-b4622caa181a
;;;Research Accommodation Options Near Venues;44965b6f-3dbe-4f9d-8deb-77d27b290281
;;;Negotiate Accommodation Contracts;1274c939-4b35-4328-a492-fd69dfe8e932
;;;Plan Catering Services;ba18e13b-e171-49fa-b5d2-6f26876104a8
;;;Negotiate Catering Contracts;5f0e1995-9c44-4c72-8b9e-9f1029763bf4
;;;Manage Dietary Requirements;62a7b246-d617-4cf9-8c55-a9deb341c6e0
;;Manage On-Site Logistics;;7ee6cb4d-54e5-4e2b-86ca-5e2e06856772
;;;Manage Equipment Setup and Teardown;855ed6b9-b313-40da-aa73-c6391ecac9b8
;;;Coordinate Crowd Control and Security;012de069-5d9f-48d0-a554-e053a3d389b3
;;;Manage Communication and Information Flow;2f385f8f-2262-404b-8c5f-e31579ead7c4
;;;Address Unexpected Emergencies;b013dc27-5ebf-43a3-9fb7-2032ebe20211
;;Plan Waste Management;;23532bb3-a3e5-49bb-8f0f-6bc17b5189a6
;;;Assess Waste Generation and Composition;679fc062-db2c-4799-8422-742efcb2cfbb
;;;Research Waste Management Vendors;195fa7a6-5d24-425f-a68f-87abef37b161
;;;Negotiate Waste Management Contracts;c03ceb96-33c5-4c18-b583-f61c69319719
;;;Develop Waste Reduction Strategies;7a03fd9a-9fc7-42ad-986b-8bc01a598ee8
;;;Monitor and Report Waste Management;625229dd-153f-4535-9283-d4b72801b618
;Robot Registration & Technical Infrastructure;;;e7ad1323-e487-40eb-a152-bb937d1a3ed2
;;Establish Robot Registration Platform;;11f63855-6f13-4152-b4d8-ea2fa9702b8c
;;;Define Registration Requirements and Data Fields;5d0d9210-0f2d-4629-9d40-3170372f7e5e
;;;Design User Interface for Registration Platform;cf190118-3b18-47c5-be6b-b450e1e0c7cc
;;;Develop Backend System for Data Management;705509b9-835d-4432-bd45-58e504c8b3ce
;;;Implement Payment Gateway Integration;69a5bce8-3a0b-4115-8708-bded5b28ffd6
;;;Test and Deploy Registration Platform;c47b4858-8474-4818-a2fa-eb944d508220
;;Develop Technical Specifications for Robots;;c419ce2a-bf56-4427-b4fd-857e06f62501
;;;Research existing robot specifications;d6483843-4c96-4c76-8f92-61d8a63a4dfa
;;;Define robot performance metrics;2f2ba1a9-8f76-47fa-83ad-155b7420ffed
;;;Determine safety and compliance requirements;5ba4501d-97c1-4fdb-807a-78f3dabf8125
;;;Document technical specifications;c5792fa1-20e8-4de2-8eb1-75f3c8d52b60
;;Plan Technical Support and Maintenance;;1f5f8082-23cc-4b73-9d7a-9410ea8f4926
;;;Identify potential technical support staff;06dd2c59-e17b-4ebb-bee7-8341a2bc448a
;;;Develop support and maintenance schedule;891fc133-a6bc-448f-9f66-1d1f7e9895f0
;;;Procure necessary equipment and software;63039760-df88-4007-84cb-1cd3a45f9a33
;;;Establish communication protocols;e53909bf-fa5a-4b6c-be92-dc3912d9be31
;;;Create troubleshooting documentation;d2291918-9cf5-4705-a2a7-3451998a4110
;;Establish Cybersecurity Incident Response Plan;;91eb2615-7bce-421b-aa2c-e409a21fb6a3
;;;Identify potential cybersecurity threats;58d828ee-5b47-4467-8f93-6aa5881f2402
;;;Develop incident response procedures;7d69a659-244a-47d6-9f2d-efe42d76a1e5
;;;Establish communication protocols;530df905-9116-4662-8882-fab5f82201f6
;;;Test and refine incident response plan;a447a1fd-ce15-4a69-92b4-0066fcc6a838
;;;Implement security monitoring tools;047ed85f-1ab9-4383-b429-bd0626bbad05
;;Define Data Privacy Compliance Measures;;0b8225b1-37c6-410a-9d98-4e3c716030e8
;;;Identify Applicable Data Privacy Regulations;e26bc8e9-8830-49a2-a5f2-6c75871f9af9
;;;Conduct Data Privacy Impact Assessment;a9f9adf4-42c7-49be-847b-6023734c87b3
;;;Develop Data Privacy Policy and Procedures;0bbbf4a7-ac20-45ef-bf07-e9be9129d471
;;;Implement Data Security Measures;16ae72ae-7c63-4bee-ab31-4339bbdbf9a2
;;;Provide Data Privacy Training to Staff;63fb1983-ba45-4275-9dcc-294e140b0a74
;Safety & Security;;;792a052f-19c2-4de0-bdc1-55b95d4cd649
;;Conduct Preliminary Safety Risk Assessment;;2f19e85c-a733-49e5-b12c-44f48592d718
;;;Identify potential hazards;9dc6bd27-153c-4ea3-a233-df59d68f1935
;;;Assess likelihood and severity of risks;b3ad1349-773d-4366-9630-27ce0705550e
;;;Document risk assessment findings;457a112a-f9f2-4f1c-8bc8-711cf2670bba
;;;Review existing safety regulations;631bd00f-8a07-43b4-95a9-b2e876a55247
;;Develop Safety Protocols and Procedures;;fe163cd8-b8b5-48c3-a4f6-3246a05fc706
;;;Research relevant safety standards;00d65067-6e2d-4b5e-ab9d-12bae5ca94fc
;;;Draft initial safety protocol document;2897ce9a-af9e-43be-a06b-72c5693e339d
;;;Review protocols with robotics experts;71e78365-4464-471f-a045-99b60120c006
;;;Incorporate feedback and revise protocols;117eb378-9f0a-4676-8146-81d3882725d0
;;;Finalize and distribute safety protocols;2e9b7ece-f61d-4d05-b29f-aa81f83a86f5
;;Recruit and Train Security Personnel;;8e15248f-6b95-4907-a198-1452e4138e08
;;;Define Security Personnel Requirements;dbf6f3d0-42b6-4e29-bbc3-88d6a8ebfa6c
;;;Source Security Personnel Candidates;2f319172-fc23-4d07-bcc3-9f5cd53c14c6
;;;Conduct Background Checks;ae954fd9-9508-4d1a-a5d3-6edab015e998
;;;Develop Training Program;2a8a12b9-b8ad-462d-ad1d-8bb92409911d
;;;Conduct Security Personnel Training;d36cb1e1-d277-4c47-85e7-7a2ecd154d16
;;Implement Access Control Measures;;462401c9-a51e-4c52-85b7-3148f6f58816
;;;Identify Access Points and Vulnerabilities;1cb26266-06bd-4b9b-bfb3-fcfa45c80f04
;;;Select and Procure Access Control Systems;063223a7-22b9-4729-a42f-15cd443e9b9e
;;;Install and Configure Access Control Systems;938c692d-cf0a-489d-9f60-70626520c4da
;;;Develop Access Control Policies and Procedures;ebf1cd9d-eac2-4095-b046-77941e5e2c91
;;;Test and Maintain Access Control Systems;e16c6097-4d5d-4b14-8fc1-1c9cc042a979
;;Establish Emergency Response Plan;;eb31fbbb-9180-4265-99da-a6bc97c7d109
;;;Define Emergency Scenarios;0649ff5f-3a07-4187-afa3-24bd14b6ace7
;;;Establish Communication Protocols;e56807a3-e641-4b29-887d-256ce2564666
;;;Develop Evacuation Procedures;fa078576-84bc-4093-a78d-769eba545e16
;;;Coordinate with Emergency Services;c3dc2fa1-afc0-4e40-a439-8785c22e8089
;;;Train Staff on Emergency Response;b596ba49-43e2-441d-8c1d-4b9e12e53bbd
;Legal & Regulatory Compliance;;;d6cf9999-aafc-433a-aee4-ef19aeaada8b
;;Engage Legal Counsel for Permit Acquisition;;4d789cd0-b7ff-4a19-8442-425e42595f1d
;;;Identify qualified legal counsel;ce1e5e0f-30d2-434a-ab05-56ea4cc8d58e
;;;Prepare legal counsel selection criteria;9ec32727-4998-47e6-8a5c-cb9020c1b81a
;;;Negotiate contract terms and fees;8cbcb5db-12ef-4129-89e5-b3c64565007e
;;;Define permit requirements;051fb97e-ede2-434d-9c67-e7f92a892dd8
;;Apply for Robot Operation Permits;;b369bf83-da42-438f-bf02-bd1905c73b80
;;;Identify Required Permits by Location;f5ff00ea-e7ef-4580-85d6-cf6c8435f0b8
;;;Gather Robot Technical Specifications;a9a3518d-7808-4e50-af17-4b032efa3f29
;;;Prepare Permit Application Packages;fc24543e-f796-4cc0-9ecd-fd6ebf14bf3c
;;;Submit Permit Applications;032713b4-21d5-487c-b1be-889c47abc3f6
;;;Track Application Status and Respond;410f3b4a-f279-4987-9280-f24bbe07aa62
;;Ensure Compliance with Safety Standards;;2538d87c-b2fa-4d37-856b-5ccc334ebe5b
;;;Identify Applicable Safety Standards;e91319b2-7f7d-46e6-baf5-c6d6c80889d2
;;;Conduct Safety Inspections;04977b6f-d8ae-410e-befa-6c89e3d6889f
;;;Address Safety Deficiencies;b105a67f-b220-4878-8b0c-53ea83b27a3a
;;;Document Safety Compliance;29b3c6e5-5a5f-4d02-a0e4-f90ac16e29b1
;;Comply with Data Privacy Regulations;;10876ec4-f0a0-4b43-b844-c5d0c5c8b604
;;;Assess current data privacy practices;84313a86-bf85-4325-9a65-ab6b9cd08b44
;;;Develop data privacy policy;accff285-92e2-45a6-a68f-072063bf345a
;;;Implement data security measures;4efa896c-2978-4cab-8b68-ee059dc00fcf
;;;Conduct data privacy training;4e51c8ad-4067-4f70-9bcc-57d2bf8c64b6
;;;Establish data breach response plan;fc10a800-ecf0-4b76-aff7-64fb4d26f712
;;Obtain Necessary Insurance Coverage;;5fbbb0ce-65ef-4516-b610-ab19fa68424c
;;;Conduct Data Privacy Impact Assessment;9b29d3d8-e615-42bd-b65e-78bfacf3b305
;;;Implement Data Security Measures;a24ba3fe-7490-4aa0-9713-2a2ab287e959
;;;Develop Data Privacy Policy;68a65b97-e8fe-4638-8031-3815636b33b4
;;;Provide Data Privacy Training;f2604d7b-6a55-443d-90b1-53fbc43490c3
;;;Budget for Data Security and Privacy;5ec818bb-4313-44d2-86c4-89861bb72366
;Marketing & Public Relations;;;c90837c7-aa06-4adc-bb0b-e2834a15b2cb
;;Develop Marketing Strategy;;7b4b74b6-ac39-477a-b7ac-b5c828eba52c
;;;Define Target Audience Segments;72be66f7-6b06-4e52-93ad-ffda0c51c2c8
;;;Determine Key Marketing Channels;9bca73e3-b7df-4417-8a24-db79be78e9fb
;;;Set Marketing Objectives and KPIs;65aeb0b6-ff4d-4f2b-ac9b-b41638860eac
;;;Outline Budget Allocation;a621477c-55b9-44ff-bbaa-b3d97c2384c9
;;;Develop Messaging and Branding Guidelines;ca574c24-42a7-48bd-9189-b805c95b359b
;;Create Promotional Materials;;5b038ebf-4279-4159-a399-8c8726e13caa
;;;Design Visual Assets;f7ec0d9c-a404-428a-aa03-a0fd40bb9dda
;;;Write Compelling Copy;74388aba-836d-48c2-82df-a6913dfb9e9e
;;;Produce Print Materials;daa1f0ae-0188-427c-b00b-c20902c77f8c
;;;Develop Website Content;67cc9eb3-3df8-4f28-8581-479edad1561f
;;Manage Media Relations;;bbfaea96-8b99-4188-b127-3d8966f552cb
;;;Identify Key Media Contacts;df1edbbc-f4a6-4df3-a1b3-72a46f187101
;;;Craft Press Releases and Media Kits;2ddee6fa-e7ea-46b7-be39-e8452af5f11e
;;;Proactively Pitch Stories to Media Outlets;3f5bfe4f-0a04-4816-8954-61a4863aa71c
;;;Coordinate Media Interviews and Press Conferences;edf1897e-9bb1-4e5d-af70-77d69a052e84
;;;Monitor Media Coverage and Track Results;44e773a0-acf9-405f-aef9-04d93201e510
;;Promote Robotics Technology;;a71c2dac-4952-4ff9-923b-e72645b6456e
;;;Identify Key Robotics Technology Benefits;d7dc6104-69ad-4d41-999a-80b9331e0749
;;;Develop Engaging Content on Robotics;e2200c05-30e2-4436-ab49-3e492d5185c3
;;;Partner with STEM Organizations;ed784878-3cbb-4ea3-a9ff-e9c853bee26e
;;;Address Ethical Concerns Proactively;75d28630-a826-45ae-8695-99ff58d4726c
;;Engage the Public in STEM Fields;;1d394fce-8dbe-47c8-8052-6674d697bff7
;;;Develop Interactive STEM Activity Ideas;959b9387-3b5a-4800-97dd-7e31ca128ca7
;;;Partner with Educational Institutions;0bbb290a-516a-49ad-b259-7c60e41417fe
;;;Create Online STEM Content;c4f22472-8c7f-4b9b-9561-c4591ecc8b3f
;;;Offer STEM Activity Incentives;c5da4372-5b87-4a7b-ba6a-38415cf08f04