Level 1;Level 2;Level 3;Level 4;Task ID
BloodTest Startup;;;;a1ec5838-2d26-4341-a532-017d3faf9a6a
;Project Initiation & Planning;;;27041b0e-642b-4394-b019-0c1d8cbf1056
;;Define Project Scope and Objectives;;6168d02f-4b37-4bf1-8e40-a2f9b6802487
;;;Identify Key Project Stakeholders;ba161c56-79fd-4fb4-9ecd-ec073c11da07
;;;Gather Project Requirements;34d9af9e-39b0-443d-aa8d-8d3d70cbee72
;;;Define Project Scope Boundaries;72b4b3ce-769d-4228-8f36-d00c11581420
;;;Establish Project Objectives and KPIs;e49feec5-e23a-4eee-9050-448aef39c510
;;Conduct Stakeholder Analysis;;95a015bd-0c5c-4743-a7f6-bc73d5fdc85a
;;;Identify Key Stakeholders;c8af3d4b-141f-49ea-915c-a35f068fe6ed
;;;Assess Stakeholder Influence and Interest;62087cb1-1054-4f81-a955-0d7c237f90ca
;;;Determine Stakeholder Communication Needs;2b96f7ee-9980-4f98-96f9-675cfb2e644a
;;;Document Stakeholder Engagement Plan;45d0d07c-818c-477f-bdf4-f74e70be9c02
;;Develop Project Management Plan;;06da209c-35d2-42e7-ad89-4087b048bd4d
;;;Define Project Management Methodology;a365197f-7d7b-461f-be9f-8cc4b5ce7631
;;;Create Detailed Project Schedule;ea73c68a-e331-44a5-b83d-a172758885f6
;;;Establish Communication Plan;beea8279-9f1b-4a62-9088-cdb1e07e1390
;;;Develop Risk Management Plan;a1644b7b-555c-46f7-86e0-ab5155c7700c
;;;Define Resource Allocation Strategy;9ceaf94d-6842-4ad2-8408-05e3b86615ec
;;Secure Initial Funding;;c31503f9-56c6-476e-8481-166d79874665
;;;Prepare Investor Pitch Deck;3c8e4fb0-be87-4a17-8e28-a5c095d5cc94
;;;Identify Potential Investors;760ccfcc-b7d0-4ee6-982b-a0e1afe9fc69
;;;Conduct Due Diligence Preparation;fc889705-4ec4-4e93-9227-08823f9033e4
;;;Negotiate Investment Terms;e5a303df-ff79-41e9-8edd-e6c09d6b8a23
;Research & Development;;;d02cb476-af69-46bf-adf9-ead88161772a
;;Conduct Technical Feasibility Study;;f162354c-d3d4-42a7-9554-e1325dfc2a07
;;;Literature Review on Testing Technologies;284f4740-e084-4213-859d-6642187b3630
;;;Expert Consultation on Technical Limits;809adde4-dafd-47e9-9729-30b5f077d714
;;;Simulate Device Performance;85e96345-be3c-4a45-b428-1d9e8a1e2ae0
;;;Assess Market Demand for Proposed Tests;c8f6e268-61a8-45fc-8d39-67a90dfbd9fc
;;Develop Blood-Testing Device Prototype;;762f8444-9d5e-48e9-9dfb-47869641e56b
;;;Design Device Schematics and Blueprints;962243db-5162-43bd-8a2a-cb3b390435cf
;;;Source and Procure Prototype Components;52cb7095-7796-4b2b-9cf7-51a98547d05d
;;;Assemble and Integrate Prototype Device;c79a3bfe-cb12-4557-85aa-dbbb679d6dc2
;;;Test and Refine Prototype Functionality;de341883-64f8-485c-858d-0691a8490ada
;;Perform Test Accuracy and Reliability Testing;;957f3b30-2105-4ec9-9d0b-727b6b2a8856
;;;Define Test Protocols and Acceptance Criteria;1b33192c-2083-43f9-b1d5-c0570cecdb38
;;;Prepare Samples for Accuracy Testing;7503b4e1-ae9e-4882-9119-b50daa28b46e
;;;Execute Accuracy and Reliability Tests;cbeda42b-7b9a-41b4-bb99-bd315c13548e
;;;Analyze Test Data and Generate Reports;ac71357d-6272-4ffa-89f1-775012d5cc0d
;;;Identify and Address Performance Issues;7f7709b3-9abd-4a1c-adbc-48d4f52c47c4
;;Optimize Device Performance;;7c5f9993-d0e8-4e13-ac5e-53be35735d9b
;;;Identify Key Performance Parameters (KPPs);5b5f2d8d-da71-4184-bf0d-ce3f4b714609
;;;Conduct Design of Experiments (DOE);65414062-01b9-4725-a500-e49e896dce2f
;;;Analyze Experimental Data and Refine Design;090481d4-d628-4814-8613-9de78830d996
;;;Validate Optimized Device Performance;1e74c70b-e212-480c-8ffb-006c8cf20c49
;Regulatory Compliance;;;8a45274b-91a6-4ea6-b9f9-1e84bffb203f
;;Determine Regulatory Approval Pathway;;14b029b4-c35d-495f-8370-fc8e1a6736cb
;;;Research Device Classification and Predicates;c354f3c7-c5dc-4eba-a332-e9027f8c148b
;;;Analyze Clinical Laboratory Improvement Amendments;fd705da1-b881-4706-a85b-abdf8e39bebf
;;;Conduct Gap Analysis of Existing Data;d46ba113-bdee-41c1-b41b-5d294647af5e
;;;Develop Regulatory Strategy Document;58e32da3-e240-4e69-9fee-31810fc06309
;;Prepare Regulatory Submissions;;b2744829-66f1-42c6-9673-f7a1656aeec7
;;;Gather Device Technical Documentation;b9b95be6-4440-43ac-a2b5-e424f0a4a275
;;;Compile Clinical Trial Data (if applicable);1c55f093-bf44-4c1b-93eb-67b5f59ee7ac
;;;Prepare Quality System Documentation;291a2f62-923e-485a-8410-52bcc517b68b
;;;Draft Submission Documents and Forms;fe7a3f60-6d47-48ee-aa64-dff0f3235858
;;;Review and Approve Submission Package;158c3338-077b-4fc7-8cc9-dc5fdbcbbb8c
;;Obtain FDA Approval;;57d98462-c2b2-4a16-b013-c6520ec77143
;;;Prepare for FDA pre-submission meeting;5abb26b4-3967-4018-a9b2-5166b962eb77
;;;Address FDA feedback from pre-submission;ba601425-6585-4c86-ba01-2d623c55ce5f
;;;Compile final FDA submission package;8302a82b-dffb-4c52-867c-d39d749967a5
;;;Manage FDA communication and requests;a9fe10f8-50f7-4513-82b6-c6afa5876adc
;;Ensure HIPAA Compliance;;b73e0d14-779e-4b69-bc65-016058a50cb6
;;;Review HIPAA Regulations and Guidelines;b6fae6c8-a56e-42e0-8860-df0e6274957e
;;;Implement Data Encryption and Access Controls;5cfa135d-0f61-4a9e-813b-7d77c5e2f9ab
;;;Develop Data Breach Response Plan;5582e449-b284-4c2f-8823-4b77d1a76f62
;;;Conduct HIPAA Compliance Training;befcc2d0-b2c5-4294-ac03-590577f852db
;Manufacturing Setup;;;68c0e771-b01b-42a1-935e-23a4a4a5009c
;;Secure Manufacturing Facility in Newark, CA;;cf92e23a-5a18-4de5-98a6-2ba013700a0c
;;;Define Equipment Specifications and Requirements;e5237788-eded-486c-ba17-7ac254982a50
;;;Identify and Evaluate Potential Equipment Vendors;15a59eb2-7e8d-4d50-b9b5-db746e252912
;;;Negotiate Contracts and Purchase Equipment;2c2eb48d-3de3-4329-8b7b-88ac4066de72
;;;Install and Calibrate Manufacturing Equipment;94ba7ad2-c4ef-4241-9e35-739395f0442c
;;Procure Manufacturing Equipment;;371f6edd-1d4a-4d9f-be07-52e7ea1c1be6
;;;Identify Equipment Needs and Specifications;11cdcac5-027b-4036-a41b-9dd884404481
;;;Research and Evaluate Potential Vendors;f12f7af8-4b5d-40bb-8d23-883fd17cc082
;;;Negotiate Contracts and Purchase Equipment;f52c1be0-aba8-4462-adad-d7bc4c226503
;;;Coordinate Equipment Delivery and Installation;0269eb0b-2ce3-4480-9bbd-9b61186fd1bf
;;Establish Supply Chain;;95b5422c-dde6-43a5-bf0d-483860c28fd3
;;;Identify and Qualify Potential Suppliers;9dd1f303-0788-40d2-a4e2-96fa8ce268f1
;;;Negotiate Contracts and Pricing Agreements;b3e0f678-1193-4354-9c9b-f58ad7f7fd0f
;;;Establish Logistics and Transportation;b6848ed6-ee78-47da-a229-d5faef11b58f
;;;Implement Supplier Quality Control Program;20036936-50cb-4f06-aae5-ebc0104b8096
;;Implement Quality Management System;;f5867ad0-05c2-4720-becd-db2d94179d20
;;;Define Quality Standards and Metrics;8469dd9e-4aaa-40ed-abb7-5990b6847700
;;;Supplier Qualification and Audits;ed19f1ce-4e47-4872-b79b-331699fee6e1
;;;Incoming Material Inspection Process;b09307bc-3aa7-404b-8471-f8c8025bde2c
;;;Establish Corrective Action System;f1e1e831-0a1d-4e44-a9d2-4d230d496c05
;Production & Operations;;;fbbd736c-5339-424a-8f10-fabdbacc5465
;;Establish Manufacturing Processes;;2b61a5b0-cab9-4e05-8293-42f62cb55ecb
;;;Define Standard Operating Procedures (SOPs);68f578fc-f6cc-49c7-97b0-f544f4e060b1
;;;Calibrate and Validate Equipment;08b1a246-4823-413d-b742-bb61fa01663c
;;;Establish Material Handling Procedures;b8a9fcb7-298a-4603-a691-9280346c3d93
;;;Implement Process Control Measures;6190a929-d541-47c1-8e25-f265af349c46
;;Train Manufacturing Personnel;;efc224c8-e851-44f7-881e-9e97451c11dd
;;;Develop Training Curriculum;a4f774f5-f01c-48d5-b4b8-2f298d9e934d
;;;Conduct Train-the-Trainer Sessions;d94ff622-49f6-43bd-b5af-c284383669d8
;;;Implement On-the-Job Training;55093b34-bff9-4d69-8011-ffb6a2da2d80
;;;Assess Training Effectiveness;cf3e110e-d1c5-4c34-89c3-67e616291982
;;Scale Production to Meet Demand;;d6bb0e77-648c-4ab1-bd42-d1762bdb20e5
;;;Optimize Production Line Efficiency;ad66c0b1-af84-4055-a720-2133148310ea
;;;Increase Equipment Capacity;df6ea442-4e65-4e36-bc0b-d0f6dc7d6ac1
;;;Refine Demand Forecasting Models;6f4b52e1-c0b1-4120-8604-f2da629203d1
;;;Negotiate Supplier Agreements;9b6f29d0-a30e-4818-8f1d-1321ec58f611
;;;Implement ERP System Enhancements;d2605628-bd61-4180-8272-8818f6272912
;;Manage Inventory and Logistics;;51ed1f83-a2a2-456a-ad88-14abe97baffe
;;;Forecast Demand and Plan Inventory Levels;9c5e1884-0772-4e77-b5b9-ab6dc7811e2b
;;;Optimize Warehouse Layout and Processes;55424cce-b816-43aa-aaa8-87f88be1e763
;;;Implement Inventory Tracking and Control System;95136db9-1e32-4a79-bdaf-091a0191170e
;;;Manage Logistics and Transportation;8ba483ac-08f1-42ad-bd64-0435d0bb3cfd
;;;Establish Returns and Reverse Logistics Process;88455778-d5f1-4a0a-aea1-1f13b11e7884
;Marketing & Sales;;;03599ead-71c0-40a7-bce0-e061cc5ce2b5
;;Develop Marketing Strategy;;09498cdd-1d50-49f8-a27a-00543c9a0fb3
;;;Define Target Audience and Market Segments;386df612-e740-4ee2-9f7e-9e5b07fcf457
;;;Develop Key Messaging and Value Proposition;17a46b55-eb7d-4437-8a60-8dc1b0ddc99e
;;;Select Marketing Channels and Tactics;ab3febe5-a385-4213-8a1e-ef9d90bc1bbc
;;;Establish Brand Identity and Guidelines;75dc43c3-e0c3-4214-bd43-37621ba8b536
;;Build Sales Team;;5ca1118b-cbd9-4403-8e4a-63d8357d4119
;;;Define Sales Team Roles and Responsibilities;fe05457a-5c96-42cb-b57b-05681778d8a0
;;;Develop Sales Training Program;08078d82-64ad-4ff3-82de-6696ad8ef0a1
;;;Recruit and Interview Sales Candidates;b137ef5a-7eaf-41fb-b63a-2a584947625e
;;;Negotiate and Offer Employment Contracts;4b24fb11-baf1-433c-8690-a919d5c4f557
;;Launch Product and Generate Sales;;74d2a7cb-d35e-4168-8547-8b5aceb0163d
;;;Finalize product packaging and labeling;ef5580d1-23fa-4e07-b981-e2ed5e5efcdb
;;;Execute pre-launch marketing campaign;d049a054-8d60-46d6-9252-1525422cd500
;;;Distribute product to initial customers;0bd865f7-128d-4e97-9186-7fc2d164fbbb
;;;Monitor product performance and gather feedback;f439b712-a0a8-43e7-8419-00bb91c6351d
;;Establish Partnerships with Healthcare Providers;;483e9a63-4e9d-4f01-8507-4c0ea14a126a
;;;Identify Key Healthcare Provider Partners;65bb6c00-72c8-487f-80bc-eada64f7ace9
;;;Develop Partnership Proposals;00aad76f-38e3-4e12-96bd-f0019f8bb52a
;;;Negotiate Partnership Agreements;8e1add8e-c1fd-4243-b4d5-88393edf3a58
;;;Establish Communication Channels;15bbcfc2-d236-4eb1-a66c-db31af92168f