Level 1;Level 2;Level 3;Level 4;Task ID
Agnate Organogenesis;;;;d099354a-0299-49c3-8c79-565d4896f467
;Project Initiation and Planning;;;b7099839-2230-4ba4-a86e-32c52a7e16b9
;;Define Project Scope and Objectives;;d2e161b5-ba12-414a-a2af-588279612216
;;;Gather VIP Consortium Requirements;58368bfd-3669-497e-af57-659ce6bc1a49
;;;Define Agnate Program Outcomes;60d29c89-1818-4a00-b9a2-2206bc0bfa37
;;;Document Project Scope Boundaries;2c517f3c-4204-4a0e-b754-fce984e2043d
;;;Develop Requirements Traceability Matrix;62167acf-0cd7-49c2-bd42-a1914da7005e
;;Develop Project Management Plan;;e72aa56a-c660-4f39-9eaf-cfd9a949070e
;;;Define Project Roles and Responsibilities;9f44b672-9847-4ec5-82fb-b5a15c33b0b7
;;;Establish Communication Protocols;a5efaea0-0323-4947-b7ab-071cf95931d0
;;;Develop Risk Management Plan;355d9f24-f1df-4005-9d52-c552e93e95ef
;;;Create Project Schedule and Budget;d2c190eb-bef8-4f22-b3fa-f9aee7c3c907
;;;Define Change Management Process;932fec01-eace-4fd4-9de0-78d7c2006758
;;Secure Initial Funding;;4f32035b-cc87-41da-a219-f41f3d593798
;;;Prepare funding proposal;5bf4d519-e910-4807-a4f3-afbc6d85609d
;;;Identify funding sources;eebda421-be3b-4274-baee-d4e4ccf2a306
;;;Negotiate investment terms;78965bf4-3d38-478c-945b-636edf40ef78
;;;Conduct due diligence;903ba308-97cc-4fb6-8a4c-d1793425b92a
;;;Finalize funding agreements;8a300aeb-aeb8-496e-9ed2-d70379c3ec61
;;Establish Project Governance Structure;;9eacac90-191b-4bbc-a8c6-ae3f761fae72
;;;Define Governance Roles and Responsibilities;bcb2a39c-f78d-4e35-98f1-269f4ca3af76
;;;Establish Decision-Making Processes;d8c7e30c-fd42-425a-bc8c-8da22122befb
;;;Create Communication Protocols;0eebbe99-8a44-4d52-8f21-7efe01b195f9
;;;Develop Conflict Resolution Mechanisms;924334e3-d0c5-4a75-8dfc-9836496a535e
;;Conduct Stakeholder Analysis;;527d48f4-2aed-4e9a-99ed-c87b630b8d33
;;;Identify Key Stakeholders;eebecdda-7f48-44af-8582-257932c7e16a
;;;Assess Stakeholder Interests and Influence;50e1a57a-b0e1-42ac-819f-b6b6417a1d3d
;;;Develop Stakeholder Engagement Plan;4d1690c1-7e9f-4458-b9fe-03a9bcc4cbe0
;;;Document Stakeholder Analysis Results;b92b8a1e-3bab-4ecf-8748-c017b6d8355b
;Regulatory and Legal Compliance;;;2fbaf36d-2c2c-4c89-a524-81fd134bb990
;;Identify Applicable Laws and Regulations;;ffa37c8b-f718-4c41-bb24-717a996d1b03
;;;Research international laws and treaties;5788868a-2540-4cb7-8f43-21ad1a2cfbb6
;;;Analyze Marshall Islands laws;8f5dd339-d235-4435-9a4e-f74cedc04d8d
;;;VIP countries' organ transplant laws;d933c72b-8164-45d0-beed-56baddcf4caa
;;;Offshore facility permitting requirements;1e330044-9766-455a-9dea-69be51134733
;;;Research rights of engineered beings;654a2b90-b0e2-4efb-b85d-1bf8ca6749b8
;;Obtain Necessary Permits and Licenses;;849ba3a0-040c-4c1a-920d-3487077a472b
;;;Prepare offshore facility permit application;18fb6a05-5817-49ce-ba7e-053ee1ad24ca
;;;Apply for genetic engineering license;7843a78e-870f-4e7a-abee-848e8c5435b9
;;;Secure medical practice license;cb570694-500d-44d7-ac9b-d2453766414d
;;;Obtain hazardous materials handling permit;640d3184-e2d7-46c1-b2c2-defb2c551c9f
;;;Acquire environmental permits for facility;b202063d-988e-4563-8b11-a7935ef9987d
;;Establish Ethical Guidelines and Oversight Mechanisms;;d912e128-9f91-44e1-8c01-732c9af11d22
;;;Define ethical principles for agnate use;6b5f0371-707c-4338-bfc9-6246a12a22cf
;;;Establish review board composition and process;c136cde1-5219-4945-937e-85429b0f359b
;;;Develop agnate welfare guidelines;ae0a9a64-47c2-46d7-8286-628ea657af16
;;;Create oversight and monitoring mechanisms;114ba641-6d0b-4817-b00c-2aba62405e59
;;Develop Compliance Plan;;21ec3c04-4c36-4ccf-81f2-64a39cbc3d77
;;;Define Compliance Requirements;6f9c6bd4-48f8-4588-a41a-1c748807601e
;;;Develop Compliance Procedures;f51754ed-8152-43ab-9f6f-2d2a676b94af
;;;Implement Compliance Training;e4021db5-42fd-4c8e-a4b8-3a83bacc26d8
;;;Establish Monitoring and Auditing;1d6bdccd-e9fa-47fe-b815-257ef78c65ee
;;;Document Compliance Activities;4b4397b2-78c9-4b5c-9063-470474f7eb83
;;Engage with Regulatory Bodies;;3dae2830-3616-4d3e-8477-61e9022c69f4
;;;Review existing compliance regulations;ce9a440a-2c45-4b16-960b-4afc03ea11e7
;;;Draft initial compliance plan document;76e9f3cd-b605-43cc-8676-d308d8312b37
;;;Obtain stakeholder feedback on plan;bff86eb6-153c-4cd4-83db-78f92c19ed2b
;;;Revise plan based on feedback;ca6fed7e-cd72-4b15-aa38-6cee8234bc52
;;;Finalize and approve compliance plan;f8d50393-46d4-43b6-aa86-60b1ff42278a
;Offshore Facility Acquisition and Construction;;;36b54a26-44e3-4a25-95aa-4995fc7fdd31
;;Site Selection and Assessment;;234f9a07-9676-483b-b74e-f74188215f47
;;;Define Site Selection Criteria;a652424f-53fc-4a67-a856-f98228809c8d
;;;Conduct Initial Site Surveys;3a7d5e62-4a5d-46f1-a296-55cb52264fcf
;;;Assess Environmental Impact;427af5b1-67fb-4ab8-b8a1-9c9b4ca71d75
;;;Evaluate Logistical Feasibility;18216b37-ae78-4773-84a2-276c6da338ff
;;;Negotiate Land Rights or Leases;b40869de-96fb-4aa9-b304-d31ab7080c08
;;Facility Design and Engineering;;a60c184f-1298-439c-be39-550eb13b9ae1
;;;Define Facility Requirements and Specifications;f7bb3408-536e-46f4-931d-0d4cd9e0563a
;;;Develop Conceptual Facility Designs;ee2e1ba3-38ae-4375-b6d8-b4265fdb1153
;;;Conduct Feasibility Studies and Risk Assessments;1b80c4c2-64c6-4bab-85b1-669e8117c41d
;;;Create Detailed Engineering Designs and Blueprints;939f6e7f-2fbd-41ee-a71e-552ed8139887
;;;Obtain Design Approvals and Permits;addb9208-1cdc-4432-96a9-d40b011498c4
;;Construction and Installation;;dacc98b9-fdf7-45a1-ba07-522f647290bd
;;;Prepare seabed for facility foundation;a6cd03ba-1443-4224-bd0e-1d24caa29944
;;;Construct facility's main structure;ee7e2558-127f-4b06-8639-ee2559b3a3f1
;;;Install power and life support systems;6d8fb745-af33-4650-a804-2efd87dbed11
;;;Outfit facility with internal systems;b27a2c65-1f2e-4486-9afe-6272058802b6
;;;Connect facility to external utilities;a89b4b0e-4317-4358-8bec-e68409e845f0
;;Infrastructure Development (Energy, Water, Waste);;65ed6d25-76e8-4cbc-96d6-48dd12f81be6
;;;Secure renewable energy source permits;c0e7cc77-1a90-44f8-847b-5816dc1da049
;;;Acquire specialized water treatment equipment;6c4a0282-35e8-4706-bc88-e5a84c7cd78f
;;;Integrate waste management system;d516affd-5832-469b-9a52-dfedae8b0fd1
;;;Test integrated systems before operation;652dee19-bb54-42f3-bf15-1db47d731224
;;Commissioning and Testing;;61b498bc-a7aa-4d5c-bdbb-fafd59646dc6
;;;Develop detailed testing protocols;25b451ca-5554-4d75-b75f-02af5106bc7e
;;;Conduct phased commissioning activities;7fe85095-e80a-4e52-aa9f-86c50f586d55
;;;Perform integrated systems testing;154ef057-0fb8-49df-b45b-3427ea2cb66e
;;;Address and resolve identified issues;fbbd1cd7-6927-4b4a-a0ed-3a67d5c03396
;;;Validate system performance and readiness;d73e5767-e6c6-4288-9721-76d22a2b3450
;Genetic Engineering and Agnate Development;;;ad433b08-e982-440a-a5ea-521a3a6423f8
;;Develop Genetic Engineering Protocols;;c9247188-b913-45ab-bb42-d93ec2b40f19
;;;Research gene editing technologies;27892dcc-7b89-47e9-a23d-5167f92b9bbb
;;;Design agnate genome modification strategy;1ff3cf48-afd7-4b49-a9f7-403588e56bef
;;;Develop gene delivery methods;1810399b-c5bb-4411-b326-38edf64e43f1
;;;Test gene editing protocols in vitro;3951393f-c75c-43c6-afd1-798dbf28e6f5
;;;Refine protocols based on in vitro results;16f10766-d586-478d-b3d2-ebadde21bef2
;;Establish Agnate Gestation and Rearing Procedures;;9b3a95ee-f454-4c4f-8828-2d49ddc4ef6a
;;;Design agnate housing environment;26f95ce9-95d1-448c-801c-3b1c3bd7194e
;;;Develop feeding and care protocols;30a23f1b-5780-4cd7-b4e0-0a35c80fb6df
;;;Establish environmental control systems;92955d34-ff98-4584-890c-9e74e48eb2f9
;;;Implement agnate monitoring system;3d562c26-9f2d-466a-bf42-7e489e7b8430
;;;Validate rearing procedures ethically;617e9b29-c033-44cf-be45-fb7179cd5a56
;;Implement Quality Control Measures;;b55fa5ac-e179-46f4-9221-7fde5289fcb2
;;;Define Quality Control Metrics;5bc87864-3d55-45f4-8689-7f279b7d4441
;;;Develop Standardized Testing Procedures;abb86d31-7271-4924-bb0a-a7b0526c8a65
;;;Implement Data Collection System;e4cba287-4006-43c9-87d8-3380d1195da1
;;;Train Personnel on QC Procedures;89105496-911b-4f25-b257-c82bae232881
;;;Regularly Audit QC Processes;ea2cd05e-bddf-4740-ada4-5bfa90860624
;;Monitor Agnate Health and Development;;7d4b5888-e96e-4f2d-ae52-b626d90fa31c
;;;Establish Baseline Health Parameters;79155267-19ca-4588-a5b4-d251d400df8c
;;;Implement Continuous Monitoring System;5010bd20-290f-4d31-979f-5d856f729f7e
;;;Develop Diagnostic Protocols;8ea073f3-e045-46f8-bb25-406d38a6ad18
;;;Analyze Health Data and Trends;b09d001b-97c6-4023-bc6d-8b003eaa7874
;;;Refine Monitoring and Care Protocols;26a53f1a-de4a-4c28-82b7-e05e54e9e0e9
;;Optimize Organ Development;;423cdf75-0cff-4d4d-bb76-3aeea14dc63c
;;;Identify Key Organ Development Factors;08d28f50-f506-4f55-8715-dd44de45ff65
;;;Refine Genetic Engineering Protocols;239b439c-97ce-4e64-a1f2-5ce735a8ba47
;;;Test Modified Protocols In-Vitro;8065ea11-879d-4910-a1c3-0e6c78f53428
;;;Assess Organ Functionality;1a3f817a-f3ea-4fec-bfed-4b798f7806c6
;Organ Harvesting and Transplantation;;;a70e8a7c-8dd3-4b4b-802f-5360e07e6b90
;;Establish Organ Harvesting Protocols;;504985d8-6e79-463f-9b03-0fead22465f1
;;;Define organ harvesting criteria and standards;872acf77-142f-4d20-bddd-d7e1eb8adb02
;;;Develop surgical techniques for organ retrieval;31ee0dd4-aef2-4ba3-9e22-ebc6fd439291
;;;Establish organ transport logistics and protocols;6b4a6429-d635-484a-b40b-5f8617c6a4e0
;;;Implement quality control and documentation;171cd47a-af6e-4b84-8440-6a3967ed6576
;;Develop Organ Preservation and Storage Techniques;;fb0d9ea4-83cd-46db-a771-243c577e9aad
;;;Research preservation techniques;fea47f8d-6be1-46d4-8be8-7a35e6f34db4
;;;Acquire preservation equipment;355d50a3-7dcc-4411-a6b0-283dab701f0b
;;;Develop storage protocols;7bb38a54-ad5c-473b-8cc2-8e02a87c7eb6
;;;Test storage techniques;0967e9c7-4cde-4725-b83e-f529883352d5
;;Coordinate Organ Transplantation Procedures;;5f811a49-b519-4adb-80fe-c0bc860fdf3a
;;;Confirm recipient readiness for transplant;54cb4b72-8b46-4d20-b23d-ff135c5cfb6a
;;;Synchronize surgical teams' schedules;3912fd41-3390-4153-9160-c29d4dcfb34f
;;;Prepare operating rooms for procedures;89a44f28-f3f0-4b2f-9ac7-1093eb293c25
;;;Arrange organ transport to transplant site;7b51f682-6609-4661-babc-e1cbeae6cee2
;;Provide Post-Transplant Care;;85f066fa-c69a-47d6-ae09-a3ee56ac1100
;;;Monitor for rejection signs and symptoms;e631b694-89c7-4382-8401-d646362f25eb
;;;Manage immunosuppressant medication dosages;23b421df-dbda-4134-8e51-fccbe355fa12
;;;Prevent and treat post-operative infections;4eb87a4a-6c64-4403-9f7d-f2351039147b
;;;Provide psychological support and counseling;339e783c-2ba0-4f01-9f0c-6a3096a30809
;;;Educate patients on self-care and medication;e9cf53ec-19ce-4d0d-80f6-a3264c001411
;;Monitor Transplant Outcomes;;f48b367d-b8d7-48b3-a2f9-b9621a9ea2a0
;;;Collect comprehensive patient data;30b2c4fa-5b65-4b75-a4e8-ae8923abfb7e
;;;Track organ function and patient health;e9624ed2-f9f0-4dcc-bdd8-fad8bdece5a8
;;;Analyze transplant outcome data;0b18e6cf-1101-4d42-81cd-abadcf8ff41e
;;;Report transplant outcomes and findings;5efeafbb-b347-4b18-b022-02a7b0be62bb
;Security and Operational Resilience;;;d63d6b66-cdba-4418-a642-b4b6715a67b0
;;Implement Security Protocols;;bea59702-ae9d-429e-906d-175fec0b80d4
;;;Physical Security Assessment;3bb86017-f8a3-4c78-8671-8553d16b1544
;;;Cybersecurity Protocol Development;ab372d8d-f619-43ff-9f6c-b5d852d1ad5d
;;;Personnel Security Screening;ce70ad5b-f4d4-4b06-ae78-2228bc2e38fe
;;;Emergency Response Training;d5fb397e-27f2-48d9-97f6-1e03ce52ac55
;;;Intelligence Gathering and Analysis;ebbb0d61-7e9e-4537-96e9-0a95990e4f0e
;;Establish Contingency Plans;;0b6821ad-a53d-442f-9425-00a0f36b934b
;;;Identify potential disruption scenarios;dc499975-4d00-4f17-b7e5-384e11bec5e6
;;;Develop emergency response procedures;aafc55e8-899f-4022-991f-070f429f1133
;;;Establish communication protocols;f1e2c517-8fb0-4f64-a430-7abae15f2676
;;;Secure backup resources and supplies;a4d07a30-f720-4c4c-bfa4-f7a9fce7d8db
;;;Conduct regular drills and simulations;b0fc3009-652f-430d-b09a-e144136c50c7
;;Develop Redundant Systems;;17609e24-7995-46ea-b113-76ace4a54d59
;;;Identify Critical System Components;a19098f2-99e5-42c3-8eb8-62df430e308c
;;;Research Redundancy Options;f64102b9-2e0b-4127-940d-068af65a9ef2
;;;Design Redundant Systems;0f171485-9c7f-4083-ac68-1b6b4420805b
;;;Procure Redundant Equipment;0b54c721-42e9-43b2-bd37-a4807ac54776
;;;Integrate and Test Redundant Systems;0c3570bc-5e67-4883-a5d7-afc59c0fb819
;;Conduct Security Audits and Drills;;df91c27c-be7f-489f-9573-c1ebb3920caf
;;;Plan security audit and drill scope;b31eb77b-44b4-4b83-88f5-11062a351837
;;;Prepare audit and drill scenarios;af586a00-d54b-42e0-b50e-68f12dca5436
;;;Conduct security audits;d89cf916-72be-4217-8ef0-74451772081d
;;;Execute security drills;285a0b3e-ae49-43a1-84f9-e5fc23670343
;;;Analyze audit and drill results;6a7ba515-c745-4f46-a1ec-ca7c3749658d
;;Implement Data Protection Measures;;79e641c6-5d12-4aaf-85a5-ecf845fe56a0
;;;Identify Data Protection Requirements;ef6eeaee-a390-4397-8262-229bbe2c1f4c
;;;Assess System Vulnerabilities;6d69748d-59ff-4f65-988a-c31a27bcd2ec
;;;Implement Encryption Protocols;38a468fa-982f-4819-b930-99adaed4f15b
;;;Train Employees on Data Protection;beb2e746-bb74-41c6-8e2a-1d7f6ada7273
;;;Establish Breach Response Plan;375f2cfb-bb4f-4a17-a440-1b7d2a01181d
;Ethical Oversight and Public Relations;;;b2c3f5b5-b0d3-4f14-af60-333245423523
;;Establish Ethical Review Board;;3480a875-f41a-4377-b202-bb0666bdaed4
;;;Define ERB scope and responsibilities;2092d244-72c5-4dd1-90b9-67460648a182
;;;Identify potential ERB members;ced41deb-f191-427b-b112-e659dbd1fb80
;;;Contact and recruit ERB members;bb22faa8-62e1-4945-8132-b5175efbcd5b
;;;Develop ERB operating procedures;085cdda4-5b68-4204-9129-45683b8811d8
;;;Establish ERB communication channels;667d0c02-4e57-4279-911d-50a4c59d0216
;;Develop Crisis Communication Plan;;e1c92920-be31-44c1-8830-fe22eb5fabc7
;;;Identify potential crisis scenarios;3cbcd67b-52f2-4bb9-a158-f215f281641b
;;;Define communication protocols;ffe288ec-f708-49ce-91d6-25821e3d3997
;;;Develop key messaging and talking points;70b5e2ca-18df-42eb-bb11-7a14686cff07
;;;Establish a crisis communication team;df71c77a-1f87-4c2c-a31b-bf8f113cf445
;;;Test and refine the plan;ada3b47d-6bb9-41ae-a019-3b9b64d301de
;;Engage with Media and Public;;6dcc493f-720c-4759-a2c5-b78c3d10777c
;;;Identify Key Media Outlets;8ccaa6ce-94fc-4b35-bfd7-797bd75c3645
;;;Build Media Relationships;b2a18199-d9cb-434e-a4da-34c822a80a70
;;;Develop Media Materials;a65cdcd6-cadf-4d6b-9aa1-6fd035da3edb
;;;Prepare Spokespersons;3a7d67aa-2aed-4147-8682-bc7926e6c290
;;Monitor Public Opinion;;3408e380-0078-4c91-8bab-de399cfddec1
;;;Identify Key Public Opinion Indicators;fc15324b-7b00-4c3a-afdd-545e02fe5bfa
;;;Collect and Analyze Social Media Data;58a3e16a-4f8f-4fbc-bb6e-564d49add10f
;;;Conduct Public Opinion Surveys;cfb6b76f-86f3-4727-80c1-0955f7efab89
;;;Analyze News and Media Coverage;af35d70f-fba6-4885-88d9-da4d5fd7e7a8
;;Address Ethical Concerns;;7b469bcd-92ec-4f56-9aec-f738bf8cfe3c
;;;Identify key ethical concerns;be41fcf4-66fb-4740-af8e-7a38633ad58e
;;;Evaluate ethical frameworks;14ccc8fe-091a-4f8c-8be2-884c119d7830
;;;Develop mitigation strategies;5129d626-ffb3-4674-9fae-db7ba0985258
;;;Communicate ethical considerations;bbe0c519-9d72-477e-b6ab-f3245f0335d1