project_key,project_name,project_description,project_start_date,project_end_date,project_progress,project_parent,originating_department
d099354a-0299-49c3-8c79-565d4896f467,Agnate Organogenesis,"Agnate Organogenesis

Final deliverable:
Organ Replacement",9/4/2025,7/5/2043,0,,PlanExe
b7099839-2230-4ba4-a86e-32c52a7e16b9,Project Initiation and Planning,,9/4/2025,2/5/2026,0,d099354a-0299-49c3-8c79-565d4896f467,PlanExe
d2e161b5-ba12-414a-a2af-588279612216,Define Project Scope and Objectives,,9/4/2025,9/20/2025,0,b7099839-2230-4ba4-a86e-32c52a7e16b9,PlanExe
58368bfd-3669-497e-af57-659ce6bc1a49,Gather VIP Consortium Requirements,"Gather VIP Consortium Requirements

Description:
Conduct individual interviews with VIP consortium members to gather detailed requirements for organ and tissue replacement services, including preferred organ types, frequency of service, and acceptable risk levels.

Resources needed:
• Project Manager
• Requirements Analyst
• Medical Consultant",9/4/2025,9/8/2025,0,d2e161b5-ba12-414a-a2af-588279612216,PlanExe
60d29c89-1818-4a00-b9a2-2206bc0bfa37,Define Agnate Program Outcomes,"Define Agnate Program Outcomes

Description:
Establish clear and measurable outcomes for the agnate program, including the number of viable organs to be produced per year, the success rate of organ transplantation, and the overall health and lifespan of the agnates.

Resources needed:
• Chief Geneticist
• Lead Transplant Surgeon
• Bioethicist",9/8/2025,9/12/2025,0,58368bfd-3669-497e-af57-659ce6bc1a49,PlanExe
2c517f3c-4204-4a0e-b754-fce984e2043d,Document Project Scope Boundaries,"Document Project Scope Boundaries

Description:
Clearly define the boundaries of the project, including what is included and excluded from the scope, to prevent scope creep and ensure that the project remains focused on its core objectives. This includes geographical limitations, types of organs, and VIP eligibility criteria.

Resources needed:
• Project Manager
• Legal Counsel
• VIP Liaison",9/12/2025,9/16/2025,0,60d29c89-1818-4a00-b9a2-2206bc0bfa37,PlanExe
62167acf-0cd7-49c2-bd42-a1914da7005e,Develop Requirements Traceability Matrix,"Develop Requirements Traceability Matrix

Description:
Create a comprehensive requirements traceability matrix to link each requirement from the VIP consortium to specific project deliverables, ensuring that all requirements are met and that the project remains aligned with stakeholder expectations.

Resources needed:
• Requirements Analyst
• Project Manager
• Systems Engineer",9/16/2025,9/20/2025,0,d2e161b5-ba12-414a-a2af-588279612216,PlanExe
e72aa56a-c660-4f39-9eaf-cfd9a949070e,Develop Project Management Plan,,9/20/2025,10/20/2025,0,d2e161b5-ba12-414a-a2af-588279612216,PlanExe
9f44b672-9847-4ec5-82fb-b5a15c33b0b7,Define Project Roles and Responsibilities,"Define Project Roles and Responsibilities

Description:
Clearly define the roles and responsibilities of each team member and stakeholder involved in the project. This includes creating a RACI matrix to ensure accountability and prevent confusion.

Resources needed:
• Project Manager
• Stakeholders
• Team Leads",9/20/2025,9/26/2025,0,e72aa56a-c660-4f39-9eaf-cfd9a949070e,PlanExe
a5efaea0-0323-4947-b7ab-071cf95931d0,Establish Communication Protocols (1),"Establish Communication Protocols

Description:
Establish clear communication protocols for the project, including frequency of meetings, reporting requirements, and escalation procedures. This will ensure that all stakeholders are kept informed of project progress and any potential issues.

Resources needed:
• Project Manager
• Communication Specialist
• Stakeholders",9/26/2025,10/2/2025,0,9f44b672-9847-4ec5-82fb-b5a15c33b0b7,PlanExe
355d9f24-f1df-4005-9d52-c552e93e95ef,Develop Risk Management Plan,"Develop Risk Management Plan

Description:
Develop a comprehensive risk management plan to identify, assess, and mitigate potential risks that could impact the project's success. This includes creating a risk register and developing contingency plans.

Resources needed:
• Project Manager
• Risk Management Specialist
• Subject Matter Experts",10/2/2025,10/8/2025,0,a5efaea0-0323-4947-b7ab-071cf95931d0,PlanExe
d2c190eb-bef8-4f22-b3fa-f9aee7c3c907,Create Project Schedule and Budget,"Create Project Schedule and Budget

Description:
Develop a detailed project schedule and budget, including timelines for each task, resource allocation, and cost estimates. This will provide a roadmap for the project and ensure that it stays on track and within budget.

Resources needed:
• Project Manager
• Financial Analyst
• Team Leads",10/8/2025,10/14/2025,0,355d9f24-f1df-4005-9d52-c552e93e95ef,PlanExe
932fec01-eace-4fd4-9de0-78d7c2006758,Define Change Management Process,"Define Change Management Process

Description:
Establish a clear change management process for the project, including procedures for requesting, evaluating, and approving changes to the project scope, schedule, or budget. This will ensure that changes are managed effectively and do not disrupt the project.

Resources needed:
• Project Manager
• Stakeholders
• Change Management Specialist",10/14/2025,10/20/2025,0,e72aa56a-c660-4f39-9eaf-cfd9a949070e,PlanExe
4f32035b-cc87-41da-a219-f41f3d593798,Secure Initial Funding,,10/20/2025,12/19/2025,0,e72aa56a-c660-4f39-9eaf-cfd9a949070e,PlanExe
5bf4d519-e910-4807-a4f3-afbc6d85609d,Prepare funding proposal,"Prepare funding proposal

Description:
Develop a comprehensive funding proposal outlining the project's objectives, scope, budget, and potential return on investment. This includes detailed financial projections, risk assessments, and management team profiles.

Resources needed:
• Financial analyst
• Project manager
• Legal counsel",10/20/2025,11/1/2025,0,4f32035b-cc87-41da-a219-f41f3d593798,PlanExe
eebda421-be3b-4274-baee-d4e4ccf2a306,Identify funding sources,"Identify funding sources

Description:
Research and identify potential funding sources, including private equity firms, venture capitalists, high-net-worth individuals, and government grants. Assess their investment criteria and suitability for the project.

Resources needed:
• Financial analyst
• Research assistant",11/1/2025,11/13/2025,0,5bf4d519-e910-4807-a4f3-afbc6d85609d,PlanExe
78965bf4-3d38-478c-945b-636edf40ef78,Negotiate investment terms,"Negotiate investment terms

Description:
Negotiate investment terms with potential funders, including equity stakes, interest rates, repayment schedules, and control provisions. Ensure that the terms are favorable to the project and align with its long-term goals.

Resources needed:
• Legal counsel
• Financial advisor
• Project manager",11/13/2025,11/25/2025,0,eebda421-be3b-4274-baee-d4e4ccf2a306,PlanExe
903ba308-97cc-4fb6-8a4c-d1793425b92a,Conduct due diligence,"Conduct due diligence

Description:
Facilitate the due diligence process by providing potential investors with access to relevant project information, including financial records, technical reports, and legal documents. Address any questions or concerns raised by investors.

Resources needed:
• Project manager
• Legal counsel
• Financial analyst",11/25/2025,12/7/2025,0,78965bf4-3d38-478c-945b-636edf40ef78,PlanExe
8a300aeb-aeb8-496e-9ed2-d70379c3ec61,Finalize funding agreements,"Finalize funding agreements

Description:
Finalize funding agreements with selected investors, ensuring that all legal and regulatory requirements are met. Execute the agreements and transfer funds to the project's designated accounts.

Resources needed:
• Legal counsel
• Financial advisor
• Project manager",12/7/2025,12/19/2025,0,4f32035b-cc87-41da-a219-f41f3d593798,PlanExe
9eacac90-191b-4bbc-a8c6-ae3f761fae72,Establish Project Governance Structure,,12/19/2025,1/20/2026,0,4f32035b-cc87-41da-a219-f41f3d593798,PlanExe
bcb2a39c-f78d-4e35-98f1-269f4ca3af76,Define Governance Roles and Responsibilities,"Define Governance Roles and Responsibilities

Description:
Clearly define the roles, responsibilities, and authority levels for each member of the project governance structure. This includes the steering committee, project sponsor, project manager, and any other relevant stakeholders. Objective: Establish a clear understanding of who is responsible for what within the project's governance framework. Scope: Document roles, responsibilities, and authority levels. Steps: 1. Identify all key stakeholders. 2. Define roles and responsibilities for each stakeholder. 3. Document the governance structure. 4. Obtain stakeholder approval. Deliverables: Documented governance structure with defined roles and responsibilities.

Resources needed:
• Project Manager
• Legal Counsel
• Stakeholder Representatives",12/19/2025,12/27/2025,0,9eacac90-191b-4bbc-a8c6-ae3f761fae72,PlanExe
d8c7e30c-fd42-425a-bc8c-8da22122befb,Establish Decision-Making Processes,"Establish Decision-Making Processes

Description:
Establish clear and transparent decision-making processes for the project. This includes defining how decisions will be made, who will be involved in the decision-making process, and how conflicts will be resolved. Objective: Ensure that decisions are made efficiently and effectively. Scope: Document decision-making processes. Steps: 1. Identify key decision points. 2. Define decision-making processes for each point. 3. Document the processes. 4. Obtain stakeholder approval. Deliverables: Documented decision-making processes.

Resources needed:
• Project Manager
• Legal Counsel
• Stakeholder Representatives",12/27/2025,1/4/2026,0,bcb2a39c-f78d-4e35-98f1-269f4ca3af76,PlanExe
0eebbe99-8a44-4d52-8f21-7efe01b195f9,Create Communication Protocols,"Create Communication Protocols

Description:
Develop communication protocols to ensure that all stakeholders are kept informed of project progress and any relevant issues. This includes defining the frequency of communication, the channels of communication, and the information that will be communicated. Objective: Maintain open and transparent communication with all stakeholders. Scope: Document communication protocols. Steps: 1. Identify key stakeholders. 2. Define communication needs for each stakeholder. 3. Develop communication protocols. 4. Obtain stakeholder approval. Deliverables: Documented communication protocols.

Resources needed:
• Project Manager
• Communications Manager
• Stakeholder Representatives",1/4/2026,1/12/2026,0,d8c7e30c-fd42-425a-bc8c-8da22122befb,PlanExe
924334e3-d0c5-4a75-8dfc-9836496a535e,Develop Conflict Resolution Mechanisms,"Develop Conflict Resolution Mechanisms

Description:
Establish mechanisms for resolving conflicts that may arise during the project. This includes defining a process for escalating conflicts, identifying individuals who will be responsible for resolving conflicts, and establishing guidelines for conflict resolution. Objective: Resolve conflicts efficiently and effectively. Scope: Document conflict resolution mechanisms. Steps: 1. Identify potential sources of conflict. 2. Develop conflict resolution mechanisms. 3. Document the mechanisms. 4. Obtain stakeholder approval. Deliverables: Documented conflict resolution mechanisms.

Resources needed:
• Project Manager
• Legal Counsel
• Stakeholder Representatives",1/12/2026,1/20/2026,0,9eacac90-191b-4bbc-a8c6-ae3f761fae72,PlanExe
527d48f4-2aed-4e9a-99ed-c87b630b8d33,Conduct Stakeholder Analysis,,1/20/2026,2/5/2026,0,b7099839-2230-4ba4-a86e-32c52a7e16b9,PlanExe
eebecdda-7f48-44af-8582-257932c7e16a,Identify Key Stakeholders,"Identify Key Stakeholders

Description:
Identify all individuals, groups, and organizations that have an interest in or are affected by the project. This includes the VIP consortium, regulatory bodies, potential investors, and the local community.

Resources needed:
• Project Manager
• Communication Specialist
• Legal Counsel",1/20/2026,1/24/2026,0,527d48f4-2aed-4e9a-99ed-c87b630b8d33,PlanExe
50e1a57a-b0e1-42ac-819f-b6b6417a1d3d,Assess Stakeholder Interests and Influence,"Assess Stakeholder Interests and Influence

Description:
Determine the level of interest and influence each stakeholder has on the project. This involves understanding their needs, expectations, and potential concerns.

Resources needed:
• Project Manager
• Communication Specialist
• Analyst",1/24/2026,1/28/2026,0,eebecdda-7f48-44af-8582-257932c7e16a,PlanExe
4d1690c1-7e9f-4458-b9fe-03a9bcc4cbe0,Develop Stakeholder Engagement Plan,"Develop Stakeholder Engagement Plan

Description:
Create a plan outlining how to effectively communicate and engage with each stakeholder group. This includes defining communication channels, frequency, and key messages.

Resources needed:
• Project Manager
• Communication Specialist
• Public Relations Manager",1/28/2026,2/1/2026,0,50e1a57a-b0e1-42ac-819f-b6b6417a1d3d,PlanExe
b92b8a1e-3bab-4ecf-8748-c017b6d8355b,Document Stakeholder Analysis Results,"Document Stakeholder Analysis Results

Description:
Compile all findings from the stakeholder analysis into a comprehensive report. This report should include a stakeholder register, interest/influence matrix, and the stakeholder engagement plan.

Resources needed:
• Project Manager
• Analyst
• Documentation Specialist",2/1/2026,2/5/2026,0,527d48f4-2aed-4e9a-99ed-c87b630b8d33,PlanExe
2fbaf36d-2c2c-4c89-a524-81fd134bb990,Regulatory and Legal Compliance,,2/5/2026,11/2/2027,0,b7099839-2230-4ba4-a86e-32c52a7e16b9,PlanExe
ffa37c8b-f718-4c41-bb24-717a996d1b03,Identify Applicable Laws and Regulations,,2/5/2026,4/6/2026,0,2fbaf36d-2c2c-4c89-a524-81fd134bb990,PlanExe
5788868a-2540-4cb7-8f43-21ad1a2cfbb6,Research international laws and treaties,"Research international laws and treaties

Description:
Objective: Identify all relevant international laws and treaties related to genetic engineering, human rights, and maritime activities.
Scope: Review international legal databases and consult with international law experts.
Steps: 1. Access international legal databases (e.g., LexisNexis, Westlaw). 2. Search for relevant laws and treaties. 3. Analyze the applicability of each law and treaty to the project.
Deliverables: A comprehensive list of applicable international laws and treaties.

Resources needed:
• Legal Counsel
• International Law Databases",2/5/2026,2/17/2026,0,ffa37c8b-f718-4c41-bb24-717a996d1b03,PlanExe
8f5dd339-d235-4435-9a4e-f74cedc04d8d,Analyze Marshall Islands laws,"Analyze Marshall Islands laws

Description:
Objective: Identify all relevant national laws of the Marshall Islands regarding offshore facilities and genetic research.
Scope: Review Marshall Islands legal codes and consult with local legal experts.
Steps: 1. Access Marshall Islands legal codes. 2. Search for relevant laws. 3. Analyze the applicability of each law to the project.
Deliverables: A comprehensive list of applicable Marshall Islands laws.

Resources needed:
• Legal Counsel
• Local Legal Experts
• Marshall Islands Legal Codes",2/17/2026,3/1/2026,0,5788868a-2540-4cb7-8f43-21ad1a2cfbb6,PlanExe
d933c72b-8164-45d0-beed-56baddcf4caa,VIP countries' organ transplant laws,"VIP countries' organ transplant laws

Description:
Objective: Identify the laws of the VIPs' countries regarding organ transplantation and medical tourism.
Scope: Review legal codes of the VIPs' countries and consult with legal experts in medical tourism.
Steps: 1. Identify the countries of origin of the VIPs. 2. Access legal codes of those countries. 3. Search for relevant laws. 4. Analyze the applicability of each law to the project.
Deliverables: A comprehensive list of applicable laws from the VIPs' countries.

Resources needed:
• Legal Counsel
• Medical Tourism Legal Experts
• International Legal Databases",3/1/2026,3/13/2026,0,8f5dd339-d235-4435-9a4e-f74cedc04d8d,PlanExe
1e330044-9766-455a-9dea-69be51134733,Offshore facility permitting requirements,"Offshore facility permitting requirements

Description:
Objective: Determine the permitting requirements for offshore facility construction and operation in the chosen location.
Scope: Research permitting processes and consult with regulatory agencies.
Steps: 1. Identify the relevant regulatory agencies. 2. Research the permitting processes. 3. Document the required permits and licenses.
Deliverables: A detailed list of permitting requirements.

Resources needed:
• Regulatory Compliance Officer
• Environmental Consultants",3/13/2026,3/25/2026,0,d933c72b-8164-45d0-beed-56baddcf4caa,PlanExe
654a2b90-b0e2-4efb-b85d-1bf8ca6749b8,Research rights of engineered beings,"Research rights of engineered beings

Description:
Objective: Identify legal precedents related to the rights of genetically engineered beings.
Scope: Review legal databases and consult with legal scholars.
Steps: 1. Access legal databases. 2. Search for relevant legal precedents. 3. Analyze the implications of the precedents for the project.
Deliverables: A summary of legal precedents related to the rights of genetically engineered beings.

Resources needed:
• Legal Counsel
• Legal Scholars
• Legal Databases",3/25/2026,4/6/2026,0,ffa37c8b-f718-4c41-bb24-717a996d1b03,PlanExe
849ba3a0-040c-4c1a-920d-3487077a472b,Obtain Necessary Permits and Licenses,,4/6/2026,4/6/2027,0,ffa37c8b-f718-4c41-bb24-717a996d1b03,PlanExe
18fb6a05-5817-49ce-ba7e-053ee1ad24ca,Prepare offshore facility permit application,"Prepare offshore facility permit application

Description:
Objective: Compile all necessary documentation for the offshore facility permit application.
Scope: Gather engineering plans, environmental impact assessments, and operational protocols.
Steps: Review regulatory requirements, collect data, draft application, and submit to relevant authorities.
Deliverables: Completed offshore facility permit application.

Resources needed:
• Legal Counsel
• Environmental Consultant
• Engineering Team
• Regulatory Compliance Officer",4/6/2026,6/18/2026,0,849ba3a0-040c-4c1a-920d-3487077a472b,PlanExe
7843a78e-870f-4e7a-abee-848e8c5435b9,Apply for genetic engineering license,"Apply for genetic engineering license

Description:
Objective: Obtain the required license for conducting genetic engineering activities.
Scope: Prepare documentation demonstrating compliance with ethical and safety standards.
Steps: Review licensing requirements, draft application, submit to regulatory agency, and respond to inquiries.
Deliverables: Approved genetic engineering license.

Resources needed:
• Chief Geneticist
• Legal Counsel
• Regulatory Compliance Officer
• Bioethicist",6/18/2026,8/30/2026,0,18fb6a05-5817-49ce-ba7e-053ee1ad24ca,PlanExe
cb570694-500d-44d7-ac9b-d2453766414d,Secure medical practice license,"Secure medical practice license

Description:
Objective: Obtain the necessary license for medical staff to practice within the offshore facility.
Scope: Verify credentials of medical personnel and ensure compliance with medical regulations.
Steps: Review licensing requirements, collect credentials, submit application, and obtain approval.
Deliverables: Approved medical practice license.

Resources needed:
• Lead Transplant Surgeon
• Medical Staff Coordinator
• Legal Counsel
• Regulatory Compliance Officer",8/30/2026,11/11/2026,0,7843a78e-870f-4e7a-abee-848e8c5435b9,PlanExe
640d3184-e2d7-46c1-b2c2-defb2c551c9f,Obtain hazardous materials handling permit,"Obtain hazardous materials handling permit

Description:
Objective: Secure permit for handling hazardous materials used in the facility.
Scope: Identify hazardous materials, develop safety protocols, and prepare application.
Steps: Review regulations, identify materials, draft application, and submit to authorities.
Deliverables: Approved hazardous materials handling permit.

Resources needed:
• Safety Officer
• Chemical Engineer
• Regulatory Compliance Officer
• Legal Counsel",11/11/2026,1/23/2027,0,cb570694-500d-44d7-ac9b-d2453766414d,PlanExe
b202063d-988e-4563-8b11-a7935ef9987d,Acquire environmental permits for facility,"Acquire environmental permits for facility

Description:
Objective: Obtain all necessary environmental permits for the offshore facility's operation.
Scope: Assess environmental impact, develop mitigation plans, and prepare permit applications.
Steps: Conduct environmental assessment, draft applications, submit to agencies, and address concerns.
Deliverables: Approved environmental permits.

Resources needed:
• Environmental Consultant
• Legal Counsel
• Regulatory Compliance Officer
• Marine Biologist",1/23/2027,4/6/2027,0,849ba3a0-040c-4c1a-920d-3487077a472b,PlanExe
d912e128-9f91-44e1-8c01-732c9af11d22,Establish Ethical Guidelines and Oversight Mechanisms,,4/6/2027,6/5/2027,0,849ba3a0-040c-4c1a-920d-3487077a472b,PlanExe
6b5f0371-707c-4338-bfc9-6246a12a22cf,Define ethical principles for agnate use,"Define ethical principles for agnate use

Description:
Establish core ethical principles to guide the project, focusing on the moral implications of creating and utilizing agnates for organ harvesting. This includes defining the rights and protections afforded to the agnates, addressing concerns about exploitation, and ensuring adherence to the highest ethical standards.

Resources needed:
• Bioethicists
• Legal experts
• VIP representatives
• Public representatives",4/6/2027,4/21/2027,0,d912e128-9f91-44e1-8c01-732c9af11d22,PlanExe
c136cde1-5219-4945-937e-85429b0f359b,Establish review board composition and process,"Establish review board composition and process

Description:
Determine the composition of the ethical review board, ensuring representation from diverse perspectives, including bioethics, law, medicine, and public advocacy. Define the board's mandate, responsibilities, and decision-making processes, including procedures for reviewing research proposals, addressing ethical concerns, and monitoring project activities.

Resources needed:
• Project manager
• Legal counsel
• Bioethicists
• Governance experts",4/21/2027,5/6/2027,0,6b5f0371-707c-4338-bfc9-6246a12a22cf,PlanExe
ae0a9a64-47c2-46d7-8286-628ea657af16,Develop agnate welfare guidelines,"Develop agnate welfare guidelines

Description:
Create comprehensive guidelines for the care and well-being of the agnates, encompassing all aspects of their lives, from gestation to organ harvesting. These guidelines should address their physical and psychological needs, ensure humane treatment, and minimize any potential suffering.

Resources needed:
• Veterinarians
• Animal welfare specialists
• Bioethicists
• Medical staff",5/6/2027,5/21/2027,0,c136cde1-5219-4945-937e-85429b0f359b,PlanExe
114ba641-6d0b-4817-b00c-2aba62405e59,Create oversight and monitoring mechanisms,"Create oversight and monitoring mechanisms

Description:
Implement robust oversight and monitoring mechanisms to ensure adherence to ethical guidelines and regulatory requirements. This includes establishing clear reporting channels, conducting regular audits, and providing independent oversight of all project activities.

Resources needed:
• Compliance officers
• Auditors
• Independent monitors
• Legal counsel",5/21/2027,6/5/2027,0,d912e128-9f91-44e1-8c01-732c9af11d22,PlanExe
21ec3c04-4c36-4ccf-81f2-64a39cbc3d77,Develop Compliance Plan,,6/5/2027,10/3/2027,0,d912e128-9f91-44e1-8c01-732c9af11d22,PlanExe
6f9c6bd4-48f8-4588-a41a-1c748807601e,Define Compliance Requirements,"Define Compliance Requirements

Description:
Identify and document all specific regulatory and legal requirements applicable to the project, including international, national, and local laws, regulations, and ethical guidelines.

Resources needed:
• Legal Counsel
• Regulatory Compliance Officer
• Subject Matter Experts",6/5/2027,6/29/2027,0,21ec3c04-4c36-4ccf-81f2-64a39cbc3d77,PlanExe
f51754ed-8152-43ab-9f6f-2d2a676b94af,Develop Compliance Procedures,"Develop Compliance Procedures

Description:
Create detailed procedures and protocols to ensure adherence to all identified compliance requirements, including documentation, reporting, monitoring, and auditing processes.

Resources needed:
• Legal Counsel
• Regulatory Compliance Officer
• Process Engineers",6/29/2027,7/23/2027,0,6f9c6bd4-48f8-4588-a41a-1c748807601e,PlanExe
e4021db5-42fd-4c8e-a4b8-3a83bacc26d8,Implement Compliance Training,"Implement Compliance Training

Description:
Develop and deliver comprehensive training programs to educate all relevant personnel on compliance requirements and procedures, ensuring they understand their roles and responsibilities.

Resources needed:
• Training Specialists
• Legal Counsel
• Regulatory Compliance Officer",7/23/2027,8/16/2027,0,f51754ed-8152-43ab-9f6f-2d2a676b94af,PlanExe
1d6bdccd-e9fa-47fe-b815-257ef78c65ee,Establish Monitoring and Auditing,"Establish Monitoring and Auditing

Description:
Implement a system for ongoing monitoring and auditing of compliance activities to identify and address any deviations from established procedures, ensuring continuous improvement.

Resources needed:
• Auditors
• Regulatory Compliance Officer
• Data Analysts",8/16/2027,9/9/2027,0,e4021db5-42fd-4c8e-a4b8-3a83bacc26d8,PlanExe
4b4397b2-78c9-4b5c-9063-470474f7eb83,Document Compliance Activities,"Document Compliance Activities

Description:
Maintain thorough and accurate records of all compliance activities, including procedures, training, monitoring, and auditing results, to demonstrate adherence to regulatory requirements.

Resources needed:
• Document Control Specialists
• Regulatory Compliance Officer
• Administrative Staff",9/9/2027,10/3/2027,0,21ec3c04-4c36-4ccf-81f2-64a39cbc3d77,PlanExe
3dae2830-3616-4d3e-8477-61e9022c69f4,Engage with Regulatory Bodies,,10/3/2027,11/2/2027,0,2fbaf36d-2c2c-4c89-a524-81fd134bb990,PlanExe
ce9a440a-2c45-4b16-960b-4afc03ea11e7,Review existing compliance regulations,"Review existing compliance regulations

Description:
Objective: Identify all relevant laws and regulations. Scope: International, national, and local laws. Steps: Research, consult experts, document findings. Deliverables: Compliance matrix.

Resources needed:
• Legal Counsel
• Regulatory Compliance Officer",10/3/2027,10/9/2027,0,3dae2830-3616-4d3e-8477-61e9022c69f4,PlanExe
76e9f3cd-b605-43cc-8676-d308d8312b37,Draft initial compliance plan document,"Draft initial compliance plan document

Description:
Objective: Create a preliminary compliance plan. Scope: All identified regulations. Steps: Outline procedures, assign responsibilities, set timelines. Deliverables: Draft compliance plan.

Resources needed:
• Legal Counsel
• Regulatory Compliance Officer
• Project Manager",10/9/2027,10/15/2027,0,ce9a440a-2c45-4b16-960b-4afc03ea11e7,PlanExe
bff86eb6-153c-4cd4-83db-78f92c19ed2b,Obtain stakeholder feedback on plan,"Obtain stakeholder feedback on plan

Description:
Objective: Gather input from key stakeholders. Scope: Internal and external stakeholders. Steps: Distribute plan, conduct meetings, collect feedback. Deliverables: Stakeholder feedback report.

Resources needed:
• Legal Counsel
• Regulatory Compliance Officer
• Project Manager",10/15/2027,10/21/2027,0,76e9f3cd-b605-43cc-8676-d308d8312b37,PlanExe
ca6fed7e-cd72-4b15-aa38-6cee8234bc52,Revise plan based on feedback,"Revise plan based on feedback

Description:
Objective: Incorporate stakeholder feedback. Scope: All feedback received. Steps: Analyze feedback, revise plan, document changes. Deliverables: Revised compliance plan.

Resources needed:
• Legal Counsel
• Regulatory Compliance Officer
• Project Manager",10/21/2027,10/27/2027,0,bff86eb6-153c-4cd4-83db-78f92c19ed2b,PlanExe
f8d50393-46d4-43b6-aa86-60b1ff42278a,Finalize and approve compliance plan,"Finalize and approve compliance plan

Description:
Objective: Secure final approval of the compliance plan. Scope: Entire plan. Steps: Obtain sign-off from key stakeholders, distribute final plan. Deliverables: Approved compliance plan.

Resources needed:
• Legal Counsel
• Regulatory Compliance Officer
• Project Manager
• Senior Management",10/27/2027,11/2/2027,0,3dae2830-3616-4d3e-8477-61e9022c69f4,PlanExe
36b54a26-44e3-4a25-95aa-4995fc7fdd31,Offshore Facility Acquisition and Construction,,11/2/2027,4/27/2034,0,2fbaf36d-2c2c-4c89-a524-81fd134bb990,PlanExe
234f9a07-9676-483b-b74e-f74188215f47,Site Selection and Assessment,,11/2/2027,7/29/2028,0,36b54a26-44e3-4a25-95aa-4995fc7fdd31,PlanExe
a652424f-53fc-4a67-a856-f98228809c8d,Define Site Selection Criteria,"Define Site Selection Criteria

Description:
Establish clear criteria for evaluating potential offshore locations, considering factors such as environmental impact, regulatory compliance, logistical feasibility, security, and proximity to necessary resources.

Resources needed:
• Environmental scientists
• Marine engineers
• Legal counsel
• Logistics experts",11/2/2027,12/26/2027,0,234f9a07-9676-483b-b74e-f74188215f47,PlanExe
3a7d5e62-4a5d-46f1-a296-55cb52264fcf,Conduct Initial Site Surveys,"Conduct Initial Site Surveys

Description:
Perform preliminary surveys of potential offshore locations to gather data on environmental conditions, geological characteristics, and existing maritime activities. This includes bathymetric surveys, seabed sampling, and wildlife assessments.

Resources needed:
• Surveyors
• Marine biologists
• Geologists
• Survey vessels",12/26/2027,2/18/2028,0,a652424f-53fc-4a67-a856-f98228809c8d,PlanExe
427af5b1-67fb-4ab8-b8a1-9c9b4ca71d75,Assess Environmental Impact,"Assess Environmental Impact

Description:
Evaluate the potential environmental impact of constructing and operating the offshore facility at each candidate site. This includes assessing the impact on marine ecosystems, water quality, and air quality, and identifying potential mitigation measures.

Resources needed:
• Environmental scientists
• Ecologists
• Environmental consultants",2/18/2028,4/12/2028,0,3a7d5e62-4a5d-46f1-a296-55cb52264fcf,PlanExe
18216b37-ae78-4773-84a2-276c6da338ff,Evaluate Logistical Feasibility,"Evaluate Logistical Feasibility

Description:
Assess the logistical feasibility of transporting materials, equipment, and personnel to and from each candidate site. This includes evaluating the availability of port facilities, transportation infrastructure, and supply chains.

Resources needed:
• Logistics experts
• Transportation specialists
• Supply chain managers",4/12/2028,6/5/2028,0,427af5b1-67fb-4ab8-b8a1-9c9b4ca71d75,PlanExe
b40869de-96fb-4aa9-b304-d31ab7080c08,Negotiate Land Rights or Leases,"Negotiate Land Rights or Leases

Description:
Negotiate land rights or leases with the relevant authorities or landowners for the selected offshore location. This includes securing necessary permits and approvals for construction and operation.

Resources needed:
• Legal counsel
• Real estate specialists
• Negotiators",6/5/2028,7/29/2028,0,234f9a07-9676-483b-b74e-f74188215f47,PlanExe
a60c184f-1298-439c-be39-550eb13b9ae1,Facility Design and Engineering,,7/29/2028,7/24/2029,0,234f9a07-9676-483b-b74e-f74188215f47,PlanExe
f7bb3408-536e-46f4-931d-0d4cd9e0563a,Define Facility Requirements and Specifications,"Define Facility Requirements and Specifications

Description:
Establish detailed requirements for the offshore facility, including size, capacity, environmental controls, security features, and specialized equipment needs. This involves consulting with geneticists, medical staff, security personnel, and engineers to ensure all functional and operational needs are met. Deliverable: A comprehensive document outlining all facility requirements and specifications.

Resources needed:
• Architect
• Marine Engineer
• Geneticist
• Medical Staff
• Security Consultant
• Project Manager",7/29/2028,10/9/2028,0,a60c184f-1298-439c-be39-550eb13b9ae1,PlanExe
ee2e1ba3-38ae-4375-b6d8-b4265fdb1153,Develop Conceptual Facility Designs,"Develop Conceptual Facility Designs

Description:
Create initial conceptual designs for the offshore facility based on the defined requirements and specifications. This includes generating architectural renderings, engineering schematics, and layout plans to visualize the facility's structure and functionality. Objective: Produce several conceptual designs that explore different approaches to meeting the project's needs. Deliverable: A set of conceptual design documents, including renderings and schematics.

Resources needed:
• Architect
• Marine Engineer
• CAD Software
• Project Manager",10/9/2028,12/20/2028,0,f7bb3408-536e-46f4-931d-0d4cd9e0563a,PlanExe
1b80c4c2-64c6-4bab-85b1-669e8117c41d,Conduct Feasibility Studies and Risk Assessments,"Conduct Feasibility Studies and Risk Assessments

Description:
Evaluate the feasibility of the conceptual facility designs, considering factors such as structural integrity, environmental impact, cost-effectiveness, and regulatory compliance. Identify potential risks associated with each design and develop mitigation strategies. Objective: Determine the most viable and sustainable design option. Deliverable: A feasibility study report with risk assessments and mitigation plans.

Resources needed:
• Marine Engineer
• Environmental Consultant
• Risk Management Specialist
• Cost Estimator
• Regulatory Compliance Officer",12/20/2028,3/2/2029,0,ee2e1ba3-38ae-4375-b6d8-b4265fdb1153,PlanExe
939f6e7f-2fbd-41ee-a71e-552ed8139887,Create Detailed Engineering Designs and Blueprints,"Create Detailed Engineering Designs and Blueprints

Description:
Develop detailed engineering designs and blueprints for the selected facility design, including structural plans, mechanical systems, electrical systems, and plumbing systems. Ensure that the designs comply with all applicable building codes and regulations. Objective: Produce a comprehensive set of engineering documents for construction. Deliverable: A complete set of engineering designs and blueprints.

Resources needed:
• Structural Engineer
• Mechanical Engineer
• Electrical Engineer
• Plumbing Engineer
• CAD Technicians
• Architect",3/2/2029,5/13/2029,0,1b80c4c2-64c6-4bab-85b1-669e8117c41d,PlanExe
addb9208-1cdc-4432-96a9-d40b011498c4,Obtain Design Approvals and Permits,"Obtain Design Approvals and Permits

Description:
Submit the detailed engineering designs and blueprints to relevant regulatory agencies for review and approval. Address any comments or concerns raised by the agencies and make necessary revisions to the designs. Objective: Secure all required design approvals and permits for the facility construction. Deliverable: Approved design documents and permits.

Resources needed:
• Regulatory Compliance Officer
• Permitting Specialist
• Architect
• Engineer
• Legal Counsel",5/13/2029,7/24/2029,0,a60c184f-1298-439c-be39-550eb13b9ae1,PlanExe
dacc98b9-fdf7-45a1-ba07-522f647290bd,Construction and Installation,,7/24/2029,1/25/2032,0,a60c184f-1298-439c-be39-550eb13b9ae1,PlanExe
a6cd03ba-1443-4224-bd0e-1d24caa29944,Prepare seabed for facility foundation,"Prepare seabed for facility foundation

Description:
Objective: Ensure a stable and level seabed for the offshore facility's foundation.
Scope: Includes surveying the seabed, removing debris, and leveling the area.
Steps: Conduct a bathymetric survey, remove any obstructions, and use dredging or filling to create a level surface.
Deliverables: A certified level seabed ready for foundation construction.

Resources needed:
• Surveyors
• Dredging equipment
• Construction crew
• Marine engineers",7/24/2029,1/23/2030,0,dacc98b9-fdf7-45a1-ba07-522f647290bd,PlanExe
ee7e2558-127f-4b06-8639-ee2559b3a3f1,Construct facility's main structure,"Construct facility's main structure

Description:
Objective: Build the primary structural components of the offshore facility.
Scope: Includes constructing the platform, support columns, and any underwater structures.
Steps: Fabricate structural components, transport them to the site, and assemble them according to the design specifications.
Deliverables: A completed main structure ready for outfitting.

Resources needed:
• Construction crew
• Marine engineers
• Heavy-lift cranes
• Welding equipment
• Steel
• Concrete",1/23/2030,7/25/2030,0,a6cd03ba-1443-4224-bd0e-1d24caa29944,PlanExe
6d8fb745-af33-4650-a804-2efd87dbed11,Install power and life support systems,"Install power and life support systems

Description:
Objective: Integrate essential systems for power generation, water treatment, and waste management.
Scope: Includes installing renewable energy sources, water purification units, and waste processing equipment.
Steps: Procure necessary equipment, install it according to engineering plans, and test its functionality.
Deliverables: Fully operational power, water, and waste management systems.

Resources needed:
• Electrical engineers
• Plumbing technicians
• Environmental engineers
• Renewable energy specialists
• Water treatment specialists",7/25/2030,1/24/2031,0,ee7e2558-127f-4b06-8639-ee2559b3a3f1,PlanExe
b27a2c65-1f2e-4486-9afe-6272058802b6,Outfit facility with internal systems,"Outfit facility with internal systems

Description:
Objective: Install internal systems, including living quarters, laboratories, and medical facilities.
Scope: Includes installing HVAC systems, communication networks, and specialized equipment for agnate development.
Steps: Procure necessary equipment, install it according to design specifications, and test its functionality.
Deliverables: Fully equipped internal spaces ready for operation.

Resources needed:
• HVAC technicians
• IT specialists
• Medical equipment installers
• Laboratory equipment installers
• Interior designers",1/24/2031,7/26/2031,0,6d8fb745-af33-4650-a804-2efd87dbed11,PlanExe
a89b4b0e-4317-4358-8bec-e68409e845f0,Connect facility to external utilities,"Connect facility to external utilities

Description:
Objective: Establish connections to external utilities, such as communication networks and supply chains.
Scope: Includes installing communication cables, establishing transportation routes, and securing supply agreements.
Steps: Lay communication cables, establish transportation logistics, and negotiate supply contracts.
Deliverables: Reliable connections to external utilities.

Resources needed:
• Communication technicians
• Logistics specialists
• Supply chain managers
• Transportation providers",7/26/2031,1/25/2032,0,dacc98b9-fdf7-45a1-ba07-522f647290bd,PlanExe
65ed6d25-76e8-4cbc-96d6-48dd12f81be6,"Infrastructure Development (Energy, Water, Waste)",,1/25/2032,7/26/2033,0,dacc98b9-fdf7-45a1-ba07-522f647290bd,PlanExe
c0e7cc77-1a90-44f8-847b-5816dc1da049,Secure renewable energy source permits,"Secure renewable energy source permits

Description:
Objective: Obtain all necessary permits for implementing renewable energy sources (solar, wind, wave) for the offshore facility.
Scope: This includes identifying applicable regulations, preparing permit applications, and engaging with regulatory agencies.
Steps: Research permit requirements, prepare documentation, submit applications, respond to inquiries, and secure approvals.
Deliverables: Approved permits for renewable energy sources.

Resources needed:
• Environmental consultant
• Permitting specialist
• Legal counsel",1/25/2032,6/10/2032,0,65ed6d25-76e8-4cbc-96d6-48dd12f81be6,PlanExe
6c4a0282-35e8-4706-bc88-e5a84c7cd78f,Acquire specialized water treatment equipment,"Acquire specialized water treatment equipment

Description:
Objective: Procure and deliver specialized water treatment equipment to the offshore facility.
Scope: This includes identifying suitable equipment, negotiating contracts, managing logistics, and ensuring timely delivery.
Steps: Research equipment options, solicit bids, select vendors, negotiate contracts, manage shipping, and inspect deliveries.
Deliverables: Delivered and inspected water treatment equipment.

Resources needed:
• Procurement manager
• Logistics coordinator
• Water treatment specialist",6/10/2032,10/25/2032,0,c0e7cc77-1a90-44f8-847b-5816dc1da049,PlanExe
d516affd-5832-469b-9a52-dfedae8b0fd1,Integrate waste management system,"Integrate waste management system

Description:
Objective: Integrate the waste management system with the offshore facility's infrastructure.
Scope: This includes designing the integration plan, installing equipment, testing the system, and training personnel.
Steps: Develop integration plan, install equipment, conduct testing, train personnel, and commission the system.
Deliverables: Integrated and commissioned waste management system.

Resources needed:
• Waste management engineer
• Installation crew
• Training specialist",10/25/2032,3/11/2033,0,6c4a0282-35e8-4706-bc88-e5a84c7cd78f,PlanExe
652dee19-bb54-42f3-bf15-1db47d731224,Test integrated systems before operation,"Test integrated systems before operation

Description:
Objective: Conduct thorough testing of all integrated systems (energy, water, waste) before full operation.
Scope: This includes developing testing protocols, performing tests, analyzing results, and resolving any issues.
Steps: Develop testing protocols, perform tests, analyze results, resolve issues, and document findings.
Deliverables: Testing reports and issue resolution documentation.

Resources needed:
• Engineers
• Technicians
• Testing specialists",3/11/2033,7/26/2033,0,65ed6d25-76e8-4cbc-96d6-48dd12f81be6,PlanExe
61b498bc-a7aa-4d5c-bdbb-fafd59646dc6,Commissioning and Testing,,7/26/2033,4/27/2034,0,36b54a26-44e3-4a25-95aa-4995fc7fdd31,PlanExe
25b451ca-5554-4d75-b75f-02af5106bc7e,Develop detailed testing protocols,"Develop detailed testing protocols

Description:
Create comprehensive testing procedures for all facility systems, including performance benchmarks and acceptance criteria. This includes documenting test cases, data collection methods, and reporting templates.

Resources needed:
• Engineers
• Technicians
• Quality Assurance Team",7/26/2033,9/19/2033,0,61b498bc-a7aa-4d5c-bdbb-fafd59646dc6,PlanExe
7fe85095-e80a-4e52-aa9f-86c50f586d55,Conduct phased commissioning activities,"Conduct phased commissioning activities

Description:
Implement a phased approach to commissioning, starting with individual components and gradually integrating systems. This allows for early detection and resolution of integration issues.

Resources needed:
• Engineers
• Technicians
• Project Manager",9/19/2033,11/13/2033,0,25b451ca-5554-4d75-b75f-02af5106bc7e,PlanExe
154ef057-0fb8-49df-b45b-3427ea2cb66e,Perform integrated systems testing,"Perform integrated systems testing

Description:
Test the integrated performance of all facility systems under simulated operational conditions. This includes stress testing, load testing, and failure mode analysis.

Resources needed:
• Engineers
• Technicians
• Medical Staff
• Security Personnel",11/13/2033,1/7/2034,0,7fe85095-e80a-4e52-aa9f-86c50f586d55,PlanExe
fbbd1cd7-6927-4b4a-a0ed-3a67d5c03396,Address and resolve identified issues,"Address and resolve identified issues

Description:
Document all identified issues during commissioning and testing, prioritize them based on severity, and implement corrective actions. This includes tracking issues to resolution and verifying the effectiveness of the fixes.

Resources needed:
• Engineers
• Technicians
• Project Manager",1/7/2034,3/3/2034,0,154ef057-0fb8-49df-b45b-3427ea2cb66e,PlanExe
d73e5767-e6c6-4288-9721-76d22a2b3450,Validate system performance and readiness,"Validate system performance and readiness

Description:
Verify that all facility systems meet the required performance benchmarks and are ready for full operation. This includes obtaining sign-off from relevant stakeholders and documenting the validation process.

Resources needed:
• Engineers
• Technicians
• Quality Assurance Team
• Offshore Facility Director",3/3/2034,4/27/2034,0,61b498bc-a7aa-4d5c-bdbb-fafd59646dc6,PlanExe
ad433b08-e982-440a-a5ea-521a3a6423f8,Genetic Engineering and Agnate Development,,4/27/2034,11/28/2040,0,36b54a26-44e3-4a25-95aa-4995fc7fdd31,PlanExe
c9247188-b913-45ab-bb42-d93ec2b40f19,Develop Genetic Engineering Protocols,,4/27/2034,10/29/2035,0,ad433b08-e982-440a-a5ea-521a3a6423f8,PlanExe
27892dcc-7b89-47e9-a23d-5167f92b9bbb,Research gene editing technologies,"Research gene editing technologies

Description:
Objective: Identify the most promising gene editing technologies for agnate development.
Scope: Literature review, technology scouting, and expert consultations.
Steps: 1. Define search criteria. 2. Conduct literature review. 3. Identify leading technologies. 4. Consult with experts. 5. Document findings.
Deliverables: Report on gene editing technologies.

Resources needed:
• Geneticists
• Bioinformaticians
• Research scientists",4/27/2034,8/15/2034,0,c9247188-b913-45ab-bb42-d93ec2b40f19,PlanExe
1ff3cf48-afd7-4b49-a9f7-403588e56bef,Design agnate genome modification strategy,"Design agnate genome modification strategy

Description:
Objective: Develop a detailed strategy for modifying the agnate genome to achieve desired organ development.
Scope: Genome mapping, target gene identification, and modification protocol design.
Steps: 1. Map the agnate genome. 2. Identify target genes. 3. Design modification protocols. 4. Simulate modification outcomes. 5. Document strategy.
Deliverables: Genome modification strategy document.

Resources needed:
• Geneticists
• Bioinformaticians
• Molecular biologists",8/15/2034,12/3/2034,0,27892dcc-7b89-47e9-a23d-5167f92b9bbb,PlanExe
1810399b-c5bb-4411-b326-38edf64e43f1,Develop gene delivery methods,"Develop gene delivery methods

Description:
Objective: Create effective methods for delivering gene editing tools to agnate cells.
Scope: Delivery vector selection, optimization, and testing.
Steps: 1. Select delivery vectors. 2. Optimize delivery protocols. 3. Test delivery efficiency. 4. Assess cell viability. 5. Document methods.
Deliverables: Gene delivery protocol document.

Resources needed:
• Molecular biologists
• Cell culture specialists
• Biochemists",12/3/2034,3/23/2035,0,1ff3cf48-afd7-4b49-a9f7-403588e56bef,PlanExe
3951393f-c75c-43c6-afd1-798dbf28e6f5,Test gene editing protocols in vitro,"Test gene editing protocols in vitro

Description:
Objective: Validate the effectiveness and safety of gene editing protocols in cell cultures.
Scope: Cell culture experiments, gene editing, and outcome analysis.
Steps: 1. Prepare cell cultures. 2. Apply gene editing protocols. 3. Analyze gene editing outcomes. 4. Assess cell viability. 5. Document results.
Deliverables: In vitro testing report.

Resources needed:
• Cell culture specialists
• Molecular biologists
• Lab technicians",3/23/2035,7/11/2035,0,1810399b-c5bb-4411-b326-38edf64e43f1,PlanExe
16f10766-d586-478d-b3d2-ebadde21bef2,Refine protocols based on in vitro results,"Refine protocols based on in vitro results

Description:
Objective: Improve gene editing protocols based on in vitro testing results.
Scope: Data analysis, protocol modification, and re-testing.
Steps: 1. Analyze in vitro testing data. 2. Identify areas for improvement. 3. Modify gene editing protocols. 4. Re-test protocols in vitro. 5. Document refinements.
Deliverables: Refined gene editing protocols.

Resources needed:
• Geneticists
• Molecular biologists
• Data analysts",7/11/2035,10/29/2035,0,c9247188-b913-45ab-bb42-d93ec2b40f19,PlanExe
9b3a95ee-f454-4c4f-8828-2d49ddc4ef6a,Establish Agnate Gestation and Rearing Procedures,,10/29/2035,5/1/2038,0,c9247188-b913-45ab-bb42-d93ec2b40f19,PlanExe
26f95ce9-95d1-448c-801c-3b1c3bd7194e,Design agnate housing environment,"Design agnate housing environment

Description:
Design the physical environment for agnate gestation and rearing, including temperature, humidity, lighting, and space requirements. Consider ergonomic factors for staff and biosecurity protocols.

Resources needed:
• Architect
• Environmental engineer
• Veterinarian
• Biosecurity specialist",10/29/2035,4/29/2036,0,9b3a95ee-f454-4c4f-8828-2d49ddc4ef6a,PlanExe
30a23f1b-5780-4cd7-b4e0-0a35c80fb6df,Develop feeding and care protocols,"Develop feeding and care protocols

Description:
Establish detailed protocols for feeding, hygiene, and general care of agnates at different developmental stages. Include procedures for monitoring health, administering medication, and handling emergencies.

Resources needed:
• Veterinarian
• Animal care specialists
• Nutritionist
• Medical technicians",4/29/2036,10/29/2036,0,26f95ce9-95d1-448c-801c-3b1c3bd7194e,PlanExe
92955d34-ff98-4584-890c-9e74e48eb2f9,Establish environmental control systems,"Establish environmental control systems

Description:
Implement and validate systems for maintaining optimal environmental conditions within the agnate housing facility. This includes temperature control, air filtration, water purification, and waste management.

Resources needed:
• Environmental engineer
• HVAC technician
• Water treatment specialist
• Automation engineer",10/29/2036,4/30/2037,0,30a23f1b-5780-4cd7-b4e0-0a35c80fb6df,PlanExe
3d562c26-9f2d-466a-bf42-7e489e7b8430,Implement agnate monitoring system,"Implement agnate monitoring system

Description:
Develop and deploy a system for continuous monitoring of agnate health and development. This includes sensors for vital signs, video surveillance, and data analysis tools for early detection of anomalies.

Resources needed:
• Biomedical engineer
• Data scientist
• Software developer
• Veterinarian",4/30/2037,10/30/2037,0,92955d34-ff98-4584-890c-9e74e48eb2f9,PlanExe
617e9b29-c033-44cf-be45-fb7179cd5a56,Validate rearing procedures ethically,"Validate rearing procedures ethically

Description:
Subject the developed rearing procedures to ethical review, ensuring compliance with established guidelines and minimizing potential harm or distress to the agnates. Address concerns raised by the ethical review board.

Resources needed:
• Bioethicist
• Legal counsel
• Veterinarian
• Ethical review board",10/30/2037,5/1/2038,0,9b3a95ee-f454-4c4f-8828-2d49ddc4ef6a,PlanExe
b55fa5ac-e179-46f4-9221-7fde5289fcb2,Implement Quality Control Measures,,5/1/2038,8/29/2038,0,9b3a95ee-f454-4c4f-8828-2d49ddc4ef6a,PlanExe
5bc87864-3d55-45f4-8689-7f279b7d4441,Define Quality Control Metrics,"Define Quality Control Metrics

Description:
Establish specific, measurable, achievable, relevant, and time-bound (SMART) metrics for assessing agnate quality, including organ size, tissue density, and genetic integrity. Define acceptable ranges for each metric.

Resources needed:
• Geneticists
• Medical Researchers
• Bioethicists
• Data Analysts",5/1/2038,5/25/2038,0,b55fa5ac-e179-46f4-9221-7fde5289fcb2,PlanExe
abb86d31-7271-4924-bb0a-a7b0526c8a65,Develop Standardized Testing Procedures,"Develop Standardized Testing Procedures

Description:
Create detailed, step-by-step protocols for conducting quality control tests on agnates at various stages of development. Ensure procedures are reproducible and minimize variability.

Resources needed:
• Lab Technicians
• Geneticists
• Medical Researchers
• Equipment Calibration Specialists",5/25/2038,6/18/2038,0,5bc87864-3d55-45f4-8689-7f279b7d4441,PlanExe
e4cba287-4006-43c9-87d8-3380d1195da1,Implement Data Collection System,"Implement Data Collection System

Description:
Establish a centralized database for recording and tracking quality control data. Ensure data is accurate, complete, and readily accessible for analysis. Implement data security measures to protect sensitive information.

Resources needed:
• Data Analysts
• Database Administrators
• IT Security Specialists
• Lab Technicians",6/18/2038,7/12/2038,0,abb86d31-7271-4924-bb0a-a7b0526c8a65,PlanExe
89105496-911b-4f25-b257-c82bae232881,Train Personnel on QC Procedures,"Train Personnel on QC Procedures

Description:
Provide comprehensive training to all personnel involved in quality control testing. Ensure they understand the testing procedures, data collection methods, and quality control metrics.

Resources needed:
• Training Specialists
• Geneticists
• Medical Researchers
• Lab Technicians",7/12/2038,8/5/2038,0,e4cba287-4006-43c9-87d8-3380d1195da1,PlanExe
ea2cd05e-bddf-4740-ada4-5bfa90860624,Regularly Audit QC Processes,"Regularly Audit QC Processes

Description:
Conduct periodic audits of the quality control processes to identify areas for improvement. Implement corrective actions to address any deficiencies.

Resources needed:
• Quality Assurance Specialists
• Auditors
• Geneticists
• Medical Researchers",8/5/2038,8/29/2038,0,b55fa5ac-e179-46f4-9221-7fde5289fcb2,PlanExe
7d4b5888-e96e-4f2d-ae52-b626d90fa31c,Monitor Agnate Health and Development,,8/29/2038,3/1/2040,0,b55fa5ac-e179-46f4-9221-7fde5289fcb2,PlanExe
79155267-19ca-4588-a5b4-d251d400df8c,Establish Baseline Health Parameters,"Establish Baseline Health Parameters

Description:
Define and document the normal physiological ranges for key health indicators in agnates, including vital signs, blood chemistry, and organ function. This will serve as a reference point for detecting deviations and potential health issues.

Resources needed:
• Veterinarians
• Lab technicians
• Diagnostic equipment
• Data analysts",8/29/2038,12/17/2038,0,7d4b5888-e96e-4f2d-ae52-b626d90fa31c,PlanExe
5010bd20-290f-4d31-979f-5d856f729f7e,Implement Continuous Monitoring System,"Implement Continuous Monitoring System

Description:
Deploy a system for real-time monitoring of agnate health, utilizing sensors, imaging technologies, and automated data analysis. This will enable early detection of health problems and facilitate timely intervention.

Resources needed:
• Engineers
• IT specialists
• Veterinarians
• Monitoring equipment",12/17/2038,4/6/2039,0,79155267-19ca-4588-a5b4-d251d400df8c,PlanExe
8ea073f3-e045-46f8-bb25-406d38a6ad18,Develop Diagnostic Protocols,"Develop Diagnostic Protocols

Description:
Create standardized protocols for diagnosing and treating common health conditions in agnates, including infectious diseases, organ dysfunction, and developmental abnormalities. This will ensure consistent and effective medical care.

Resources needed:
• Veterinarians
• Medical specialists
• Lab equipment
• Pharmacists",4/6/2039,7/25/2039,0,5010bd20-290f-4d31-979f-5d856f729f7e,PlanExe
b09d001b-97c6-4023-bc6d-8b003eaa7874,Analyze Health Data and Trends,"Analyze Health Data and Trends

Description:
Regularly analyze health data collected from the monitoring system to identify trends, patterns, and potential risk factors. This will inform preventative measures and improve overall agnate health management.

Resources needed:
• Data analysts
• Veterinarians
• Epidemiologists
• Statistical software",7/25/2039,11/12/2039,0,8ea073f3-e045-46f8-bb25-406d38a6ad18,PlanExe
26a53f1a-de4a-4c28-82b7-e05e54e9e0e9,Refine Monitoring and Care Protocols,"Refine Monitoring and Care Protocols

Description:
Continuously evaluate and refine the monitoring and care protocols based on the analysis of health data and feedback from medical staff. This will ensure that the protocols remain effective and aligned with the evolving needs of the agnates.

Resources needed:
• Veterinarians
• Medical specialists
• Data analysts
• Process improvement specialists",11/12/2039,3/1/2040,0,7d4b5888-e96e-4f2d-ae52-b626d90fa31c,PlanExe
423cdf75-0cff-4d4d-bb76-3aeea14dc63c,Optimize Organ Development,,3/1/2040,11/28/2040,0,ad433b08-e982-440a-a5ea-521a3a6423f8,PlanExe
08d28f50-f506-4f55-8715-dd44de45ff65,Identify Key Organ Development Factors,"Identify Key Organ Development Factors

Description:
Objective: Determine the critical factors influencing optimal organ growth and function within agnates.
Scope: Research and analyze genetic, environmental, and nutritional factors.
Steps: Conduct literature reviews, analyze existing data, and design experiments.
Deliverables: A comprehensive report identifying key organ development factors.

Resources needed:
• Geneticists
• Biologists
• Nutritionists
• Research Technicians",3/1/2040,5/8/2040,0,423cdf75-0cff-4d4d-bb76-3aeea14dc63c,PlanExe
239b439c-97ce-4e64-a1f2-5ce735a8ba47,Refine Genetic Engineering Protocols,"Refine Genetic Engineering Protocols

Description:
Objective: Modify existing genetic engineering protocols to enhance organ development.
Scope: Optimize gene editing techniques and growth factor delivery.
Steps: Conduct laboratory experiments, analyze results, and refine protocols.
Deliverables: Updated genetic engineering protocols for optimized organ development.

Resources needed:
• Genetic Engineers
• Molecular Biologists
• Laboratory Equipment
• Data Analysts",5/8/2040,7/15/2040,0,08d28f50-f506-4f55-8715-dd44de45ff65,PlanExe
8065ea11-879d-4910-a1c3-0e6c78f53428,Test Modified Protocols In-Vitro,"Test Modified Protocols In-Vitro

Description:
Objective: Evaluate the effectiveness of refined genetic engineering protocols in vitro.
Scope: Assess organ development in cell cultures and tissue models.
Steps: Conduct cell culture experiments, analyze organ development markers, and compare results.
Deliverables: In-vitro validation data for modified genetic engineering protocols.

Resources needed:
• Cell Culture Specialists
• Biologists
• Microscopes
• Analysis Software",7/15/2040,9/21/2040,0,239b439c-97ce-4e64-a1f2-5ce735a8ba47,PlanExe
1a3f817a-f3ea-4fec-bfed-4b798f7806c6,Assess Organ Functionality,"Assess Organ Functionality

Description:
Objective: Evaluate the functionality of developed organs.
Scope: Measure organ-specific functions and compare to natural organs.
Steps: Conduct functional assays, analyze data, and identify areas for improvement.
Deliverables: Functional assessment report for developed organs.

Resources needed:
• Physiologists
• Biochemists
• Medical Equipment
• Data Analysts",9/21/2040,11/28/2040,0,423cdf75-0cff-4d4d-bb76-3aeea14dc63c,PlanExe
a70e8a7c-8dd3-4b4b-802f-5360e07e6b90,Organ Harvesting and Transplantation,,11/28/2040,8/11/2041,0,ad433b08-e982-440a-a5ea-521a3a6423f8,PlanExe
504985d8-6e79-463f-9b03-0fead22465f1,Establish Organ Harvesting Protocols,,11/28/2040,12/22/2040,0,a70e8a7c-8dd3-4b4b-802f-5360e07e6b90,PlanExe
872acf77-142f-4d20-bddd-d7e1eb8adb02,Define organ harvesting criteria and standards,"Define organ harvesting criteria and standards

Description:
Establish clear and ethical criteria for determining organ suitability for harvesting, including health status, age, and genetic factors. Define standardized procedures for organ retrieval to ensure consistency and minimize damage.

Resources needed:
• Transplant surgeons
• Bioethicists
• Legal counsel
• Organ procurement specialists",11/28/2040,12/4/2040,0,504985d8-6e79-463f-9b03-0fead22465f1,PlanExe
31ee0dd4-aef2-4ba3-9e22-ebc6fd439291,Develop surgical techniques for organ retrieval,"Develop surgical techniques for organ retrieval

Description:
Develop and refine surgical techniques for the safe and efficient removal of organs from agnates, minimizing damage and preserving organ viability. This includes training surgical teams on specialized procedures and equipment.

Resources needed:
• Transplant surgeons
• Surgical nurses
• Anesthesiologists
• Surgical technicians
• Operating room equipment",12/4/2040,12/10/2040,0,872acf77-142f-4d20-bddd-d7e1eb8adb02,PlanExe
6b4a6429-d635-484a-b40b-5f8617c6a4e0,Establish organ transport logistics and protocols,"Establish organ transport logistics and protocols

Description:
Develop a comprehensive logistics plan for the rapid and secure transport of harvested organs from the offshore facility to recipient locations. This includes establishing protocols for maintaining organ viability during transport and ensuring compliance with all applicable regulations.

Resources needed:
• Logistics specialists
• Transportation personnel
• Medical couriers
• Refrigerated transport containers
• Tracking systems",12/10/2040,12/16/2040,0,31ee0dd4-aef2-4ba3-9e22-ebc6fd439291,PlanExe
171cd47a-af6e-4b84-8440-6a3967ed6576,Implement quality control and documentation,"Implement quality control and documentation

Description:
Implement rigorous quality control measures to ensure the safety and efficacy of the organ harvesting process. This includes maintaining detailed documentation of all procedures, tracking organ provenance, and conducting regular audits to identify areas for improvement.

Resources needed:
• Quality control specialists
• Data management personnel
• Auditors
• Documentation systems",12/16/2040,12/22/2040,0,504985d8-6e79-463f-9b03-0fead22465f1,PlanExe
fb0d9ea4-83cd-46db-a771-243c577e9aad,Develop Organ Preservation and Storage Techniques,,12/22/2040,2/8/2041,0,504985d8-6e79-463f-9b03-0fead22465f1,PlanExe
fea47f8d-6be1-46d4-8be8-7a35e6f34db4,Research preservation techniques,"Research preservation techniques

Description:
Objective: Identify and evaluate various organ preservation techniques.
Scope: Literature review, expert consultations, and analysis of existing protocols.
Steps: 1. Conduct a literature review of current organ preservation methods. 2. Consult with experts in organ preservation and transplantation. 3. Analyze the advantages and disadvantages of each technique. 4. Document findings in a comprehensive report.
Deliverables: A report summarizing the findings of the research.

Resources needed:
• Research scientist
• Medical literature databases
• Expert consultants",12/22/2040,1/3/2041,0,fb0d9ea4-83cd-46db-a771-243c577e9aad,PlanExe
355d50a3-7dcc-4411-a6b0-283dab701f0b,Acquire preservation equipment,"Acquire preservation equipment

Description:
Objective: Procure necessary equipment for organ preservation.
Scope: Identify vendors, obtain quotes, and purchase equipment.
Steps: 1. Identify potential vendors for organ preservation equipment. 2. Obtain quotes from multiple vendors. 3. Evaluate the quotes and select the best option. 4. Purchase the equipment and arrange for delivery.
Deliverables: Acquired organ preservation equipment.

Resources needed:
• Procurement specialist
• Budget allocation
• Vendor contacts",1/3/2041,1/15/2041,0,fea47f8d-6be1-46d4-8be8-7a35e6f34db4,PlanExe
7bb38a54-ad5c-473b-8cc2-8e02a87c7eb6,Develop storage protocols,"Develop storage protocols

Description:
Objective: Establish protocols for organ storage.
Scope: Define storage conditions, procedures, and monitoring requirements.
Steps: 1. Define optimal storage conditions for different organs. 2. Develop detailed storage procedures. 3. Establish monitoring requirements to ensure organ viability. 4. Document the protocols in a standard operating procedure (SOP).
Deliverables: SOP for organ storage.

Resources needed:
• Medical staff
• Storage facility
• Monitoring equipment",1/15/2041,1/27/2041,0,355d50a3-7dcc-4411-a6b0-283dab701f0b,PlanExe
0967e9c7-4cde-4725-b83e-f529883352d5,Test storage techniques,"Test storage techniques

Description:
Objective: Validate the effectiveness of the storage protocols.
Scope: Conduct experiments to assess organ viability after storage.
Steps: 1. Conduct experiments to assess organ viability after storage. 2. Analyze the results and identify any areas for improvement. 3. Refine the storage protocols based on the experimental results. 4. Document the findings in a validation report.
Deliverables: Validation report for organ storage protocols.

Resources needed:
• Research scientist
• Laboratory facilities
• Testing equipment",1/27/2041,2/8/2041,0,fb0d9ea4-83cd-46db-a771-243c577e9aad,PlanExe
5f811a49-b519-4adb-80fe-c0bc860fdf3a,Coordinate Organ Transplantation Procedures,,2/8/2041,2/12/2041,0,fb0d9ea4-83cd-46db-a771-243c577e9aad,PlanExe
54cb4b72-8b46-4d20-b23d-ff135c5cfb6a,Confirm recipient readiness for transplant,"Confirm recipient readiness for transplant

Description:
Objective: Ensure the recipient is medically and logistically prepared for the transplant procedure.
Scope: Verify recipient's health status, confirm pre-operative preparations, and ensure logistical arrangements are in place.
Steps: Review recipient's medical records, conduct pre-operative assessments, coordinate with the recipient's medical team, and confirm transportation arrangements.
Deliverables: Documented confirmation of recipient readiness.

Resources needed:
• Transplant coordinator
• Recipient's medical team
• Logistics personnel",2/8/2041,2/9/2041,0,5f811a49-b519-4adb-80fe-c0bc860fdf3a,PlanExe
3912fd41-3390-4153-9160-c29d4dcfb34f,Synchronize surgical teams' schedules,"Synchronize surgical teams' schedules

Description:
Objective: Align the schedules of the organ harvesting and transplant teams to minimize organ ischemia time.
Scope: Coordinate the availability of both surgical teams, considering travel time and potential delays.
Steps: Communicate with both surgical teams, identify potential scheduling conflicts, and adjust schedules as needed.
Deliverables: Confirmed and synchronized surgical team schedules.

Resources needed:
• Transplant coordinator
• Organ harvesting team
• Transplant team",2/9/2041,2/10/2041,0,54cb4b72-8b46-4d20-b23d-ff135c5cfb6a,PlanExe
89a44f28-f3f0-4b2f-9ac7-1093eb293c25,Prepare operating rooms for procedures,"Prepare operating rooms for procedures

Description:
Objective: Ensure both the organ harvesting and transplant operating rooms are fully equipped and prepared for their respective procedures.
Scope: Verify the availability of necessary equipment, sterile supplies, and personnel in both operating rooms.
Steps: Coordinate with operating room staff, confirm equipment functionality, and ensure adequate staffing levels.
Deliverables: Prepared and fully equipped operating rooms.

Resources needed:
• Operating room staff
• Biomedical engineers
• Surgical technicians",2/10/2041,2/11/2041,0,3912fd41-3390-4153-9160-c29d4dcfb34f,PlanExe
7b51f682-6609-4661-babc-e1cbeae6cee2,Arrange organ transport to transplant site,"Arrange organ transport to transplant site

Description:
Objective: Secure safe and timely transport of the harvested organ from the offshore facility to the recipient's location.
Scope: Coordinate transportation logistics, including transportation method, route, and security measures.
Steps: Select appropriate transportation method, secure necessary permits, and monitor organ transport progress.
Deliverables: Safe and timely organ delivery to the transplant site.

Resources needed:
• Logistics personnel
• Security personnel
• Transportation providers",2/11/2041,2/12/2041,0,5f811a49-b519-4adb-80fe-c0bc860fdf3a,PlanExe
85f066fa-c69a-47d6-ae09-a3ee56ac1100,Provide Post-Transplant Care,,2/12/2041,4/13/2041,0,5f811a49-b519-4adb-80fe-c0bc860fdf3a,PlanExe
e631b694-89c7-4382-8401-d646362f25eb,Monitor for rejection signs and symptoms,"Monitor for rejection signs and symptoms

Description:
Closely observe patients for any indications of organ rejection, including fever, pain, swelling, and changes in organ function. Implement regular blood tests and imaging studies to detect early signs of rejection.

Resources needed:
• Transplant nurses
• Transplant physicians
• Diagnostic equipment
• Laboratory personnel",2/12/2041,2/24/2041,0,85f066fa-c69a-47d6-ae09-a3ee56ac1100,PlanExe
23b421df-dbda-4134-8e51-fccbe355fa12,Manage immunosuppressant medication dosages,"Manage immunosuppressant medication dosages

Description:
Administer immunosuppressant medications to prevent organ rejection, carefully monitoring drug levels and adjusting dosages as needed to minimize side effects and maintain therapeutic efficacy.

Resources needed:
• Pharmacists
• Transplant physicians
• Immunosuppressant medications
• Laboratory personnel",2/24/2041,3/8/2041,0,e631b694-89c7-4382-8401-d646362f25eb,PlanExe
4eb87a4a-6c64-4403-9f7d-f2351039147b,Prevent and treat post-operative infections,"Prevent and treat post-operative infections

Description:
Implement infection control measures to prevent post-operative infections, including sterile wound care, prophylactic antibiotics, and prompt treatment of any infections that develop.

Resources needed:
• Infection control specialists
• Nurses
• Physicians
• Antibiotics
• Sterile supplies",3/8/2041,3/20/2041,0,23b421df-dbda-4134-8e51-fccbe355fa12,PlanExe
339e783c-2ba0-4f01-9f0c-6a3096a30809,Provide psychological support and counseling,"Provide psychological support and counseling

Description:
Offer psychological support and counseling to patients and their families to help them cope with the emotional challenges of transplantation, including anxiety, depression, and fear of rejection.

Resources needed:
• Psychologists
• Social workers
• Counselors
• Support groups",3/20/2041,4/1/2041,0,4eb87a4a-6c64-4403-9f7d-f2351039147b,PlanExe
e9cf53ec-19ce-4d0d-80f6-a3264c001411,Educate patients on self-care and medication,"Educate patients on self-care and medication

Description:
Provide comprehensive education to patients on self-care practices, medication management, and potential complications to empower them to actively participate in their recovery and long-term health.

Resources needed:
• Nurses
• Physicians
• Patient education materials
• Pharmacists",4/1/2041,4/13/2041,0,85f066fa-c69a-47d6-ae09-a3ee56ac1100,PlanExe
f48b367d-b8d7-48b3-a2f9-b9621a9ea2a0,Monitor Transplant Outcomes,,4/13/2041,8/11/2041,0,a70e8a7c-8dd3-4b4b-802f-5360e07e6b90,PlanExe
30b2c4fa-5b65-4b75-a4e8-ae8923abfb7e,Collect comprehensive patient data,"Collect comprehensive patient data

Description:
Gather detailed medical history, genetic information, and lifestyle factors for each transplant recipient to establish a baseline for monitoring transplant outcomes.

Resources needed:
• Medical records personnel
• Data entry specialists
• Database administrator",4/13/2041,5/13/2041,0,f48b367d-b8d7-48b3-a2f9-b9621a9ea2a0,PlanExe
e9624ed2-f9f0-4dcc-bdd8-fad8bdece5a8,Track organ function and patient health,"Track organ function and patient health

Description:
Regularly monitor organ function through blood tests, imaging studies, and biopsies. Assess overall patient health through physical examinations and patient-reported outcomes.

Resources needed:
• Transplant physicians
• Radiologists
• Pathologists
• Nurses",5/13/2041,6/12/2041,0,30b2c4fa-5b65-4b75-a4e8-ae8923abfb7e,PlanExe
0b18e6cf-1101-4d42-81cd-abadcf8ff41e,Analyze transplant outcome data,"Analyze transplant outcome data

Description:
Utilize statistical methods to analyze transplant outcome data, identify trends, and assess the effectiveness of different treatment protocols. Account for confounding variables and potential biases.

Resources needed:
• Biostatisticians
• Data analysts
• Epidemiologists",6/12/2041,7/12/2041,0,e9624ed2-f9f0-4dcc-bdd8-fad8bdece5a8,PlanExe
5efeafbb-b347-4b18-b022-02a7b0be62bb,Report transplant outcomes and findings,"Report transplant outcomes and findings

Description:
Prepare regular reports summarizing transplant outcomes, identifying areas for improvement, and disseminating findings to the medical community through publications and presentations.

Resources needed:
• Medical writers
• Editors
• Presentation specialists",7/12/2041,8/11/2041,0,f48b367d-b8d7-48b3-a2f9-b9621a9ea2a0,PlanExe
d63d6b66-cdba-4418-a642-b4b6715a67b0,Security and Operational Resilience,,8/11/2041,11/19/2042,0,a70e8a7c-8dd3-4b4b-802f-5360e07e6b90,PlanExe
bea59702-ae9d-429e-906d-175fec0b80d4,Implement Security Protocols,,8/11/2041,2/7/2042,0,d63d6b66-cdba-4418-a642-b4b6715a67b0,PlanExe
3bb86017-f8a3-4c78-8671-8553d16b1544,Physical Security Assessment,"Physical Security Assessment

Description:
Conduct a comprehensive assessment of the facility's physical security vulnerabilities, including perimeter security, access control, and surveillance systems. Identify potential weaknesses and recommend mitigation measures.

Resources needed:
• Security Consultant
• Security Personnel
• Facility Manager",8/11/2041,9/16/2041,0,bea59702-ae9d-429e-906d-175fec0b80d4,PlanExe
ab372d8d-f619-43ff-9f6c-b5d852d1ad5d,Cybersecurity Protocol Development,"Cybersecurity Protocol Development

Description:
Develop and implement robust cybersecurity protocols to protect sensitive data and critical systems from cyber threats. This includes firewalls, intrusion detection systems, and data encryption.

Resources needed:
• Cybersecurity Expert
• IT Staff
• Data Security Specialist",9/16/2041,10/22/2041,0,3bb86017-f8a3-4c78-8671-8553d16b1544,PlanExe
ce70ad5b-f4d4-4b06-ae78-2228bc2e38fe,Personnel Security Screening,"Personnel Security Screening

Description:
Implement thorough background checks and security clearances for all personnel with access to the facility and sensitive information. This includes verifying credentials, conducting criminal background checks, and psychological evaluations.

Resources needed:
• Security Personnel
• HR Department
• Background Check Service",10/22/2041,11/27/2041,0,ab372d8d-f619-43ff-9f6c-b5d852d1ad5d,PlanExe
d5fb397e-27f2-48d9-97f6-1e03ce52ac55,Emergency Response Training,"Emergency Response Training

Description:
Provide comprehensive training to all personnel on emergency response procedures, including evacuation protocols, incident reporting, and crisis communication. Conduct regular drills to test the effectiveness of the training.

Resources needed:
• Security Personnel
• Emergency Response Team
• Training Facilitator",11/27/2041,1/2/2042,0,ce70ad5b-f4d4-4b06-ae78-2228bc2e38fe,PlanExe
ebbb0d61-7e9e-4537-96e9-0a95990e4f0e,Intelligence Gathering and Analysis,"Intelligence Gathering and Analysis

Description:
Establish an intelligence gathering and analysis capability to monitor potential threats and vulnerabilities. This includes monitoring open-source intelligence, conducting threat assessments, and collaborating with law enforcement agencies.

Resources needed:
• Intelligence Analyst
• Security Personnel
• Law Enforcement Liaison",1/2/2042,2/7/2042,0,bea59702-ae9d-429e-906d-175fec0b80d4,PlanExe
0b6821ad-a53d-442f-9425-00a0f36b934b,Establish Contingency Plans,,2/7/2042,6/7/2042,0,bea59702-ae9d-429e-906d-175fec0b80d4,PlanExe
dc499975-4d00-4f17-b7e5-384e11bec5e6,Identify potential disruption scenarios,"Identify potential disruption scenarios

Description:
Objective: Identify a comprehensive list of potential disruptions that could impact the facility. Scope: Include natural disasters, security breaches, equipment failures, and other relevant scenarios. Steps: Conduct brainstorming sessions with key personnel, review historical data, and consult with external experts. Deliverables: A documented list of potential disruption scenarios.

Resources needed:
• Risk Management Team
• Security Personnel
• Engineering Staff
• Meteorologists",2/7/2042,3/3/2042,0,0b6821ad-a53d-442f-9425-00a0f36b934b,PlanExe
aafc55e8-899f-4022-991f-070f429f1133,Develop emergency response procedures,"Develop emergency response procedures

Description:
Objective: Create detailed procedures for responding to each identified disruption scenario. Scope: Include evacuation plans, communication protocols, and resource allocation strategies. Steps: Develop step-by-step procedures for each scenario, conduct simulations and drills, and revise procedures based on feedback. Deliverables: A comprehensive set of emergency response procedures.

Resources needed:
• Emergency Response Team
• Medical Staff
• Security Personnel
• Communication Specialists",3/3/2042,3/27/2042,0,dc499975-4d00-4f17-b7e5-384e11bec5e6,PlanExe
f1e2c517-8fb0-4f64-a430-7abae15f2676,Establish communication protocols (2),"Establish communication protocols

Description:
Objective: Ensure effective communication during emergencies. Scope: Include internal and external communication channels, backup communication systems, and communication protocols for different scenarios. Steps: Develop communication protocols, establish backup communication systems, and train personnel on communication procedures. Deliverables: A documented communication plan.

Resources needed:
• Communication Specialists
• IT Staff
• Public Relations Team
• Facility Management",3/27/2042,4/20/2042,0,aafc55e8-899f-4022-991f-070f429f1133,PlanExe
a4d07a30-f720-4c4c-bfa4-f7a9fce7d8db,Secure backup resources and supplies,"Secure backup resources and supplies

Description:
Objective: Ensure availability of essential resources during emergencies. Scope: Include backup power, water, medical supplies, and other critical resources. Steps: Identify essential resources, secure backup supplies, and establish storage locations. Deliverables: A list of secured backup resources and supplies.

Resources needed:
• Procurement Team
• Logistics Staff
• Medical Staff
• Engineering Staff",4/20/2042,5/14/2042,0,f1e2c517-8fb0-4f64-a430-7abae15f2676,PlanExe
b0fc3009-652f-430d-b09a-e144136c50c7,Conduct regular drills and simulations,"Conduct regular drills and simulations

Description:
Objective: Test and refine emergency response procedures. Scope: Conduct regular drills and simulations for different disruption scenarios. Steps: Plan and conduct drills and simulations, evaluate performance, and revise procedures based on feedback. Deliverables: A report summarizing the results of each drill and simulation.

Resources needed:
• Emergency Response Team
• Security Personnel
• Medical Staff
• Training Specialists",5/14/2042,6/7/2042,0,0b6821ad-a53d-442f-9425-00a0f36b934b,PlanExe
17609e24-7995-46ea-b113-76ace4a54d59,Develop Redundant Systems,,6/7/2042,9/5/2042,0,0b6821ad-a53d-442f-9425-00a0f36b934b,PlanExe
a19098f2-99e5-42c3-8eb8-62df430e308c,Identify Critical System Components,"Identify Critical System Components

Description:
Determine which systems are most vital for facility operation and require redundancy.

Resources needed:
• Engineering Team
• Operations Manager
• Risk Assessment Specialist",6/7/2042,6/25/2042,0,17609e24-7995-46ea-b113-76ace4a54d59,PlanExe
f64102b9-2e0b-4127-940d-068af65a9ef2,Research Redundancy Options,"Research Redundancy Options

Description:
Investigate different redundancy strategies for each critical component (e.g., backup generators, duplicate servers).

Resources needed:
• Engineering Team
• Technical Consultants
• Procurement Specialist",6/25/2042,7/13/2042,0,a19098f2-99e5-42c3-8eb8-62df430e308c,PlanExe
0f171485-9c7f-4083-ac68-1b6b4420805b,Design Redundant Systems,"Design Redundant Systems

Description:
Develop detailed designs for the redundant systems, including specifications, diagrams, and integration plans.

Resources needed:
• Engineering Team
• CAD Designers
• System Architects",7/13/2042,7/31/2042,0,f64102b9-2e0b-4127-940d-068af65a9ef2,PlanExe
0b54c721-42e9-43b2-bd37-a4807ac54776,Procure Redundant Equipment,"Procure Redundant Equipment

Description:
Purchase the necessary equipment and materials for the redundant systems.

Resources needed:
• Procurement Specialist
• Logistics Coordinator
• Finance Department",7/31/2042,8/18/2042,0,0f171485-9c7f-4083-ac68-1b6b4420805b,PlanExe
0c3570bc-5e67-4883-a5d7-afc59c0fb819,Integrate and Test Redundant Systems,"Integrate and Test Redundant Systems

Description:
Install and test the redundant systems to ensure they function correctly and seamlessly switch over in case of failure.

Resources needed:
• Engineering Team
• IT Specialists
• Testing and Validation Team",8/18/2042,9/5/2042,0,17609e24-7995-46ea-b113-76ace4a54d59,PlanExe
df91c27c-be7f-489f-9573-c1ebb3920caf,Conduct Security Audits and Drills,,9/5/2042,10/5/2042,0,17609e24-7995-46ea-b113-76ace4a54d59,PlanExe
b31eb77b-44b4-4b83-88f5-11062a351837,Plan security audit and drill scope,"Plan security audit and drill scope

Description:
Define the scope, objectives, and methodology for the security audits and drills. Identify key areas to be tested and establish clear success criteria.

Resources needed:
• Security expert
• Project manager
• Risk assessment specialist",9/5/2042,9/11/2042,0,df91c27c-be7f-489f-9573-c1ebb3920caf,PlanExe
af586a00-d54b-42e0-b50e-68f12dca5436,Prepare audit and drill scenarios,"Prepare audit and drill scenarios

Description:
Develop realistic and challenging scenarios for the security audits and drills. These scenarios should simulate potential threats and vulnerabilities to test the facility's security posture.

Resources needed:
• Security expert
• Threat intelligence analyst
• Simulation specialist",9/11/2042,9/17/2042,0,b31eb77b-44b4-4b83-88f5-11062a351837,PlanExe
d89cf916-72be-4217-8ef0-74451772081d,Conduct security audits,"Conduct security audits

Description:
Execute the planned security audits, assessing the facility's physical, cyber, and personnel security measures. Document findings and identify areas for improvement.

Resources needed:
• Security auditors
• IT specialists
• Physical security personnel",9/17/2042,9/23/2042,0,af586a00-d54b-42e0-b50e-68f12dca5436,PlanExe
285a0b3e-ae49-43a1-84f9-e5fc23670343,Execute security drills,"Execute security drills

Description:
Conduct security drills to test the facility's response to simulated security incidents. Evaluate the effectiveness of security protocols and identify areas for improvement.

Resources needed:
• Security personnel
• Emergency response team
• Simulation specialists",9/23/2042,9/29/2042,0,d89cf916-72be-4217-8ef0-74451772081d,PlanExe
6a7ba515-c745-4f46-a1ec-ca7c3749658d,Analyze audit and drill results,"Analyze audit and drill results

Description:
Analyze the results of the security audits and drills to identify vulnerabilities and weaknesses in the facility's security posture. Develop recommendations for corrective actions.

Resources needed:
• Security expert
• Risk assessment specialist
• Data analyst",9/29/2042,10/5/2042,0,df91c27c-be7f-489f-9573-c1ebb3920caf,PlanExe
79e641c6-5d12-4aaf-85a5-ecf845fe56a0,Implement Data Protection Measures,,10/5/2042,11/19/2042,0,d63d6b66-cdba-4418-a642-b4b6715a67b0,PlanExe
ef6eeaee-a390-4397-8262-229bbe2c1f4c,Identify Data Protection Requirements,"Identify Data Protection Requirements

Description:
Determine all applicable data protection laws and regulations, including international and local laws.

Resources needed:
• Legal Counsel
• Compliance Officer",10/5/2042,10/14/2042,0,79e641c6-5d12-4aaf-85a5-ecf845fe56a0,PlanExe
6d69748d-59ff-4f65-988a-c31a27bcd2ec,Assess System Vulnerabilities,"Assess System Vulnerabilities

Description:
Conduct a comprehensive assessment of all systems and infrastructure to identify potential vulnerabilities.

Resources needed:
• Cybersecurity Experts
• IT Staff",10/14/2042,10/23/2042,0,ef6eeaee-a390-4397-8262-229bbe2c1f4c,PlanExe
38a468fa-982f-4819-b930-99adaed4f15b,Implement Encryption Protocols,"Implement Encryption Protocols

Description:
Implement encryption protocols for data at rest and in transit to protect sensitive information.

Resources needed:
• IT Staff
• Cybersecurity Experts",10/23/2042,11/1/2042,0,6d69748d-59ff-4f65-988a-c31a27bcd2ec,PlanExe
beb2e746-bb74-41c6-8e2a-1d7f6ada7273,Train Employees on Data Protection,"Train Employees on Data Protection

Description:
Provide training to all employees on data protection policies and procedures.

Resources needed:
• Training Staff
• Compliance Officer",11/1/2042,11/10/2042,0,38a468fa-982f-4819-b930-99adaed4f15b,PlanExe
375f2cfb-bb4f-4a17-a440-1b7d2a01181d,Establish Breach Response Plan,"Establish Breach Response Plan

Description:
Develop and implement a data breach response plan to address potential security incidents.

Resources needed:
• Legal Counsel
• Cybersecurity Experts
• PR Team",11/10/2042,11/19/2042,0,79e641c6-5d12-4aaf-85a5-ecf845fe56a0,PlanExe
b2c3f5b5-b0d3-4f14-af60-333245423523,Ethical Oversight and Public Relations,,11/19/2042,7/5/2043,0,d099354a-0299-49c3-8c79-565d4896f467,PlanExe
3480a875-f41a-4377-b202-bb0666bdaed4,Establish Ethical Review Board,,11/19/2042,12/19/2042,0,b2c3f5b5-b0d3-4f14-af60-333245423523,PlanExe
2092d244-72c5-4dd1-90b9-67460648a182,Define ERB scope and responsibilities,"Define ERB scope and responsibilities

Description:
Clearly define the Ethical Review Board's (ERB) scope, authority, and responsibilities within the project. This includes outlining the types of ethical issues the ERB will review, the decision-making process, and the reporting structure.

Resources needed:
• Project Manager
• Legal Counsel
• Bioethicist",11/19/2042,11/25/2042,0,3480a875-f41a-4377-b202-bb0666bdaed4,PlanExe
ced41deb-f191-427b-b112-e659dbd1fb80,Identify potential ERB members,"Identify potential ERB members

Description:
Identify and research potential candidates for the ERB. This includes ethicists, legal experts, scientists, and community representatives with relevant expertise and experience.

Resources needed:
• Project Manager
• Recruitment Specialist
• Bioethicist",11/25/2042,12/1/2042,0,2092d244-72c5-4dd1-90b9-67460648a182,PlanExe
bb22faa8-62e1-4945-8132-b5175efbcd5b,Contact and recruit ERB members,"Contact and recruit ERB members

Description:
Contact potential ERB members, explain the project and the role of the ERB, and recruit them to join the board. This includes negotiating compensation and terms of service.

Resources needed:
• Project Manager
• Recruitment Specialist
• Legal Counsel",12/1/2042,12/7/2042,0,ced41deb-f191-427b-b112-e659dbd1fb80,PlanExe
085cdda4-5b68-4204-9129-45683b8811d8,Develop ERB operating procedures,"Develop ERB operating procedures

Description:
Develop detailed operating procedures for the ERB, including meeting schedules, agenda preparation, review processes, decision-making rules, and conflict of interest policies.

Resources needed:
• Project Manager
• Legal Counsel
• Bioethicist",12/7/2042,12/13/2042,0,bb22faa8-62e1-4945-8132-b5175efbcd5b,PlanExe
667d0c02-4e57-4279-911d-50a4c59d0216,Establish ERB communication channels,"Establish ERB communication channels

Description:
Establish clear communication channels between the ERB, the project team, and other stakeholders. This includes setting up email lists, document sharing platforms, and regular reporting mechanisms.

Resources needed:
• Project Manager
• IT Support
• Communication Specialist",12/13/2042,12/19/2042,0,3480a875-f41a-4377-b202-bb0666bdaed4,PlanExe
e1c92920-be31-44c1-8830-fe22eb5fabc7,Develop Crisis Communication Plan,,12/19/2042,1/18/2043,0,3480a875-f41a-4377-b202-bb0666bdaed4,PlanExe
3cbcd67b-52f2-4bb9-a158-f215f281641b,Identify potential crisis scenarios,"Identify potential crisis scenarios

Description:
Brainstorm and document potential crisis scenarios that could impact the project, including security breaches, ethical controversies, and natural disasters.  Consider the likelihood and potential impact of each scenario.

Resources needed:
• Project Manager
• Risk Management Specialist
• Security Expert
• Bioethicist",12/19/2042,12/25/2042,0,e1c92920-be31-44c1-8830-fe22eb5fabc7,PlanExe
ffe288ec-f708-49ce-91d6-25821e3d3997,Define communication protocols,"Define communication protocols

Description:
Establish clear communication protocols for internal and external stakeholders during a crisis.  Define roles and responsibilities for communication team members, including spokesperson, media liaison, and internal communications coordinator.

Resources needed:
• Public Relations Manager
• Communications Specialist
• Legal Counsel",12/25/2042,12/31/2042,0,3cbcd67b-52f2-4bb9-a158-f215f281641b,PlanExe
70b5e2ca-18df-42eb-bb11-7a14686cff07,Develop key messaging and talking points,"Develop key messaging and talking points

Description:
Prepare pre-approved messaging and talking points for each potential crisis scenario.  Ensure that messaging is consistent, accurate, and addresses potential concerns from stakeholders.

Resources needed:
• Public Relations Manager
• Communications Specialist
• Legal Counsel
• Bioethicist",12/31/2042,1/6/2043,0,ffe288ec-f708-49ce-91d6-25821e3d3997,PlanExe
df71c77a-1f87-4c2c-a31b-bf8f113cf445,Establish a crisis communication team,"Establish a crisis communication team

Description:
Form a dedicated crisis communication team with representatives from key departments, including project management, public relations, legal, and security.  Provide training and resources to team members.

Resources needed:
• Project Manager
• Department Heads
• HR Representative",1/6/2043,1/12/2043,0,70b5e2ca-18df-42eb-bb11-7a14686cff07,PlanExe
ada3b47d-6bb9-41ae-a019-3b9b64d301de,Test and refine the plan,"Test and refine the plan

Description:
Conduct regular simulations and drills to test the effectiveness of the crisis communication plan.  Gather feedback from participants and refine the plan based on lessons learned.

Resources needed:
• Project Manager
• Crisis Communication Team
• External Consultants",1/12/2043,1/18/2043,0,e1c92920-be31-44c1-8830-fe22eb5fabc7,PlanExe
6dcc493f-720c-4759-a2c5-b78c3d10777c,Engage with Media and Public,,1/18/2043,3/19/2043,0,e1c92920-be31-44c1-8830-fe22eb5fabc7,PlanExe
8ccaa6ce-94fc-4b35-bfd7-797bd75c3645,Identify Key Media Outlets,"Identify Key Media Outlets

Description:
Objective: Identify and prioritize media outlets relevant to the project's target audience and stakeholders.
Scope: Research and compile a list of media outlets (newspapers, magazines, online platforms, TV/radio stations) that cover biotechnology, healthcare, ethics, and international affairs. Prioritize outlets based on reach, credibility, and influence.
Steps: Use media databases (e.g., Cision, Meltwater), online search engines, and industry contacts to identify relevant outlets. Analyze each outlet's audience demographics, editorial focus, and past coverage of similar topics. Rank outlets based on their potential to reach key stakeholders.
Deliverables: A prioritized list of media outlets with contact information and relevant audience data.

Resources needed:
• Public Relations Manager
• Research Assistant
• Media Database Subscription",1/18/2043,2/2/2043,0,6dcc493f-720c-4759-a2c5-b78c3d10777c,PlanExe
b2a18199-d9cb-434e-a4da-34c822a80a70,Build Media Relationships,"Build Media Relationships

Description:
Objective: Establish and nurture relationships with key journalists and editors at target media outlets.
Scope: Reach out to journalists and editors to introduce the project, provide background information, and offer opportunities for interviews and exclusive content. Build rapport and establish trust to become a reliable source of information.
Steps: Identify key journalists and editors at target media outlets. Craft personalized outreach messages tailored to each individual's interests and expertise. Attend industry events and conferences to network with media professionals. Provide timely and accurate information in response to media inquiries.
Deliverables: A database of media contacts with notes on their interests, preferences, and past interactions.

Resources needed:
• Public Relations Manager
• Communications Specialist
• Travel Budget",2/2/2043,2/17/2043,0,8ccaa6ce-94fc-4b35-bfd7-797bd75c3645,PlanExe
a65cdcd6-cadf-4d6b-9aa1-6fd035da3edb,Develop Media Materials,"Develop Media Materials

Description:
Objective: Create compelling and informative media materials to support the project's communication efforts.
Scope: Develop press releases, fact sheets, backgrounders, and other materials that clearly and concisely communicate the project's goals, benefits, and ethical considerations. Ensure all materials are accurate, up-to-date, and tailored to the specific needs of different media outlets.
Steps: Gather information from project team members and subject matter experts. Write clear and concise copy that is accessible to a general audience. Obtain approvals from relevant stakeholders. Distribute materials to target media outlets through email, online press releases services, and direct mail.
Deliverables: A suite of media materials, including press releases, fact sheets, backgrounders, and FAQs.

Resources needed:
• Communications Specialist
• Writer
• Graphic Designer",2/17/2043,3/4/2043,0,b2a18199-d9cb-434e-a4da-34c822a80a70,PlanExe
3a7d67aa-2aed-4147-8682-bc7926e6c290,Prepare Spokespersons,"Prepare Spokespersons

Description:
Objective: Train and prepare project spokespersons to effectively communicate the project's message to the media and public.
Scope: Provide media training to key project personnel, including scientists, ethicists, and project managers. Develop talking points and Q&A documents to address potential questions and concerns. Conduct mock interviews to simulate real-world media interactions.
Steps: Identify key project personnel who will serve as spokespersons. Conduct media training sessions covering topics such as interview techniques, message delivery, and crisis communication. Develop talking points and Q&A documents based on potential media inquiries. Conduct mock interviews and provide feedback to spokespersons.
Deliverables: Trained spokespersons equipped with the skills and knowledge to effectively communicate the project's message.

Resources needed:
• Public Relations Manager
• Media Trainer
• Project Spokespersons",3/4/2043,3/19/2043,0,6dcc493f-720c-4759-a2c5-b78c3d10777c,PlanExe
3408e380-0078-4c91-8bab-de399cfddec1,Monitor Public Opinion,,3/19/2043,4/20/2043,0,6dcc493f-720c-4759-a2c5-b78c3d10777c,PlanExe
fc15324b-7b00-4c3a-afdd-545e02fe5bfa,Identify Key Public Opinion Indicators,"Identify Key Public Opinion Indicators

Description:
Determine the specific metrics and data points that will be used to gauge public sentiment regarding the agnate organogenesis project. This includes identifying relevant social media platforms, news outlets, and public forums to monitor.

Resources needed:
• Market Research Analyst
• Data Scientist
• Public Relations Specialist",3/19/2043,3/27/2043,0,3408e380-0078-4c91-8bab-de399cfddec1,PlanExe
58a3e16a-4f8f-4fbc-bb6e-564d49add10f,Collect and Analyze Social Media Data,"Collect and Analyze Social Media Data

Description:
Gather data from social media platforms (Twitter, Facebook, Reddit, etc.) using sentiment analysis tools to assess public opinion trends, identify key influencers, and detect potential areas of concern or support.

Resources needed:
• Data Scientist
• Social Media Monitoring Software
• Data Storage Infrastructure",3/27/2043,4/4/2043,0,fc15324b-7b00-4c3a-afdd-545e02fe5bfa,PlanExe
cfb6b76f-86f3-4727-80c1-0955f7efab89,Conduct Public Opinion Surveys,"Conduct Public Opinion Surveys

Description:
Design and administer surveys to a representative sample of the public to gather quantitative data on their attitudes, beliefs, and concerns related to the project. Analyze survey results to identify key demographic trends and areas of potential opposition.

Resources needed:
• Survey Design Specialist
• Survey Administration Platform
• Statistical Analysis Software",4/4/2043,4/12/2043,0,58a3e16a-4f8f-4fbc-bb6e-564d49add10f,PlanExe
af35d70f-fba6-4885-88d9-da4d5fd7e7a8,Analyze News and Media Coverage,"Analyze News and Media Coverage

Description:
Monitor news outlets, blogs, and other media sources for coverage of the project. Analyze the tone and content of media reports to assess the project's public image and identify potential areas of misrepresentation or bias.

Resources needed:
• Media Monitoring Service
• Public Relations Specialist
• Content Analyst",4/12/2043,4/20/2043,0,3408e380-0078-4c91-8bab-de399cfddec1,PlanExe
7b469bcd-92ec-4f56-9aec-f738bf8cfe3c,Address Ethical Concerns,,4/20/2043,7/5/2043,0,b2c3f5b5-b0d3-4f14-af60-333245423523,PlanExe
be41fcf4-66fb-4740-af8e-7a38633ad58e,Identify key ethical concerns,"Identify key ethical concerns

Description:
Objective: Identify the most pressing ethical concerns related to the agnate project.
Scope: Review project plans, consult with ethicists, and analyze potential societal impacts.
Steps: 1. Review project documentation. 2. Conduct interviews with ethicists. 3. Analyze potential societal impacts. 4. Prioritize ethical concerns.
Deliverables: A prioritized list of key ethical concerns.

Resources needed:
• Project documentation
• Bioethicists
• Legal experts",4/20/2043,5/9/2043,0,7b469bcd-92ec-4f56-9aec-f738bf8cfe3c,PlanExe
14ccc8fe-091a-4f8c-8be2-884c119d7830,Evaluate ethical frameworks,"Evaluate ethical frameworks

Description:
Objective: Evaluate existing ethical frameworks applicable to the agnate project.
Scope: Research relevant ethical theories, legal precedents, and industry guidelines.
Steps: 1. Research ethical theories. 2. Analyze legal precedents. 3. Review industry guidelines. 4. Assess the applicability of each framework.
Deliverables: A report evaluating the suitability of different ethical frameworks.

Resources needed:
• Ethicists
• Legal databases
• Industry standards",5/9/2043,5/28/2043,0,be41fcf4-66fb-4740-af8e-7a38633ad58e,PlanExe
5129d626-ffb3-4674-9fae-db7ba0985258,Develop mitigation strategies,"Develop mitigation strategies

Description:
Objective: Develop strategies to mitigate identified ethical concerns.
Scope: Brainstorm potential solutions, assess their feasibility, and develop implementation plans.
Steps: 1. Brainstorm mitigation strategies. 2. Assess feasibility. 3. Develop implementation plans. 4. Document mitigation strategies.
Deliverables: A detailed plan outlining strategies to mitigate ethical concerns.

Resources needed:
• Project team
• Ethicists
• Risk management experts",5/28/2043,6/16/2043,0,14ccc8fe-091a-4f8c-8be2-884c119d7830,PlanExe
bbe0c519-9d72-477e-b6ab-f3245f0335d1,Communicate ethical considerations,"Communicate ethical considerations

Description:
Objective: Communicate ethical considerations to stakeholders.
Scope: Prepare communication materials, conduct stakeholder meetings, and address concerns.
Steps: 1. Prepare communication materials. 2. Conduct stakeholder meetings. 3. Address stakeholder concerns. 4. Document communication efforts.
Deliverables: A record of communication efforts and stakeholder feedback.

Resources needed:
• Communication specialists
• Project team
• Stakeholders",6/16/2043,7/5/2043,0,7b469bcd-92ec-4f56-9aec-f738bf8cfe3c,PlanExe
