Level 1;Level 2;Level 3;Level 4;Task ID
Papal Funeral;;;;5d79581a-ee03-42e9-bdb1-7c77bab2b134
;Project Initiation & Planning;;;3b7ce3cb-a8cb-48da-b8bb-cad24af7aa8a
;;Define Project Scope and Objectives;;f5a6ed33-a197-4787-a414-e8ae1b74a7ad
;;;Identify Key Stakeholders;1db82ba2-53a2-434c-97ff-97cc2e8d3b64
;;;Gather Requirements and Expectations;c26f68a2-8047-420c-8c75-a2dd515d5b53
;;;Define Scope Boundaries;7c39b42a-2544-41d2-846c-071bd48394d6
;;;Document Project Objectives;354850cb-4847-4b8a-8e39-a7cfefc8e3f6
;;Establish Governance Structure;;d56dfb31-a990-4347-ab2e-6a12dd1301f6
;;;Identify Key Stakeholders;c41d0696-bf04-4afd-8f3a-562d07779666
;;;Define Roles and Responsibilities;a32ae4e8-9e6f-429a-afc8-30ff6f0c24a9
;;;Establish Communication Channels;93cc3c5c-bf7d-444b-90cf-c5e664684aeb
;;;Develop Decision-Making Framework;2364948b-e0f6-4a8e-b534-a1723f6f4269
;;;Document Governance Structure;b9a6baef-3a45-4291-96c7-e3fe9328e8c7
;;Develop Detailed Project Plan;;2ec8e4d7-ca3d-4a9d-b170-eb6dad8624df
;;;Define Task Dependencies and Sequence;9e9e10be-13d0-496a-b3c1-6ebab7af947b
;;;Estimate Task Durations and Resource Needs;cec8a66a-d757-4a8c-8751-6e0b127fc8c4
;;;Develop a Detailed Budget and Schedule;92fd4b5c-73be-424a-8b91-303334e3b02c
;;;Identify and Assess Potential Risks;2dbd787d-1542-4df5-9481-353af2dbb2a0
;;;Establish Communication and Reporting Protocols;10325fb0-47cd-4f85-9be9-192d17c002dd
;;Secure Initial Funding;;e4506a26-4a3e-41b0-a56d-238f9f3fdb5e
;;;Identify potential funding sources;21ffde3f-bce4-4611-b26f-dbefdf6e3f35
;;;Prepare funding proposals and applications;0f29a330-fb5e-4aee-ac32-9f1f9d9bb8c6
;;;Negotiate funding agreements;19c1080d-55a7-409b-9d56-49d494f3f399
;;;Establish financial tracking system;2e14fef0-ebfb-49c8-bc2c-fed213ab8885
;Security & Safety Management;;;b156a6c4-dc5e-46d7-b54b-64729045465f
;;Conduct Threat Assessment;;3d1efda9-2bd4-4e2e-96fa-0ef6cbf7e88e
;;;Gather intelligence on potential threats;07df52ef-f76e-4031-b3d1-8068695f6783
;;;Assess vulnerabilities of event locations;58d5354c-810f-4efd-ba2b-6e81935d2aa7
;;;Analyze past security incidents;9409488a-d7b4-4bc5-b1eb-f713600d47fe
;;;Evaluate cybersecurity risks;383fca6b-d365-4ee9-90b4-cf5cfc8d2e17
;;;Develop threat scenarios;31b23159-4d85-4b71-be27-327c8ba68b0c
;;Develop Security Plan;;0dea8c9c-a370-42b0-a6d0-2eff02891788
;;;Define Security Zones and Access Points;bd617cb8-667b-49e9-b1f8-8a784ca4ba90
;;;Establish Communication Protocols;6275189b-c871-4d27-a28b-4acb67922dd5
;;;Develop Emergency Response Procedures;23152aff-9d94-42a6-8425-af37f0b1e995
;;;Procure Security Equipment and Technology;cc7bd73b-377f-4c62-bcdc-7ee4b94eb554
;;;Coordinate Security Personnel Deployment;711e8de3-77cc-4799-a468-9cb369c170ab
;;Recruit and Train Security Personnel;;dfe9aba8-db8f-4354-8bdb-4f1f981efe57
;;;Develop Training Curriculum;aa0142d6-8e57-46c2-b067-9fd3d58bc024
;;;Recruit Security Personnel;99073ee1-9783-45ac-843e-968c203d32bd
;;;Conduct Background Checks;21b7f672-3157-479b-9e60-cea890e34515
;;;Provide Specialized Training;33cac4ba-bfeb-4427-a5e8-dcda502f7774
;;;Manage Personnel Logistics;4995efa8-6c11-4cf3-a0a8-cc792a6d1df6
;;Implement Cybersecurity Measures;;bb3da80e-4bb4-4659-a078-66f2a23efe7c
;;;Assess Current Cybersecurity Posture;4bebc627-01a5-410d-850a-607c61e8d63c
;;;Implement Security Protocols;11e91da5-3850-4eb1-bb49-244e9ac25e61
;;;Establish Secure Communication Channels;9ea35a60-52d8-4924-a17c-83ff15842615
;;;Develop Incident Response Plan;d2446505-e8b4-4062-abc7-9eacd49e0746
;;Coordinate with Law Enforcement;;da04bfce-f2d2-433b-88d2-7658c46c2403
;;;Establish Liaison with Italian Police;c9dcae1a-68c8-4649-adeb-4955aedbdba2
;;;Share Security Plans with Authorities;bd3b663c-e629-4ac8-8d50-84021ceb81a5
;;;Coordinate Security Details for VIPs;96f8b3b4-7f87-4367-b943-1562be3c16af
;;;Establish Communication Protocols;c8c77396-7753-4ac2-957e-d4f4b464f15a
;;;Address Security Concerns and Requests;2d097d85-ff9b-4df3-93c7-be6cfe0f9569
;Crowd Control & Logistics;;;40bb318f-4882-47db-8827-ec978700485a
;;Develop Crowd Management Plan;;ac23dc5b-87e9-482c-bb81-5207a17f07f7
;;;Define Crowd Density Limits;df491f5f-fdce-4ffc-861e-db17f17a9569
;;;Map Crowd Flow and Bottlenecks;c517311b-7880-4114-8546-62b4299e0379
;;;Develop Evacuation Procedures;26abb094-d34b-4688-bd45-ce458284937b
;;;Establish First Aid Stations;d74a2cb1-85bc-4703-ba8e-202eee3a8337
;;Secure Necessary Permits;;cb5396f9-8155-42c9-8151-a0a7aa5972c3
;;;Identify Required Permits;86a38d4c-972d-4191-9562-1d62cbad6fee
;;;Prepare Permit Applications;e8ba86f3-925d-41c2-9cc6-f17618e18883
;;;Submit Permit Applications;17fb10c7-1b7e-41f3-b4c9-657a0135499d
;;;Follow Up and Expedite Approvals;669c1b4b-f956-4dde-9078-6143ecd861c8
;;Arrange Transportation and Accommodation;;15ae43b0-ad52-4d31-8318-09b3aa8e38b0
;;;Negotiate Hotel Block Bookings;421cf137-704e-43c3-ae69-d21b785610a2
;;;Coordinate VIP Transportation Logistics;16981551-fae3-4a0c-9874-6400a0f39a6e
;;;Manage General Attendee Accommodation;24b638eb-7c25-4a01-a48f-eef58c488f85
;;;Plan Shuttle Services and Routes;d8ade05a-a030-4ed4-97ef-ff0be1cc2f05
;;Establish Communication Channels;;6082a0cf-2d17-4f9e-8b62-3c76f7a05485
;;;Identify Communication Needs;3e14cb08-c0a4-4e3c-920f-d7086f01514c
;;;Select Communication Platforms;1bf68931-3e16-44df-adda-71f88364b542
;;;Establish Communication Protocols;c7640cca-6903-4cc9-8860-9cbf361ac2f6
;;;Test Communication Systems;fc5e48ce-e6c9-41e2-b8ae-a1cbe4304358
;;Designate Protest Zones;;3d970131-f991-4358-9efc-6442bfe71551
;;;Identify Communication Needs;def55fa6-b924-4ae9-b3ec-fe291503ef53
;;;Select Communication Technology;c2db4947-3d9c-4adc-aa8b-33e75a7d6451
;;;Establish Communication Protocols;24f899ab-edce-421f-8e61-270c1506b609
;;;Test Communication Systems;4fd289c7-54ad-438e-afa8-5435affcb25c
;;;Train Personnel on Systems;3748fcfe-9156-4353-b9ef-bbc16576bb89
;Funeral Arrangements & Ceremony;;;4e635b06-3dca-45e0-b803-c814f34e375e
;;Coordinate with Vatican Officials;;a76c6562-76d3-4149-8d1e-e6c72b25c22f
;;;Establish Vatican Liaison Communication Protocol;d0a00c99-0473-439c-8d32-707d671cb281
;;;Schedule Regular Meetings with Vatican Liaisons;6f47eb90-1080-4f6a-a2da-08a76895aa8e
;;;Obtain Approvals from Vatican Officials;544c55f0-0c39-4b17-b1dd-6771479b9570
;;;Address Vatican Official Concerns Promptly;85c747a6-b84b-4cec-a317-cf887be1ec6f
;;Prepare the Casket;;6e522b7c-6d57-4b9e-8454-f4aa60499d27
;;;Source Casket Materials;bf538d30-d6b3-4dd5-8ea6-5d8d1d912f0a
;;;Design Casket Interior and Exterior;13d071ef-1c5f-4ca4-b867-f1fd705a9cc6
;;;Construct Casket Prototype;5745077c-d3d3-4eb4-9716-666b42e888d6
;;;Implement Climate Control System;bb42d662-8ec7-4c71-b84a-b3b3b993cb76
;;;Integrate Tamper-Proof Mechanisms;3f3ce122-e970-4501-8c8c-50f021d7bd0d
;;Plan the Funeral Mass;;ec5c03a0-868d-4016-88a6-7b249d4b27ed
;;;Select Music and Readings;96a7be62-4171-4642-857b-9cfbfdaea18c
;;;Determine Order of Service;2b6acc85-113d-4ff9-94a3-4f566e8ff098
;;;Secure Speakers and Performers;86cefab5-f16e-4125-920b-ed28fb5d6c2a
;;;Coordinate Altar and Sanctuary Setup;8adcadfd-2bc2-4d39-aa82-93c6c3da47ca
;;;Manage Ushers and Seating;aef0983f-bab2-461b-84cc-df07dd992d5a
;;Manage VIP Invitations and Logistics;;5eacca7f-b201-4027-a13a-41ec77063360
;;;Identify VIP Attendees and Protocol Requirements;9279722f-de57-47c7-a20c-e5260303dba5
;;;Manage VIP Travel and Accommodation Logistics;c6e88d6f-ff67-4e2d-b7f6-a1cea36929d2
;;;Provide VIP Security and Escort Services;5ad75c8b-1a12-40cf-b749-aa1dab5c2e78
;;;Cater to VIP Dietary and Special Needs;87ae25f5-18f8-456e-994b-5844a6185a13
;;;Coordinate VIP Seating and Event Access;5a16e057-f951-467a-ab81-d293faaf0c98
;;Coordinate Media Coverage;;0dc83d55-a5db-4c0c-8ce1-ccf72b1427e5
;;;Establish Media Accreditation Process;d50132fb-8f8f-4dd4-a9d1-f0c26b8d393b
;;;Designate and Equip Media Center;de01b8b3-a2e9-4ac2-ade3-0d8bb47d255f
;;;Develop Media Communication Plan;1c6456a1-0b3e-4f14-ba70-8f1739620676
;;;Coordinate Media Interviews and Briefings;a40d5d14-f2f1-4f4c-91f2-cdf1f3b64073
;;;Monitor and Manage Media Coverage;2b8335c7-3827-4a2d-809e-446d6684784f
;Stakeholder Communication & Engagement;;;38ecf7c0-3061-49c1-a08d-427509d0f198
;;Develop Communication Strategy;;609f8d89-9b87-461d-a7cc-9dc855d78374
;;;Define Communication Objectives and Key Messages;0d8cbc64-85ce-4860-8e69-b046b0511a4a
;;;Identify Key Stakeholders and Communication Channels;a4ea8f8e-40d1-485a-afef-f7f937a7b731
;;;Develop Communication Plan and Schedule;83546060-12fc-4efe-a36f-64f52d6a6263
;;;Create Communication Materials;a79a27c7-830c-4b2d-b357-03cbb4fdc0f7
;;Engage with International Governments;;dc7db26b-9d6f-40bf-b354-3804d2ec9a6c
;;;Identify Key Government Contacts;8b52a0f4-4932-40b1-b40e-31bf2ff81421
;;;Establish Communication Protocols;d96a5f6e-9d83-4a48-98cd-3efe319c872d
;;;Address Security Concerns;e3ad6662-e042-4706-a632-7867fb33ae62
;;;Coordinate Logistics for Dignitaries;d3779c55-897f-4676-af2f-746cfa83a623
;;;Provide Regular Updates;71547964-f20e-42b1-a580-57956a6ce0f9
;;Communicate with Local Community;;080333e7-f675-4acf-b033-00fc0b6371c2
;;;Identify Key Community Stakeholders;9f535ae5-68e6-4d67-bd2b-fb358f02ece5
;;;Establish Community Liaison Office;b6e045db-c589-415a-bf1b-fee05f708f26
;;;Utilize Multiple Communication Channels;3df17048-7db3-40bd-b2c9-0b3ad58102c7
;;;Proactively Address Misinformation;88472b1f-bddf-4b32-8857-20eec61861e4
;;Manage Media Relations;;fe151937-e667-46f3-90f2-18e0fade0613
;;;Monitor media for emerging narratives;43a1e08b-f94d-4f9f-ab7a-c5b6ecfe65b2
;;;Prepare reactive communication materials;457b5428-6031-4273-a795-7ad7d96ce8ab
;;;Establish media contact protocols;a9858b3e-98ad-4b6f-af45-438af9b69f66
;;;Brief spokespersons on key messages;dc9ad8ae-6d40-41d0-a138-68b3d7583613
;;Address Stakeholder Concerns;;81d2edca-9c35-4a74-bc95-8966d6315eee
;;;Identify Key Stakeholder Concerns;b153dea6-6cb6-4660-bc9c-7dd4a900af1b
;;;Prioritize Stakeholder Concerns;c72983e8-a4a5-4b8d-b1d9-3a8a8af90e90
;;;Develop Response Strategies;5816c47a-bb77-4b68-a1ee-a1f70bb2d81a
;;;Implement Response and Monitor Feedback;cc3cd8e4-1689-43a9-bfd0-f0349cd9f922
;Post-Funeral Activities;;;220200c2-831d-4d30-bb91-b60782596ae7
;;Manage Burial Arrangements;;4f800da5-db05-490a-a8e4-187afac19591
;;;Confirm Burial Site Readiness;b2557526-1167-48a0-8df9-e42e6e7481c9
;;;Coordinate Body Repatriation;5bebfc9e-7be2-40a0-8750-624e369e8b12
;;;Prepare Crypt for Burial;30879b39-25b9-4ee8-bf77-2ce136d3ab2f
;;;Finalize Burial Ceremony Details;061e1283-2cd7-40fb-8896-2fff9625f459
;;Conduct Post-Event Review;;bd61fab9-6401-4902-b5a6-06cb726b368b
;;;Gather Stakeholder Feedback;d0253e6a-7029-4a30-bed0-a23c8935be4b
;;;Analyze Event Data;e0cc6e2b-a5fb-41af-a0be-ae14fb0b47a1
;;;Prepare Post-Event Report;c4683465-158c-442d-a961-21722b6d460a
;;;Present Review Findings;85df9fad-cb22-4dff-b6c2-d588f44ffb1e
;;Finalize Financial Reporting;;ac5d95a2-b208-43e1-aaae-0f8648c396b7
;;;Gather all financial documents;21eaabaa-e97c-4ab8-b934-1f9ec90a565e
;;;Reconcile all financial transactions;285b2446-ca22-42d4-8a84-ba889fa5128c
;;;Prepare draft financial report;8681eb0d-49f2-4298-a368-08578203e5be
;;;Review and approve report;64e3ef5a-c40e-4742-9a1a-331a5c303201
;;;Submit final financial report;c0b912b3-306e-49cc-b5f3-5a09a05d4e30
;;Disband Project Team;;79ba2d19-83d3-4c32-ba72-57b9ef2d5ec6
;;;Reassign team members to new projects;9937e4be-581c-44df-9198-4741d4bb1164
;;;Process final payments and benefits;8b68bff7-eedb-4c0f-8ff8-17fe24544ebb
;;;Conduct performance evaluations;a6ec5264-62f8-47b0-9d0e-7360113014e8
;;;Archive project documentation;231ca25a-dd89-4d78-8be3-c3363a6417ed