Level 1;Level 2;Level 3;Level 4;Task ID
Global Blackout;;;;95dcafe9-6148-4445-a513-d816f3d92d33
;Project Initiation & Planning;;;8c54aadb-d233-42e8-bb5c-8b5c5d078c28
;;Define Project Scope and Objectives;;9760d39e-1406-4422-85f2-a703b012f4b5
;;;Identify AI disablement criteria;3a8f4428-815a-4132-bb81-848513aa3353
;;;Define global power outage scope;158f8736-6345-4ca9-af88-73a66d2361a0
;;;Establish project success metrics;53a7d6a1-c173-42fa-a337-a7b0c9bf2716
;;;Outline ethical and legal constraints;7f50ceb2-6a0b-4988-b38a-0fcac3ecf79b
;;Identify Key Stakeholders;;28db062e-f453-4208-bf15-632becb7d6f9
;;;Identify internal project stakeholders;d6f8f30c-9615-457a-87f1-3ad6a5cb1ea3
;;;Identify external project stakeholders;c659ffc2-e797-4689-aa62-00b9a79ff66a
;;;Analyze stakeholder influence and impact;0a47d9ba-2530-4a8a-8439-df686358bc43
;;;Develop stakeholder engagement plan;5ced4d11-7103-47e2-ad45-af0d4cb09353
;;;Document stakeholder register;4193456e-7784-46d4-ab7e-61919474c590
;;Develop Project Management Plan;;dfd542b8-ea1f-4ab2-8c2c-38cc4b0e8326
;;;Define Project Governance Structure;ac9a2dcd-4849-4046-ba5a-29bee439a128
;;;Develop Risk Management Plan;fe2f7d47-cb42-4cdc-be5f-8a81c904e3fa
;;;Establish Change Management Process;55a26a40-0cd1-44e9-8554-8b29dd812001
;;;Create Communication Management Plan;c3290499-fc3a-4c30-963d-6d0f58a1753c
;;;Define Project Schedule and Budget;409524fb-a146-4ac1-bad4-85345d8dce8f
;;Establish Communication Channels;;bac89790-a7fd-4546-b3c1-cdf15311e2d7
;;;Identify Communication Requirements;2c85f7c3-f608-4889-9ac2-e4d76d44ce60
;;;Evaluate Communication Technologies;d311f5ef-32d0-49cf-b4d8-491af4fbf4f0
;;;Establish Secure Channels;88ab9c36-4cb7-43aa-b70e-fa7035a7bad8
;;;Develop Communication Protocols;ca76e029-ef04-4aeb-91dc-9a046fe32f1f
;;;Test Communication Infrastructure;95e8ecd9-300d-482e-87a4-c6333cc20442
;;Secure Initial Funding;;8e547862-879b-4008-b504-b8fe79ae7d05
;;;Establish Cryptocurrency Wallets;7d8a4614-0b2e-4f93-958f-05eca9808cff
;;;Anonymize Cryptocurrency Transactions;ff2668cc-4da3-40ca-a3ad-5237d5540132
;;;Convert Cryptocurrency to Fiat Currency;d503ff35-6de2-4cf7-9f66-8090ad60b737
;;;Launder Funds Through Shell Corporations;595ae27b-32b8-4dae-a6b0-48957991ca77
;;;Secure Anonymous Banking Channels;78a37aeb-c397-498e-8232-f8c60ccb469e
;Data Collection & Analysis;;;cb0a72f1-c1aa-4fad-a0dc-1f32561aa2a6
;;Conduct SCADA System Vulnerability Assessment;;b1472284-2656-4cc0-bacd-46c5128cf019
;;;Identify SCADA system vendors and models;395ce779-5b70-48ca-b801-e5a63f8abc4b
;;;Gather vulnerability intelligence on SCADA systems;853ab0be-479f-4bb9-94d5-42bb6b103be8
;;;Conduct penetration testing on SCADA systems;84687769-ee89-45d3-9305-9c349c66ad22
;;;Analyze SCADA communication protocols;9aca5dc3-319f-4369-a916-0e52ae2d9ada
;;;Document SCADA vulnerability assessment findings;65fc33f4-8141-4d48-8524-ef4fcfa06276
;;Analyze Global Power Grid Infrastructure;;0cc771c1-2749-48c1-8551-66c428b9f4f4
;;;Gather Global Power Grid Data;2c6349f5-edb8-461b-8660-1089be249664
;;;Map Grid Interdependencies;7131fb05-eba4-4f8c-af4b-cffd64b39a74
;;;Model Cascading Failure Scenarios;2c7599c7-16a9-4971-bb6c-b1f3481681cc
;;;Analyze Backup Power Systems;6c779cfe-7ae3-479e-86d6-9babff7eb42a
;;;Assess Grid Management Systems;6b273e33-c5f3-40a5-8689-aec92693b595
;;Assess Societal Impact;;09260a80-5cb2-49ce-be5a-2517ba85c05d
;;;Assess impact on healthcare systems;00b514f9-8a7c-480d-87d3-d53ebd5a8673
;;;Evaluate potential for social unrest;9a8345e9-bcae-459f-bd95-21857ee74a5a
;;;Model economic consequences of outage;d1051bc7-0587-4fb3-badd-cc08c28cc9dd
;;;Analyze vulnerability of different populations;20849971-1b71-4995-bfe2-29945b8cc185
;;;Evaluate emergency aid availability;2fa4f90b-a250-4750-b266-eb77e8b1d11f
;;Evaluate Ethical and Legal Compliance;;16d25e1e-8e59-49b3-a087-94a7291aa8b3
;;;Identify relevant international laws and treaties;8c8397a6-07b6-4680-b8df-e4d3ce09950c
;;;Assess potential legal penalties;df5425e1-9b0b-4087-a0be-39bf77cef11e
;;;Evaluate ethical implications;07b313fd-1f51-4e36-8d39-480eec64bac2
;;;Explore alternative solutions;e2a730b5-6df2-4795-a8c2-42111f1f67ec
;;Analyze AI System Dependency;;0ec882ed-3018-491f-92b8-340066befc16
;;;Identify critical AI systems globally;f940c5d8-22fd-4583-a09c-563f83d97905
;;;Map AI system power dependencies;60d88a7a-569f-4742-aaad-a345bb45584a
;;;Assess AI system recovery mechanisms;e0833141-e4f1-432b-b4c4-406454792089
;;;Analyze AI system geographic distribution;c4d0bb23-b298-4df6-a957-6ec5dcb6ee91
;Strategic Decision Making;;;8f2fd46e-c219-4a87-ad67-9a89e8ee4d18
;;Determine Resource Allocation Strategy;;1dab0402-072a-4f5c-bff4-3ec290a28349
;;;Estimate Personnel Costs;27db5989-e9bf-4fb5-8c36-e983a3e394dc
;;;Estimate Equipment and Software Costs;aa63b060-e3fd-46a3-adda-86b08503844a
;;;Estimate Operational Costs;6e7cb04a-6208-4e2f-bca8-a9bb825f587e
;;;Allocate Cryptocurrency Funds;9800447f-9250-4e7b-a1cc-a06a5ca2a7b9
;;;Establish Contingency Funding;120f4a24-c2ba-4d2f-a4c6-7981054bae97
;;Define Risk Mitigation Protocol;;33fcb59d-a17a-484c-9985-28be1af14ae3
;;;Identify potential risks and threats;ff9c805b-99ea-4960-bd07-9c1ae1679d7b
;;;Assess risk probability and impact;e60c2a21-8814-448b-b366-a4e62888bac2
;;;Develop risk response strategies;43961ee0-34af-4c8d-b3e8-f53e8ed138a7
;;;Document risk mitigation plan;80d0df40-3b4c-4aec-8ce6-3e2c0d9a98a9
;;;Establish risk monitoring process;922b723a-3602-4481-bdcb-33dffbaebee7
;;Establish Global Coordination Protocol;;e123c262-322c-436b-a6c3-b52c8fae7ea6
;;;Identify SCADA system vulnerabilities;78e44a8b-b84c-43e5-a1f9-cadd7bdac8c8
;;;Develop SCADA exploit prototypes;e9b7a80b-decf-4e65-9e55-34d07ccf61a9
;;;Test exploit delivery methods;397d4ce1-c611-42f1-9310-044756528642
;;;Document exploitation procedures;b6782116-c55e-4fd7-9e42-09611a44ca69
;;Develop SCADA Vulnerability Exploitation Strategy;;ccfe0872-1c2a-4596-9fb6-cca304cdba4b
;;;Map global SCADA system vulnerabilities;2b5b5d1b-666b-4b02-b45f-8b333cbfd6e4
;;;Develop custom SCADA exploits;25d295a5-0c6d-462a-9b02-cc3ea329c70f
;;;Test exploits in isolated environments;01017cb1-1d31-4e5d-b051-d954f4cf8ac2
;;;Deploy exploits to target SCADA systems;2bc4a7f1-c56f-4fa8-9ed1-e139f0387c15
;;;Verify control of SCADA systems;f32c36d1-a0dc-48bc-bfcc-97445805da3c
;;Define Outage Duration Strategy;;fad02435-9121-4d3b-a158-7a81a76b9765
;;;Analyze AI system power needs;90970186-fc59-4e78-a7e0-8953bea5e53e
;;;Model grid restoration time;49af8368-2ad1-40f1-a04c-4fd464d846c5
;;;Assess societal impact duration;3199a1f0-6393-4632-b8bc-93a317505ee1
;;;Balance AI disable vs. societal harm;6e3338a5-9ac9-42e8-a54e-5a372d728cfa
;;Define Operational Footprint Strategy;;20940779-39f6-4104-9981-df6440660d40
;;;Analyze AI system power consumption patterns;2f73362e-d2c1-4618-ab0f-25e51c5c92c6
;;;Simulate AI system behavior during outage;4d371023-6e96-4574-bef7-331d5d75eb32
;;;Consult AI safety experts on outage duration;f0fbd008-b407-475c-8ae9-803caaf7f24d
;;;Refine outage duration based on findings;e0be2ee7-31bf-4553-a70a-9f8e6f62081e
;;Develop Containment & Recovery Strategy;;ee766637-07fc-41e6-b287-bc0f14ced3fd
;;;Analyze global power grid interdependencies;2bfc7a96-38c4-480d-befb-691fc6cdb719
;;;Identify critical infrastructure vulnerabilities;37a600bd-d10d-4658-871a-90e5a68a6a93
;;;Develop cascading failure scenarios;b3c6a325-0368-4562-8864-569ae0c4e7cb
;;;Implement redundant control mechanisms;f46e06ce-a990-41ab-81f5-5a8b3740fd82
;;;Automated fail-safes for outage containment;6a721a34-3089-4940-9ae9-6a24980f5a9f
;;Establish Information Control Strategy;;791ddbd4-e66f-48d2-b627-57e16f495e79
;;;Establish Key Message Framework;af602ae9-c060-4cb8-b5df-9a64d4812a56
;;;Identify and Engage Trusted Media Outlets;5df6d0ef-6f17-4912-bb5f-7031e096f39e
;;;Develop Social Media Monitoring Strategy;a1b5eb2f-eb1e-470a-862d-17acfc4f0359
;;;Create Counter-Propaganda Plan;124b01e8-94bd-4ab4-a7fd-c0a9d5f8f0b7
;;;Prepare for Potential Leaks;90ce2bff-4c2e-40db-8302-ea053625cf79
;;Define Risk Mitigation Strategy;;d14def81-6a7c-48ef-9d5b-8b329375cb6e
;;;Identify potential risks and their sources;1ca05f4c-686d-481f-b128-60243a2ebe2b
;;;Assess probability and impact of each risk;0985ccad-6d70-4756-adad-38de0645c02c
;;;Develop mitigation strategies for high-priority risks;9df59149-6911-4505-a6bd-3610a5f14919
;;;Establish a risk monitoring and reporting system;25142d74-537b-4bb9-819c-db9500a5c014
;;Establish Adaptability Protocol;;7bc773d1-7d82-4728-8c25-afc0be0dd476
;;;Identify Key Adaptability Factors;a604e62e-08a9-4401-bf5a-a1a1a0d5c27c
;;;Develop Contingency Plans;719a2249-7383-46dc-833c-d9e9b1504c1a
;;;Establish Feedback Loops;7e291f5a-4b53-4639-986f-2b106b1461e8
;;;Design Redundancy Measures;203fc5b1-e40e-4b92-8ff5-2209b4b8f267
;SCADA System Exploitation;;;2ba37e48-8048-493a-bf18-8706e35d6414
;;Identify Target SCADA Systems;;548458bf-5801-4f92-98ff-2321f36b2588
;;;Identify Geographic Regions for Target Systems;6ba4a155-5613-42f0-a233-cf1b9b6ba3e3
;;;Compile List of Potential Target Organizations;75b9049e-f87f-48f1-bd79-06bcc39e80c9
;;;Map SCADA System Topologies;f3725bb6-1f54-41b7-aaf1-38249a0e4cfa
;;;Prioritize Target Systems by Vulnerability;3945f936-8fb9-4be2-b20c-a914c3546e4b
;;Develop Custom Exploits;;59627f84-5b77-41b9-b9c4-4a22b71f79ef
;;;Reverse Engineer SCADA Protocols;8d34343c-62d6-4dfe-80b2-a9a710176fd4
;;;Identify Vulnerable SCADA Software;dacc47fd-9cb2-4141-8cf7-94db1111ad63
;;;Develop Exploit Code;8595e7f0-f26f-48e5-a3cf-9843ec070116
;;;Test Exploits in Lab Environment;62c4197c-d57b-4e60-a2da-1e82e27f19a4
;;;Obfuscate Exploit Code;b388daa2-5ea6-4c51-9d0e-aad34b06a5d9
;;Infiltrate Target Systems;;e50bbad2-3e67-44ef-875f-f866c7939a95
;;;Map target system network architecture;8e207f23-c7ee-45d7-9bf6-fbdd6535d121
;;;Identify user accounts and access controls;5215ab1d-35fe-4ba2-af9e-e37d765dc43a
;;;Bypass authentication mechanisms;92708393-fab6-405e-8b04-f50f490f2287
;;;Maintain stealth during infiltration;e3ca3c54-7927-4d8e-bf2c-5d8ce6a4b97d
;;Establish Persistent Access;;0b9d4357-bb7c-4506-a75a-a1fa21df5a97
;;;Identify persistence methods for each OS;3ba6a471-971b-4e16-8758-9ed302d9abdc
;;;Implement backdoor for remote access;47999d8e-6f35-4b35-803e-15d171b0902b
;;;Test persistence across system reboots;7d40575b-1e4b-4c31-91af-50ccfdc0e112
;;;Harden backdoor against detection;e4666a92-0315-4e66-9b88-a5aa1c778e36
;;Test Control Mechanisms;;e2c6ab42-75f9-4008-9264-381c30d9f2da
;;;Map target system network architecture;62532079-60d6-4d92-8084-87ed3af90072
;;;Bypass authentication mechanisms;884bfbfb-5ccd-4946-ab06-1c3740851a78
;;;Install remote access tools;78c483d2-58e8-41ea-9b74-a3d1097f8549
;;;Obfuscate access and activity;5453a72d-326e-48b5-a91d-14f86acfd097
;Global Power Outage Execution;;;38fcafeb-b539-450e-b679-206f2d0fcbba
;;Coordinate Global Attack Launch;;f9146ede-e155-49a0-8db5-f3a41f09abb7
;;;Verify Global Communication Network Readiness;42f34de1-90b2-4cf5-b66c-9eb418dbad77
;;;Confirm Target System Access and Control;a6e73ba6-e458-4410-b489-262ea48bf904
;;;Synchronize Attack Launch Time Across Teams;cc2b57b3-a315-4a59-85ce-f782a4b967f1
;;;Deploy Initial Attack Payload;92d8bb80-ce1c-40fc-a049-37d936573f2e
;;Initiate Power Grid Shutdown;;cc56f9f8-4818-456a-93d0-d7e87ce62c33
;;;Compromise Grid Control Systems;a8156471-45ee-4b55-9897-65b7888af7d0
;;;Execute Coordinated Shutdown Commands;a856f3c3-4c84-4ff1-b0b9-76ba68a91ce6
;;;Prevent Automated Restart Procedures;4726a1d0-14d4-4c43-9078-1ccd30d8e2ff
;;;Isolate Grid Sections to Prevent Cascading;3f6a172c-d24c-4bb7-a5cb-9e40c0379d7f
;;Monitor Grid Stability;;8b4eab54-bea9-4012-8af6-741c492ac610
;;;Analyze Real-Time Grid Data;40c93fc3-be0f-4d40-9a33-3509bb6f530b
;;;Detect Unauthorized Access Attempts;8b2bf0d4-d65d-492d-bba5-bf776026692f
;;;Assess Grid Component Status;58682e73-03cf-4bc8-a488-13cd70140558
;;;Predict Cascading Failure Risks;e907aa40-b2ac-48ec-8f63-428526fc08ea
;;;Counteract External Interference;a704fe71-622d-4010-bba4-adb113d461e9
;;Maintain Outage Duration;;ef6b898e-e537-458f-b138-e114ea3130ec
;;;Monitor grid frequency and voltage levels;6b70e0a2-9e9f-40e1-8ffc-46213e95b559
;;;Detect and block restoration attempts;97fcb671-8c5f-4ddd-86e7-63090f28b967
;;;Maintain SCADA system control;2c4c3bf8-2bb1-4be7-afa3-9caa4ba8c719
;;;Manage cascading failures;25caa7cf-da65-4d43-b450-3a41f576f1cf
;;;Counter external interference attempts;9a0e89e6-5ae4-471c-b828-f5a879b30cd6
;;Neutralize Backup Power Systems;;3d8b913f-ecad-4793-81bc-c5b14f36eb5d
;;;Identify Backup Power System Locations;a0b850f2-4ccb-42e1-86b6-110680d2e2ed
;;;Assess Backup Power System Vulnerabilities;9a4d3c20-d61e-4378-9168-7b4ff61ad58e
;;;Develop Neutralization Strategies;5c3c1de7-0f2b-4b77-b0a1-e349188244a0
;;;Execute Neutralization Operations;3dc3a96d-693c-447d-ab51-4f7d0caac9c9
;;;Verify Neutralization Effectiveness;d8560c73-d10f-43fe-b3aa-e4ad2907b3b1
;Containment & Recovery (If Executed);;;46da8379-bb0b-459c-a647-ae836da5f1cb
;;Implement Containment Measures;;e3e0c2c3-28be-4f23-b388-69548f9a5f98
;;;Establish communication with emergency services;1458f5b3-6300-4b0a-9182-865568df8d76
;;;Deploy pre-positioned resource caches;45918d68-bc7e-45e5-9a49-1a9eedf2daf7
;;;Implement public information dissemination plan;deac1dbf-1947-421f-b3cf-909d9a7f6e04
;;;Secure critical infrastructure sites;72edac79-8196-4d2c-b8ef-2264c292c648
;;;Monitor social unrest and coordinate response;2bb61132-2814-4b5f-920d-db8aa6df976f
;;Initiate Power Grid Restoration;;a423e6c2-34ef-4274-ae30-f67749df0a96
;;;Assess Grid Damage and Stability;26c20384-2bf7-4327-8d73-027860eee573
;;;Prioritize Critical Infrastructure Restoration;631a17dc-8068-47cc-a4ff-300bb2901dde
;;;Implement Phased Power Restoration;a4c4250c-cc35-4cc9-b795-72e3fd698b65
;;;Monitor System Performance and Security;09958c5b-6e67-4a46-bbce-9b3a5353db8a
;;Monitor AI Reactivation;;4bb2591d-0fe4-471b-9313-30a935c6df1c
;;;Identify Critical Infrastructure Backup Power;156696ae-b462-4756-9b8f-40fe35a91816
;;;Assess Backup System Vulnerabilities;cd0105e8-54ad-47d7-823e-41af1aec3d15
;;;Develop Neutralization Strategies;d571ba15-ac91-4d89-abee-43534a678c55
;;;Execute Backup System Neutralization;812da993-da42-4bb0-ae88-1adf3b531f5f
;;;Verify Neutralization Effectiveness;72b32eda-5db2-434f-9dbd-88143632c5ac
;;Manage Public Perception;;b132e071-6bb2-49c4-8143-102af0ccf7cc
;;;Establish AI reactivation detection thresholds;5917a05d-0701-4542-9fd8-b2217557a94d
;;;Develop AI reactivation response protocols;50568c04-30c3-4bcc-8351-b2cc529d96ad
;;;Deploy AI monitoring tools and sensors;ffe63c95-1a4c-4003-8625-8e95617d9281
;;;Conduct AI reactivation simulation exercises;b72ade49-454a-46e3-b576-f09ce0c49a9a
;;;Secure physical intervention resources;f718ac19-54cd-4cc3-b545-4b160c4bb81d
;;Provide Emergency Aid;;806f8422-2cb6-4278-beab-391c7e8ac414
;;;Assess Immediate Needs and Vulnerabilities;a9e549fc-c26e-4872-8020-62ab20bb5fc8
;;;Establish Distribution Centers and Logistics;181b4de2-d554-44d3-9f37-864249bdb52d
;;;Coordinate with Humanitarian Organizations;a8559a27-e5fb-4e86-9aea-475905555b77
;;;Secure and Distribute Essential Supplies;4b1b14b5-0982-4d8d-8185-10280576ee2b
;;;Provide Medical Assistance and Support;f4cf0090-193b-4e0d-b7b5-a0fbc2e0849b
;Project Termination (Recommended);;;3111c0ce-2de8-4e69-b21f-f845dcd8a324
;;Document Project Findings;;e66b5d35-54a0-4d99-932e-35b724fb2226
;;;Gather all project documentation;58644e86-9631-446f-82af-08c8a3b9ac74
;;;Verify data accuracy and completeness;0ab5bfa8-bd46-4610-9b6a-d4fc28a4e8b4
;;;Summarize key findings and conclusions;6dcb581f-909f-49c7-817f-96c4bba88f54
;;;Archive documentation securely;b1e43fa3-ffc7-4905-8bb0-a5af023feda1
;;Securely Erase Project Data;;b983396e-7308-4b6b-ba89-466590ab202d
;;;Identify all storage devices;727bbd2a-4936-4511-b8a1-489c05cdc1e0
;;;Select secure data erasure tools;02f0cccc-5051-4366-a7aa-42487c23a658
;;;Execute data erasure procedures;c8aab67d-0036-4392-bdbb-8cddb295d935
;;;Verify data erasure success;ceec2453-49b1-473c-b4c1-ba98831f0539
;;;Dispose of destroyed devices;344f9d5b-b87c-4cbd-b8ca-10cf2963cb4e
;;Disband Project Team;;607ef0a0-ca9d-49a4-904a-7b5821e26770
;;;Identify all project team members;6d91bdb5-afab-4027-a19e-289cceb4a62a
;;;Schedule individual exit interviews;c8e97562-599a-4d14-88a1-6e481cadb2be
;;;Collect and return project assets;42cee3e2-6158-4d80-9567-2ccf3203f4e4
;;;Revoke system access and permissions;802517e5-e6fc-420a-b051-d84b64c792c3
;;Report Ethical and Legal Concerns;;ab459b1a-65d6-4110-b82d-ab6f1202dd97
;;;Identify Ethical and Legal Violations;89d6da7f-c48f-4176-989b-c1c5248eccdb
;;;Gather Evidence and Documentation;be8b9665-8b47-428f-82ba-33613e74be7a
;;;Prepare a Detailed Report;5025163e-8a3e-4e20-ba10-85f8da09d7e4
;;;Submit Report to Appropriate Authorities;809d34c5-6ec8-4b73-abb3-f37c5fbd783a