Level 1;Level 2;Level 3;Level 4;Task ID
Sovereignty Program;;;;8ca3625c-8d1c-480a-a501-833a64ebb530
;Project Initiation and Planning;;;e719134d-4b06-431c-a49d-83d07cd6d15c
;;Secure Funding Commitments;;fa9982b5-e845-4c74-906d-b63a0f148993
;;;Identify Key Decision Makers in EU;9013f8a4-77f4-4328-a1f8-5347b688d65a
;;;Prepare Funding Proposal and Justification;c05298b3-3f05-4253-b3f3-f53c5c7558c1
;;;Engage with Member States for Buy-in;f60d9c66-d6f5-4937-ab06-07bae7b8a075
;;;Negotiate Funding Agreements with Member States;329c4545-dc1a-44a0-88f6-35d7524244a5
;;;Formalize EU Funding Commitments;e575de6e-8e56-4cff-9d8a-8a7a7e17d49b
;;Establish Central Legal Team;;3161c9bb-3f16-4f14-92a8-3b966ef34bcd
;;;Define Legal Team Structure and Roles;34e32089-d2d4-4362-aec4-d1ddb67e21fb
;;;Recruit and Onboard Legal Professionals;21c68bf0-f7a2-48b2-b806-280cab9a439a
;;;Establish GDPR/NIS2 Compliance Framework;d957d44b-4fa5-4531-9682-996a1c0bbc8c
;;;Develop Data Residency Policies;5b944354-146a-474f-bf12-88e6e1c7dcb4
;;Conduct Initial Infrastructure Audit;;9a8ecf09-ba74-4f36-8d2d-ddc59208d10d
;;;Define Infrastructure Audit Scope and Objectives;477de5bd-33ba-441d-af2d-28d123d032dc
;;;Develop Data Collection Templates;2d4834e3-7581-421b-a1e1-63a33af735d4
;;;Gather Infrastructure Data from EU Members;83073712-cf65-4d10-9927-7a4ab6d0356e
;;;Analyze Collected Infrastructure Data;52db5e5d-16c4-4503-bad7-d634f89b94ee
;;;Document Audit Findings and Recommendations;ce38a3d7-6322-4a93-99d0-2567247a0447
;;Develop Initial Migration Plan;;66db8a3b-6c5e-4377-8cc8-1a8bddaeb6a4
;;;Define Migration Scope and Objectives;b0d2e8d4-b3b9-4d49-88f5-0ef1b06de84a
;;;Identify Candidate Infrastructure Components;1371f287-3fb5-436d-b17a-7460bfada292
;;;Assess Migration Feasibility and Risks;938df57d-0ae0-4ce4-bb02-dfd126c1970e
;;;Develop High-Level Migration Strategy;2b017b6c-4b36-4eff-b892-94ce36f58287
;;;Document Initial Migration Plan;948d7659-87a6-4c0e-97a7-72e7b3192d89
;;Establish Skill Development Program Framework;;86d3c732-ab1d-4b29-bfe0-7e88c2fb2a29
;;;Identify Key Skill Gaps;08963784-908c-4847-b8db-183799bf4efb
;;;Design Training Curricula;9cd8f9aa-4429-49c3-8cf9-d56435fe1f86
;;;Establish Training Partnerships;2c07cd12-695a-43f6-bdbe-f8f2df0ef699
;;;Pilot Training Programs;d8afeca6-9409-45da-81dc-d4c9b00348ad
;;;Scale Training Program EU-Wide;e1ccbd08-ac5d-40fd-93f8-8a50acb2efc1
;Detailed Infrastructure Assessment;;;6b29f6c2-24b0-4008-80ca-89260fab1b76
;;Assess Current Digital Infrastructure Across EU;;2e05a068-985e-42b8-9eb8-1cbece8dcead
;;;Identify Key Infrastructure Components;884f7e90-1b12-4db1-89ec-9274b5f49b67
;;;Gather Infrastructure Documentation;ae3bf67c-4103-4b21-b9d4-623958c11ebe
;;;Analyze Infrastructure Data;ff71f891-197a-4694-b01c-610b9b742264
;;;Document Assessment Findings;f995ccf4-e0dc-4e16-8891-aa73b2d12949
;;Categorize Infrastructure Components;;d32e0f70-4eb6-4e6e-aa27-76a17cca790c
;;;Define Infrastructure Component Categories;84c6f17f-90c1-4e52-9e48-ffbbab333892
;;;Map Components to Defined Categories;15326fcc-8f62-4559-9f5a-553f45508ff1
;;;Validate Category Assignments;e77705d9-44fa-43fe-bc22-655d9e7bfaba
;;;Document Categorization Results;b2507cdd-a154-400e-8f25-03242b09af58
;;Assign Risk Scores to Components;;2356dfc2-8901-477c-bb9a-5a9ee0b4b26f
;;;Define Risk Scoring Criteria;ecd0eb1c-2d77-45cf-9c71-4742f7d131d4
;;;Gather Component Data for Risk Assessment;7dba9359-ed05-432f-a6ef-86ac2a607db7
;;;Apply Scoring Criteria to Components;3e794250-76c3-4e7b-b3fd-2ce4701de83d
;;;Validate Risk Scores with Stakeholders;43b0f2de-c6ac-4929-8f56-df665951557d
;;Prioritize Infrastructure Components;;09e8bfe7-da42-4274-9cfb-52b21b2c3f4e
;;;Define Risk Scoring Criteria;b613ea78-a9c5-4b2c-a239-541cc691d219
;;;Gather Component Data for Risk Scoring;912843bb-766d-436c-b152-9cd8e4b0144f
;;;Calculate Risk Scores for Components;578519fd-921e-44c5-8e55-4affe33f62ea
;;;Validate Risk Scores with Stakeholders;95477257-fd22-47b5-bd2a-72fe5c41e340
;Solution Scouting and Qualification;;;2f716059-38e7-45ba-92bf-b594aa1f3636
;;Identify European Sovereign/Private Solutions;;d8472ccb-26f5-41e2-a716-8d1a3e25789e
;;;Define Solution Evaluation Criteria;a5dac9c2-8ec3-45c5-9361-313455d67ef1
;;;Research Solution Provider Market;ec5f2bbb-c9c8-4a8d-a27c-ed0cbd7a0cf3
;;;Gather Solution Provider Information;ec7846a1-fb0d-4f80-a26a-1438409b5835
;;;Analyze Solution Provider Data;f0672664-bf33-4429-a733-984d7a84807c
;;;Document Assessment Results;b4152438-f78c-4251-9bd1-eee99d59c337
;;Conduct Vendor Risk Assessments;;cc4245d6-61d1-414f-ab1a-3268d53ebee6
;;;Define Vendor Risk Assessment Criteria;b133d6f4-e696-470b-b325-1fb8e1cd533e
;;;Gather Vendor Information and Documentation;f78ec61f-fd9c-4a7c-a8b0-c411528f2419
;;;Analyze Vendor Risk and Identify Vulnerabilities;35ada052-794f-4e08-8492-19079bc03e51
;;;Document Assessment Findings and Recommendations;d05ba04b-eff7-4dd6-abd3-a551162a1236
;;;Implement Ongoing Vendor Monitoring;68c20a3c-ac9c-4f22-93d4-82d4f61c830f
;;Perform Security Audits of Potential Solutions;;fb1a468d-c1f3-4e62-954e-20e59b3d7ecd
;;;Review vendor security documentation;c204ed5d-4fa8-4afb-a1eb-63624d89d396
;;;Conduct penetration testing on solutions;dadf7995-e241-41fd-9fdd-6ceb730165de
;;;Analyze software bill of materials (SBOM);6efb3964-21a4-4587-8d7e-bc1a703e9de5
;;;Verify hardware supply chain security;8cf6844e-06d8-4cc9-9671-09dabf03e401
;;Verify Integrity of Hardware and Software;;0d959fc7-67ab-459e-a545-e703e11a47d2
;;;Establish Hardware Baseline Security Configuration;d2a9bd91-f51c-42f9-bffb-617d0b7721bc
;;;Software Bill of Materials (SBOM) Generation;a8de5e77-94b7-492e-92e9-a78b8b3d0708
;;;Conduct Static Code Analysis;6b0f0495-a9ef-43dd-b461-cda39853569a
;;;Verify Cryptographic Module Integrity;592b5cef-703a-4565-8eb2-0465cce8f8dc
;;;Implement Secure Boot and Measured Boot;89f06fd2-0cda-4b10-a2d4-d265da5bd7fd
;Migration Execution;;;350fd530-29aa-4f66-86d1-691ec2697c43
;;Develop Detailed Migration Plans per Category;;4f320393-2d5e-4f4d-beb0-c221a1fe7623
;;;Cloud Migration Plan Development;e4753b83-b007-4fb8-b9b3-cbdb755ef826
;;;SaaS Migration Plan Development;36d2ef9c-54e9-4b79-87a7-64d168ac5662
;;;DNS/CDN Migration Plan Development;c7a3bbb4-f21a-4984-85d6-06a95e2b1eae
;;;Legacy System Integration Planning;ec57f194-b2a3-487e-af96-ab60408723e9
;;Implement Phased Migration Approach;;0bdefea8-6861-49d3-ab9b-38d999aabd1c
;;;Pilot Migration Program Implementation;7a41de1a-64d2-4eca-8bf0-4dc0fe5f6e01
;;;Bandwidth Capacity Assessment;ba4cd841-e485-4513-87b4-fd33d03c6791
;;;Resource Allocation and Scheduling;b8d7f539-928c-40a1-9cc1-4d47f77a231c
;;;Data Transfer Rate Optimization;9feab329-e07b-4dd6-8f5c-4b7806f21180
;;Conduct Compatibility Testing;;0e5b075f-4d20-4489-8174-18ed0ef2fccc
;;;Prepare test environment for compatibility testing;77895e80-8c72-4bca-bd8d-43ae4424e010
;;;Develop compatibility test cases and scripts;255ab334-4174-4991-bcac-1230e19ddda9
;;;Execute compatibility tests and analyze results;a510181a-3b49-4362-9924-acfb39d08d20
;;;Document compatibility testing results;0c5582bc-96d8-4126-b098-6c410cc7c690
;;Create Rollback Plans;;4a5f0f34-3487-4924-8437-69349b3f4764
;;;Identify critical system dependencies;170cf9e1-923d-4605-9689-ba28286d7949
;;;Document existing system configurations;bff341b7-cb66-43db-bb90-8f70777be719
;;;Develop detailed rollback procedures;871437dd-c53e-4154-bb4a-dd676a9fa2a7
;;;Test rollback procedures in test environment;8d19299b-faaa-4360-807f-d774b5c10e45
;;Monitor and Report Progress;;68363878-7744-42ec-b72d-6979d2ef6c26
;;;Collect Migration Progress Data;faff0902-dd09-4e3a-a91c-035b3fe52421
;;;Analyze Migration Data;3e72a445-6af9-4426-afae-5d6d75e2b1b5
;;;Prepare Progress Reports;e432e3da-bb7f-4961-aeb3-d9705579c17d
;;;Distribute Reports to Stakeholders;c605281c-4acd-46ca-a95a-f02f1cfdcedb
;Operational Sustainability and Security;;;552e133c-9e58-44b8-93c6-16a382a512c8
;;Implement Energy-Efficient Technologies;;a3d3333f-08d1-4c78-bba5-83242b1253f2
;;;Research energy-efficient technologies;95b0f2b1-4a64-4123-9d1c-325e9e3b6f78
;;;Assess infrastructure energy consumption;d3ba2af1-05ab-4bdc-8219-28e6c3bc35d6
;;;Develop energy efficiency implementation plan;06f8a621-25d4-4ae4-906d-c6a0f06baa11
;;;Secure funding for energy upgrades;fc74170f-92c4-4573-b2f1-66b70f96b200
;;Establish Long-Term Funding Mechanism;;c2660d46-2747-4c30-857f-1225d2925231
;;;Analyze Current Funding Landscape;3ddaec6d-e006-4da3-8e32-1f3167e3fb7b
;;;Develop Diversified Funding Model;c0d4dee8-48af-4977-a0d3-c700cf1ae856
;;;Secure Multi-Year Commitments;d0c96f07-854e-4a05-a953-b8adb788a895
;;;Establish Disbursement Mechanisms;55cb73a5-a952-4b99-aa3f-d5623a4e3b05
;;Develop Technology Roadmap;;04c81b33-07ee-47c1-811c-1090a9bcc255
;;;Assess Emerging Technology Trends;5355c912-13cb-43c0-96df-0c3b2267af24
;;;Define Technology Roadmap Goals;8b27ec3a-856f-4f9e-9a32-d198edd1904c
;;;Develop Technology Selection Criteria;08cc3c18-2a2c-4699-870d-30a5163a0c2f
;;;Create Technology Roadmap Document;79f97757-aece-48a9-b2c4-76d07316a0ef
;;Implement Security Monitoring System;;8de6316d-ad81-4848-9c98-8907ddb3147e
;;;Define Security Monitoring Requirements;99e4f161-d8a4-4f24-b2c1-fb08c7fc3a98
;;;Select Security Monitoring Tools and Technologies;b044828c-d83d-4a71-8041-d7e029958f1a
;;;Configure and Deploy Monitoring Infrastructure;75b57076-78c8-4980-a69f-c399c519948a
;;;Develop Incident Response Procedures;7f15f5a4-2e92-49a5-aa11-a4c24e396ac1
;;;Test and Refine Monitoring System;8a4169ba-6465-4420-aad7-bde5c6179ef5
;;Ensure GDPR/NIS2 Compliance;;ad7e4186-3f75-4a7e-b375-7ff452514f1b
;;;Establish GDPR/NIS2 Compliance Framework;fdf5c786-b7ed-493c-abfc-19234c3da4ad
;;;Implement Data Residency Policies;7109cf4a-5193-4704-b551-e6140301b631
;;;Implement Encryption Mechanisms;68f67c50-3613-408c-8962-2e162d1125dd
;;;Establish Data Breach Notification Process;7ef8a80d-a5f6-4459-a4d3-e1eec63eab16
;Skill Development and Training;;;64f27337-1166-410e-8b79-672d603fdeed
;;Develop Training Programs;;48156b88-6d83-454f-9a20-9dd1bd0e0805
;;;Identify Key Skill Gaps;bfb7d167-2aa0-4789-9627-71328f6b538a
;;;Design Curriculum for Training Programs;9f018ae7-3e28-405f-8f7a-90fc3ceff949
;;;Develop Online Training Modules;69332889-2386-46ca-bf96-e7f2e271bc8f
;;;Create Hands-on Labs and Workshops;ba360a46-0eb2-48aa-9e0d-b0a41b7dc3d1
;;Offer Competitive Salaries;;d15370d8-35aa-4b26-af6c-66120d1b7d5b
;;;Research competitive salary benchmarks;93273274-a87b-4178-928e-6e9060b40059
;;;Analyze current compensation structures;70c46223-7524-4d73-92ba-f9375d6f9ff0
;;;Develop a competitive compensation strategy;ffd837e5-8cbd-4b22-b8bf-97e9bfcb2732
;;;Implement the compensation strategy;4fd38056-35f7-492c-9402-13517fae4b93
;;Establish Partnerships with Universities;;84acdab6-4a4f-4b28-abc9-b353418a1705
;;;Identify Key University Partners;30209de2-6752-41a4-9b6b-7ba57e2f1326
;;;Negotiate Partnership Agreements;11376bb3-58a9-4290-ba2d-a36bf9d15f0d
;;;Develop Joint Research Programs;8cd733da-d5f8-494e-97ec-4bd899c89524
;;;Create Internship and Placement Opportunities;bd36fead-f05c-415d-88fc-db3fcfb43d28
;;Address Skill Shortages;;bd3d8881-7393-4974-b64a-0330ca2ce863
;;;Analyze Current Skill Gaps in EU;1f8c4c56-baf9-48cd-a7ec-230d7930cc9f
;;;Design Targeted Training Programs;8af8f40c-51b2-4c1e-8ca7-625213db0905
;;;Implement Incentive Programs for Trainees;51ab9ba0-f430-42af-8995-678e0cb86594
;;;Track Training Program Effectiveness;96585205-b4f8-43b3-8724-9aa35d82d1b7
;Monitoring, Evaluation, and Adjustment;;;98b310ef-66c9-43a9-9188-ab9c8f328e13
;;Track Progress Against Milestones;;9c1b8d80-2058-4dc1-8670-4dfc2586a1fe
;;;Define Key Performance Indicators (KPIs);94a0c7b6-79f3-495a-b8ec-6e8534ca5018
;;;Collect and Validate Milestone Data;6af03fd1-9271-4d53-96d2-80f33b89c060
;;;Analyze Progress Against KPIs;79458f13-aa1c-499e-b98f-468a0cdc8451
;;;Identify and Address Bottlenecks;1c4754e8-4086-49f3-81f5-0037bac22e4e
;;Evaluate Program Effectiveness;;d391ab82-ae70-4d7b-a5bc-076ff8d968e9
;;;Define Evaluation Metrics;d749deea-37fc-49b9-8c18-f920efacf84f
;;;Collect Performance Data;b24ba0f3-b054-4e2f-becc-125ddb28c196
;;;Analyze Collected Data;246ec6db-9667-4d00-a0f3-6349b212d18e
;;;Report Evaluation Findings;1a1d5963-d41d-408a-8c52-5bf2bfb40c6f
;;Adjust Migration Plans as Needed;;8feb3fff-7ced-45a6-a2b5-930f48e69af9
;;;Identify areas needing plan adjustments;7defa7da-496f-4c6c-9754-2f9dbea685c5
;;;Develop revised migration strategies;f7d98d8e-ff5e-4847-a12a-8e0419fb1382
;;;Assess impact of proposed changes;5f1fe867-f301-4209-8e1e-20f504c9ca79
;;;Obtain stakeholder approval for revisions;8acf9c64-23d8-4ffd-b8b0-1b20c3ff17f8
;;;Implement and monitor revised plans;c416bd87-8087-4e85-a30c-37c64268584c
;;Report to Stakeholders;;9b9cc510-d519-4bc0-b664-d29817a97a9d
;;;Gather and validate project data;2f0a40b1-d632-4408-92f4-724b7352b36a
;;;Analyze program effectiveness;b5517db4-b321-49c2-99e4-a543e0ec3085
;;;Prepare stakeholder report;92c50347-5e48-4292-93e2-4ea707d62c09
;;;Distribute and present report;7acc59d0-ce50-42a5-9088-dc7edfac501a