Level 1;Level 2;Level 3;Level 4;Task ID
Ocean Microplastics;;;;b932cfd9-a02d-4370-bd5a-ec9358d29ebc
;Project Initiation & Planning;;;527b1b43-ffcf-4914-b3a8-420d1d6a7588
;;Secure Project Funding;;dbd7a107-a8f6-40ed-a4d2-669e16ae1f59
;;;Define Project Objectives and Scope;ccfcd275-a53d-48be-8fa8-996adf181a48
;;;Identify Data Sources and Collection Methods;69252507-c752-4a8b-9cb6-bb753833a1e2
;;;Develop Data Analysis Plan;2e1671c5-2263-4f74-a6a2-aed336b3c1d9
;;;Establish Reporting and Communication Strategy;fbafec7f-7fe0-437c-b060-266bdd8e3161
;;Develop Detailed Project Plan;;df0f8f8c-c8c9-432f-a54d-5626c40c193f
;;;Define Project Scope and Objectives;683378a7-d85d-42ba-a211-a8b1699376ee
;;;Identify Data Sources and Methodologies;a82e8fe2-5cb5-4495-ba6b-646fe77ec309
;;;Develop a Timeline and Budget;8edb8c9a-2699-44d5-98d2-e518096e62c9
;;;Establish Communication Protocols;8edc0171-0fc9-46b0-a981-4b2180090f99
;;Establish Project Team Roles & Responsibilities;;4249ebc9-d4a8-41d7-9f32-5e82ae93a15f
;;;Identify Required Roles and Skills;4c54c4a9-384a-4a7f-9742-488b77338492
;;;Define Role Responsibilities;3ca0c660-eaa3-44c9-b1df-9999617e6ee8
;;;Assign Roles to Team Members;5ee260be-b6dd-4c8d-9da7-d1b05daf15df
;;;Develop a RACI Matrix;9935ac4c-b646-47af-8677-443590b930e8
;;Create Communication Plan;;ded79b41-07af-4f44-a21d-875dcdeed681
;;;Identify Stakeholders & Communication Needs;ab0cb7b8-8408-4dc4-892a-18d2d6821377
;;;Select Communication Channels & Tools;61b5b706-3d10-47a3-8497-296bd2bea736
;;;Define Communication Protocols & Schedule;5b27364a-3fbe-4c75-84e2-8890d7ea7fd7
;;;Document Communication Plan;37f29c4b-dda1-4213-ba43-98cd9af539d3
;;Define Data Management Strategy;;1d148d3c-170f-438f-9048-62ddd31a852f
;;;Define Data Types and Formats;a72e3ac7-fd07-4119-98cc-4201a89976db
;;;Select Data Storage Platform;aa09b48a-7ef2-4b62-80ab-875b477fd7f5
;;;Develop Data Security Protocols;9e767815-a53f-43ac-9361-0b5c55fe3b6b
;;;Create Data Backup and Recovery Plan;f9e0a235-24e4-4111-a94c-c2e6164ccc53
;Sample Collection & Preparation;;;e698774d-3205-4a06-b5e6-2c324575cb34
;;Obtain Necessary Permits & Approvals;;591dd318-a16c-4c02-a379-a50eca480dea
;;;Identify required permits and approvals;9cc322a6-16b2-45d8-a4f7-469bd8ba2fdc
;;;Prepare permit application documentation;271014b1-c524-49ab-a2c0-4ff0114c4bd9
;;;Submit permit applications;6a1ba963-fd31-4fa7-aa87-3318ed3bbac6
;;;Follow up on permit applications;e584dee5-e1ae-4c6e-8a0d-c5c256b8fe40
;;;Obtain final permit approvals;23b6ea4f-b08f-4610-889f-632b3b579660
;;Procure Sampling Equipment & Supplies;;ad77cc76-211b-4f30-9d78-7d0f76daf9ee
;;;Identify Equipment Needs;35fcf84d-6cc0-47a3-b450-33d9c512a0b7
;;;Research Suppliers and Obtain Quotes;422480e9-f1e9-4433-abfa-adef005a169c
;;;Prepare Purchase Orders;1155aa19-2c95-4369-95c1-62ea76768c90
;;;Track Orders and Expedite Delivery;23a1d92c-eddb-4b5a-b970-dcc2e3b70a87
;;;Inspect and Inventory Received Items;4618befa-756b-4f06-a76f-063fcb9948d8
;;Establish Sampling Locations;;1533b352-6cb5-47e3-a7c2-63cd6929fdb1
;;;Conduct preliminary site surveys;c318d812-f295-4c04-9a9f-648159364756
;;;Assess accessibility and safety;d6341eff-e04a-4f67-9c52-fddeffb20398
;;;Obtain landowner permissions;5d34f02d-1116-49d2-8e54-facc273cfac0
;;;Evaluate environmental conditions;ca56ed4d-997d-4157-9866-db334ec87d59
;;;Document location details;6454dab1-b76b-4d16-b3a6-19d2603b5332
;;Conduct Sample Collection;;9fb8cd83-c81b-4ea4-8e6b-a3859f534c77
;;;Prepare sampling equipment for deployment;f9b8d321-6c3a-4d76-ad01-81c68cc03493
;;;Navigate to designated sampling locations;09457286-e5eb-4949-a34c-4146b296090b
;;;Collect water and sediment samples;f911ffa3-6243-42a8-874d-fcdf5bb258fc
;;;Document sampling process and observations;bf8eb2ef-bd5e-495a-907c-40a0e5fef8bf
;;;Store and preserve samples on-site;49cd546e-c52c-4fbb-b45c-eddcf4923ada
;;Prepare Samples for Analysis;;fac98804-0d99-4a8b-aa15-5eec0e4a02c7
;;;Establish Sample Tracking System;d1596b0f-d99c-4b26-be9e-5bba44ad1741
;;;Filter Samples to Isolate Microplastics;598bd31c-8e61-4d0e-844b-69efd7ecfeb3
;;;Digest Organic Matter;eb3d8660-6edf-4e11-abd2-a540a5f5fb73
;;;Dry and Weigh Filtered Residue;e91a04c7-a999-4c2c-a232-f517ea5e90a0
;;;Prepare Slides for Microscopic Analysis;d1c130f4-a88b-4d65-8809-0740ff69d358
;;Coordinate Sample Transport;;a8e26602-df93-445d-85a9-425e93daae39
;;;Select Shipping Company;92d9e00e-da10-4f74-b499-9dac0c339d3b
;;;Prepare Shipping Documentation;2113f7f1-1693-4d36-8503-fcf303bc661d
;;;Package Samples Securely;ef035c78-8cc1-4da1-8afc-ad3888239e1a
;;;Track Sample Shipment;ea6243c6-349b-4db3-8a0a-0e798c91cfa7
;Laboratory Analysis;;;18fdeea2-1c40-4519-8a51-6a3f7c60f938
;;Calibrate Analytical Equipment;;078de957-fe02-45c6-adb4-41a8eb4d75e5
;;;Prepare Calibration Standards;1ab81650-fbcb-4f5c-aa90-0f1ca905211d
;;;Inspect and Clean Equipment;22d29167-b7fb-4256-9a5c-0c114bfcc2fa
;;;Run Initial Calibration Checks;d9b5e4a9-a3dd-4a52-bcfa-050d70e8a101
;;;Adjust Equipment Parameters;b38faf24-df8f-466f-9927-c89230e85327
;;;Verify Calibration Accuracy;2e1de1fc-1661-46db-a77c-f3ef0f296846
;;Perform Microplastic Identification & Quantification;;a5dc7349-de59-4d1d-8e87-2ffba068fbb1
;;;Prepare Equipment for Microplastic Analysis;07479cbc-b3f2-4fef-a37e-9f52c21c04d1
;;;Run Blanks and Controls;b68a3e82-5777-4db4-b359-ce59c92c9fd9
;;;Analyze Samples for Microplastics;e40a8e80-77cb-417f-8986-e5022c505a49
;;;Record and Document Analysis Data;1ae9cc95-d68e-4db5-9421-badc83474eca
;;Implement Quality Control Procedures;;b8009d2c-5bf0-4e61-848f-4cc5e0df8030
;;;Develop SOPs for QC procedures;62a10cd1-99fc-441d-a952-ce010894ac3c
;;;Implement data validation protocols;464cd938-030e-4da1-9751-a72ab980bde0
;;;Conduct inter-laboratory comparisons;ffd72b41-ed5e-42e8-bd96-ad120e885da1
;;;Document QC results and corrective actions;845fd531-d009-4839-8781-e1457e5b6236
;;Validate Analytical Results;;85d0bf2d-dcd6-4c1d-9e82-8f557dc15f16
;;;Review Calibration Data;7957d1c8-e29d-4f3d-a872-45292ef5d225
;;;Assess Blank Sample Results;69d5c28a-9d4d-4572-a7ed-6eae425d3ea8
;;;Compare Results to Standards;29aa2c71-e3c1-4e03-b3f1-6f6c6e69140d
;;;Document Validation Process;9e2c8794-2e47-48e1-b852-0b1f3ec34ddb
;Data Analysis & Interpretation;;;733b2d57-c590-42c0-bcd2-f6c032ef929c
;;Compile Data into Centralized Database;;9e52d2c0-2e0e-43f4-9141-45edda18755b
;;;Define Data Schema and Format;7522912b-8677-4e29-8dab-e8ac056b5f6d
;;;Develop Data Import Scripts;cd270848-1051-4103-9085-82bca1c6b62f
;;;Validate Imported Data;5bdc221f-5326-4f73-8d9f-0e9796068075
;;;Test Database Functionality;5b769d9d-e4bf-4d7d-9175-a5503fd5696f
;;Perform Statistical Analysis;;c887ed49-d7c2-458c-b8c8-627542dd277a
;;;Select appropriate statistical methods;6cfc0aca-6c64-41c6-ad3c-e9ec37c258db
;;;Prepare data for statistical analysis;6b51fc13-0ba1-42c4-ba1a-8062003ca7eb
;;;Execute statistical analysis;c7301663-db86-47a7-a823-08d492cc8c81
;;;Interpret statistical results;6f6eecfd-a80b-43d8-ba07-5f957c0bc208
;;Interpret Data in Context of Existing Research;;e81e447c-d7e0-4812-a788-ca0f479215bb
;;;Identify Relevant Existing Research;271e61a5-2c54-4196-b83f-1fdcb822f78d
;;;Summarize Key Findings of Prior Research;5a179da0-40f3-423b-8b17-a9251a63ab38
;;;Compare New Data with Existing Research;000f029b-1f55-44ef-a165-89a802659ed7
;;;Assess Consistency and Contradictions;f6d7b727-a98b-42e5-a9bd-050c8c943dc5
;;Identify Trends & Patterns;;4bc0d004-8050-4d3f-a30e-2486631d250b
;;;Define Statistical Significance Thresholds;75631293-3098-48f4-9c94-84b0bf5b2dd3
;;;Apply Data Visualization Techniques;110bd772-e39b-4219-bc07-fe580161d6cb
;;;Conduct Regression Analysis;00044d78-0f21-4b1d-a871-918e0de1c574
;;;Compare Results Across Sampling Locations;a51186cf-2dda-4328-adc9-a46145bf4159
;Report Writing & Dissemination;;;2039f48d-8450-48ff-8eb1-c4fbf436e0a7
;;Draft Report Sections;;415908e1-41f4-4b3b-a188-dfc1abf3ce27
;;;Outline Report Sections;1266fc25-706d-44fc-b986-7ed6c6478357
;;;Gather Relevant Data and Literature;56e28b4a-4835-4f37-bece-ef599424b0d5
;;;Write Initial Draft of Each Section;32b443ed-1317-4890-aec0-cf9e1d7eb499
;;;Incorporate Visualizations and Tables;291a8245-10e3-49ed-9f97-561b7289176a
;;Review & Edit Report;;fc6e3686-4bf4-4bf4-a448-78a6b28dfb48
;;;Initial Review for Clarity and Consistency;47f1b947-7e8c-4495-bf00-f9c30b785c9d
;;;Technical Review for Accuracy;2661dd46-8a24-44ee-b4dd-b3b7446cc170
;;;Editorial Review for Grammar and Style;b78a22a1-9dae-4432-8c04-f22461cd4ea2
;;;Address Reviewer Feedback and Revise;76fa2afd-5ecc-490c-addc-bdfddd777db2
;;Finalize Report;;feb62afd-c327-4f49-b1ce-42cd37914235
;;;Address all feedback and revisions;2a379518-384e-4818-ab04-52dae1c5b608
;;;Proofread for grammar and style;e56365ee-4a4c-4481-b8c6-1c222c7b3069
;;;Format report for final submission;51e7cbb9-9c4e-4352-a9a4-da49fc9d5419
;;;Obtain final approvals;2a2fb9dd-816c-4fc5-9b4e-3119066afaf8
;;Disseminate Report to Stakeholders;;35a30156-3794-40a7-9e89-a7a5ec9b4a59
;;;Identify Stakeholders & Communication Channels;55799a2e-3c95-4476-8a57-3970e45a14bc
;;;Prepare Dissemination Materials;6d359648-555a-483d-a362-e936d030450c
;;;Distribute Report & Track Delivery;b30e7966-79d8-4b0b-aa5f-b3d7d5e73be7
;;;Gather Feedback & Address Questions;9eca344f-2edf-4fa3-8963-2bc1d9b02175