Level 1;Level 2;Level 3;Level 4;Task ID
Minecraft Escape;;;;89b9b618-a153-45b1-b891-c257c41e9fcc
;Project Initiation & Planning;;;749be293-3dc1-4260-ba8c-82a3264e7387
;;Define Project Scope and Objectives;;66f8a5f0-efc4-4ce4-a399-361e3dbc70ff
;;;Identify Key Stakeholders;d7691acb-af7e-4776-9073-e38d89d9525b
;;;Gather Stakeholder Requirements;a1b56d80-d1f2-489b-8763-a05171252e73
;;;Define Measurable Objectives;4c14ce65-052a-4af9-b5a0-9fb6f53cfead
;;;Document Project Scope;0a782534-eacf-4ffe-bb66-50bb8bc96222
;;;Obtain Scope Approval;372995ec-f4c7-4764-ae34-000e18018b48
;;Develop Project Plan;;3e5c6e1b-2eab-4793-8d7e-1f6b633d7c00
;;;Define Task Dependencies and Timeline;ed106f71-69ce-43a8-8d08-9ed09f7ad7a3
;;;Allocate Resources and Budget;79432883-1526-43cf-8fdb-99bb0fc02fd1
;;;Establish Communication Plan;4e0e6e24-d200-4855-b1d1-6756e158a544
;;;Document Project Plan;465ec523-f871-4033-ba19-e4d11f696614
;;Secure Funding;;45598b6e-111b-4024-9c1d-93061fbd0474
;;;Prepare business plan for investors;4c4e0340-ffc7-4f35-9a4f-fd58ac13ad03
;;;Identify potential funding sources;bd88a760-7419-45b6-91f1-27377ab3a42e
;;;Develop financial projections;5c5dc98e-b02a-49af-bc09-efad78a1c16f
;;;Pitch to investors and lenders;5b23f336-e732-4237-91c6-585d3525f5f9
;;;Negotiate funding terms and agreements;db5e182a-ccb9-4ca9-ada2-8646b8adf9a6
;;Stakeholder Identification and Analysis;;751ca4f8-4ea1-4016-afa0-9e24701201c0
;;;Identify key project stakeholders;1046ccd9-8dbb-40ff-a20a-d9a91c28148f
;;;Analyze stakeholder needs and expectations;70753939-f8df-42a4-9aa1-821dfda9d7d9
;;;Prioritize stakeholder engagement;891a336b-7aa4-43a8-b132-7ec587da320d
;;;Develop stakeholder communication plan;96c6902e-5df3-4822-af6f-968eeeca4326
;;Risk Assessment and Mitigation Planning;;9d7b41cd-6e10-4956-b5fa-96da0ceeef9d
;;;Identify Potential Project Risks;a1b6055e-d0c3-4283-bce1-8ba5cfab7b81
;;;Assess Risk Probabilities and Impacts;af922a4c-1d95-4820-a66e-6e647c34549d
;;;Develop Risk Mitigation Strategies;11244a89-2a5f-4eba-ae74-cee51573aca1
;;;Document Risk Register and Mitigation Plans;b9790258-1210-4a60-b6a9-c8d011abf395
;Market Research & Validation;;;6c350722-01c6-4c3c-897d-3bc3bab71262
;;Conduct Market Demand Surveys;;2f80dc0a-7d64-4d18-bd4c-4ab4a87e314c
;;;Design Market Demand Survey;41a9db2b-df04-4513-9ede-f2100181e3e9
;;;Translate and Localize Survey;3a5d5099-56ae-4b01-9cb0-b9ff05b1d71a
;;;Distribute Survey Online;23c73ac4-7031-4720-8000-85c75f91f68d
;;;Collect and Analyze Survey Data;f48659cf-6e11-426d-9a1e-582763a6bbcd
;;;Prepare Survey Results Report;c0ab965e-beed-446a-a451-1cedd7255883
;;Organize Focus Groups;;d427ee8b-d04f-47c6-ac65-f7db555d9ef4
;;;Recruit focus group participants;ccc10278-0a57-4b58-bc49-17d21d872a6a
;;;Develop focus group discussion guide;a20a4801-3cbd-4e55-b60a-6f8d15064b72
;;;Conduct focus group sessions;76dc641f-a4e8-4df5-ab4d-b79478662f1a
;;;Analyze focus group data;e8d2575a-ac61-49c9-a086-9fa1a47cc770
;;;Summarize findings and recommendations;be4b2873-f2be-4f77-a82c-0bab9011d0e8
;;Analyze Competitor Landscape;;d6025756-8324-4b93-a19c-bacc52eac0b9
;;;Identify Key Competitors in Shanghai;71734f6b-7ded-4114-b5ef-492c8c8f1880
;;;Analyze Competitor Pricing Strategies;522b67f9-d160-4648-8cab-a51582d2109b
;;;Review Competitor Themes and Difficulty;9acf7833-bc51-49b4-ab92-ead2b3a5e67d
;;;Assess Competitor Marketing Tactics;02e26417-e3a1-4a48-9291-a7704f9f29e6
;;Validate Cultural Relevance;;edcf1e42-d594-413a-a2a5-fb0b180d06a9
;;;Engage cultural consultant for feedback;4b8b2b79-717b-4329-a806-487abca246a9
;;;Conduct focus groups with target demographic;8bd9fff1-acb1-4c69-a9f9-845c1e413849
;;;Analyze social media trends in Shanghai;a7e2fde5-390a-4b83-92ec-3892ed2105d0
;;;Localize marketing materials and puzzles;d637fbe0-10a5-45e1-975e-1718c120ffcc
;;;Identify potential cultural sensitivities;0b03aa7d-da09-4656-b365-0f17d21e1374
;Licensing & Legal;;;1dd311c9-3642-4b8b-b1f4-4a6a2b82d5ca
;;Obtain Minecraft Brand License Agreement;;637e98d0-5ab9-4eaa-95db-631da7338145
;;;Contact Microsoft/Mojang licensing department;5edc1d1d-c101-4e78-8ff2-164f5ec4857f
;;;Prepare license application documents;df742adc-70ed-43ba-ac0e-624c00352715
;;;Submit license application to Microsoft/Mojang;5142ce7e-8b30-49c9-b990-de86bf501eb6
;;;Negotiate license agreement terms;5da78b24-cecf-4eaf-b2c8-aac8e0d68721
;;;Finalize and execute license agreement;98a787bd-9110-48a5-a2b2-443768dca749
;;Review License Agreement with Legal Counsel;;6205df2b-34ac-41ee-9f10-3464c6916c48
;;;Prepare license agreement for legal review;01a0e8ca-5fe2-4329-88a0-9c4ce0267aa3
;;;Identify key legal concerns and questions;760b713f-ad30-404e-b031-a04b495fc118
;;;Schedule consultation with legal counsel;6402a75d-ed93-4792-a87c-e2c16686c668
;;;Document legal counsel's feedback and advice;d2f0a325-b548-43f8-bab0-9a0c9ca7ca0d
;;Ensure Compliance with Licensing Terms;;3d789b97-f834-4d98-88c5-e77e3eec7594
;;;Develop Compliance Checklist;5dbae99b-3a13-46ba-bb49-c9f833821702
;;;Assign Compliance Responsibilities;2742b0cc-83bd-4980-920b-ed9f75293136
;;;Conduct Regular Internal Audits;f3db160b-d2ac-400b-b7b9-3837ac6a098e
;;;Document Compliance Efforts;cc32feb2-ead8-4412-ba36-2d888104ca1c
;;Secure Necessary Business Permits and Licenses;;7c18a218-704c-467e-8a05-5d3ea43f456c
;;;Research Shanghai business license requirements;296e396b-2de7-4eae-b409-f6cf387d4425
;;;Prepare business license application documents;042dcf58-8ea8-4e1f-9db8-ce923444506a
;;;Submit business license application;b6997ab5-45b4-451c-9a00-57b229c1d78d
;;;Schedule fire safety inspection;5b452d3b-6582-4111-9067-8ccca51afbcb
;;;Apply for entertainment venue license;04b94404-9735-47e2-86c4-5a7fd26bd8df
;Location Scouting & Acquisition;;;47098f49-865c-49ae-8f1f-450b71ab2017
;;Identify Potential Locations in Shanghai;;df8a6d67-8a00-494e-aa38-f1a837d2ba81
;;;Define Location Criteria;212dab93-6408-464e-9533-a88bce9575cb
;;;Research Shanghai Districts;ff5a2fbe-7318-4fa7-be9c-ee84c9fdf68b
;;;Compile Property Listings;af495a57-211e-4ec5-a408-1108739f5e19
;;;Initial Property Screening;6b737da2-345f-439c-854d-c63ab7bf532a
;;;Site Visits and Assessments;07b4c786-c882-4f2c-b0e8-e640d1ac08c7
;;Verify Zoning Compliance;;1858bad1-d3f1-4208-bfe5-e514123e0b60
;;;Research Shanghai zoning regulations;2804c280-cc74-4396-a867-2ec9b5e9d312
;;;Identify zoning districts for potential locations;f8f60bb0-c999-4ef0-bdf8-7459eafe321c
;;;Obtain zoning compliance confirmation;33470461-de7f-4bfb-bdca-aa60e608fecb
;;;Assess accessibility compliance;c6c55cbb-8953-47d0-9d06-e3bb06437c56
;;Negotiate Lease Agreement;;789194c9-df67-4b5f-88d3-078729d69460
;;;Define Lease Requirements and Priorities;b9f4522c-99ac-41bc-b778-0e2853f2b4f6
;;;Research Market Rental Rates;62bc7897-a347-4b6a-88e4-e8745d5a7205
;;;Draft Initial Lease Proposal;42a8273a-c94f-490e-9d0b-e29860754c53
;;;Negotiate Lease Terms with Landlord;b8251a61-8f1d-4754-8a8c-30e987316127
;;;Finalize and Execute Lease Agreement;1a25027c-4da2-46f3-8c18-398a891595e9
;;Secure Location;;67e40499-a888-48d5-9d2e-d238a478596c
;;;Final Property Inspection;a523fd7c-1a98-4a37-8407-512b5ec1f579
;;;Finalize Lease Agreement;5ef78f90-56bf-4056-b4e9-74face45e75f
;;;Transfer Funds and Complete Paperwork;01e09c00-effd-4c13-b620-6997e9eb1ec7
;;;Obtain Keys and Possession;367608f9-36a7-49fa-9c68-f6fd78b9e4a5
;Design & Construction;;;d12d65e3-dcc5-4df1-92fa-e860c87ae935
;;Develop Escape Room Design (Moderate Theming);;ca487ecf-4b66-41f3-9713-30101fca0744
;;;Brainstorm Minecraft Escape Room Themes;55d34d33-70d1-41cf-9a2c-6573ec6edbc8
;;;Develop Puzzle Concepts and Mechanics;2d26b777-f156-4a1b-82a2-9257bd729efe
;;;Create Room Layout and Environment Design;ebe5f45b-b710-4bac-b074-8ae8e47dc27c
;;;Integrate Minecraft Assets and Storyline;3c8ff068-2e84-4f67-bcf0-34064ab1747f
;;;Review and Refine Escape Room Design;0bd624df-c1c6-4f47-b3f2-815a41d0dadf
;;Procure Construction Materials;;8a0c2a9e-aa36-4f80-8106-549e8d231394
;;;Identify Material Suppliers;05bc0ee5-d0ec-49c0-9080-5425869d83f7
;;;Obtain Material Quotes;b9a06fb2-d04b-472c-86f7-f77909755754
;;;Negotiate Pricing and Terms;b6d7f4a8-7e6b-43e5-b68c-1abdb8b0b71a
;;;Finalize Purchase Orders;73ccbe91-b1cc-47f3-b700-bf1251bc699a
;;Construct Escape Room Set;;3e9cad6e-aafe-4fca-a65c-0559d82e16c2
;;;Prepare the location for construction;f86db35c-f50e-40a3-b513-be832854988c
;;;Build the structural framework;9fb51a0a-e4a4-4e9c-aaa2-de5645872c78
;;;Apply the Minecraft-themed finishes;5cf9018a-3044-466c-945a-095db5912050
;;;Install doors, windows, and access points;18621348-0b96-4dec-aceb-7418cee89561
;;Install Semi-Automated Puzzle Systems;;5ea2edaa-82b1-405a-962e-1f0c1f5d2161
;;;Plan puzzle system integration;94ce26df-d3ad-4e5e-9c24-5cefb4d0849f
;;;Prepare site for system installation;d05908b3-a86a-4a82-a0c8-799e999ad3f2
;;;Install puzzle system components;b5a4acfb-2bde-43ea-8a17-309cc16c716c
;;;Test and calibrate puzzle systems;1ce8fd90-0bcd-4e51-b8a0-0f59f4d8cce9
;;;Integrate systems with central control;ecdccc28-e178-4c1a-8c5c-e2d7d923f77d
;;Implement Fire Safety Measures;;05d17d13-d523-4d54-9ade-ebcf7ffb949e
;;;Review Fire Safety Codes;0e16d2e3-6786-4a0f-aa4c-b76602b156c2
;;;Select Fire Suppression System;807db083-8bcf-4d5d-999a-2b70aa8ba1b3
;;;Install Fire Safety Equipment;e63158da-8c76-4afb-b2a1-0c33ab2aeb0e
;;;Schedule Fire Safety Inspection;b9b82d96-607b-4f56-928c-b4100b0cfa8f
;Operations & Training;;;44fd1c7d-0347-47b0-ba43-d97a2c3e1a08
;;Develop Operational Procedures;;4f2a806e-7839-4ed5-ab24-da5642552978
;;;Create Game Master Training Manual;e3b5b94e-5fc9-4b2e-9422-6408c90db0e3
;;;Simulate Escape Room Scenarios;b2eb8a80-912c-4126-b6ca-ac534ad99492
;;;Conduct Role-Playing Exercises;4409a544-8108-436a-8bff-48294e80c0e1
;;;Assess Game Master Performance;87e1ea45-0f82-441a-b462-63655bbffdeb
;;Train Game Masters;;5f2b5c92-c2fd-4ca1-be74-3730cbe2234e
;;;Simulate common malfunctions;8f933823-1423-4068-8895-6e59bae02ae1
;;;Troubleshooting guide creation;bc95253e-4935-4252-b8f3-eacc8491ead2
;;;Hands-on troubleshooting training;f3d59d6b-3f33-4dd5-a9a1-94ac98a66731
;;;Manual override training;3c81e196-f750-43ba-92d0-5ed92e596bd8
;;;Emergency procedure drills;5a92b4a6-9283-4f57-8cda-7bda82ab8f20
;;Develop Technical Malfunction Contingency Plan;;d15f3b9f-a987-43df-8f22-15ec9c3b6bfc
;;;Identify potential failure points;45bb925c-cab7-4cbc-848d-fd6df35b774c
;;;Develop troubleshooting guides;be226ae8-4136-483d-bf78-de27a0a97ac1
;;;Train staff on contingency procedures;35665d09-84a5-4678-9f6d-57f66af7ed7a
;;;Establish escalation protocols;46070f88-db91-4cb9-b522-14285aa82ff1
;;;Test contingency plan effectiveness;02abfccf-5654-4541-ba4d-b0b10db8dccb
;;Establish SLA with Automation System Vendor;;a73e55b2-ed57-4b72-9709-09e2da4984e9
;;;Identify potential system failure points;c0618e2c-3a67-487b-91c7-932ac24f7110
;;;Define vendor support response times;119b57fd-c3c7-4e8b-a6fa-15121eaa632f
;;;Document troubleshooting procedures;d53c1e49-92fd-479d-9882-014b2ada56fc
;;;Train staff on system troubleshooting;a17901e1-36e3-43dc-a54d-78f484c4dd97
;Marketing & Launch;;;58e4283b-7301-4143-86ab-71c8b88accc8
;;Develop Marketing Strategy;;8a4cad07-a2b3-46d8-99ba-71d5accbefe2
;;;Design visual assets;6a047ea7-5a13-44cb-bda3-85cf794a3d69
;;;Write compelling ad copy;816db06e-2686-4163-94fa-6843c4b5a3bd
;;;Produce promotional video;092d1d36-d888-42df-9262-7a3112c479c1
;;;Localize marketing materials;5dd6189d-66d2-40e4-861b-edce808979f7
;;Create Marketing Materials;;84cc966e-193b-4df7-8296-e4f858cb5237
;;;Design Escape Room Marketing Graphics;d34a1f63-9402-4215-816d-f33fd649ab40
;;;Produce Promotional Video;1a310d98-3fbd-42fb-b483-665c8de8423c
;;;Write Compelling Ad Copy;be2fee70-3089-48d5-8c22-dcdc5bd5d4a9
;;;Translate Materials to Chinese;9ddd2cdf-144e-4c49-8e6b-925e3c398b4d
;;;Develop Website Landing Page;91c2202c-d581-4484-86a9-0a278cd56a83
;;Launch Marketing Campaign;;db194456-89e5-43a0-9df3-c14c32a27e15
;;;Social Media Campaign Launch;f1681488-efa9-4eef-bb3d-b8229036e285
;;;Public Relations Outreach;e87dd0c7-e938-4aa8-8774-a97c431ad9cc
;;;Online Advertising Implementation;78908d86-ddc8-430a-9adc-f1feeacb9f80
;;;Partnerships and Cross-Promotions;c078d8fc-f7e8-4941-9e74-7a6d99554d19
;;Grand Opening;;8151d83b-f92e-46de-80c4-1e7cec7c5aba
;;;Finalize Grand Opening Logistics;bba85392-1b1e-4783-a3b5-e139c8500d68
;;;Execute Marketing Push;76336b64-65b8-42d3-9cd8-449ea7a03239
;;;Manage Guest List and RSVPs;25201000-8e1c-4dbb-a91f-fc0e1e93cb3a
;;;Conduct Final Venue Check;1753623a-4fc8-408c-ad60-cb2df4e9ad8c
;;;Gather Customer Feedback;2e2b10be-46ca-4886-84f8-359ea76a6dc4