project_key,project_name,project_description,project_start_date,project_end_date,project_progress,project_parent,originating_department
89b9b618-a153-45b1-b891-c257c41e9fcc,Minecraft Escape,"Minecraft Escape

Final deliverable:
Escape Room",10/16/2025,11/27/2026,0,,PlanExe
749be293-3dc1-4260-ba8c-82a3264e7387,Project Initiation & Planning,,10/16/2025,11/20/2025,0,89b9b618-a153-45b1-b891-c257c41e9fcc,PlanExe
66f8a5f0-efc4-4ce4-a399-361e3dbc70ff,Define Project Scope and Objectives,,10/16/2025,10/21/2025,0,749be293-3dc1-4260-ba8c-82a3264e7387,PlanExe
d7691acb-af7e-4776-9073-e38d89d9525b,Identify Key Stakeholders,"Identify Key Stakeholders

Description:
Identify all individuals and groups who have an interest in the project or who may be affected by its outcome. This includes internal teams, external partners, and regulatory bodies.

Resources needed:
• Project Manager
• Senior Management
• Legal Counsel",10/16/2025,10/17/2025,0,66f8a5f0-efc4-4ce4-a399-361e3dbc70ff,PlanExe
a1b56d80-d1f2-489b-8763-a05171252e73,Gather Stakeholder Requirements,"Gather Stakeholder Requirements

Description:
Conduct interviews, surveys, and workshops to gather detailed requirements and expectations from each key stakeholder. Document these requirements clearly and concisely.

Resources needed:
• Project Manager
• Business Analyst
• Stakeholder Representatives",10/17/2025,10/18/2025,0,d7691acb-af7e-4776-9073-e38d89d9525b,PlanExe
4c14ce65-052a-4af9-b5a0-9fb6f53cfead,Define Measurable Objectives,"Define Measurable Objectives

Description:
Translate stakeholder requirements into specific, measurable, achievable, relevant, and time-bound (SMART) objectives for the project. Ensure that these objectives align with the overall project goal.

Resources needed:
• Project Manager
• Senior Management
• Business Analyst",10/18/2025,10/19/2025,0,a1b56d80-d1f2-489b-8763-a05171252e73,PlanExe
0a782534-eacf-4ffe-bb66-50bb8bc96222,Document Project Scope,"Document Project Scope

Description:
Create a comprehensive project scope document that clearly defines the boundaries of the project, including what is included and excluded. This document should be reviewed and approved by all key stakeholders.

Resources needed:
• Project Manager
• Business Analyst
• Technical Lead",10/19/2025,10/20/2025,0,4c14ce65-052a-4af9-b5a0-9fb6f53cfead,PlanExe
372995ec-f4c7-4764-ae34-000e18018b48,Obtain Scope Approval,"Obtain Scope Approval

Description:
Present the project scope document to key stakeholders for review and approval. Address any concerns or feedback and make necessary revisions to ensure alignment and buy-in.

Resources needed:
• Project Manager
• Senior Management
• Stakeholder Representatives",10/20/2025,10/21/2025,0,66f8a5f0-efc4-4ce4-a399-361e3dbc70ff,PlanExe
3e5c6e1b-2eab-4793-8d7e-1f6b633d7c00,Develop Project Plan,,10/21/2025,10/29/2025,0,66f8a5f0-efc4-4ce4-a399-361e3dbc70ff,PlanExe
ed106f71-69ce-43a8-8d08-9ed09f7ad7a3,Define Task Dependencies and Timeline,"Define Task Dependencies and Timeline

Description:
Identify all task dependencies and create a realistic project timeline with milestones.

Resources needed:
• Project Manager
• Construction Manager
• Escape Room Designer",10/21/2025,10/23/2025,0,3e5c6e1b-2eab-4793-8d7e-1f6b633d7c00,PlanExe
79432883-1526-43cf-8fdb-99bb0fc02fd1,Allocate Resources and Budget,"Allocate Resources and Budget

Description:
Allocate resources (personnel, equipment, budget) to each task in the project plan.

Resources needed:
• Project Manager
• Financial Analyst",10/23/2025,10/25/2025,0,ed106f71-69ce-43a8-8d08-9ed09f7ad7a3,PlanExe
4e0e6e24-d200-4855-b1d1-6756e158a544,Establish Communication Plan,"Establish Communication Plan

Description:
Define communication channels and frequency for all stakeholders.

Resources needed:
• Project Manager
• Stakeholder Representatives",10/25/2025,10/27/2025,0,79432883-1526-43cf-8fdb-99bb0fc02fd1,PlanExe
465ec523-f871-4033-ba19-e4d11f696614,Document Project Plan,"Document Project Plan

Description:
Create a comprehensive project plan document outlining all aspects of the project.

Resources needed:
• Project Manager
• Technical Writer",10/27/2025,10/29/2025,0,3e5c6e1b-2eab-4793-8d7e-1f6b633d7c00,PlanExe
45598b6e-111b-4024-9c1d-93061fbd0474,Secure Funding,,10/29/2025,11/8/2025,0,3e5c6e1b-2eab-4793-8d7e-1f6b633d7c00,PlanExe
4c4e0340-ffc7-4f35-9a4f-fd58ac13ad03,Prepare business plan for investors,"Prepare business plan for investors

Description:
Develop a comprehensive business plan outlining the escape room concept, market analysis, financial projections, and management team to attract potential investors.

Resources needed:
• Project Manager
• Financial Analyst
• Market Research Analyst",10/29/2025,10/31/2025,0,45598b6e-111b-4024-9c1d-93061fbd0474,PlanExe
bd88a760-7419-45b6-91f1-27377ab3a42e,Identify potential funding sources,"Identify potential funding sources

Description:
Research and identify potential funding sources, including venture capital firms, angel investors, small business loans, and crowdfunding platforms.

Resources needed:
• Project Manager
• Financial Analyst",10/31/2025,11/2/2025,0,4c4e0340-ffc7-4f35-9a4f-fd58ac13ad03,PlanExe
5c5dc98e-b02a-49af-bc09-efad78a1c16f,Develop financial projections,"Develop financial projections

Description:
Create detailed financial projections, including revenue forecasts, expense budgets, cash flow statements, and profitability analysis, to demonstrate the financial viability of the escape room.

Resources needed:
• Financial Analyst
• Project Manager",11/2/2025,11/4/2025,0,bd88a760-7419-45b6-91f1-27377ab3a42e,PlanExe
5b23f336-e732-4237-91c6-585d3525f5f9,Pitch to investors and lenders,"Pitch to investors and lenders

Description:
Prepare and deliver compelling presentations to potential investors and lenders, highlighting the unique value proposition of the escape room and the potential for high returns.

Resources needed:
• Project Manager
• Marketing Manager
• Financial Analyst",11/4/2025,11/6/2025,0,5c5dc98e-b02a-49af-bc09-efad78a1c16f,PlanExe
db5e182a-ccb9-4ca9-ada2-8646b8adf9a6,Negotiate funding terms and agreements,"Negotiate funding terms and agreements

Description:
Negotiate favorable funding terms and agreements with investors and lenders, ensuring that the terms are aligned with the project's goals and objectives.

Resources needed:
• Project Manager
• Legal Counsel
• Financial Analyst",11/6/2025,11/8/2025,0,45598b6e-111b-4024-9c1d-93061fbd0474,PlanExe
751ca4f8-4ea1-4016-afa0-9e24701201c0,Stakeholder Identification and Analysis,,11/8/2025,11/16/2025,0,45598b6e-111b-4024-9c1d-93061fbd0474,PlanExe
1046ccd9-8dbb-40ff-a20a-d9a91c28148f,Identify key project stakeholders,"Identify key project stakeholders

Description:
Identify all individuals, groups, or organizations that have an interest in the project or could be affected by its outcome. This includes primary stakeholders (directly involved) and secondary stakeholders (indirectly affected).

Resources needed:
• Project Manager
• Project Team
• Stakeholder Register Template",11/8/2025,11/10/2025,0,751ca4f8-4ea1-4016-afa0-9e24701201c0,PlanExe
70753939-f8df-42a4-9aa1-821dfda9d7d9,Analyze stakeholder needs and expectations,"Analyze stakeholder needs and expectations

Description:
Determine the specific needs, expectations, and concerns of each stakeholder group. This involves understanding their priorities, potential conflicts, and level of influence on the project.

Resources needed:
• Project Manager
• Project Team
• Stakeholder Analysis Matrix
• Communication Plan Template",11/10/2025,11/12/2025,0,1046ccd9-8dbb-40ff-a20a-d9a91c28148f,PlanExe
891a336b-7aa4-43a8-b132-7ec587da320d,Prioritize stakeholder engagement,"Prioritize stakeholder engagement

Description:
Rank stakeholders based on their level of influence and importance to the project's success. This helps to focus engagement efforts on the most critical stakeholders.

Resources needed:
• Project Manager
• Project Team
• Stakeholder Analysis Matrix",11/12/2025,11/14/2025,0,70753939-f8df-42a4-9aa1-821dfda9d7d9,PlanExe
96c6902e-5df3-4822-af6f-968eeeca4326,Develop stakeholder communication plan,"Develop stakeholder communication plan

Description:
Create a detailed plan for communicating with stakeholders throughout the project lifecycle. This includes defining communication channels, frequency, and content for each stakeholder group.

Resources needed:
• Project Manager
• Communication Plan Template
• Project Schedule",11/14/2025,11/16/2025,0,751ca4f8-4ea1-4016-afa0-9e24701201c0,PlanExe
9d7b41cd-6e10-4956-b5fa-96da0ceeef9d,Risk Assessment and Mitigation Planning,,11/16/2025,11/20/2025,0,749be293-3dc1-4260-ba8c-82a3264e7387,PlanExe
a1b6055e-d0c3-4283-bce1-8ba5cfab7b81,Identify Potential Project Risks,"Identify Potential Project Risks

Description:
Brainstorm and document all potential risks that could impact the project, including technical, financial, operational, and regulatory risks. Consider both internal and external factors.

Resources needed:
• Project Manager
• Stakeholders
• Risk Management Consultant",11/16/2025,11/17/2025,0,9d7b41cd-6e10-4956-b5fa-96da0ceeef9d,PlanExe
af922a4c-1d95-4820-a66e-6e647c34549d,Assess Risk Probabilities and Impacts,"Assess Risk Probabilities and Impacts

Description:
Evaluate the likelihood of each identified risk occurring and the potential impact on the project's timeline, budget, and quality. Use a risk assessment matrix to prioritize risks.

Resources needed:
• Project Manager
• Risk Management Consultant
• Subject Matter Experts",11/17/2025,11/18/2025,0,a1b6055e-d0c3-4283-bce1-8ba5cfab7b81,PlanExe
11244a89-2a5f-4eba-ae74-cee51573aca1,Develop Risk Mitigation Strategies,"Develop Risk Mitigation Strategies

Description:
For each high-priority risk, develop specific mitigation strategies to reduce the likelihood or impact of the risk. Include contingency plans for risks that cannot be fully mitigated.

Resources needed:
• Project Manager
• Subject Matter Experts
• Contingency Planning Team",11/18/2025,11/19/2025,0,af922a4c-1d95-4820-a66e-6e647c34549d,PlanExe
b9790258-1210-4a60-b6a9-c8d011abf395,Document Risk Register and Mitigation Plans,"Document Risk Register and Mitigation Plans

Description:
Create a comprehensive risk register that documents all identified risks, their probabilities, impacts, mitigation strategies, and contingency plans. Regularly update the risk register throughout the project lifecycle.

Resources needed:
• Project Manager
• Project Team
• Risk Management Software",11/19/2025,11/20/2025,0,9d7b41cd-6e10-4956-b5fa-96da0ceeef9d,PlanExe
6c350722-01c6-4c3c-897d-3bc3bab71262,Market Research & Validation,,11/20/2025,1/6/2026,0,749be293-3dc1-4260-ba8c-82a3264e7387,PlanExe
2f80dc0a-7d64-4d18-bd4c-4ab4a87e314c,Conduct Market Demand Surveys,,11/20/2025,11/30/2025,0,6c350722-01c6-4c3c-897d-3bc3bab71262,PlanExe
41a9db2b-df04-4513-9ede-f2100181e3e9,Design Market Demand Survey,"Design Market Demand Survey

Description:
Develop a comprehensive survey to gauge interest in a Minecraft-themed escape room among the target demographic (15-21 year olds) in Shanghai. Include questions about Minecraft familiarity, escape room experience, preferred themes, and pricing expectations.

Resources needed:
• Market Research Analyst
• Survey Design Specialist
• Cultural Consultant",11/20/2025,11/22/2025,0,2f80dc0a-7d64-4d18-bd4c-4ab4a87e314c,PlanExe
3a5d5099-56ae-4b01-9cb0-b9ff05b1d71a,Translate and Localize Survey,"Translate and Localize Survey

Description:
Translate the survey into simplified Chinese and adapt it to reflect local cultural nuances and preferences. Ensure the language is appropriate for the target demographic in Shanghai.

Resources needed:
• Translator
• Cultural Consultant
• Market Research Analyst",11/22/2025,11/24/2025,0,41a9db2b-df04-4513-9ede-f2100181e3e9,PlanExe
23c73ac4-7031-4720-8000-85c75f91f68d,Distribute Survey Online,"Distribute Survey Online

Description:
Distribute the survey through online platforms and social media channels popular with the target demographic in Shanghai. Utilize targeted advertising to reach a representative sample of 15-21 year olds.

Resources needed:
• Marketing Manager
• Social Media Specialist
• Online Advertising Platform",11/24/2025,11/26/2025,0,3a5d5099-56ae-4b01-9cb0-b9ff05b1d71a,PlanExe
f48659cf-6e11-426d-9a1e-582763a6bbcd,Collect and Analyze Survey Data,"Collect and Analyze Survey Data

Description:
Collect survey responses and analyze the data to identify key trends and insights regarding market demand for a Minecraft-themed escape room in Shanghai. Focus on identifying preferred themes, pricing points, and potential challenges.

Resources needed:
• Market Research Analyst
• Data Analyst
• Statistical Software",11/26/2025,11/28/2025,0,23c73ac4-7031-4720-8000-85c75f91f68d,PlanExe
c0ab965e-beed-446a-a451-1cedd7255883,Prepare Survey Results Report,"Prepare Survey Results Report

Description:
Compile the survey findings into a comprehensive report summarizing the key insights and recommendations. Include visualizations and actionable recommendations for the escape room design and marketing strategy.

Resources needed:
• Market Research Analyst
• Report Writer
• Graphic Designer",11/28/2025,11/30/2025,0,2f80dc0a-7d64-4d18-bd4c-4ab4a87e314c,PlanExe
d427ee8b-d04f-47c6-ac65-f7db555d9ef4,Organize Focus Groups,,11/30/2025,12/10/2025,0,2f80dc0a-7d64-4d18-bd4c-4ab4a87e314c,PlanExe
ccc10278-0a57-4b58-bc49-17d21d872a6a,Recruit focus group participants,"Recruit focus group participants

Description:
Identify and recruit individuals aged 15-21 in Shanghai who are familiar with Minecraft and escape rooms to participate in focus groups.

Resources needed:
• Marketing Manager
• Market Research Analyst
• Recruiting Agency",11/30/2025,12/2/2025,0,d427ee8b-d04f-47c6-ac65-f7db555d9ef4,PlanExe
a20a4801-3cbd-4e55-b60a-6f8d15064b72,Develop focus group discussion guide,"Develop focus group discussion guide

Description:
Create a structured discussion guide with open-ended questions to elicit feedback on proposed Minecraft themes, puzzle designs, and overall escape room concept.

Resources needed:
• Market Research Analyst
• Escape Room Designer
• Cultural Consultant",12/2/2025,12/4/2025,0,ccc10278-0a57-4b58-bc49-17d21d872a6a,PlanExe
76dc641f-a4e8-4df5-ab4d-b79478662f1a,Conduct focus group sessions,"Conduct focus group sessions

Description:
Facilitate focus group sessions in a comfortable and engaging environment, ensuring all participants have an opportunity to share their thoughts and opinions.

Resources needed:
• Moderator
• Note-taker
• Focus Group Facility",12/4/2025,12/6/2025,0,a20a4801-3cbd-4e55-b60a-6f8d15064b72,PlanExe
e8d2575a-ac61-49c9-a086-9fa1a47cc770,Analyze focus group data,"Analyze focus group data

Description:
Transcribe and analyze the data collected from the focus group sessions to identify key themes, preferences, and areas for improvement in the escape room design.

Resources needed:
• Market Research Analyst
• Data Analysis Software",12/6/2025,12/8/2025,0,76dc641f-a4e8-4df5-ab4d-b79478662f1a,PlanExe
be4b2873-f2be-4f77-a82c-0bab9011d0e8,Summarize findings and recommendations,"Summarize findings and recommendations

Description:
Prepare a comprehensive report summarizing the key findings from the focus groups and providing actionable recommendations for refining the Minecraft-themed escape room concept.

Resources needed:
• Market Research Analyst
• Report Writing Software",12/8/2025,12/10/2025,0,d427ee8b-d04f-47c6-ac65-f7db555d9ef4,PlanExe
d6025756-8324-4b93-a19c-bacc52eac0b9,Analyze Competitor Landscape,,12/10/2025,12/22/2025,0,d427ee8b-d04f-47c6-ac65-f7db555d9ef4,PlanExe
71734f6b-7ded-4114-b5ef-492c8c8f1880,Identify Key Competitors in Shanghai,"Identify Key Competitors in Shanghai

Description:
Objective: Identify direct and indirect competitors in the Shanghai escape room market.
Scope: Research existing escape rooms, analyze their themes, pricing, and target audience.
Steps: Use online search, industry directories, and local business listings.
Deliverables: A list of at least 5 key competitors with detailed profiles.

Resources needed:
• Market Research Analyst
• Online Search Tools
• Industry Reports",12/10/2025,12/13/2025,0,d6025756-8324-4b93-a19c-bacc52eac0b9,PlanExe
522b67f9-d160-4648-8cab-a51582d2109b,Analyze Competitor Pricing Strategies,"Analyze Competitor Pricing Strategies

Description:
Objective: Understand the pricing models used by competitors.
Scope: Collect pricing data for different escape room experiences and group sizes.
Steps: Visit competitor websites, make inquiries, and analyze pricing structures.
Deliverables: A spreadsheet comparing competitor pricing strategies.

Resources needed:
• Market Research Analyst
• Spreadsheet Software
• Competitor Websites",12/13/2025,12/16/2025,0,71734f6b-7ded-4114-b5ef-492c8c8f1880,PlanExe
9acf7833-bc51-49b4-ab92-ead2b3a5e67d,Review Competitor Themes and Difficulty,"Review Competitor Themes and Difficulty

Description:
Objective: Assess the themes and difficulty levels of competitor escape rooms.
Scope: Analyze the themes, puzzle complexity, and target audience of each competitor.
Steps: Read online reviews, visit competitor websites, and potentially participate in escape rooms.
Deliverables: A report summarizing competitor themes and difficulty levels.

Resources needed:
• Escape Room Enthusiast
• Online Review Platforms
• Competitor Websites",12/16/2025,12/19/2025,0,522b67f9-d160-4648-8cab-a51582d2109b,PlanExe
02e26417-e3a1-4a48-9291-a7704f9f29e6,Assess Competitor Marketing Tactics,"Assess Competitor Marketing Tactics

Description:
Objective: Identify the marketing strategies used by competitors.
Scope: Analyze competitor websites, social media presence, and advertising campaigns.
Steps: Monitor competitor social media accounts, track online advertising, and analyze website traffic.
Deliverables: A summary of competitor marketing tactics and their effectiveness.

Resources needed:
• Marketing Analyst
• Social Media Monitoring Tools
• Advertising Tracking Software",12/19/2025,12/22/2025,0,d6025756-8324-4b93-a19c-bacc52eac0b9,PlanExe
edcf1e42-d594-413a-a2a5-fb0b180d06a9,Validate Cultural Relevance,,12/22/2025,1/6/2026,0,6c350722-01c6-4c3c-897d-3bc3bab71262,PlanExe
4b8b2b79-717b-4329-a806-487abca246a9,Engage cultural consultant for feedback,"Engage cultural consultant for feedback

Description:
Engage a cultural consultant specializing in youth culture in Shanghai to review all puzzle designs, room themes, and marketing materials.

Resources needed:
• Cultural Consultant
• Marketing Manager
• Escape Room Designer",12/22/2025,12/25/2025,0,edcf1e42-d594-413a-a2a5-fb0b180d06a9,PlanExe
8bd9fff1-acb1-4c69-a9f9-845c1e413849,Conduct focus groups with target demographic,"Conduct focus groups with target demographic

Description:
Organize and conduct focus groups with members of the target demographic (15-21 year olds in Shanghai) to gather feedback on proposed themes, puzzles, and marketing materials.

Resources needed:
• Market Research Analyst
• Focus Group Moderator
• Venue for Focus Groups
• Incentives for Participants",12/25/2025,12/28/2025,0,4b8b2b79-717b-4329-a806-487abca246a9,PlanExe
a7e2fde5-390a-4b83-92ec-3892ed2105d0,Analyze social media trends in Shanghai,"Analyze social media trends in Shanghai

Description:
Analyze popular trends and social media platforms used by the target demographic in Shanghai to identify relevant themes and marketing strategies.

Resources needed:
• Market Research Analyst
• Social Media Analyst",12/28/2025,12/31/2025,0,8bd9fff1-acb1-4c69-a9f9-845c1e413849,PlanExe
d637fbe0-10a5-45e1-975e-1718c120ffcc,Localize marketing materials and puzzles,"Localize marketing materials and puzzles

Description:
Develop localized versions of marketing materials and puzzles, incorporating feedback from the cultural consultant and focus groups to ensure cultural relevance and appeal.

Resources needed:
• Marketing Manager
• Escape Room Designer
• Translator",12/31/2025,1/3/2026,0,a7e2fde5-390a-4b83-92ec-3892ed2105d0,PlanExe
0b03aa7d-da09-4656-b365-0f17d21e1374,Identify potential cultural sensitivities,"Identify potential cultural sensitivities

Description:
Identify potential cultural sensitivities and taboos in Shanghai to avoid alienating potential customers and ensure a positive experience.

Resources needed:
• Cultural Consultant
• Market Research Analyst",1/3/2026,1/6/2026,0,edcf1e42-d594-413a-a2a5-fb0b180d06a9,PlanExe
1dd311c9-3642-4b8b-b1f4-4a6a2b82d5ca,Licensing & Legal,,1/6/2026,4/26/2026,0,6c350722-01c6-4c3c-897d-3bc3bab71262,PlanExe
637e98d0-5ab9-4eaa-95db-631da7338145,Obtain Minecraft Brand License Agreement,,1/6/2026,2/5/2026,0,1dd311c9-3642-4b8b-b1f4-4a6a2b82d5ca,PlanExe
5edc1d1d-c101-4e78-8ff2-164f5ec4857f,Contact Microsoft/Mojang licensing department,"Contact Microsoft/Mojang licensing department

Description:
Initiate contact with the appropriate department at Microsoft/Mojang to inquire about obtaining a Minecraft brand license agreement for an escape room in Shanghai.

Resources needed:
• Project Lead
• Brand Liaison",1/6/2026,1/12/2026,0,637e98d0-5ab9-4eaa-95db-631da7338145,PlanExe
df742adc-70ed-43ba-ac0e-624c00352715,Prepare license application documents,"Prepare license application documents

Description:
Gather and prepare all necessary documentation required for the license application, including business plan, financial projections, and escape room concept details.

Resources needed:
• Project Lead
• Business Analyst",1/12/2026,1/18/2026,0,5edc1d1d-c101-4e78-8ff2-164f5ec4857f,PlanExe
5142ce7e-8b30-49c9-b990-de86bf501eb6,Submit license application to Microsoft/Mojang,"Submit license application to Microsoft/Mojang

Description:
Formally submit the completed license application and supporting documents to Microsoft/Mojang for review and approval.

Resources needed:
• Project Lead
• Brand Liaison",1/18/2026,1/24/2026,0,df742adc-70ed-43ba-ac0e-624c00352715,PlanExe
5da78b24-cecf-4eaf-b2c8-aac8e0d68721,Negotiate license agreement terms,"Negotiate license agreement terms

Description:
Engage in negotiations with Microsoft/Mojang regarding the terms and conditions of the license agreement, including royalty rates, usage rights, and compliance requirements.

Resources needed:
• Project Lead
• Intellectual Property Lawyer",1/24/2026,1/30/2026,0,5142ce7e-8b30-49c9-b990-de86bf501eb6,PlanExe
98a787bd-9110-48a5-a2b2-443768dca749,Finalize and execute license agreement,"Finalize and execute license agreement

Description:
Review the final license agreement with legal counsel, obtain necessary internal approvals, and execute the agreement with Microsoft/Mojang.

Resources needed:
• Project Lead
• Intellectual Property Lawyer
• Legal Counsel",1/30/2026,2/5/2026,0,637e98d0-5ab9-4eaa-95db-631da7338145,PlanExe
6205df2b-34ac-41ee-9f10-3464c6916c48,Review License Agreement with Legal Counsel,,2/5/2026,2/13/2026,0,637e98d0-5ab9-4eaa-95db-631da7338145,PlanExe
01a0e8ca-5fe2-4329-88a0-9c4ce0267aa3,Prepare license agreement for legal review,"Prepare license agreement for legal review

Description:
Objective: Organize and format the Minecraft brand license agreement for efficient legal review.
Scope: Includes compiling all relevant documents, highlighting key clauses, and creating a summary of the agreement's main points.
Steps: 1. Gather all versions of the license agreement. 2. Create a table of contents. 3. Highlight key clauses related to usage rights, restrictions, and financial obligations. 4. Write a concise summary of the agreement.
Deliverables: A well-organized and summarized license agreement ready for legal review.

Resources needed:
• Project Lead
• Administrative Assistant",2/5/2026,2/7/2026,0,6205df2b-34ac-41ee-9f10-3464c6916c48,PlanExe
760b713f-ad30-404e-b031-a04b495fc118,Identify key legal concerns and questions,"Identify key legal concerns and questions

Description:
Objective: Proactively identify potential legal concerns and formulate questions for the legal counsel.
Scope: Includes reviewing the license agreement from a business perspective and identifying areas of ambiguity or potential risk.
Steps: 1. Review the license agreement from a business perspective. 2. Identify areas of ambiguity or potential risk. 3. Formulate specific questions for the legal counsel.
Deliverables: A list of key legal concerns and questions for the legal counsel.

Resources needed:
• Project Lead
• Brand Liaison",2/7/2026,2/9/2026,0,01a0e8ca-5fe2-4329-88a0-9c4ce0267aa3,PlanExe
6402a75d-ed93-4792-a87c-e2c16686c668,Schedule consultation with legal counsel,"Schedule consultation with legal counsel

Description:
Objective: Arrange a meeting with the intellectual property lawyer to discuss the license agreement.
Scope: Includes coordinating schedules, preparing an agenda, and providing the lawyer with all necessary documents.
Steps: 1. Contact the intellectual property lawyer. 2. Coordinate schedules for a consultation. 3. Prepare an agenda for the meeting. 4. Provide the lawyer with the license agreement and list of questions.
Deliverables: A scheduled consultation with the intellectual property lawyer.

Resources needed:
• Project Lead
• Administrative Assistant",2/9/2026,2/11/2026,0,760b713f-ad30-404e-b031-a04b495fc118,PlanExe
d2f0a325-b548-43f8-bab0-9a0c9ca7ca0d,Document legal counsel's feedback and advice,"Document legal counsel's feedback and advice

Description:
Objective: Accurately record the legal counsel's feedback and advice on the license agreement.
Scope: Includes taking detailed notes during the consultation and summarizing the key points.
Steps: 1. Take detailed notes during the consultation. 2. Summarize the key points of the legal counsel's feedback. 3. Organize the feedback into actionable items.
Deliverables: A documented summary of the legal counsel's feedback and advice.

Resources needed:
• Project Lead
• Administrative Assistant",2/11/2026,2/13/2026,0,6205df2b-34ac-41ee-9f10-3464c6916c48,PlanExe
3d789b97-f834-4d98-88c5-e77e3eec7594,Ensure Compliance with Licensing Terms,,2/13/2026,2/25/2026,0,6205df2b-34ac-41ee-9f10-3464c6916c48,PlanExe
5dbae99b-3a13-46ba-bb49-c9f833821702,Develop Compliance Checklist,"Develop Compliance Checklist

Description:
Create a detailed checklist based on the license agreement to ensure all terms are met. This includes identifying specific requirements related to asset usage, branding, and any restrictions on modifications.

Resources needed:
• Project Lead
• Intellectual Property Lawyer
• Brand Liaison",2/13/2026,2/16/2026,0,3d789b97-f834-4d98-88c5-e77e3eec7594,PlanExe
2742b0cc-83bd-4980-920b-ed9f75293136,Assign Compliance Responsibilities,"Assign Compliance Responsibilities

Description:
Clearly assign responsibility for monitoring and reporting on compliance with each item on the checklist. This includes identifying individuals or teams responsible for specific aspects of the license agreement.

Resources needed:
• Project Lead
• Team Leads",2/16/2026,2/19/2026,0,5dbae99b-3a13-46ba-bb49-c9f833821702,PlanExe
f3db160b-d2ac-400b-b7b9-3837ac6a098e,Conduct Regular Internal Audits,"Conduct Regular Internal Audits

Description:
Schedule and conduct regular internal audits to verify compliance with the license agreement. This includes reviewing documentation, inspecting marketing materials, and assessing the escape room design for any potential violations.

Resources needed:
• Project Lead
• Legal Counsel
• Brand Liaison",2/19/2026,2/22/2026,0,2742b0cc-83bd-4980-920b-ed9f75293136,PlanExe
cc32feb2-ead8-4412-ba36-2d888104ca1c,Document Compliance Efforts,"Document Compliance Efforts

Description:
Maintain detailed records of all compliance efforts, including checklist completion, audit findings, and any corrective actions taken. This documentation will be essential for demonstrating compliance to Microsoft/Mojang if requested.

Resources needed:
• Project Lead
• Administrative Assistant",2/22/2026,2/25/2026,0,3d789b97-f834-4d98-88c5-e77e3eec7594,PlanExe
7c18a218-704c-467e-8a05-5d3ea43f456c,Secure Necessary Business Permits and Licenses,,2/25/2026,4/26/2026,0,1dd311c9-3642-4b8b-b1f4-4a6a2b82d5ca,PlanExe
296e396b-2de7-4eae-b409-f6cf387d4425,Research Shanghai business license requirements,"Research Shanghai business license requirements

Description:
Identify all required documents, fees, and procedures for obtaining a business license in Shanghai for an entertainment venue.

Resources needed:
• Project Lead
• Shanghai Regulatory Consultant",2/25/2026,3/9/2026,0,7c18a218-704c-467e-8a05-5d3ea43f456c,PlanExe
042dcf58-8ea8-4e1f-9db8-ce923444506a,Prepare business license application documents,"Prepare business license application documents

Description:
Gather and complete all necessary forms and documentation for the business license application, ensuring accuracy and completeness.

Resources needed:
• Project Lead
• Shanghai Regulatory Consultant
• Legal Counsel",3/9/2026,3/21/2026,0,296e396b-2de7-4eae-b409-f6cf387d4425,PlanExe
b6997ab5-45b4-451c-9a00-57b229c1d78d,Submit business license application,"Submit business license application

Description:
Submit the completed business license application to the Shanghai Administration for Market Regulation.

Resources needed:
• Shanghai Regulatory Consultant",3/21/2026,4/2/2026,0,042dcf58-8ea8-4e1f-9db8-ce923444506a,PlanExe
5b452d3b-6582-4111-9067-8ccca51afbcb,Schedule fire safety inspection (1),"Schedule fire safety inspection

Description:
Coordinate with the Shanghai Fire Department to schedule a fire safety inspection of the escape room location.

Resources needed:
• Construction Manager
• Shanghai Regulatory Consultant",4/2/2026,4/14/2026,0,b6997ab5-45b4-451c-9a00-57b229c1d78d,PlanExe
04b94404-9735-47e2-86c4-5a7fd26bd8df,Apply for entertainment venue license,"Apply for entertainment venue license

Description:
Prepare and submit the application for an entertainment venue license to the relevant Shanghai authorities.

Resources needed:
• Project Lead
• Shanghai Regulatory Consultant
• Legal Counsel",4/14/2026,4/26/2026,0,7c18a218-704c-467e-8a05-5d3ea43f456c,PlanExe
47098f49-865c-49ae-8f1f-450b71ab2017,Location Scouting & Acquisition,,4/26/2026,6/7/2026,0,1dd311c9-3642-4b8b-b1f4-4a6a2b82d5ca,PlanExe
df8a6d67-8a00-494e-aa38-f1a837d2ba81,Identify Potential Locations in Shanghai,,4/26/2026,5/11/2026,0,47098f49-865c-49ae-8f1f-450b71ab2017,PlanExe
212dab93-6408-464e-9533-a88bce9575cb,Define Location Criteria,"Define Location Criteria

Description:
Establish specific criteria for potential locations, including size, accessibility, proximity to target demographic, and cost considerations. This involves reviewing the project requirements and budget to determine the ideal location characteristics.

Resources needed:
• Project Manager
• Real Estate Consultant
• Marketing Manager",4/26/2026,4/29/2026,0,df8a6d67-8a00-494e-aa38-f1a837d2ba81,PlanExe
ff5a2fbe-7318-4fa7-be9c-ee84c9fdf68b,Research Shanghai Districts,"Research Shanghai Districts

Description:
Conduct research on different districts in Shanghai to identify areas that align with the defined location criteria. This includes analyzing demographic data, competitor presence, zoning regulations, and rental costs in each district.

Resources needed:
• Real Estate Consultant
• Market Research Analyst",4/29/2026,5/2/2026,0,212dab93-6408-464e-9533-a88bce9575cb,PlanExe
af495a57-211e-4ec5-a408-1108739f5e19,Compile Property Listings,"Compile Property Listings

Description:
Gather a list of available commercial properties in the identified districts that meet the location criteria. This involves contacting real estate agents, searching online databases, and networking with local contacts to identify potential properties.

Resources needed:
• Real Estate Agent
• Project Manager",5/2/2026,5/5/2026,0,ff5a2fbe-7318-4fa7-be9c-ee84c9fdf68b,PlanExe
6b737da2-345f-439c-854d-c63ab7bf532a,Initial Property Screening,"Initial Property Screening

Description:
Conduct an initial screening of the compiled property listings to narrow down the list to the most promising options. This involves reviewing property details, photos, and virtual tours to assess their suitability for the escape room.

Resources needed:
• Project Manager
• Real Estate Consultant",5/5/2026,5/8/2026,0,af495a57-211e-4ec5-a408-1108739f5e19,PlanExe
07b4c786-c882-4f2c-b0e8-e640d1ac08c7,Site Visits and Assessments,"Site Visits and Assessments

Description:
Schedule and conduct site visits to the shortlisted properties to assess their physical condition, layout, and potential for renovation. This involves taking measurements, inspecting the property for structural issues, and evaluating its overall suitability for the escape room concept.

Resources needed:
• Project Manager
• Construction Manager
• Real Estate Agent",5/8/2026,5/11/2026,0,df8a6d67-8a00-494e-aa38-f1a837d2ba81,PlanExe
1858bad1-d3f1-4208-bfe5-e514123e0b60,Verify Zoning Compliance,,5/11/2026,5/19/2026,0,df8a6d67-8a00-494e-aa38-f1a837d2ba81,PlanExe
2804c280-cc74-4396-a867-2ec9b5e9d312,Research Shanghai zoning regulations,"Research Shanghai zoning regulations

Description:
Objective: Understand the specific zoning regulations applicable to entertainment venues in Shanghai.
Scope: Identify relevant regulations, including permitted uses, building codes, and accessibility requirements.
Steps: Consult online resources, contact local authorities, and engage a zoning consultant.
Deliverables: A comprehensive summary of applicable zoning regulations.

Resources needed:
• Project Lead
• Shanghai Regulatory Consultant
• Online resources
• Zoning consultant (optional)",5/11/2026,5/13/2026,0,1858bad1-d3f1-4208-bfe5-e514123e0b60,PlanExe
f8f60bb0-c999-4ef0-bdf8-7459eafe321c,Identify zoning districts for potential locations,"Identify zoning districts for potential locations

Description:
Objective: Determine the zoning district classifications for each potential location identified by the real estate broker.
Scope: Map each location to its corresponding zoning district and identify any potential restrictions.
Steps: Use GIS software, consult zoning maps, and verify information with local authorities.
Deliverables: A list of potential locations with their corresponding zoning district classifications.

Resources needed:
• Project Lead
• Shanghai Regulatory Consultant
• GIS software (optional)
• Zoning maps",5/13/2026,5/15/2026,0,2804c280-cc74-4396-a867-2ec9b5e9d312,PlanExe
33470461-de7f-4bfb-bdca-aa60e608fecb,Obtain zoning compliance confirmation,"Obtain zoning compliance confirmation

Description:
Objective: Secure written confirmation from the real estate broker or local authorities that each potential location complies with applicable zoning regulations.
Scope: Obtain official documentation verifying compliance, including permits, licenses, and inspection reports.
Steps: Submit requests for information, attend meetings with local authorities, and review documentation.
Deliverables: Written zoning compliance confirmation for each potential location.

Resources needed:
• Project Lead
• Shanghai Regulatory Consultant
• Real estate broker
• Local authorities",5/15/2026,5/17/2026,0,f8f60bb0-c999-4ef0-bdf8-7459eafe321c,PlanExe
c6c55cbb-8953-47d0-9d06-e3bb06437c56,Assess accessibility compliance,"Assess accessibility compliance

Description:
Objective: Evaluate each potential location for compliance with accessibility requirements for entertainment venues.
Scope: Identify any accessibility barriers and determine the feasibility of making necessary modifications.
Steps: Conduct site visits, consult accessibility guidelines, and engage an accessibility consultant (optional).
Deliverables: An accessibility assessment report for each potential location.

Resources needed:
• Project Lead
• Construction Manager
• Accessibility consultant (optional)
• Accessibility guidelines",5/17/2026,5/19/2026,0,1858bad1-d3f1-4208-bfe5-e514123e0b60,PlanExe
789194c9-df67-4b5f-88d3-078729d69460,Negotiate Lease Agreement,,5/19/2026,6/3/2026,0,1858bad1-d3f1-4208-bfe5-e514123e0b60,PlanExe
b9f4522c-99ac-41bc-b778-0e2853f2b4f6,Define Lease Requirements and Priorities,"Define Lease Requirements and Priorities

Description:
Establish clear requirements for the lease agreement, including lease duration, rental costs, renewal options, and any specific clauses related to renovations or business operations. Prioritize these requirements based on their importance to the project's success.

Resources needed:
• Project Lead
• Legal Counsel
• Financial Advisor",5/19/2026,5/22/2026,0,789194c9-df67-4b5f-88d3-078729d69460,PlanExe
62bc7897-a347-4b6a-88e4-e8745d5a7205,Research Market Rental Rates,"Research Market Rental Rates

Description:
Conduct thorough research to determine the prevailing rental rates for comparable commercial spaces in the target area of Shanghai. This will provide a benchmark for evaluating the landlord's initial offer and negotiating favorable terms.

Resources needed:
• Commercial Real Estate Agent
• Market Research Analyst",5/22/2026,5/25/2026,0,b9f4522c-99ac-41bc-b778-0e2853f2b4f6,PlanExe
42a8273a-c94f-490e-9d0b-e29860754c53,Draft Initial Lease Proposal,"Draft Initial Lease Proposal

Description:
Based on the defined requirements and market research, draft an initial lease proposal outlining the desired terms and conditions. This proposal will serve as the starting point for negotiations with the landlord.

Resources needed:
• Project Lead
• Legal Counsel",5/25/2026,5/28/2026,0,62bc7897-a347-4b6a-88e4-e8745d5a7205,PlanExe
b8251a61-8f1d-4754-8a8c-30e987316127,Negotiate Lease Terms with Landlord,"Negotiate Lease Terms with Landlord

Description:
Engage in negotiations with the landlord to reach a mutually agreeable lease agreement. This may involve multiple rounds of discussions and revisions to the lease proposal. Focus on securing favorable terms related to rental costs, lease duration, renewal options, and any specific requirements for the escape room business.

Resources needed:
• Project Lead
• Commercial Real Estate Agent
• Legal Counsel",5/28/2026,5/31/2026,0,42a8273a-c94f-490e-9d0b-e29860754c53,PlanExe
1a25027c-4da2-46f3-8c18-398a891595e9,Finalize and Execute Lease Agreement,"Finalize and Execute Lease Agreement

Description:
Once a mutually agreeable lease agreement has been reached, finalize the document and ensure that all parties sign and execute it properly. This will legally bind the project to the terms and conditions of the lease.

Resources needed:
• Project Lead
• Legal Counsel
• Landlord",5/31/2026,6/3/2026,0,789194c9-df67-4b5f-88d3-078729d69460,PlanExe
67e40499-a888-48d5-9d2e-d238a478596c,Secure Location,,6/3/2026,6/7/2026,0,47098f49-865c-49ae-8f1f-450b71ab2017,PlanExe
a523fd7c-1a98-4a37-8407-512b5ec1f579,Final Property Inspection,"Final Property Inspection

Description:
Conduct a thorough final inspection of the location with legal representation to identify any outstanding issues or discrepancies before finalizing the lease agreement.

Resources needed:
• Project Lead
• Real Estate Lawyer
• Construction Manager",6/3/2026,6/4/2026,0,67e40499-a888-48d5-9d2e-d238a478596c,PlanExe
5ef78f90-56bf-4056-b4e9-74face45e75f,Finalize Lease Agreement,"Finalize Lease Agreement

Description:
Review and finalize the lease agreement with the landlord, ensuring all terms and conditions are clearly defined and agreed upon by both parties.

Resources needed:
• Project Lead
• Real Estate Lawyer
• Landlord",6/4/2026,6/5/2026,0,a523fd7c-1a98-4a37-8407-512b5ec1f579,PlanExe
01e09c00-effd-4c13-b620-6997e9eb1ec7,Transfer Funds and Complete Paperwork,"Transfer Funds and Complete Paperwork

Description:
Transfer the necessary funds to the landlord and complete all required paperwork to officially secure the location and finalize the lease agreement.

Resources needed:
• Project Lead
• Accountant
• Administrative Assistant",6/5/2026,6/6/2026,0,5ef78f90-56bf-4056-b4e9-74face45e75f,PlanExe
367608f9-36a7-49fa-9c68-f6fd78b9e4a5,Obtain Keys and Possession,"Obtain Keys and Possession

Description:
Obtain the keys to the location and take official possession of the property, marking the completion of the location acquisition process.

Resources needed:
• Project Lead
• Landlord",6/6/2026,6/7/2026,0,67e40499-a888-48d5-9d2e-d238a478596c,PlanExe
d12d65e3-dcc5-4df1-92fa-e860c87ae935,Design & Construction,,6/7/2026,9/2/2026,0,47098f49-865c-49ae-8f1f-450b71ab2017,PlanExe
ca487ecf-4b66-41f3-9713-30101fca0744,Develop Escape Room Design (Moderate Theming),,6/7/2026,7/2/2026,0,d12d65e3-dcc5-4df1-92fa-e860c87ae935,PlanExe
55d34d33-70d1-41cf-9a2c-6573ec6edbc8,Brainstorm Minecraft Escape Room Themes,"Brainstorm Minecraft Escape Room Themes

Description:
Objective: Generate a diverse range of Minecraft-themed escape room concepts.
Scope: Explore different Minecraft biomes, storylines, and gameplay mechanics.
Steps: Conduct brainstorming sessions with the design team, research popular Minecraft mods and challenges, and gather inspiration from existing escape rooms.
Deliverables: A list of 5-10 potential escape room themes with brief descriptions.

Resources needed:
• Escape Room Designer
• Minecraft Expert
• Project Manager",6/7/2026,6/12/2026,0,ca487ecf-4b66-41f3-9713-30101fca0744,PlanExe
2d26b777-f156-4a1b-82a2-9257bd729efe,Develop Puzzle Concepts and Mechanics,"Develop Puzzle Concepts and Mechanics

Description:
Objective: Design engaging and challenging puzzles that integrate seamlessly with the chosen Minecraft theme.
Scope: Create puzzles that require problem-solving, teamwork, and knowledge of Minecraft lore.
Steps: Develop puzzle concepts based on Minecraft crafting, mining, combat, and exploration mechanics. Design physical and digital puzzle components.
Deliverables: Detailed puzzle designs with descriptions of mechanics, solutions, and required materials.

Resources needed:
• Escape Room Designer
• Puzzle Designer
• Minecraft Expert",6/12/2026,6/17/2026,0,55d34d33-70d1-41cf-9a2c-6573ec6edbc8,PlanExe
ebe5f45b-b710-4bac-b074-8ae8e47dc27c,Create Room Layout and Environment Design,"Create Room Layout and Environment Design

Description:
Objective: Design the physical layout and visual environment of the escape room to immerse players in the Minecraft world.
Scope: Plan the room layout, select appropriate materials and textures, and design the lighting and sound effects.
Steps: Create floor plans and 3D models of the escape room. Select construction materials that resemble Minecraft blocks and biomes. Design lighting and sound effects to enhance the atmosphere.
Deliverables: Detailed room layouts, 3D models, and material specifications.

Resources needed:
• Escape Room Designer
• Architect
• Interior Designer",6/17/2026,6/22/2026,0,2d26b777-f156-4a1b-82a2-9257bd729efe,PlanExe
3c8ff068-2e84-4f67-bcf0-34064ab1747f,Integrate Minecraft Assets and Storyline,"Integrate Minecraft Assets and Storyline

Description:
Objective: Incorporate Minecraft assets (characters, items, sounds) and a compelling storyline into the escape room design.
Scope: Select appropriate Minecraft assets and develop a narrative that guides players through the escape room.
Steps: Obtain necessary permissions to use Minecraft assets. Write a storyline that incorporates the chosen theme and puzzles. Integrate Minecraft sounds and visual effects into the room design.
Deliverables: A complete storyline, a list of Minecraft assets to be used, and instructions for integrating them into the escape room.

Resources needed:
• Escape Room Designer
• Writer
• Minecraft Expert
• Brand Liaison",6/22/2026,6/27/2026,0,ebe5f45b-b710-4bac-b074-8ae8e47dc27c,PlanExe
0bd624df-c1c6-4f47-b3f2-815a41d0dadf,Review and Refine Escape Room Design,"Review and Refine Escape Room Design

Description:
Objective: Review the escape room design with stakeholders and make necessary revisions.
Scope: Gather feedback from the project team, potential customers, and Minecraft experts.
Steps: Present the escape room design to stakeholders. Conduct playtesting sessions with target audience. Incorporate feedback into the design.
Deliverables: A finalized escape room design that meets the project requirements and stakeholder expectations.

Resources needed:
• Escape Room Designer
• Project Manager
• Marketing Manager
• Minecraft Expert",6/27/2026,7/2/2026,0,ca487ecf-4b66-41f3-9713-30101fca0744,PlanExe
8a0c2a9e-aa36-4f80-8106-549e8d231394,Procure Construction Materials,,7/2/2026,7/14/2026,0,ca487ecf-4b66-41f3-9713-30101fca0744,PlanExe
05bc0ee5-d0ec-49c0-9080-5425869d83f7,Identify Material Suppliers,"Identify Material Suppliers

Description:
Objective: Identify potential suppliers for all required construction materials.
Scope: Research and compile a list of at least three suppliers for each material.
Steps: Online research, industry directories, referrals.
Deliverables: Supplier list with contact information and preliminary pricing.

Resources needed:
• Procurement Manager
• Construction Manager",7/2/2026,7/5/2026,0,8a0c2a9e-aa36-4f80-8106-549e8d231394,PlanExe
b9a06fb2-d04b-472c-86f7-f77909755754,Obtain Material Quotes,"Obtain Material Quotes

Description:
Objective: Obtain detailed quotes from identified suppliers.
Scope: Request quotes for all materials, including specifications and delivery terms.
Steps: Contact suppliers, provide material specifications, request formal quotes.
Deliverables: Collection of material quotes from multiple suppliers.

Resources needed:
• Procurement Manager
• Construction Manager",7/5/2026,7/8/2026,0,05bc0ee5-d0ec-49c0-9080-5425869d83f7,PlanExe
b6d7f4a8-7e6b-43e5-b68c-1abdb8b0b71a,Negotiate Pricing and Terms,"Negotiate Pricing and Terms

Description:
Objective: Negotiate favorable pricing and delivery terms with selected suppliers.
Scope: Secure the best possible pricing and delivery schedule for all materials.
Steps: Review quotes, negotiate with suppliers, finalize agreements.
Deliverables: Finalized pricing and delivery agreements with selected suppliers.

Resources needed:
• Procurement Manager
• Project Manager",7/8/2026,7/11/2026,0,b9a06fb2-d04b-472c-86f7-f77909755754,PlanExe
73ccbe91-b1cc-47f3-b700-bf1251bc699a,Finalize Purchase Orders,"Finalize Purchase Orders

Description:
Objective: Create and issue purchase orders to selected suppliers.
Scope: Generate purchase orders with accurate material specifications, quantities, and delivery dates.
Steps: Prepare purchase orders, obtain approvals, issue to suppliers.
Deliverables: Approved purchase orders issued to selected suppliers.

Resources needed:
• Procurement Manager
• Accounting Department",7/11/2026,7/14/2026,0,8a0c2a9e-aa36-4f80-8106-549e8d231394,PlanExe
3e9cad6e-aafe-4fca-a65c-0559d82e16c2,Construct Escape Room Set,,7/14/2026,8/15/2026,0,8a0c2a9e-aa36-4f80-8106-549e8d231394,PlanExe
f86db35c-f50e-40a3-b513-be832854988c,Prepare the location for construction,"Prepare the location for construction

Description:
Objective: Prepare the physical location for the escape room set construction.
Scope: Clearing the space, ensuring structural integrity, and setting up basic utilities.
Steps: 1. Clear the designated area of any existing debris or obstacles. 2. Inspect the structural integrity of the walls, floors, and ceiling. 3. Set up basic utilities such as electricity and lighting. 4. Ensure proper ventilation and safety measures are in place.
Deliverables: A clean, safe, and structurally sound location ready for construction.

Resources needed:
• Construction crew
• Project manager
• Electrician
• Inspector",7/14/2026,7/22/2026,0,3e9cad6e-aafe-4fca-a65c-0559d82e16c2,PlanExe
9fb51a0a-e4a4-4e9c-aaa2-de5645872c78,Build the structural framework,"Build the structural framework

Description:
Objective: Construct the basic framework of the escape room set.
Scope: Building walls, floors, and ceilings according to the design specifications.
Steps: 1. Measure and cut the necessary materials for the framework. 2. Assemble the walls, floors, and ceilings according to the design plans. 3. Ensure the framework is sturdy and secure. 4. Install any necessary support beams or reinforcements.
Deliverables: A solid and stable structural framework for the escape room set.

Resources needed:
• Construction crew
• Carpenter
• Construction materials
• Tools",7/22/2026,7/30/2026,0,f86db35c-f50e-40a3-b513-be832854988c,PlanExe
5cf9018a-3044-466c-945a-095db5912050,Apply the Minecraft-themed finishes,"Apply the Minecraft-themed finishes

Description:
Objective: Apply the Minecraft-themed finishes to the escape room set.
Scope: Painting, texturing, and adding decorative elements to create the desired aesthetic.
Steps: 1. Prepare the surfaces for painting and texturing. 2. Apply the Minecraft-themed paint colors and textures. 3. Add decorative elements such as blocks, trees, and other Minecraft-inspired features. 4. Ensure the finishes are durable and visually appealing.
Deliverables: A visually appealing and immersive Minecraft-themed escape room set.

Resources needed:
• Construction crew
• Painter
• Artist
• Minecraft-themed materials",7/30/2026,8/7/2026,0,9fb51a0a-e4a4-4e9c-aaa2-de5645872c78,PlanExe
18621348-0b96-4dec-aceb-7418cee89561,"Install doors, windows, and access points","Install doors, windows, and access points

Description:
Objective: Install doors, windows, and access points within the escape room set.
Scope: Installing doors, windows, and hidden access points according to the design specifications.
Steps: 1. Measure and cut the openings for doors, windows, and access points. 2. Install the doors, windows, and access points securely. 3. Ensure the doors and windows are functional and easy to use. 4. Conceal any hidden access points effectively.
Deliverables: Functional and secure doors, windows, and access points within the escape room set.

Resources needed:
• Construction crew
• Carpenter
• Locksmith
• Doors and windows",8/7/2026,8/15/2026,0,3e9cad6e-aafe-4fca-a65c-0559d82e16c2,PlanExe
5ea2edaa-82b1-405a-962e-1f0c1f5d2161,Install Semi-Automated Puzzle Systems,,8/15/2026,8/25/2026,0,3e9cad6e-aafe-4fca-a65c-0559d82e16c2,PlanExe
94ce26df-d3ad-4e5e-9c24-5cefb4d0849f,Plan puzzle system integration,"Plan puzzle system integration

Description:
Define how the automated puzzle systems will integrate with the escape room's design and narrative. This includes mapping out the puzzle flow, identifying key interaction points, and ensuring seamless transitions between puzzles.

Resources needed:
• Escape Room Designer
• Automation System Vendor
• Project Lead",8/15/2026,8/17/2026,0,5ea2edaa-82b1-405a-962e-1f0c1f5d2161,PlanExe
d05908b3-a86a-4a82-a0c8-799e999ad3f2,Prepare site for system installation,"Prepare site for system installation

Description:
Ensure the physical space is ready for the installation of the semi-automated puzzle systems. This includes preparing the electrical wiring, mounting points, and any necessary structural modifications.

Resources needed:
• Construction Crew
• Electrician
• Technician",8/17/2026,8/19/2026,0,94ce26df-d3ad-4e5e-9c24-5cefb4d0849f,PlanExe
b5a4acfb-2bde-43ea-8a17-309cc16c716c,Install puzzle system components,"Install puzzle system components

Description:
Physically install all components of the semi-automated puzzle systems, including sensors, actuators, control panels, and wiring. This step requires careful attention to detail and adherence to safety guidelines.

Resources needed:
• Technician
• Automation System Vendor
• Construction Crew",8/19/2026,8/21/2026,0,d05908b3-a86a-4a82-a0c8-799e999ad3f2,PlanExe
1ce8fd90-0bcd-4e51-b8a0-0f59f4d8cce9,Test and calibrate puzzle systems,"Test and calibrate puzzle systems

Description:
Thoroughly test and calibrate each puzzle system to ensure it functions correctly and reliably. This includes verifying sensor accuracy, actuator responsiveness, and overall system performance.

Resources needed:
• Technician
• Automation System Vendor
• Game Masters",8/21/2026,8/23/2026,0,b5a4acfb-2bde-43ea-8a17-309cc16c716c,PlanExe
ecdccc28-e178-4c1a-8c5c-e2d7d923f77d,Integrate systems with central control,"Integrate systems with central control

Description:
Connect the individual puzzle systems to a central control system for monitoring and management. This allows for remote control of the puzzles, tracking of player progress, and troubleshooting of technical issues.

Resources needed:
• Technician
• Automation System Vendor
• Software Developer",8/23/2026,8/25/2026,0,5ea2edaa-82b1-405a-962e-1f0c1f5d2161,PlanExe
05d17d13-d523-4d54-9ade-ebcf7ffb949e,Implement Fire Safety Measures,,8/25/2026,9/2/2026,0,d12d65e3-dcc5-4df1-92fa-e860c87ae935,PlanExe
0e16d2e3-6786-4a0f-aa4c-b76602b156c2,Review Fire Safety Codes,"Review Fire Safety Codes

Description:
Thoroughly review Shanghai's fire safety codes and regulations applicable to entertainment venues to ensure compliance.

Resources needed:
• Fire Safety Consultant
• Project Manager",8/25/2026,8/27/2026,0,05d17d13-d523-4d54-9ade-ebcf7ffb949e,PlanExe
807db083-8bcf-4d5d-999a-2b70aa8ba1b3,Select Fire Suppression System,"Select Fire Suppression System

Description:
Choose and procure a suitable fire suppression system that meets the required safety standards and is appropriate for the escape room environment.

Resources needed:
• Fire Safety Consultant
• Construction Manager
• Supplier",8/27/2026,8/29/2026,0,0e16d2e3-6786-4a0f-aa4c-b76602b156c2,PlanExe
e63158da-8c76-4afb-b2a1-0c33ab2aeb0e,Install Fire Safety Equipment,"Install Fire Safety Equipment

Description:
Install fire extinguishers, smoke detectors, emergency lighting, and other necessary fire safety equipment according to the approved plan.

Resources needed:
• Construction Crew
• Electrician
• Fire Safety Consultant",8/29/2026,8/31/2026,0,807db083-8bcf-4d5d-999a-2b70aa8ba1b3,PlanExe
b9b82d96-607b-4f56-928c-b4100b0cfa8f,Schedule Fire Safety Inspection (2),"Schedule Fire Safety Inspection

Description:
Schedule and pass the fire safety inspection conducted by the Shanghai Fire Department to obtain the necessary approvals.

Resources needed:
• Project Manager
• Fire Safety Consultant",8/31/2026,9/2/2026,0,05d17d13-d523-4d54-9ade-ebcf7ffb949e,PlanExe
44fd1c7d-0347-47b0-ba43-d97a2c3e1a08,Operations & Training,,9/2/2026,9/24/2026,0,d12d65e3-dcc5-4df1-92fa-e860c87ae935,PlanExe
4f2a806e-7839-4ed5-ab24-da5642552978,Develop Operational Procedures,,9/2/2026,9/10/2026,0,44fd1c7d-0347-47b0-ba43-d97a2c3e1a08,PlanExe
e3b5b94e-5fc9-4b2e-9422-6408c90db0e3,Create Game Master Training Manual,"Create Game Master Training Manual

Description:
Develop a comprehensive training manual covering all aspects of game master duties, including room setup, puzzle operation, customer interaction, and emergency procedures. The manual should be easy to understand and reference.

Resources needed:
• Project Lead
• Escape Room Designer
• Experienced Game Master",9/2/2026,9/4/2026,0,4f2a806e-7839-4ed5-ab24-da5642552978,PlanExe
b2eb8a80-912c-4126-b6ca-ac534ad99492,Simulate Escape Room Scenarios,"Simulate Escape Room Scenarios

Description:
Design and conduct realistic simulations of various escape room scenarios, including common player actions, puzzle solutions, and potential technical malfunctions. This will allow game masters to practice their skills in a controlled environment.

Resources needed:
• Escape Room Set
• Trained Actors (optional)
• Simulation Software (if applicable)",9/4/2026,9/6/2026,0,e3b5b94e-5fc9-4b2e-9422-6408c90db0e3,PlanExe
4409a544-8108-436a-8bff-48294e80c0e1,Conduct Role-Playing Exercises,"Conduct Role-Playing Exercises

Description:
Implement role-playing exercises to train game masters on how to effectively interact with customers, provide clues, handle difficult situations, and maintain a positive and engaging atmosphere. Focus on communication skills and problem-solving abilities.

Resources needed:
• Project Lead
• Experienced Game Master
• Training Space",9/6/2026,9/8/2026,0,b2eb8a80-912c-4126-b6ca-ac534ad99492,PlanExe
87e1ea45-0f82-441a-b462-63655bbffdeb,Assess Game Master Performance,"Assess Game Master Performance

Description:
Evaluate game master performance through observation, feedback, and testing to ensure they have mastered the necessary skills and knowledge. Provide constructive criticism and additional training as needed.

Resources needed:
• Project Lead
• Experienced Game Master
• Assessment Tools (e.g., checklists, quizzes)",9/8/2026,9/10/2026,0,4f2a806e-7839-4ed5-ab24-da5642552978,PlanExe
5f2b5c92-c2fd-4ca1-be74-3730cbe2234e,Train Game Masters,,9/10/2026,9/15/2026,0,4f2a806e-7839-4ed5-ab24-da5642552978,PlanExe
8f933823-1423-4068-8895-6e59bae02ae1,Simulate common malfunctions,"Simulate common malfunctions

Description:
Simulate common technical malfunctions to prepare game masters for real-world scenarios. This includes simulating puzzle failures, sensor errors, and system crashes.

Resources needed:
• Technician
• Game Masters
• Escape Room Designer",9/10/2026,9/11/2026,0,5f2b5c92-c2fd-4ca1-be74-3730cbe2234e,PlanExe
bc95253e-4935-4252-b8f3-eacc8491ead2,Troubleshooting guide creation,"Troubleshooting guide creation

Description:
Create a detailed troubleshooting guide for game masters to quickly diagnose and resolve common technical issues. This guide should include step-by-step instructions and visual aids.

Resources needed:
• Technician
• Escape Room Designer",9/11/2026,9/12/2026,0,8f933823-1423-4068-8895-6e59bae02ae1,PlanExe
f3d59d6b-3f33-4dd5-a9a1-94ac98a66731,Hands-on troubleshooting training,"Hands-on troubleshooting training

Description:
Provide hands-on training to game masters on how to use the troubleshooting guide and resolve common technical issues. This training should include practical exercises and simulations.

Resources needed:
• Technician
• Game Masters",9/12/2026,9/13/2026,0,bc95253e-4935-4252-b8f3-eacc8491ead2,PlanExe
3c81e196-f750-43ba-92d0-5ed92e596bd8,Manual override training,"Manual override training

Description:
Train game masters on how to manually override the automated systems in case of a complete system failure. This training should include instructions on how to reset puzzles and provide clues manually.

Resources needed:
• Technician
• Game Masters",9/13/2026,9/14/2026,0,f3d59d6b-3f33-4dd5-a9a1-94ac98a66731,PlanExe
5a92b4a6-9283-4f57-8cda-7bda82ab8f20,Emergency procedure drills,"Emergency procedure drills

Description:
Conduct regular emergency procedure drills to ensure that game masters are prepared to handle technical malfunctions in a safe and efficient manner. These drills should simulate various scenarios and test the game masters' ability to respond effectively.

Resources needed:
• Technician
• Game Masters
• Project Lead",9/14/2026,9/15/2026,0,5f2b5c92-c2fd-4ca1-be74-3730cbe2234e,PlanExe
d15f3b9f-a987-43df-8f22-15ec9c3b6bfc,Develop Technical Malfunction Contingency Plan,,9/15/2026,9/20/2026,0,5f2b5c92-c2fd-4ca1-be74-3730cbe2234e,PlanExe
45bb925c-cab7-4cbc-848d-fd6df35b774c,Identify potential failure points,"Identify potential failure points

Description:
Brainstorm and document all potential technical failure points in the semi-automated systems. This includes hardware, software, and network components.

Resources needed:
• Technician
• Escape Room Designer
• Automation System Vendor",9/15/2026,9/16/2026,0,d15f3b9f-a987-43df-8f22-15ec9c3b6bfc,PlanExe
be226ae8-4136-483d-bf78-de27a0a97ac1,Develop troubleshooting guides,"Develop troubleshooting guides

Description:
Create detailed, step-by-step troubleshooting guides for each identified failure point. These guides should be easy to understand and follow by game masters.

Resources needed:
• Technician
• Technical Writer",9/16/2026,9/17/2026,0,45bb925c-cab7-4cbc-848d-fd6df35b774c,PlanExe
35665d09-84a5-4678-9f6d-57f66af7ed7a,Train staff on contingency procedures,"Train staff on contingency procedures

Description:
Conduct comprehensive training sessions for game masters and technicians on how to respond to technical malfunctions, using the troubleshooting guides.

Resources needed:
• Technician
• Game Masters
• Training Materials",9/17/2026,9/18/2026,0,be226ae8-4136-483d-bf78-de27a0a97ac1,PlanExe
46070f88-db91-4cb9-b522-14285aa82ff1,Establish escalation protocols,"Establish escalation protocols

Description:
Define clear escalation protocols for technical issues that cannot be resolved by game masters. This includes identifying who to contact and when.

Resources needed:
• Technician
• Project Lead",9/18/2026,9/19/2026,0,35665d09-84a5-4678-9f6d-57f66af7ed7a,PlanExe
02abfccf-5654-4541-ba4d-b0b10db8dccb,Test contingency plan effectiveness,"Test contingency plan effectiveness

Description:
Simulate technical malfunctions and evaluate the effectiveness of the contingency plan and staff response. Identify areas for improvement.

Resources needed:
• Technician
• Game Masters
• Escape Room Designer",9/19/2026,9/20/2026,0,d15f3b9f-a987-43df-8f22-15ec9c3b6bfc,PlanExe
a73e55b2-ed57-4b72-9709-09e2da4984e9,Establish SLA with Automation System Vendor,,9/20/2026,9/24/2026,0,44fd1c7d-0347-47b0-ba43-d97a2c3e1a08,PlanExe
c0618e2c-3a67-487b-91c7-932ac24f7110,Identify potential system failure points,"Identify potential system failure points

Description:
Objective: Determine all possible technical malfunctions in the semi-automated escape room systems.
Scope: Analyze each system component (puzzles, clue delivery, reset mechanisms) to identify potential failure modes.
Steps: Brainstorm with technicians, review system documentation, conduct failure mode and effects analysis (FMEA).
Deliverables: A comprehensive list of potential failure points for each system.

Resources needed:
• Technician
• Escape Room Designer
• Automation System Vendor Documentation",9/20/2026,9/21/2026,0,a73e55b2-ed57-4b72-9709-09e2da4984e9,PlanExe
119b57fd-c3c7-4e8b-a6fa-15121eaa632f,Define vendor support response times,"Define vendor support response times

Description:
Objective: Establish clear expectations for vendor support response times in the event of technical malfunctions.
Scope: Negotiate service level agreement (SLA) terms with the automation system vendor.
Steps: Review vendor support options, define acceptable response times for different severity levels, document SLA terms.
Deliverables: A documented SLA with defined response times and escalation procedures.

Resources needed:
• Project Lead
• Technician
• Automation System Vendor Representative",9/21/2026,9/22/2026,0,c0618e2c-3a67-487b-91c7-932ac24f7110,PlanExe
d53c1e49-92fd-479d-9882-014b2ada56fc,Document troubleshooting procedures,"Document troubleshooting procedures

Description:
Objective: Create detailed troubleshooting procedures for common technical malfunctions.
Scope: Develop step-by-step guides for game masters and technicians to resolve issues.
Steps: Document common issues, create troubleshooting flowcharts, test procedures.
Deliverables: A comprehensive troubleshooting guide for game masters and technicians.

Resources needed:
• Technician
• Escape Room Designer
• Game Masters",9/22/2026,9/23/2026,0,119b57fd-c3c7-4e8b-a6fa-15121eaa632f,PlanExe
a17901e1-36e3-43dc-a54d-78f484c4dd97,Train staff on system troubleshooting,"Train staff on system troubleshooting

Description:
Objective: Train game masters and technicians on how to troubleshoot and resolve common technical malfunctions.
Scope: Conduct hands-on training sessions using simulated scenarios.
Steps: Develop training materials, conduct training sessions, assess staff competency.
Deliverables: Trained game masters and technicians capable of resolving common technical issues.

Resources needed:
• Technician
• Game Masters
• Training Materials",9/23/2026,9/24/2026,0,a73e55b2-ed57-4b72-9709-09e2da4984e9,PlanExe
58e4283b-7301-4143-86ab-71c8b88accc8,Marketing & Launch,,9/24/2026,11/27/2026,0,89b9b618-a153-45b1-b891-c257c41e9fcc,PlanExe
8a4cad07-a2b3-46d8-99ba-71d5accbefe2,Develop Marketing Strategy,,9/24/2026,10/6/2026,0,58e4283b-7301-4143-86ab-71c8b88accc8,PlanExe
6a047ea7-5a13-44cb-bda3-85cf794a3d69,Design visual assets,"Design visual assets

Description:
Create visually appealing graphics, images, and videos that align with the Minecraft theme and target audience. This includes designing logos, banners, social media posts, and promotional videos.

Resources needed:
• Graphic designer
• Video editor
• Marketing manager",9/24/2026,9/27/2026,0,8a4cad07-a2b3-46d8-99ba-71d5accbefe2,PlanExe
816db06e-2686-4163-94fa-6843c4b5a3bd,Write compelling ad copy (1),"Write compelling ad copy

Description:
Develop engaging and persuasive ad copy for various marketing channels, including online ads, social media posts, and website content. The copy should highlight the unique features of the escape room and appeal to the target audience's interests.

Resources needed:
• Copywriter
• Marketing manager",9/27/2026,9/30/2026,0,6a047ea7-5a13-44cb-bda3-85cf794a3d69,PlanExe
092d1d36-d888-42df-9262-7a3112c479c1,Produce promotional video (1),"Produce promotional video

Description:
Create a high-quality promotional video showcasing the escape room's theme, puzzles, and overall experience. The video should be visually appealing and informative, capturing the excitement and intrigue of the escape room.

Resources needed:
• Videographer
• Video editor
• Actors
• Marketing manager",9/30/2026,10/3/2026,0,816db06e-2686-4163-94fa-6843c4b5a3bd,PlanExe
5dd6189d-66d2-40e4-861b-edce808979f7,Localize marketing materials,"Localize marketing materials

Description:
Adapt all marketing materials to the local language and cultural context. This includes translating text, adjusting visuals to resonate with the local audience, and ensuring compliance with local advertising regulations.

Resources needed:
• Translator
• Cultural consultant
• Marketing manager",10/3/2026,10/6/2026,0,8a4cad07-a2b3-46d8-99ba-71d5accbefe2,PlanExe
84cc966e-193b-4df7-8296-e4f858cb5237,Create Marketing Materials,,10/6/2026,10/21/2026,0,8a4cad07-a2b3-46d8-99ba-71d5accbefe2,PlanExe
d34a1f63-9402-4215-816d-f33fd649ab40,Design Escape Room Marketing Graphics,"Design Escape Room Marketing Graphics

Description:
Create visually appealing graphics for online ads, social media posts, and website banners showcasing the Minecraft-themed escape room. This includes designing logos, character illustrations, and background images.

Resources needed:
• Graphic Designer
• Marketing Manager
• Minecraft Asset Library
• Design Software (e.g., Adobe Photoshop)",10/6/2026,10/9/2026,0,84cc966e-193b-4df7-8296-e4f858cb5237,PlanExe
1a310d98-3fbd-42fb-b483-665c8de8423c,Produce Promotional Video (2),"Produce Promotional Video

Description:
Develop a short, engaging video showcasing the escape room's theme, puzzles, and overall experience. This includes scriptwriting, filming, editing, and adding music and sound effects.

Resources needed:
• Videographer
• Scriptwriter
• Video Editor
• Actors/Game Masters
• Filming Equipment
• Editing Software",10/9/2026,10/12/2026,0,d34a1f63-9402-4215-816d-f33fd649ab40,PlanExe
be2fee70-3089-48d5-8c22-dcdc5bd5d4a9,Write Compelling Ad Copy (2),"Write Compelling Ad Copy

Description:
Craft persuasive and informative ad copy for online advertising platforms, social media posts, and website landing pages. This includes writing headlines, body text, and calls to action.

Resources needed:
• Copywriter
• Marketing Manager
• Target Audience Research
• Advertising Platform Guidelines",10/12/2026,10/15/2026,0,1a310d98-3fbd-42fb-b483-665c8de8423c,PlanExe
9ddd2cdf-144e-4c49-8e6b-925e3c398b4d,Translate Materials to Chinese,"Translate Materials to Chinese

Description:
Translate all marketing materials (graphics, video subtitles, ad copy) into simplified Chinese to effectively reach the target audience in Shanghai. Ensure accurate and culturally appropriate translations.

Resources needed:
• Translator
• Proofreader
• Marketing Manager
• Chinese Language Expertise",10/15/2026,10/18/2026,0,be2fee70-3089-48d5-8c22-dcdc5bd5d4a9,PlanExe
91c2202c-d581-4484-86a9-0a278cd56a83,Develop Website Landing Page,"Develop Website Landing Page

Description:
Design and develop a dedicated landing page on the escape room's website to showcase the Minecraft theme, provide information about the experience, and facilitate online bookings. Ensure mobile responsiveness and user-friendly navigation.

Resources needed:
• Web Developer
• Web Designer
• Content Writer
• Website Hosting
• Booking System Integration",10/18/2026,10/21/2026,0,84cc966e-193b-4df7-8296-e4f858cb5237,PlanExe
db194456-89e5-43a0-9df3-c14c32a27e15,Launch Marketing Campaign,,10/21/2026,11/22/2026,0,84cc966e-193b-4df7-8296-e4f858cb5237,PlanExe
f1681488-efa9-4eef-bb3d-b8229036e285,Social Media Campaign Launch,"Social Media Campaign Launch

Description:
Initiate targeted advertising campaigns on platforms like WeChat, Weibo, and Douyin, focusing on engaging content and interactive promotions to reach the 15-21 age demographic in Shanghai. Track campaign performance and adjust strategies based on real-time data.

Resources needed:
• Marketing Manager
• Social Media Specialist
• Graphic Designer
• Copywriter
• Advertising Budget",10/21/2026,10/29/2026,0,db194456-89e5-43a0-9df3-c14c32a27e15,PlanExe
e87dd0c7-e938-4aa8-8774-a97c431ad9cc,Public Relations Outreach,"Public Relations Outreach

Description:
Contact local media outlets, bloggers, and influencers to generate positive press coverage and build awareness for the escape room. Offer exclusive previews and interviews to key media contacts to create buzz and excitement.

Resources needed:
• Public Relations Manager
• Media Contact List
• Press Release Materials
• Spokesperson",10/29/2026,11/6/2026,0,f1681488-efa9-4eef-bb3d-b8229036e285,PlanExe
78908d86-ddc8-430a-9adc-f1feeacb9f80,Online Advertising Implementation,"Online Advertising Implementation

Description:
Implement paid advertising campaigns on search engines (Baidu) and relevant websites to drive traffic to the escape room's website and booking platform. Optimize ad copy and targeting based on keyword research and demographic data.

Resources needed:
• Marketing Manager
• Online Advertising Specialist
• Advertising Budget
• Website Analytics Tools",11/6/2026,11/14/2026,0,e87dd0c7-e938-4aa8-8774-a97c431ad9cc,PlanExe
c078d8fc-f7e8-4941-9e74-7a6d99554d19,Partnerships and Cross-Promotions,"Partnerships and Cross-Promotions

Description:
Collaborate with local businesses, schools, and youth organizations to offer discounts, promotions, and joint events to reach a wider audience. Leverage existing networks to generate referrals and increase brand visibility.

Resources needed:
• Marketing Manager
• Partnership Coordinator
• Promotional Materials
• Contact Database",11/14/2026,11/22/2026,0,db194456-89e5-43a0-9df3-c14c32a27e15,PlanExe
8151d83b-f92e-46de-80c4-1e7cec7c5aba,Grand Opening,,11/22/2026,11/27/2026,0,58e4283b-7301-4143-86ab-71c8b88accc8,PlanExe
bba85392-1b1e-4783-a3b5-e139c8500d68,Finalize Grand Opening Logistics,"Finalize Grand Opening Logistics

Description:
Confirm all vendors, staff schedules, and event setup details. Ensure smooth execution of the event.

Resources needed:
• Event Coordinator
• Venue Staff
• Volunteers",11/22/2026,11/23/2026,0,8151d83b-f92e-46de-80c4-1e7cec7c5aba,PlanExe
76336b64-65b8-42d3-9cd8-449ea7a03239,Execute Marketing Push,"Execute Marketing Push

Description:
Implement the final phase of the marketing campaign to maximize attendance and generate buzz.

Resources needed:
• Marketing Manager
• Social Media Team
• PR Agency",11/23/2026,11/24/2026,0,bba85392-1b1e-4783-a3b5-e139c8500d68,PlanExe
25201000-8e1c-4dbb-a91f-fc0e1e93cb3a,Manage Guest List and RSVPs,"Manage Guest List and RSVPs

Description:
Track RSVPs, manage the guest list, and ensure adequate seating and refreshments.

Resources needed:
• Event Coordinator
• Administrative Staff",11/24/2026,11/25/2026,0,76336b64-65b8-42d3-9cd8-449ea7a03239,PlanExe
1753623a-4fc8-408c-ad60-cb2df4e9ad8c,Conduct Final Venue Check,"Conduct Final Venue Check

Description:
Perform a thorough inspection of the venue to ensure everything is in place and functioning correctly.

Resources needed:
• Project Manager
• Construction Manager
• Technician",11/25/2026,11/26/2026,0,25201000-8e1c-4dbb-a91f-fc0e1e93cb3a,PlanExe
2e2b10be-46ca-4886-84f8-359ea76a6dc4,Gather Customer Feedback,"Gather Customer Feedback

Description:
Collect feedback from attendees to improve future events and the overall escape room experience.

Resources needed:
• Marketing Team
• Game Masters",11/26/2026,11/27/2026,0,8151d83b-f92e-46de-80c4-1e7cec7c5aba,PlanExe
