{
  "go_no_go_recommendation": "Proceed with Caution. The project is ambitious and fraught with logistical, safety, and political risks. The immediate actions outlined above are crucial for assessing the project's feasibility and mitigating potential disasters. Proceeding without these assessments would be reckless. If the initial assessments reveal insurmountable challenges (e.g., severe structural degradation, impassable river conditions, or unresolvable regulatory hurdles), the project should be re-evaluated or abandoned. The project should only proceed if these initial steps are completed successfully and demonstrate that the relocation is technically feasible and safe.",
  "combined_summary": "The three most critical, immediate actions are:\n\n1.  Create a 3D model of the Statue of Liberty using existing blueprints and laser scans by 2025-08-01 17:00. This is essential to simulate the disassembly process, identify structural weaknesses, and plan the entire operation. Without this model, the project cannot proceed safely or efficiently.\n2.  Conduct a non-destructive testing (NDT) assessment of the Statue of Liberty's copper and iron components by 2025-08-01 17:00, using ultrasonic testing and radiographic imaging. This is crucial to assess the structural integrity of the statue and identify any areas of concern before disassembly begins. Failure to do so could result in irreversible damage during the relocation process.\n3.  Conduct a hydrographic survey of the Seine River from Le Havre to \u00cele aux Cygnes by 2025-08-08 17:00. This is necessary to identify any navigational hazards that could impede the transport of the statue components. Without this survey, the transport phase of the project is at high risk of delays or accidents.",
  "feedback": [
    {
      "title": "Model Disassembly Sequence",
      "description": "To initiate this project, you must:\n*   Create a 3D model of the Statue of Liberty using existing blueprints and laser scans by 2025-08-01 17:00. This model will be used to simulate the disassembly process and identify potential structural weaknesses.\n*   Simulate the disassembly of the statue into 500 pieces using finite element analysis software by 2025-08-15 17:00. This will determine the optimal cutting locations and minimize stress on the structure.\n*   Document the disassembly sequence in a detailed, step-by-step guide, including tool specifications, safety protocols, and estimated time for each step by 2025-08-29 17:00. This guide will be used by the construction crew during the actual disassembly.\n*   Test the disassembly sequence on a scaled physical model (1:20 scale) by 2025-09-12 17:00. This will validate the simulation results and identify any unforeseen challenges."
    },
    {
      "title": "Plan Seine River Transport",
      "description": "To initiate this project, you must:\n*   Conduct a hydrographic survey of the Seine River from Le Havre to \u00cele aux Cygnes by 2025-08-08 17:00. This will identify any navigational hazards, such as shallow areas or narrow bridges, that could impede the transport of the statue components.\n*   Select a transport vessel with a shallow draft (no more than 3 meters) and sufficient cargo capacity (at least 1000 tons) by 2025-08-15 17:00. This will ensure that the vessel can navigate the Seine River and carry the statue components safely.\n*   Develop a detailed transport plan, including the route, speed, and schedule, considering tidal conditions and river traffic by 2025-08-22 17:00. This plan will minimize the risk of delays and accidents.\n*   Obtain all necessary permits from the French authorities for transporting the statue components on the Seine River by 2025-08-29 17:00. This will ensure compliance with all applicable regulations."
    },
    {
      "title": "Design Island Expansion",
      "description": "To initiate this project, you must:\n*   Conduct a geotechnical survey of \u00cele aux Cygnes to assess the soil conditions and determine the load-bearing capacity of the island by 2025-08-01 17:00. This will inform the design of the island expansion and the new pedestal.\n*   Design the island expansion to accommodate the Statue of Liberty and a viewing area, ensuring that the expansion is structurally sound and aesthetically pleasing by 2025-08-15 17:00. The expansion should increase the island's area by at least 2000 square meters.\n*   Develop a detailed construction plan for the island expansion, including the materials, equipment, and labor required by 2025-08-22 17:00. This plan will minimize the risk of delays and cost overruns.\n*   Obtain all necessary permits from the French authorities for expanding \u00cele aux Cygnes by 2025-08-29 17:00. This will ensure compliance with all applicable regulations."
    },
    {
      "title": "Establish Robotic Reassembly Protocol",
      "description": "To initiate this project, you must:\n*   Select and procure at least 10 specialized robotic arms with a lifting capacity of at least 500 kg each by 2025-08-01 17:00. These robots will be used for the precise reassembly of the statue components.\n*   Develop a robotic control system that can accurately position and align the statue components, using feedback from laser trackers and vision sensors by 2025-08-15 17:00. The system must achieve a positioning accuracy of at least 0.1 mm.\n*   Train the construction crew on how to operate and maintain the robotic reassembly system by 2025-08-22 17:00. This will ensure that the reassembly process is carried out safely and efficiently.\n*   Simulate the reassembly process using the robotic control system and the 3D model of the statue by 2025-08-29 17:00. This will validate the system's performance and identify any potential issues."
    },
    {
      "title": "Assess Structural Material Degradation",
      "description": "To initiate this project, you must:\n*   Conduct a non-destructive testing (NDT) assessment of the Statue of Liberty's copper and iron components by 2025-08-01 17:00, using ultrasonic testing and radiographic imaging. This will identify areas of corrosion, fatigue, or other material degradation.\n*   Analyze the NDT data to determine the remaining service life of the statue's components, considering environmental factors such as humidity, temperature, and air pollution by 2025-08-15 17:00. Use ASTM standards to guide the analysis.\n*   Develop a repair or replacement plan for any components that are deemed to be structurally unsound, specifying the materials, methods, and quality control procedures to be used by 2025-08-22 17:00. The plan must adhere to historical preservation guidelines.\n*   Procure at least 100 kg of historically accurate copper alloy (90% copper, 10% tin) for potential repairs by 2025-08-29 17:00. This will ensure that any repairs are consistent with the statue's original construction."
    },
    {
      "title": "Establish Seine River Spill Protocol",
      "description": "To initiate this project, you must:\n*   Conduct a comprehensive environmental impact assessment (EIA) of the transport route along the Seine River by 2025-08-01 17:00, focusing on potential impacts to water quality, aquatic life, and riparian habitats. The EIA must comply with French environmental regulations.\n*   Develop a spill prevention and response plan for the transport vessel, including measures to prevent leaks or spills of fuel, oil, or other hazardous materials by 2025-08-15 17:00. The plan must include procedures for containing and cleaning up any spills that do occur.\n*   Procure at least 500 meters of oil containment boom and 1000 absorbent pads by 2025-08-22 17:00. This equipment will be used to contain and clean up any spills that may occur during transport.\n*   Establish a communication protocol with the local authorities and environmental agencies along the Seine River by 2025-08-29 17:00. This will ensure that any spills are reported and addressed promptly."
    },
    {
      "title": "Secure Statue Disassembly Zone",
      "description": "To initiate this project, you must:\n*   Establish a 50-meter exclusion zone around the Statue of Liberty during the disassembly process by 2025-08-01 17:00, using physical barriers and security personnel. This will prevent unauthorized access to the work area and minimize the risk of accidents.\n*   Conduct a noise and vibration assessment of the disassembly process by 2025-08-15 17:00, using sound level meters and accelerometers. This will identify any potential impacts to nearby residents or businesses.\n*   Develop a noise and vibration mitigation plan, including measures such as noise barriers, vibration damping, and restricted work hours by 2025-08-22 17:00. The plan must comply with local noise ordinances.\n*   Install at least 10 surveillance cameras with night vision and motion detection capabilities around the disassembly zone by 2025-08-29 17:00. This will deter theft and vandalism and provide evidence in the event of an incident."
    },
    {
      "title": "Plan for Extreme Weather",
      "description": "To initiate this project, you must:\n*   Conduct a historical weather analysis for New York Harbor, the Seine River, and \u00cele aux Cygnes by 2025-08-01 17:00, focusing on extreme weather events such as hurricanes, floods, and heat waves. Use data from the National Weather Service and M\u00e9t\u00e9o-France.\n*   Develop a weather contingency plan for each phase of the project, including procedures for suspending operations, securing equipment, and evacuating personnel by 2025-08-15 17:00. The plan must specify the wind speeds, wave heights, and temperatures that will trigger each action.\n*   Procure at least 10 weather-resistant shelters capable of housing 20 workers each by 2025-08-22 17:00. These shelters will provide protection from extreme weather events.\n*   Establish a communication protocol with the local weather forecasting agencies by 2025-08-29 17:00. This will ensure that the project team receives timely warnings of any impending extreme weather events."
    }
  ]
}