[
  {
    "id": "c703f594-a154-42dc-815d-824d8fa345c7",
    "document_name": "Project Charter",
    "description": "Formal document authorizing the Statue of Liberty Relocation project. Defines project objectives, scope, stakeholders, and high-level budget. Serves as a reference point throughout the project lifecycle. Requires sign-off from US and French government representatives.",
    "responsible_role_type": "Project Manager",
    "document_template_primary": "PMI Project Charter Template",
    "document_template_secondary": null,
    "steps_to_create": [
      "Define project objectives and scope based on the goal statement.",
      "Identify key stakeholders and their roles.",
      "Establish a high-level budget and timeline.",
      "Outline project governance and decision-making processes.",
      "Obtain sign-off from relevant authorities (US and French government representatives)."
    ],
    "approval_authorities": "US National Park Service Director, French Ministry of Culture Director",
    "essential_information": [
      "Define the specific, measurable, achievable, relevant, and time-bound (SMART) objectives for the Statue of Liberty relocation project.",
      "Clearly delineate the project scope, including what is included and excluded from the relocation effort.",
      "Identify all key stakeholders (US and French government representatives, engineering team, construction crew, etc.) and their respective roles and responsibilities.",
      "Establish a high-level budget, including major cost categories (engineering, materials, labor, transportation, insurance, contingency).",
      "Outline the project governance structure, including decision-making processes, escalation paths, and reporting requirements.",
      "Specify the project's alignment with strategic goals, such as enhancing cultural exchange between the US and France.",
      "Detail the project's key assumptions (e.g., obtaining necessary permits, securing funding) and constraints (e.g., budget limitations, timeline restrictions).",
      "Identify major project risks (e.g., regulatory hurdles, damage to the statue) and high-level mitigation strategies.",
      "Define the criteria for project success, including measurable outcomes and key performance indicators (KPIs).",
      "Requires sign-off from US National Park Service Director and French Ministry of Culture Director."
    ],
    "risks_of_poor_quality": [
      "Unclear project objectives lead to scope creep and misalignment among stakeholders.",
      "Inadequate stakeholder identification results in overlooked concerns and potential opposition.",
      "An unrealistic budget or timeline causes financial instability and project delays.",
      "Poorly defined governance structures lead to inefficient decision-making and conflicts.",
      "Missing key assumptions or constraints results in unforeseen challenges and project disruptions.",
      "Lack of formal authorization jeopardizes project legitimacy and stakeholder commitment."
    ],
    "worst_case_scenario": "The project lacks clear authorization and direction, leading to stakeholder conflicts, budget overruns, significant delays, and ultimately, project cancellation due to lack of support and resources.",
    "best_case_scenario": "The Project Charter provides a clear and concise framework for the Statue of Liberty relocation, securing stakeholder buy-in, enabling efficient decision-making, and ensuring the project stays on track and within budget, leading to a successful and impactful cultural exchange.",
    "fallback_alternative_approaches": [
      "Utilize a simplified project initiation document focusing on core objectives and stakeholders to gain initial approval, then expand into a full charter.",
      "Conduct a series of workshops with key stakeholders to collaboratively define project scope, objectives, and governance.",
      "Engage a project management consultant to facilitate the charter development process and ensure alignment with best practices.",
      "Develop a 'minimum viable charter' covering only the most critical elements (objectives, scope, budget) initially, and iterate on it as the project progresses."
    ]
  },
  {
    "id": "3411c4cf-f01b-49cd-97a4-c8fce5aa07eb",
    "document_name": "Risk Register",
    "description": "Central repository for identified project risks, their potential impact, likelihood, and mitigation strategies. Regularly updated throughout the project lifecycle. Informs contingency planning and decision-making. Includes technical, financial, environmental, social, and security risks.",
    "responsible_role_type": "Risk Management Specialist",
    "document_template_primary": "PMI Risk Register Template",
    "document_template_secondary": null,
    "steps_to_create": [
      "Identify potential project risks through brainstorming sessions and expert consultations.",
      "Assess the likelihood and impact of each risk.",
      "Develop mitigation strategies for high-priority risks.",
      "Assign risk owners and track mitigation progress.",
      "Regularly review and update the risk register."
    ],
    "approval_authorities": "Project Manager, Risk Management Specialist",
    "essential_information": [
      "Identify all potential risks associated with the Statue of Liberty relocation project, categorized by type (technical, financial, environmental, social, security, etc.).",
      "Assess the likelihood of each identified risk occurring (e.g., High, Medium, Low) using a defined scale.",
      "Evaluate the potential impact of each risk on the project's timeline, budget, and objectives (e.g., High, Medium, Low) using a defined scale.",
      "For each risk, define specific mitigation strategies to reduce its likelihood or impact.",
      "Assign a risk owner responsible for monitoring and implementing the mitigation strategies.",
      "Establish a risk priority score based on the likelihood and impact assessments to focus mitigation efforts.",
      "Document the current status of each risk (e.g., Open, In Progress, Closed) and the progress of mitigation efforts.",
      "Include a section detailing contingency plans to be implemented if mitigation strategies are not successful.",
      "Define triggers or warning signs that indicate a risk is becoming more likely or its impact is increasing.",
      "Specify the potential financial impact of each risk, including estimated cost overruns or losses.",
      "Requires access to the project plan, budget, timeline, and stakeholder analysis documents.",
      "Utilizes findings from the environmental impact assessment and geotechnical surveys.",
      "Based on input from engineering, construction, logistics, legal, and public relations teams."
    ],
    "risks_of_poor_quality": [
      "Failure to identify critical risks leads to unforeseen problems and project delays.",
      "Inaccurate risk assessments result in misallocation of resources and ineffective mitigation strategies.",
      "Lack of clear mitigation strategies increases the likelihood and impact of risks.",
      "Poorly defined risk ownership leads to inaction and accountability issues.",
      "An outdated risk register fails to reflect the current project status and emerging risks.",
      "Inadequate contingency plans leave the project vulnerable to significant disruptions.",
      "Insufficient detail on financial impacts hinders effective cost control and budget management."
    ],
    "worst_case_scenario": "A major, unmitigated risk (e.g., structural damage during transport) leads to project abandonment, significant financial losses, legal liabilities, and reputational damage for all involved parties.",
    "best_case_scenario": "Proactive risk identification and effective mitigation strategies minimize disruptions, keep the project on schedule and within budget, and enhance stakeholder confidence, leading to a successful and well-received Statue of Liberty relocation.",
    "fallback_alternative_approaches": [
      "Conduct a simplified risk assessment focusing only on the top 5-10 most critical risks.",
      "Utilize a pre-existing risk register template from a similar infrastructure project and adapt it.",
      "Schedule a focused workshop with key stakeholders to collaboratively identify and assess risks.",
      "Engage a risk management consultant to provide expert guidance and accelerate the risk assessment process.",
      "Develop a 'minimum viable risk register' covering only the most essential elements initially, with plans to expand it later."
    ]
  },
  {
    "id": "d0f81968-f8dc-4cbe-97a2-d44db011bc2a",
    "document_name": "Stakeholder Engagement Plan",
    "description": "Outlines strategies for engaging with stakeholders throughout the project lifecycle. Aims to build support, manage expectations, and address concerns. Includes specific actions for engaging with US and French government agencies, local communities, and the public.",
    "responsible_role_type": "Public Relations and Communications Director",
    "document_template_primary": "Stakeholder Engagement Plan Template",
    "document_template_secondary": null,
    "steps_to_create": [
      "Identify key stakeholders and their interests.",
      "Assess stakeholder influence and impact.",
      "Develop engagement strategies for each stakeholder group.",
      "Establish a process for managing stakeholder feedback.",
      "Track stakeholder engagement activities."
    ],
    "approval_authorities": "Project Manager, Public Relations and Communications Director",
    "essential_information": [
      "Identify all key stakeholders, categorizing them by influence, interest, and potential impact on the project (e.g., US/French government agencies, local communities, NGOs, private sector entities).",
      "Detail specific engagement strategies tailored to each stakeholder group, including communication channels, frequency, and key messages.",
      "Define a process for proactively identifying and addressing stakeholder concerns, including a feedback mechanism and escalation path.",
      "Outline methods for measuring the effectiveness of stakeholder engagement activities (e.g., surveys, sentiment analysis, participation rates).",
      "Specify roles and responsibilities for stakeholder engagement within the project team.",
      "Include a communication matrix detailing who communicates what, to whom, and when.",
      "Describe how stakeholder feedback will be incorporated into project decisions and adjustments.",
      "Detail strategies for managing potential conflicts between different stakeholder groups.",
      "Address how the engagement plan aligns with the project's overall Public Perception Management and Stakeholder Alignment Strategy levers.",
      "Requires access to the stakeholder list, communication preferences, and historical engagement data (if available)."
    ],
    "risks_of_poor_quality": [
      "Lack of stakeholder buy-in leading to project delays and increased costs.",
      "Public opposition and protests causing reputational damage and political obstacles.",
      "Miscommunication and misunderstandings resulting in conflicts and mistrust.",
      "Failure to address stakeholder concerns leading to legal challenges and regulatory hurdles.",
      "Ineffective engagement resulting in missed opportunities for collaboration and support."
    ],
    "worst_case_scenario": "Widespread public opposition and loss of government support leading to project cancellation and significant financial losses.",
    "best_case_scenario": "Strong stakeholder support and collaboration enabling smooth project execution, positive public perception, and successful completion within budget and timeline. Enables proactive management of potential issues and fosters a sense of shared ownership.",
    "fallback_alternative_approaches": [
      "Conduct a rapid stakeholder analysis workshop to identify key stakeholders and their concerns.",
      "Utilize a simplified communication plan focusing on essential stakeholders only.",
      "Adapt a pre-existing stakeholder engagement plan from a similar infrastructure project.",
      "Engage a consultant specializing in stakeholder engagement for large-scale projects."
    ]
  },
  {
    "id": "478a80bf-ea0e-4d15-92ff-6a7e6c7b3a35",
    "document_name": "High-Level Budget/Funding Framework",
    "description": "Outlines the overall project budget and funding sources. Provides a high-level overview of project costs and revenue streams. Includes government grants, private investment, and philanthropic contributions. Defines the process for managing project finances and tracking expenditures.",
    "responsible_role_type": "Financial Officer",
    "document_template_primary": "Project Budget Template",
    "document_template_secondary": null,
    "steps_to_create": [
      "Develop a detailed cost breakdown for each project phase.",
      "Identify potential funding sources.",
      "Establish a process for managing project finances.",
      "Track project expenditures and revenue.",
      "Develop a contingency fund for unforeseen expenses."
    ],
    "approval_authorities": "Project Manager, Financial Officer, US and French Government Representatives",
    "essential_information": [
      "What is the total estimated project cost, broken down by major phase (Planning, Disassembly, Transport, Reassembly, Finalization)?",
      "What are the specific funding sources (US Government, French Government, Private Investors, Philanthropic Donations) and the targeted amount from each?",
      "What are the key assumptions underlying the budget estimates (e.g., labor costs, material costs, transportation costs)?",
      "What is the contingency budget percentage and how will it be managed?",
      "What are the criteria for allocating funds to different project phases?",
      "What are the reporting requirements for tracking expenditures and revenue?",
      "What are the approval processes for budget revisions and change requests?",
      "What are the key financial performance indicators (KPIs) for the project (e.g., budget adherence, ROI)?",
      "What are the currency exchange rate risks and mitigation strategies?",
      "What are the administrative overhead costs associated with fundraising efforts?"
    ],
    "risks_of_poor_quality": [
      "Inaccurate cost estimates lead to budget overruns and project delays.",
      "Failure to secure sufficient funding results in project cancellation or scope reduction.",
      "Poor financial management leads to inefficient resource allocation and wasted funds.",
      "Lack of transparency in financial reporting erodes stakeholder trust and support.",
      "Inadequate contingency planning leaves the project vulnerable to unforeseen expenses."
    ],
    "worst_case_scenario": "The project runs out of funding mid-way through the relocation process, leaving the Statue of Liberty partially disassembled and causing significant financial losses, reputational damage, and strained international relations.",
    "best_case_scenario": "The document enables securing all necessary funding through a diversified model, ensuring the project is completed on time and within budget, fostering strong stakeholder relationships and maximizing the project's positive impact.",
    "fallback_alternative_approaches": [
      "Utilize a simplified budget template focusing on high-level cost categories initially.",
      "Conduct a phased funding approach, securing funding for each phase separately.",
      "Engage a financial consultant to develop a preliminary budget based on industry benchmarks.",
      "Focus on securing government funding first, then pursue private investment and philanthropic donations."
    ]
  },
  {
    "id": "e4933750-3540-4427-9bcf-823c86b6359a",
    "document_name": "Initial High-Level Schedule/Timeline",
    "description": "Provides a high-level overview of the project schedule and key milestones. Defines the project start and end dates, as well as the duration of each phase. Includes milestones for disassembly, transportation, and reassembly. Serves as a roadmap for project execution.",
    "responsible_role_type": "Project Manager",
    "document_template_primary": "Gantt Chart Template",
    "document_template_secondary": null,
    "steps_to_create": [
      "Define project phases and tasks.",
      "Estimate the duration of each task.",
      "Identify task dependencies.",
      "Develop a project schedule using project management software.",
      "Track project progress and update the schedule as needed."
    ],
    "approval_authorities": "Project Manager, Lead Engineer",
    "essential_information": [
      "What are the start and end dates for each project phase (Planning, Preparation, Transportation, Reinstallation)?",
      "What are the key milestones for each phase, including specific dates for disassembly completion, shipping commencement, arrival at Le Havre, start of Seine River transport, and reassembly completion?",
      "What is the estimated duration for each phase, expressed in months or weeks?",
      "Identify critical path activities that directly impact the project completion date.",
      "What are the dependencies between phases and milestones (e.g., 'Shipping cannot commence until Disassembly is complete')?",
      "What are the major deliverables expected at the end of each phase?",
      "What are the resource allocation assumptions for each phase (e.g., number of personnel, equipment availability)?",
      "What are the planned review and update cycles for the schedule (e.g., weekly, monthly)?",
      "What are the key assumptions underlying the schedule estimates (e.g., weather conditions, regulatory approval timelines)?"
    ],
    "risks_of_poor_quality": [
      "Unrealistic timelines lead to missed deadlines and project delays.",
      "Unclear dependencies result in inefficient resource allocation and task sequencing.",
      "Inaccurate duration estimates cause budget overruns and resource shortages.",
      "Lack of a critical path analysis prevents proactive management of potential delays.",
      "Insufficiently detailed schedule hinders effective monitoring and control of project progress.",
      "An outdated schedule leads to miscommunication and poor decision-making."
    ],
    "worst_case_scenario": "Significant delays across multiple phases due to inaccurate scheduling and unforeseen dependencies, leading to project abandonment, loss of funding, and reputational damage.",
    "best_case_scenario": "Provides a realistic and achievable roadmap, enabling proactive management of resources, timely completion of milestones, and successful relocation of the Statue of Liberty within budget and schedule. Enables early identification of potential delays and proactive mitigation strategies.",
    "fallback_alternative_approaches": [
      "Utilize a simplified milestone chart focusing only on major phase completion dates.",
      "Conduct a rapid planning session with key stakeholders to collaboratively define a high-level schedule.",
      "Adapt a similar project schedule from a comparable infrastructure relocation project.",
      "Develop a 'minimum viable schedule' covering only the first two phases (Planning and Preparation) in detail, with placeholder estimates for subsequent phases."
    ]
  },
  {
    "id": "7d406e3f-c0a4-4dfd-8031-6308d7a7089b",
    "document_name": "Structural Integrity Protocol",
    "description": "Framework outlining the methods and technologies used to disassemble, transport, and reassemble the Statue of Liberty while preserving its structural integrity. Defines acceptable risk levels and mitigation measures. Addresses material degradation and potential damage during each phase of the process. Intended audience: Engineering Team, Project Management.",
    "responsible_role_type": "Lead Structural Engineer",
    "document_template_primary": null,
    "document_template_secondary": null,
    "steps_to_create": [
      "Assess the statue's current structural condition.",
      "Identify potential stress points and vulnerabilities.",
      "Develop disassembly and reassembly procedures.",
      "Define acceptable risk levels and mitigation measures.",
      "Establish quality control procedures."
    ],
    "approval_authorities": "Lead Structural Engineer, Project Manager, Historical Preservation Consultant",
    "essential_information": [
      "What are the specific engineering standards and codes that must be adhered to during disassembly, transport, and reassembly?",
      "Detail the methodology for assessing the statue's current structural condition, including non-destructive testing methods.",
      "Identify all potential stress points and vulnerabilities of the statue during each phase (disassembly, transport, reassembly).",
      "Define the step-by-step disassembly and reassembly procedures, including detailed diagrams and specifications.",
      "What custom tooling and robotic systems will be required for precise disassembly and reassembly, and what are their specifications?",
      "Quantify acceptable risk levels for structural damage during each phase, including specific thresholds for material stress and deformation.",
      "Detail the risk mitigation measures to be implemented to minimize the potential for structural damage, including redundancy plans.",
      "Establish quality control procedures for each phase, including inspection points, acceptance criteria, and corrective actions.",
      "What are the material specifications for any replacement or repair components, ensuring compatibility with the original materials?",
      "Detail the plan for monitoring and addressing material degradation (e.g., corrosion) during the relocation process and in the long term.",
      "Requires access to the statue's original construction blueprints and historical documentation.",
      "Based on consultations with historical preservation experts regarding best practices for handling historical artifacts.",
      "Utilizes findings from the initial structural assessment report."
    ],
    "risks_of_poor_quality": [
      "Inadequate assessment of structural vulnerabilities leads to unforeseen damage during disassembly or transport.",
      "Unclear disassembly procedures result in inefficient operations and increased risk of component damage.",
      "Insufficient risk mitigation measures lead to structural failures and project delays.",
      "Lack of quality control results in undetected defects and compromised structural integrity.",
      "Failure to adhere to engineering standards leads to safety hazards and regulatory non-compliance.",
      "Inadequate planning for material degradation results in long-term structural instability."
    ],
    "worst_case_scenario": "Catastrophic structural failure of the Statue of Liberty during disassembly or transport, resulting in irreversible damage, project abandonment, significant financial losses, and international reputational damage.",
    "best_case_scenario": "Successful and safe disassembly, transport, and reassembly of the Statue of Liberty with minimal structural damage, ensuring its long-term preservation and enabling the project to proceed on schedule and within budget. Enables informed decisions regarding modular design and relocation logistics.",
    "fallback_alternative_approaches": [
      "Engage a specialized engineering firm with expertise in historical monument relocation to review and validate the protocol.",
      "Conduct a physical mock-up of the disassembly and reassembly process on a smaller scale to identify potential issues.",
      "Utilize a more conservative disassembly approach with larger, less complex modules to reduce the risk of damage, even if it increases transportation costs.",
      "Schedule a series of workshops with the engineering team and historical preservation consultants to collaboratively refine the protocol.",
      "Develop a simplified 'minimum viable protocol' focusing on the most critical structural elements initially, with subsequent phases addressing less critical aspects."
    ]
  },
  {
    "id": "9123e357-6a4f-41c9-bf46-e8159778b668",
    "document_name": "Modular Relocation Architecture Framework",
    "description": "Framework defining how the Statue of Liberty will be divided into modules for relocation. Specifies module size, complexity, and interconnectivity. Optimizes disassembly, shipping, and reassembly processes. Intended audience: Engineering Team, Logistics Team.",
    "responsible_role_type": "Lead Structural Engineer",
    "document_template_primary": null,
    "document_template_secondary": null,
    "steps_to_create": [
      "Assess the statue's geometry and material properties.",
      "Identify optimal module sizes and shapes.",
      "Develop a modular design that minimizes stress on the structure.",
      "Establish procedures for packing, shipping, and reassembling modules.",
      "Consider the impact of modularity on structural integrity."
    ],
    "approval_authorities": "Lead Structural Engineer, Project Manager, Logistics Coordinator",
    "essential_information": [
      "What are the specific criteria for determining module size (weight, dimensions, structural load limits)?",
      "Detail the proposed methods for disconnecting and reconnecting modules, including required tools and techniques.",
      "Quantify the impact of each modularization option on disassembly and reassembly time.",
      "Identify potential stress points and vulnerabilities introduced by the modular design.",
      "List the required equipment and resources for handling and transporting each module type.",
      "Describe the module numbering and tracking system to ensure correct reassembly sequence.",
      "What are the interface specifications between modules (e.g., connection types, tolerances)?",
      "Detail the impact of modularity on the statue's aesthetic appearance and historical authenticity.",
      "Requires input from the Structural Integrity Protocol document to ensure alignment on acceptable stress levels.",
      "Requires input from the Logistics Team on transportation constraints and capabilities.",
      "Requires input from the Stakeholder Alignment Strategy regarding public perception of modularity."
    ],
    "risks_of_poor_quality": [
      "Incompatible modules lead to delays and increased reassembly costs.",
      "Poorly designed modules compromise the statue's structural integrity.",
      "Inefficient module sizes increase transportation costs and logistical complexity.",
      "Lack of a clear tracking system results in lost or misplaced modules.",
      "Unclear interface specifications lead to connection problems during reassembly."
    ],
    "worst_case_scenario": "The statue is damaged during disassembly or reassembly due to poorly designed modules, leading to irreversible harm, project abandonment, and significant financial losses.",
    "best_case_scenario": "The framework enables efficient and safe disassembly, transport, and reassembly of the statue, minimizing damage and project delays. It provides clear guidelines for the engineering and logistics teams, ensuring a smooth and successful relocation. Enables go/no-go decision on the modular approach.",
    "fallback_alternative_approaches": [
      "Utilize a simpler, less modular approach with larger sections, focusing on minimizing the number of connections.",
      "Engage a structural engineering consultant to review and validate the modular design.",
      "Develop a prototype module to test the disassembly and reassembly process before finalizing the framework.",
      "Schedule a workshop with the Engineering and Logistics teams to collaboratively refine the modular design based on practical considerations."
    ]
  },
  {
    "id": "bd99dccc-6ee7-4f25-bd00-1fe193378d4c",
    "document_name": "Public Perception Management Strategy",
    "description": "Framework for shaping public opinion and managing the narrative surrounding the Statue of Liberty's relocation. Defines communication channels, messaging, and engagement strategies. Addresses potential concerns and builds support for the project. Intended audience: Public Relations Team, Project Management.",
    "responsible_role_type": "Public Relations and Communications Director",
    "document_template_primary": null,
    "document_template_secondary": null,
    "steps_to_create": [
      "Identify key stakeholders and their concerns.",
      "Develop key messages and communication channels.",
      "Establish a process for managing media inquiries.",
      "Develop a crisis communication plan.",
      "Monitor public sentiment and adjust communication strategies as needed."
    ],
    "approval_authorities": "Public Relations and Communications Director, Project Manager",
    "essential_information": [
      "Define the target audiences for public perception management (e.g., US public, French public, international community).",
      "Identify key messages that resonate with each target audience, emphasizing benefits like cultural exchange, economic impact, and engineering innovation.",
      "List all communication channels to be used (e.g., press releases, social media, public forums, virtual reality experiences).",
      "Detail the specific metrics for measuring public sentiment (e.g., social media sentiment analysis, public opinion polls, media coverage analysis).",
      "Outline a crisis communication plan to address potential negative events or misinformation.",
      "Define the process for proactively engaging with media outlets and influencers.",
      "Specify the budget allocated for public perception management activities.",
      "Identify potential sources of misinformation and develop strategies to counter them.",
      "Detail the plan for managing public forums and addressing concerns raised by the public.",
      "Describe how the strategy aligns with the Stakeholder Alignment Strategy and Funding Diversification Model.",
      "Requires access to stakeholder analysis, risk assessment, and communication plan documents."
    ],
    "risks_of_poor_quality": [
      "Negative public opinion leading to protests, legal challenges, and project delays.",
      "Damaged reputations for involved parties, hindering future projects.",
      "Loss of public and private funding due to lack of support.",
      "Increased security costs due to public unrest.",
      "Misinformation campaigns undermining project credibility."
    ],
    "worst_case_scenario": "Project cancellation due to widespread public opposition and loss of political support, resulting in significant financial losses and reputational damage.",
    "best_case_scenario": "High levels of public support and enthusiasm for the project, leading to increased funding opportunities, accelerated project timelines, and enhanced cultural exchange between the US and France. Enables smooth execution of the project with minimal public resistance.",
    "fallback_alternative_approaches": [
      "Utilize a pre-approved company template for public relations campaigns and adapt it to the project.",
      "Schedule a focused workshop with the Public Relations Team and Project Manager to collaboratively define key messages and communication channels.",
      "Engage a public relations consultant or subject matter expert for assistance in developing the strategy.",
      "Develop a simplified 'minimum viable strategy' focusing on essential communication channels and key messages initially."
    ]
  },
  {
    "id": "61dfee4c-e020-4aa4-9584-c1d80d1ef5e7",
    "document_name": "Operational Efficiency Protocol",
    "description": "Framework governing the methods used to execute the project's tasks. Defines the level of automation, the adoption of lean principles, and the reliance on traditional project management. Minimizes costs, reduces timelines, and improves overall productivity. Intended audience: Project Management, Engineering Team, Logistics Team.",
    "responsible_role_type": "Project Manager",
    "document_template_primary": null,
    "document_template_secondary": null,
    "steps_to_create": [
      "Identify opportunities for process improvement.",
      "Implement lean construction principles.",
      "Evaluate the feasibility of automation.",
      "Establish key performance indicators (KPIs).",
      "Track project progress and identify areas for improvement."
    ],
    "approval_authorities": "Project Manager, Lead Engineer, Logistics Coordinator",
    "essential_information": [
      "Define specific, measurable, achievable, relevant, and time-bound (SMART) KPIs for operational efficiency (e.g., reduction in material waste, decrease in project completion time, improvement in resource utilization rates).",
      "Detail the specific lean construction principles to be implemented (e.g., Just-in-Time delivery, Value Stream Mapping, 5S methodology).",
      "Identify potential areas for automation within the project, including specific tasks and equipment (e.g., robotic disassembly, automated material handling, AI-powered scheduling).",
      "Quantify the expected cost savings and timeline reductions resulting from the implementation of the Operational Efficiency Protocol.",
      "Describe the process for monitoring and tracking KPIs, including data collection methods, reporting frequency, and responsible parties.",
      "Outline the decision-making process for addressing deviations from planned efficiency targets.",
      "Detail the training programs required for project personnel to effectively implement and utilize the Operational Efficiency Protocol.",
      "Analyze the potential impact of the Operational Efficiency Protocol on stakeholder satisfaction and public perception.",
      "Requires access to the project budget, timeline, resource allocation plan, and stakeholder communication plan.",
      "Requires input from the Engineering Team, Construction Crew, and Logistics Specialists."
    ],
    "risks_of_poor_quality": [
      "Failure to achieve planned cost savings and timeline reductions, leading to budget overruns and project delays.",
      "Inefficient resource utilization, resulting in increased waste and environmental impact.",
      "Lack of stakeholder buy-in due to perceived negative impacts on job security or project quality.",
      "Inability to adapt to unforeseen challenges or changes in project scope, leading to operational bottlenecks.",
      "Compromised safety standards due to an overemphasis on efficiency.",
      "Increased risk of errors and rework due to inadequate training or monitoring."
    ],
    "worst_case_scenario": "The project experiences significant cost overruns and delays due to inefficient operations, leading to loss of funding, reputational damage, and potential project abandonment. Stakeholder dissatisfaction and public opposition further exacerbate the situation.",
    "best_case_scenario": "The Operational Efficiency Protocol enables the project to be completed on time and within budget, while minimizing waste and maximizing resource utilization. This results in increased stakeholder satisfaction, positive public perception, and a successful relocation of the Statue of Liberty. The project serves as a model for future large-scale infrastructure projects.",
    "fallback_alternative_approaches": [
      "Utilize a pre-approved company template for operational efficiency protocols and adapt it to the specific needs of the project.",
      "Schedule a focused workshop with the Project Management Team, Engineering Team, and Logistics Specialists to collaboratively define efficiency targets and implementation strategies.",
      "Engage a lean construction consultant or subject matter expert for assistance in developing and implementing the Operational Efficiency Protocol.",
      "Develop a simplified 'minimum viable protocol' covering only critical elements initially, with plans to expand its scope as the project progresses.",
      "Prioritize readily available and easily implementable efficiency measures over more complex or innovative approaches."
    ]
  },
  {
    "id": "c8c4b72f-2f3a-413a-9a81-fda3f13025ff",
    "document_name": "Contingency and Risk Mitigation Plan",
    "description": "Framework for identifying, assessing, and mitigating potential risks and disruptions to the project. Defines the level of preparedness, redundancy, and financial reserves. Minimizes the impact of unforeseen events and ensures project success. Intended audience: Project Management, Risk Management Specialist.",
    "responsible_role_type": "Risk Management Specialist",
    "document_template_primary": null,
    "document_template_secondary": null,
    "steps_to_create": [
      "Identify potential project risks.",
      "Assess the likelihood and impact of each risk.",
      "Develop mitigation strategies for high-priority risks.",
      "Establish contingency plans for when mitigation efforts fail.",
      "Allocate financial reserves to cover potential losses."
    ],
    "approval_authorities": "Risk Management Specialist, Project Manager, Financial Officer",
    "essential_information": [
      "Identify all potential risks to the Statue of Liberty relocation project, categorized by impact area (e.g., technical, financial, environmental, social, operational, supply chain, security, international relations).",
      "Quantify the likelihood (probability) and potential impact (financial cost, schedule delay, reputational damage) of each identified risk using a consistent scoring system.",
      "Develop specific, actionable mitigation strategies for each high-priority risk (e.g., regulatory hurdles, statue damage, financial overruns), detailing responsible parties and timelines.",
      "Define trigger points or early warning indicators that will activate contingency plans.",
      "Detail specific contingency plans for each high-priority risk, outlining alternative actions, resource allocation, and decision-making processes.",
      "Determine the required financial reserves (contingency budget) based on the assessed risk exposure and potential cost of mitigation and contingency actions.",
      "Establish a process for regularly reviewing and updating the risk assessment and mitigation plans throughout the project lifecycle.",
      "Define the roles and responsibilities of the Risk Management Specialist, Project Manager, and Financial Officer in the risk management process.",
      "Include a communication plan for disseminating risk information to relevant stakeholders.",
      "Detail the process for escalating risks to senior management when necessary.",
      "Specify the criteria for determining when a risk is considered closed or resolved.",
      "Requires access to the project's risk register, budget, schedule, and stakeholder communication plan.",
      "Utilizes findings from the 'Identify Risks' section of the assumptions.md file."
    ],
    "risks_of_poor_quality": [
      "Failure to identify critical risks leads to unforeseen problems and project delays.",
      "Inadequate mitigation strategies result in increased costs and potential project failure.",
      "Insufficient financial reserves leave the project vulnerable to cost overruns.",
      "Lack of clear contingency plans causes confusion and delays in responding to unforeseen events.",
      "Poor communication of risk information leads to stakeholder misalignment and distrust.",
      "An outdated or incomplete risk assessment results in ineffective risk management."
    ],
    "worst_case_scenario": "A major unforeseen event (e.g., significant damage to the Statue of Liberty during transport, a major cyberattack, or a black swan regulatory hurdle) occurs, leading to project abandonment, substantial financial losses, legal liabilities, and severe reputational damage for all involved parties.",
    "best_case_scenario": "The project proactively identifies and effectively mitigates all major risks, ensuring smooth execution, adherence to budget and timeline, positive stakeholder relations, and successful relocation of the Statue of Liberty. This enables the project to serve as a model for future large-scale infrastructure projects and enhances the reputations of all involved organizations.",
    "fallback_alternative_approaches": [
      "Utilize a pre-existing risk management framework (e.g., ISO 31000) and adapt it to the specific project context.",
      "Conduct a series of focused workshops with key stakeholders to identify and assess risks collaboratively.",
      "Engage a risk management consultant to provide expert guidance and support.",
      "Develop a simplified 'top 10 risks' plan focusing on the most critical threats initially, with a plan to expand the scope later.",
      "Use historical data from similar infrastructure projects to inform the risk assessment process."
    ]
  },
  {
    "id": "47464301-8e30-4fd8-904b-2be47686039f",
    "document_name": "Current State Assessment of Statue of Liberty Structural Integrity",
    "description": "Report detailing the current structural condition of the Statue of Liberty prior to any disassembly or relocation activities. Includes detailed engineering assessments, material analysis, and 3D scanning data. Serves as a baseline for monitoring structural changes during the project. Intended audience: Engineering Team, Historical Preservation Consultant.",
    "responsible_role_type": "Lead Structural Engineer",
    "document_template_primary": null,
    "document_template_secondary": null,
    "steps_to_create": [
      "Conduct detailed engineering assessments of the statue's structure.",
      "Perform material analysis to assess material degradation.",
      "Create a 3D scan of the statue to capture its current geometry.",
      "Document all findings in a comprehensive report.",
      "Obtain review and approval from the Historical Preservation Consultant."
    ],
    "approval_authorities": "Lead Structural Engineer, Historical Preservation Consultant",
    "essential_information": [
      "What is the current condition of the Statue of Liberty's structural components (e.g., iron pylon, copper skin, internal framework)?",
      "Identify and quantify any existing structural defects, corrosion, or material degradation.",
      "Provide a detailed analysis of the statue's stability and load-bearing capacity under various environmental conditions.",
      "Generate a high-resolution 3D model of the statue, capturing its precise geometry and surface details.",
      "Document the methodology and equipment used for the structural assessments, material analysis, and 3D scanning.",
      "What are the critical areas of concern that require special attention during disassembly and relocation?",
      "What are the material properties of the copper skin, iron pylon, and other structural elements?",
      "Requires access to historical records of the statue's construction and maintenance.",
      "Requires collaboration with the Historical Preservation Consultant to ensure alignment with preservation standards.",
      "Detail the current state of the statue's foundation and its interaction with Liberty Island.",
      "Quantify the existing stresses and strains on the statue's structure using finite element analysis.",
      "List all relevant engineering standards and codes used in the assessment."
    ],
    "risks_of_poor_quality": [
      "Inaccurate assessment leads to unforeseen structural failures during disassembly or transport.",
      "Underestimation of material degradation results in increased repair costs and project delays.",
      "Failure to identify critical structural weaknesses compromises the statue's long-term stability.",
      "Inadequate baseline data makes it difficult to monitor structural changes during the project.",
      "Misinterpretation of engineering data leads to incorrect decisions regarding disassembly methods.",
      "Lack of a comprehensive 3D model hinders the planning and execution of the relocation process."
    ],
    "worst_case_scenario": "Catastrophic structural failure during disassembly or transport due to undetected weaknesses, resulting in irreversible damage to the Statue of Liberty and project abandonment.",
    "best_case_scenario": "Provides a comprehensive and accurate baseline assessment of the statue's structural integrity, enabling informed decisions regarding disassembly, transport, and reassembly, minimizing risks and ensuring the statue's long-term preservation. Enables go/no-go decision on disassembly.",
    "fallback_alternative_approaches": [
      "Conduct a simplified visual inspection focusing on readily accessible areas of the statue.",
      "Utilize existing historical data and engineering reports to estimate the statue's current structural condition.",
      "Engage a structural engineering firm to perform a limited scope assessment based on available resources.",
      "Develop a 'minimum viable assessment' focusing on the most critical structural components."
    ]
  }
]