Level 1;Level 2;Level 3;Level 4;Task ID
Liberty Relocation;;;;cf7958ff-1c14-4638-a647-f072a4ac9184
;Project Initiation & Planning;;;0b86fcf9-bec8-408e-b86b-84d1b60cc507
;;Define Project Scope and Objectives;;1dfd7269-2df0-4db1-b7e6-17da09d795fa
;;;Identify Stakeholders and Their Needs;06347325-95e5-48d4-b091-cea50811b668
;;;Define Project Deliverables and Acceptance Criteria;8a5274a7-0144-4f4e-9368-5c5063b89d88
;;;Document Project Scope Statement;25f95ca7-c9df-4946-8e03-3042f249f963
;;;Establish Scope Change Management Process;a2760c77-65e1-43f6-95e4-10be67cd03e2
;;Conduct Feasibility Study;;3e15844f-93f4-44e8-b4e2-384ab6898d74
;;;Market Analysis and Demand Forecast;f2c50d9e-fc3a-4208-bf4b-dcd9d6548d31
;;;Cost-Benefit Analysis;987fa143-bdd4-44f9-84b6-47e19b3ff5cc
;;;Risk Assessment and Mitigation;f711fbc3-5c03-4f84-ae8e-96d6df987d05
;;;Regulatory and Legal Review;94028998-0faa-4c6e-aa28-3a827d67c11d
;;Develop Project Management Plan;;8516b0b2-b2c7-44ff-bf64-8561554900e2
;;;Define Project Management Methodology;a0ba72d7-bc4e-41b0-8815-350633b5d690
;;;Develop Communication Management Plan;7e19f796-a170-4b23-84e2-ccb35d58c006
;;;Create Risk Management Plan;bcf69413-2681-4004-ace2-6e8892edc954
;;;Establish Change Management Process;0212b8e0-b911-4d18-a94f-c06299e74c50
;;;Define Resource Management Strategy;329d7aba-d9e4-424a-a4e2-ccf3040c19eb
;;Establish Project Governance Structure;;1cabfa18-5c1e-4567-943d-2a59e32c078d
;;;Define Roles and Responsibilities;55275c0d-420f-4550-b396-5351d7153c68
;;;Establish Decision-Making Framework;ec548243-6162-45bb-823f-170120be79b5
;;;Create Communication Channels;61ef7e61-08b8-4b15-8df2-31a85fe465ff
;;;Document Governance Procedures;8e3e7127-814d-4648-853b-ba15309ad00b
;;Secure Initial Funding;;665c5674-5671-4cc3-8edd-65771dbcb0ab
;;;Identify Funding Sources;841aee77-2799-4ce2-96d0-a1f17081528b
;;;Prepare Funding Proposals;a288ebc7-319c-4a90-a3d6-76dfe3e445ba
;;;Engage with Potential Funders;a062b7a1-c7ff-444c-ae31-271684844703
;;;Negotiate Funding Agreements;30534d40-26d6-45ca-ad71-61c8013142a8
;;;Secure Funding Commitments;bc9af848-4018-4c59-98ea-fba5055fece7
;Regulatory Approvals & Permitting;;;f2a244ef-41d5-4755-98cd-fabc0bbefacc
;;Identify Required Permits and Approvals (US);;860e747e-07a7-419c-996a-c07132c3acc4
;;;Identify Federal Permits and Approvals;f6cf7246-92ab-4e47-afc0-fd3c167e87de
;;;Identify State Permits and Approvals (NY/NJ);ef56a6ff-6abe-4c72-9fb5-9dd1d62c6dbe
;;;Identify Local Permits and Approvals (NYC);84ea7e15-850c-4473-9855-a5036f5f88ca
;;;Document US Regulatory Compliance Strategy;0c7d49b9-8ade-4d1d-b999-f1b2052d8cb4
;;Identify Required Permits and Approvals (France);;e95341a1-6143-415d-9990-3dfd6165e664
;;;Research French permitting authorities;40754363-2e0d-443b-803f-c29898a79d6e
;;;Translate US documents into French;47d8f060-d6f3-412c-8d30-12ccb8ff888b
;;;Consult with French legal experts;1cf20bea-5cd2-4363-813c-aa792dc1c366
;;;Prepare initial permit application drafts;6551c126-7b7f-43e3-89fd-a3c7114065ee
;;Prepare Permit Applications (US);;c67ba184-c135-4d6a-a560-781db6bc9bee
;;;Gather US disassembly permit requirements;b99b49fa-a43b-4758-b41e-2f69d29cb569
;;;Compile Statue of Liberty documentation;4e85f547-1bf2-4e15-a094-f30dbe186bf9
;;;Draft US disassembly permit application;61ae12eb-9ce9-4df5-82d1-fd6afccccb62
;;;Review application with US legal team;cbbcfc39-19cd-4c71-bf3a-7eb782718997
;;Prepare Permit Applications (France);;9caa0807-3ad5-4b9d-a56e-2fd7093b5257
;;;Gather US regulatory requirements;1802f11f-3809-4af5-9ccf-4052a245d411
;;;Prepare disassembly permit application;3a89e940-1ed5-499d-b828-d8b953683881
;;;Prepare transport permit application;785bc52e-f0df-4d1b-818b-8fa74f08b003
;;;Submit and track US permit applications;194fe370-cb89-42f2-ad37-26c7fc0111f2
;;Obtain Necessary Permits and Approvals;;78d4c6a8-bed2-4f89-bcfc-a8eca7726b3c
;;;Finalize US permit applications;feb405bc-6df5-4ce9-99ca-109cc02664e4
;;;Finalize French permit applications;7f245c2c-e40c-41a6-ab88-47f02925f80b
;;;Submit US permit applications;711c0722-61f3-4357-9911-c3b08f6034fb
;;;Submit French permit applications;d616da02-811b-40ab-9ecb-659bfd3af8af
;;;Track permit approval progress;ce15234e-dfc3-42b9-bf97-b19bf05e5309
;Engineering & Design;;;1a8558bc-39b1-485e-9259-5fe95d5b6e91
;;Conduct Structural Integrity Assessment;;7125a790-b70e-497a-b087-53d975f0af9f
;;;Review Existing Documentation;25461b49-c4b1-4d04-ad9d-7b147d5fa7cd
;;;Non-Destructive Testing (NDT);eaf4fdbc-9745-49a0-ab28-0286332d9198
;;;3D Laser Scanning;145be5e7-e97b-489b-b6e6-e7d0987981d3
;;;Material Sample Analysis;6e7d183e-5d0a-4cde-9f0f-d797c111a1e8
;;;Finite Element Analysis (FEA);f0924845-499f-448c-bfa0-c177969b8915
;;Develop Disassembly Plan;;59405f00-3f2c-4f1f-b1b4-fc779f7c158b
;;;Detailed Disassembly Procedure Development;11919e31-9985-439d-92bb-1d9caf4a3983
;;;Component Mapping and Labeling System;1ff0faf5-559a-4230-92f9-d141d283748d
;;;Specialized Tooling and Equipment Procurement;42f7c6db-655e-4d5c-942e-bb8b1fbb8497
;;;Disassembly Site Preparation and Safety;ff3fe471-b385-49a3-b15b-3bcbb0fbb485
;;;Simulate Disassembly Process;068b783f-98e3-4892-a766-f0d951933a74
;;Design Modular Relocation Architecture;;36eb1c9e-bc44-4a05-9ed3-533fc40b9665
;;;Define Modular Component Interfaces;1e284e62-86d4-4722-8cc5-7305e6975ad5
;;;Optimize Module Size and Weight;a6ca5a13-49f2-4bdf-aded-a2ce53354fc7
;;;Simulate Module Assembly Scenarios;44934737-8423-4fdd-bb82-093256b7396d
;;;Design for Environmental Conditions;631fe0d9-4d90-4383-92d7-99b5dc930e62
;;;Incorporate Historical Preservation Requirements;293448f6-d251-4143-a8a2-9e79a82d57a5
;;Design New Pedestal (Île aux Cygnes);;5f8ca534-3df2-450d-ab1f-1902a460ae70
;;;Geotechnical Survey of Île aux Cygnes;d7a90ec6-5759-4c45-8c5a-c9155a242e67
;;;Conceptual Pedestal Design & Schematics;89e4b0db-5ae5-47e3-8d57-76cdb6031abf
;;;Regulatory Consultation for Pedestal Design;16bb5cfe-3a69-4001-bc62-c167ba37afd1
;;;Detailed Pedestal Engineering & Modeling;f6e7fee3-dc43-4339-a01c-7d6d7e327895
;;;Pedestal Material Sourcing & Procurement;0edbf8cf-7333-48b9-9296-54d8a2fba0a1
;;Develop Reassembly Plan;;4044b047-50bf-43b8-a5e1-11add5c06769
;;;Prepare Reassembly Site Logistics Plan;384aef5c-db8f-4df4-9cc5-904722e3dff7
;;;Verify Component Integrity Before Reassembly;d0682ab9-e74a-429b-9c78-b425c1f08fff
;;;Execute Modular Reassembly Sequence;1af7d324-20d4-428e-8ad7-cbbe4bfded09
;;;Install Internal Support Structure;6f593ec7-1903-4241-8091-c43bf75bb84e
;;;Apply Protective Coatings and Finishes;628b3b89-5c3d-453f-a607-f803bdc72dbc
;Disassembly & Transport;;;67b4ab10-203f-4aaf-b285-9b161c121888
;;Prepare Statue of Liberty for Disassembly;;23497335-61a7-4ee2-b3c3-d947f7d16f1e
;;;Hazardous Material Assessment;87f7dadb-9073-4aa4-ae55-990c1c413900
;;;Structural Reinforcement Planning;62eef586-9a2a-4744-b56e-a02a1fcfe498
;;;Equipment and Personnel Procurement;40743bff-6614-438e-a0b8-b5abccc3f2f3
;;;Develop Disassembly Procedures;66df004d-72b4-4a11-9dd8-a870bf425b55
;;;Establish Site Safety Protocols;22708c33-130f-43f7-a58c-fe72f93f2401
;;Disassemble Statue of Liberty;;13833950-04e7-4f8c-9c8a-7fe3c72d0241
;;;Prepare Disassembly Site;39ab5e02-0044-4f0d-8a68-b96ccc7f961e
;;;Document Disassembly Process;86a1b563-7672-4ec0-9798-dafa5c899928
;;;Detach Exterior Copper Sheathing;600b5710-adc4-4291-af5c-15e10359e337
;;;Dismantle Internal Iron Framework;46bd42fa-2b43-4560-bfa5-6ea91794f048
;;;Preserve and Protect Components;b051ecf4-7f15-411f-b38a-5f9a376db2ab
;;Pack and Load Modules for Transport;;2999abbe-242b-4d88-90e8-d98528e81758
;;;Prepare module packing plans;91eaf05c-7854-44ed-b007-2e666c7ead40
;;;Procure packing materials;0b797ce6-dbfc-41d2-85d8-952c1709e0aa
;;;Pack modules securely;03ebac10-ad9e-4bb0-a21d-bfe4e39ab128
;;;Load modules onto transport;5b626051-0888-4008-9061-153214d0f651
;;;Secure modules for transport;094b1e01-5a91-4d58-8174-f322854a4eda
;;Transport Modules to Le Havre;;626146c9-72e9-4d1c-9094-fbba4a09c364
;;;Secure Berth at Port of Le Havre;a57be515-bca2-4dd1-b379-f7fce219af0d
;;;Prepare Customs Documentation for France;8f5c9fdb-77ba-49aa-b739-fe834ee577a1
;;;Coordinate Offloading with Le Havre Port;e2de2cfc-dd4b-4c0e-8b42-49840ee57414
;;;Arrange Temporary Storage at Le Havre;2abc31fe-2399-4655-b159-4f153ba0b569
;;Transport Modules to Île aux Cygnes;;ea328ed4-11df-46e9-9237-886b3c26c371
;;;Seine River Hydrographic Survey;7d961c04-a605-4574-bdd8-8e6ffac02a51
;;;Seine River Route Risk Assessment;a201bbbb-6c29-4615-bd50-65ff43cac801
;;;Secure Seine River Navigation Permits;00f6660f-05bf-4116-af0d-9268f6dc0b3f
;;;Prepare Transport Vessels for Seine;1d29a248-71a7-47ec-9c88-ccaf6948b794
;;;Coordinate Seine River Traffic Control;f291801d-9b62-4b5e-aa3b-c20887ec1fd4
;Reassembly & Construction;;;99d93c9b-1a39-4f64-b507-dc4459cc5d3a
;;Prepare Île aux Cygnes Site;;522640d2-f771-447c-98d7-1cae21c1a1c7
;;;Geotechnical Survey of Île aux Cygnes;f312fb94-b31c-4c8c-9af0-87010e963120
;;;Environmental Impact Assessment;a8c3a051-91da-4091-834e-a6d75501e34a
;;;Archaeological Survey and Clearance;6476bbc4-1fb4-4abf-843d-51e9595a1590
;;;Site Clearing and Leveling;548841de-e559-45ff-b55d-bdcccf920b36
;;;Establish Site Security and Access;e008856a-1b1a-4f90-909d-794575ec9df7
;;Construct New Pedestal;;46e54cdc-e72c-4210-9f77-5646a753d038
;;;Geotechnical Survey of Île aux Cygnes;f919cf8c-b974-4a67-a3f5-5aa5419ea772
;;;Design Pedestal Foundation;1e25dfcf-96dd-4e3d-b0b7-637a2050b2a3
;;;Procure Construction Materials;82a89774-25a1-46b0-9358-f31eadd1df0e
;;;Construct Pedestal Structure;7e40fb3a-8d7c-4fdd-9744-de376ed15fae
;;;Install Utilities and Infrastructure;7d26a2f8-b14e-40fb-abfa-253cfd587d84
;;Reassemble Statue of Liberty;;11c777fb-e757-448f-8d5b-296b8726b330
;;;Prepare base for statue sections;ed02a4be-ee71-4036-bbf9-7151f595f93a
;;;Lift and position statue sections;aec1266e-0692-48c2-a41a-9b40c33faf16
;;;Permanently fasten statue sections;cd5a02fc-748c-4c19-85d7-6ecbf023f272
;;;Install internal support structure;705b0700-ec59-4645-8c32-adea9bd77cf5
;;;Apply final protective coatings;e9afc745-5ee0-4eaf-8168-7e696a1ade79
;;Conduct Final Inspections;;182f8897-0a99-4d22-b15d-157c977af11f
;;;Prepare Statue Sections for Lifting;8ed10e03-1112-418f-89bc-947d8210d3c0
;;;Crane Positioning and Setup;b5019413-b2a7-4b4a-8503-db4c956c2f70
;;;Align and Secure Statue Sections;e36287c5-291f-4979-b77f-fd84bff5d134
;;;Install Internal Support Structures;2dce3280-ecda-497e-abc8-a8e237580ebb
;;Public Unveiling;;f071a1e1-b819-4510-b7fd-4367d97134c0
;;;Finalize Event Logistics;be6a59d8-f71f-43a2-8bc7-0acf1c9fd14c
;;;Coordinate Media Coverage;33621fab-724a-42f1-ad50-1b7a4b54e14a
;;;Manage Guest Invitations;9df61c57-0a51-467a-a6dd-d454f3968f64
;;;Secure Necessary Permits;d75c5744-3c7e-4f4b-8c6e-1726a9cb2533
;Stakeholder Engagement & Communication;;;91ec8cfe-0fba-4e1e-847b-27da310d05bb
;;Develop Communication Plan;;2d90d44e-c714-4c06-9540-128b4b88716e
;;;Identify Key Stakeholders;cc10d729-5548-44fc-b960-9d8ed2b53697
;;;Define Communication Objectives;fb3c95d1-d2ac-43b4-828e-11befb63714b
;;;Select Communication Channels;9bfe492d-96e0-4aa4-8f4c-6640862d28d2
;;;Establish Feedback Mechanisms;03eef2a5-4859-4428-a242-fc51bd6d739d
;;Engage with US Stakeholders;;160ea75a-d488-4c00-a6ad-3eff13040ba7
;;;Identify US Stakeholders;30f3dd86-bd91-417d-b36f-f855a1e746f6
;;;Assess US Stakeholder Interests;bc0aecba-6434-4154-aabb-a7f35bc8c979
;;;Develop US Engagement Strategy;2af20bb7-8264-463f-9cce-23e4077bb633
;;;Conduct US Stakeholder Meetings;29e6ef0c-eada-4c30-945b-7369434b089e
;;Engage with French Stakeholders;;ac0cfae0-a1dc-43ee-84d6-3d731acbd02e
;;;Identify Key French Stakeholders;e270d27b-0dde-4487-bf87-e2a7b2fd1785
;;;Translate Project Materials to French;a7c486cd-61f0-4ec9-a9e5-404aa5a13677
;;;Establish French Communication Channels;7b73ca7a-e8e9-4a48-b2fb-5b4a819bf9be
;;;Conduct French Stakeholder Meetings;25d35bb1-9ecd-4827-a790-8f6495a26bf7
;;;Address French Stakeholder Concerns;98fa9f21-e3b3-4c1e-a93f-100f53db653a
;;Manage Public Relations;;d99eca3a-7cbf-485a-b21d-1853a47d1738
;;;Monitor media coverage and sentiment;d6fa97f2-d6b6-4ee6-a208-b93c3dced9d2
;;;Develop proactive media relations strategy;079e69fd-6652-4536-855a-5f2830f8ddd2
;;;Manage crisis communication effectively;b395ad32-77a8-4bf5-8e0f-99c721a18ea2
;;;Engage with community and address concerns;374a6631-37c1-40f2-b123-59d16fcc4910
;;;Prepare communication materials and messaging;c45ac5e9-5735-45b4-aeb4-67ebb760f76c
;;Address Stakeholder Concerns;;b0117e28-edc7-4a64-97bf-710ca09d2552
;;;Identify Key Stakeholder Concerns;27bff1fe-6a01-4518-a4bd-3797a7bc21a1
;;;Develop Targeted Communication Strategies;43674a63-3a00-47c3-a1df-ae80c3d554ce
;;;Implement Proactive Engagement Activities;6f299b04-25d2-4a7b-99a2-77fd7c9a4369
;;;Monitor and Evaluate Engagement Effectiveness;bba4eb75-99ab-4049-a8c9-5cd8d56d0fb4
;;;Adjust Strategies Based on Feedback;496ec1f9-09c1-415f-b8b4-112359cd726c
;Risk Management & Contingency Planning;;;e4a168fd-d1ca-4ac0-b579-c27d9735c4fd
;;Identify Potential Risks;;32e6c13a-7f42-461d-bef3-6cffd341d3df
;;;Brainstorm potential risks;593f0522-79d8-4fd1-bc8c-5df34fdbd19c
;;;Review historical project data;714d00d4-8062-4b0c-9653-99e215b1cc3d
;;;Conduct expert interviews;7691142c-6f34-431d-aa62-44bfbfc4b6f6
;;;Perform environmental scan;b1e758fa-df2f-47c9-ac70-3bf9db7bc3d5
;;Assess Risk Impact and Probability;;9aed501b-4bae-4029-99e1-e8e8c4930989
;;;Define Risk Assessment Criteria;d953e07a-25d1-4510-b93a-6458a94aa83a
;;;Gather Historical Project Data;f0fe7027-43c9-4457-bad5-c76dddc4f5ff
;;;Conduct Risk Workshops;0c88ffeb-83e2-4ab2-a0f5-34dd4e3e9826
;;;Document Risk Assessment Results;16ba81f9-7e2f-4b2d-9e58-571760b05f91
;;Develop Mitigation Strategies;;d94417c1-23e8-4751-b634-7657e58e9a25
;;;Define Mitigation Action Items;abc09eaf-b26f-4e81-8c56-0b60146c4861
;;;Prioritize Mitigation Strategies;fcf9b93f-dc61-4a45-8867-c02230e1ea6d
;;;Document Mitigation Plans;b06c85cd-8f52-4d62-a031-2cb4dc6532c3
;;;Allocate Resources for Mitigation;dc3aa9a9-782a-4eed-8bd3-f2760b164749
;;Establish Contingency Plans;;1d405cc1-3842-447f-9892-857c96af2294
;;;Define Contingency Activation Criteria;5126bfcc-6149-4e2a-a883-f6e19cd896a5
;;;Allocate Contingency Resources;83b2b585-bfdc-44c1-afd2-266f7770008a
;;;Document Contingency Procedures;81302f7a-29d7-4cc4-915f-9866973feb08
;;;Test Contingency Plan Feasibility;491e7f95-ac50-41b9-bad3-86e48fc10516
;;Monitor and Control Risks;;8a885ec1-7855-4c5d-bd8a-e3a20c67bbc8
;;;Track Risk Metrics;0142002b-51af-4a8b-a5dc-c0c87648e05f
;;;Communicate Risk Status;30da7979-fdca-4bb1-bd2e-1feb611ad534
;;;Respond to Emerging Risks;2764e29b-642e-4bf9-aa3c-fc7db1f3160b
;;;Conduct Periodic Risk Reviews;6de024c6-bf80-4d93-a106-4c13595fc6cd
;Project Closure;;;ce8471ac-2a9b-4684-bbde-0d42888d7919
;;Final Project Review;;e3a96e3a-e6dc-49d9-9aed-f69ade83883b
;;;Gather project documentation and data;e50f3d23-68f2-4d79-8c55-47351f749600
;;;Conduct team member interviews;01bb16e7-81b7-457c-a747-c88e7fd94c54
;;;Analyze project performance metrics;d654c0b3-1243-4e70-b06c-661c8fe2b46b
;;;Draft lessons learned report;0158f0c8-8a9e-4483-aeec-5d85b9f4abc4
;;Obtain Final Acceptance;;6b481ca3-73ab-4ea2-b0d8-710784170b64
;;;Verify Completion Criteria;ce4f9b76-957b-4edc-b02b-e102b37d402a
;;;Schedule Acceptance Meeting;7705a5b4-b86d-444e-ad95-e51dfbd040d6
;;;Address Outstanding Issues;79a7562f-cd98-4ec3-b0fa-f58878a3d7c1
;;;Obtain Formal Sign-Off;b86eb5a5-308f-434e-95fc-a4ef8dcdebe3
;;Document Lessons Learned;;9e2e4786-7fd1-4779-aff9-10355e2925be
;;;Schedule lessons learned meetings;697b6b4a-a27a-4355-87f5-c3aa6bfd37dd
;;;Prepare lessons learned template;adfd7641-d14d-4c61-be9e-4e2bad77625f
;;;Conduct lessons learned sessions;8e689c1c-628e-488b-81fe-32510f86b894
;;;Document and categorize lessons learned;ee9152bd-3846-4299-816a-213598e4ca93
;;;Share lessons learned with organization;51e70de8-f041-4829-bc78-06728fec45a3
;;Archive Project Records;;bc427af7-51bc-4312-914f-65d2799ca60a
;;;Identify Archiving Requirements;d89c6e83-175f-4a52-9bd0-5a18f56d29a5
;;;Select Archiving System;7c37a34e-0721-46c4-b291-baf8dcea268b
;;;Prepare Records for Archiving;184e782d-23c9-4a8b-bc66-2143e971150e
;;;Transfer Records to Archive;cb39d6d4-cf07-420a-946b-4a9da4519726
;;;Verify Archive Accessibility;e9a0dbea-385d-4f5c-b584-a392a36b3cc8
;;Release Project Resources;;58ae7b10-27e8-4f5a-8cd9-b448516a1ff3
;;;Identify Available Project Resources;061aa798-4dfb-4758-ac1c-eceab02a5b5f
;;;Reassign Personnel to New Projects;bc9b7a97-9fe3-4f0d-acc8-0b358d16b8c6
;;;Return Equipment and Materials;1b0debcb-bf30-45d0-a9a2-1d48f4aa04e6
;;;Update Resource Allocation Records;a3262ffc-ef0f-4c61-aa0e-17b30af64e31