Level 1;Level 2;Level 3;Level 4;Task ID
Conner Locate;;;;869ea91a-7106-47e0-b994-2191558ee434
;Project Initiation and Planning;;;f09c5af7-041c-4113-9847-3e45ec3d9b8e
;;Define Project Scope and Objectives;;8ff3c85b-0b31-41fb-bf71-e2aa1dc06a4c
;;;Identify Key Stakeholders;b79c37e6-12a3-412f-a2a5-62e7831326dc
;;;Gather Initial Requirements;f02596ba-f1b0-45ab-857c-ab03d4bdd06d
;;;Document Project Objectives;0e2d9b7b-3fa3-45bf-9719-d16bdac8a278
;;;Define Project Scope Boundaries;d561c546-acfa-4f8c-a558-849b52287e0d
;;Establish Project Governance and Stakeholders;;1dc50e62-3bd0-4606-be00-69891ee95c15
;;;Identify Key Stakeholders and Their Roles;51512eb1-e3f6-4cfa-b922-97de55c0e61c
;;;Define Communication Plan and Protocols;28d43f55-e3c9-4046-ac57-a0ec8762b7d0
;;;Establish Decision-Making Process and Authority;2e5083a9-4e55-4ab0-bff1-1bf6ddbeded9
;;;Develop Stakeholder Engagement Strategy;3b7fcd23-36d1-453c-a772-13aadde50d50
;;Develop Resource Allocation Strategy;;f30ec1bf-f218-423f-9b00-639feeccae25
;;;Identify required resources and quantities;7d4e5738-1da9-4425-b98d-39ddeefa512e
;;;Assess current resource availability;101526fc-afd0-4627-b6d9-179fd305b7f5
;;;Prioritize resource allocation based on needs;8fcc6863-32f9-42b0-a783-32d94bdd2d74
;;;Develop procurement plan for missing resources;5b468008-5e33-4a6d-917a-65ebfa6f2947
;;;Establish resource monitoring and control;df4d5be4-e7c9-4b2c-8c73-949faabacc4c
;;Define Risk Mitigation Strategies;;6f885104-c90e-40b1-aea0-4fc47be6288d
;;;Identify Potential Threats and Vulnerabilities;85c28f63-a5b6-4b7d-a1f6-edc35e5476b5
;;;Assess Likelihood and Impact of Risks;86174b2c-f8b0-44af-b5b5-0d48b82afed6
;;;Develop Risk Response Plans;7e922c5c-9802-4efe-8053-58e7eab8f340
;;;Implement Risk Mitigation Measures;94c59cd7-469f-4fe8-86de-e08778f5d7f5
;;;Monitor and Review Risk Mitigation Effectiveness;0ab35866-7654-4a26-be23-181cfa1fa9c5
;;Establish Ethical Guidelines and Compliance Framework;;dac72a0d-c799-41ae-9c9b-5ea8df208a20
;;;Research relevant ethical guidelines and laws;da968c25-54e6-41e3-bb17-66b4691cc6a0
;;;Develop comprehensive ethical framework;7be10cc9-4d75-45f7-b8e4-797b2095b4e3
;;;Establish compliance monitoring process;9e287651-34b2-45c8-9342-6b2a5d89a624
;;;Create ethics review board;e28e7c4b-dc58-4c5c-93a8-3f116fcb5b35
;Infrastructure and Identity Setup;;;ab9cd0d0-6970-41a7-9fad-533c4313dab6
;;Establish Secure Communication Channels;;0add7270-0502-4b5c-98ec-8ea7d7fd7010
;;;Select secure communication platforms;576ca2a0-46d5-4c3b-abc5-7b22ae67aa85
;;;Configure encryption protocols and settings;792a098b-cb9b-4ece-852c-4d58c2918a31
;;;Train personnel on secure communication;0e36f25a-d238-4581-b608-55d96ea3e6d5
;;;Test communication channel security;66651a61-faa6-4ea0-97f6-6968ca886156
;;Procure Covert Surveillance Equipment;;5a1a71f5-0191-44aa-97c3-ea51a3c697dd
;;;Identify Surveillance Equipment Needs;72257fc1-88e4-4a18-9af1-cfc062283456
;;;Research and Evaluate Equipment Options;85f594c5-a70d-4c75-b50e-0cb4b8094fde
;;;Establish Vendor Relationships;bb21ccab-24a9-4431-bd68-eee4f59e4676
;;;Procure and Test Surveillance Equipment;8b13dbda-4945-4391-b2bc-39795426e3c8
;;;Secure Equipment Storage and Transportation;be8cad61-f3a8-4880-8001-783547202eae
;;Establish Burnable Cover Identities;;88e14beb-9a1a-4628-8787-917e0626c8de
;;;Gather genuine documentation for identity creation;27f98f78-585f-4915-bf19-f169953a03be
;;;Craft believable backstories and social media;b724601b-54b6-4961-846d-218631e2c480
;;;Verify and validate cover identity credibility;e9e8d1d7-512d-4d34-adc8-b31186ab2290
;;;Secure physical and digital identity artifacts;5400870b-4aaf-4983-bcbf-034945be53ad
;;Secure Transportation and Safe Houses;;558f8a70-5260-41db-81a4-3b5e37223d84
;;;Identify potential safe house locations;87832f62-6a20-49d8-ac5b-478bda5a2a66
;;;Assess security of potential locations;54a108f2-815f-4e95-87ec-460d739cfad7
;;;Negotiate leases for selected safe houses;04a3d626-5faa-4953-bcfc-4e133ad81d9d
;;;Equip and furnish safe houses;a6417944-ca2d-45a3-8960-8b7cc0a69e50
;;;Establish transportation logistics;0d03cc26-3370-4d61-931e-dd58c3505468
;;Implement Data Encryption Protocols;;11349c9a-9c58-44a8-9ff2-28b1e2f54f22
;;;Select encryption algorithms and key lengths;2e481acd-b7f8-4316-801d-3ab4d0f462f1
;;;Configure encryption software and hardware;38ef155e-3701-4144-915c-4fc3cf7b954a
;;;Test encryption protocol implementation;3ffebeda-9ab1-427a-9a66-d68e564235b9
;;;Document encryption protocols and procedures;0876444a-2221-4465-a3f9-b9f260071157
;Information Acquisition and Analysis;;;c889b226-e747-4584-85e7-762bf036f94b
;;Implement Information Acquisition Protocol;;e08edb3f-9f4d-4a78-9600-2b6728900367
;;;Define Data Acquisition Requirements;774c6fa3-7691-4a7e-a7c6-c6cdaa1fed0f
;;;Identify Potential Data Sources;d51bb10e-a924-4fbb-9520-040b71eadb4c
;;;Establish Data Acquisition Protocols;13a9882a-241a-4a76-9565-407ca9093658
;;;Implement Data Validation Procedures;465e9b52-358c-4625-967b-a39683a2f208
;;Gather Open-Source Intelligence (OSINT);;bae1ef49-8ea7-438d-b465-e899d3a233fc
;;;Identify Relevant Open-Source Sources;663548c2-21f9-4c7f-9811-fdc15c81ebe8
;;;Automate Data Collection from Sources;33b07371-980a-4a08-a9d4-d6d3754b57e2
;;;Filter and Prioritize Collected Data;ace4efa3-68ae-403a-a1e0-c8b86f96cb7d
;;;Verify OSINT Data Accuracy and Reliability;b4def0fb-55b8-4925-bd22-9f043d334f4d
;;Conduct Targeted Data Collection;;0f5a29db-1e9d-419b-924a-31f9fcd5efed
;;;Identify potential data sources;b17e8e74-1660-474b-8864-5f5aded2f7e6
;;;Establish access to data sources;de754939-28a2-4a96-b758-f2fbb8cc07fc
;;;Collect data from target sources;f1a8c514-e75d-4b06-8c23-7692c78242de
;;;Filter and prioritize collected data;95782053-9dc1-4555-8175-ae5d215ebbcb
;;Analyze Acquired Information;;67f61535-bf23-443c-ae74-667523597e96
;;;Clean and Normalize Acquired Data;79e3bdc1-bcb5-41d6-809d-0c7c8b77797e
;;;Identify Patterns and Anomalies;59c60fa1-0630-413c-9edf-ad5cfd8abbe9
;;;Develop Hypotheses About Target Location;7daac705-0fd1-4eba-abbb-17475d929eaa
;;;Prioritize and Refine Hypotheses;1f21fd34-ddba-45ff-a556-b791fae25422
;;Verify and Validate Information Accuracy;;ac3289c1-d1a4-48da-80d7-3f93ddada455
;;;Cross-reference information from multiple sources;2b82b2cc-59c8-444c-903f-e17e7246add0
;;;Employ forensic analysis techniques;b5ee8bf6-0dac-4888-af7e-0f7b3758afeb
;;;Establish relationships with trusted sources;fa35ab6a-13a7-4cbc-9fde-687f8696356d
;Target Location and Confirmation;;;395a01eb-9c0d-410d-82ad-5019de4f86ff
;;Deploy Surveillance Technologies;;0bd594b0-1968-4eae-a5be-9c9728e55726
;;;Install surveillance equipment at target location;2a188f2d-1398-4a2a-98e7-6d977240c9f3
;;;Configure remote access to surveillance feeds;858a90ef-b32b-4821-8787-812cd362e469
;;;Test surveillance equipment functionality;2af46e85-f9af-41eb-9cb0-2b2a65ef8049
;;;Conceal surveillance equipment from detection;160c1363-6185-4c38-a22f-1f014d20d156
;;Monitor Target Activities;;6bbf06ed-f3ce-4660-b53c-301a64368f92
;;;Establish baseline target activity patterns;61800744-416d-4959-ac5b-58c71426cd08
;;;Monitor communications and digital footprint;17cdc46d-d906-41f0-81c7-a54975ea9a73
;;;Analyze behavioral patterns for anomalies;8cfee029-494c-428a-9257-94a94f25b75c
;;;Maintain continuous surveillance coverage;a3575dec-5bcb-4019-949c-f1ef8164b2a0
;;Confirm Target Identity;;74e0d33e-ed98-46b0-a99c-ac31054fe906
;;;Cross-reference surveillance data sources;1fa105ca-ae3f-4b19-b0e7-3fb3be01aad6
;;;Analyze behavioral patterns and anomalies;e0be120e-8809-4d7e-a79c-e816262c13b8
;;;Verify identity through secondary sources;587d9dfa-f921-4c92-8d21-4f42e2654761
;;;Consult with forensic identity specialist;fb488519-2541-4935-a5d8-5fb92510693b
;;Document Target Location and Activities;;af769bc6-56a7-4e47-b5a6-db4f7c00dcec
;;;Secure Surveillance Data Storage;32150366-cf23-4543-a416-f67ce3bb16de
;;;Maintain Detailed Surveillance Logs;37de6650-98df-482c-9ed7-f55e73027eed
;;;Process and Organize Surveillance Data;40475ec9-fa31-4343-97fc-4256c2edc551
;;;Ensure Data Integrity and Chain of Custody;efb701d2-bb06-45ef-ae0b-2b6f6db40797
;Contingency and Risk Management;;;96eb1352-c16a-42ab-8d1a-13ac8c0ea722
;;Implement Contingency Response Protocol;;09fef326-4f40-438e-bb3f-bf74a89ed975
;;;Identify potential contingency scenarios;afb0230d-cc23-4803-a349-35504e553080
;;;Develop specific response protocols;7e5e8cb6-409e-4bb1-99b9-792d4b2b380b
;;;Train personnel on protocols;5dee431e-4470-4c7d-ab2b-80322ca45afc
;;;Secure necessary resources for contingencies;cad9616b-c105-4d38-82c8-a7323888a718
;;Monitor and Assess Operational Risks;;30bf71af-6edb-4d0a-ac69-703690579794
;;;Monitor external threat landscape;39060834-c70f-4b62-a85a-551f51fc4e90
;;;Assess internal vulnerabilities and weaknesses;7f23d02c-acc1-423b-99bf-6405cf6e50f5
;;;Analyze operational data for anomalies;759443df-d2a4-48a8-90e7-f6d1fe5a86b5
;;;Evaluate effectiveness of mitigation strategies;e6dfc195-1a66-4e1b-9d7e-de8d3f8df988
;;;Update risk assessment documentation;e4826294-f0da-4acf-ac02-a47e5209d59f
;;Respond to Unforeseen Events and Threats;;5ec14f76-b897-4fed-a610-0a9e57c0c466
;;;Assess Breach and Contain Damage;00d77414-c1b8-463a-a659-4520b22fb2d8
;;;Investigate Incident Root Cause;25cac048-016a-45ed-bb3e-f7ca2043ec5b
;;;Implement Corrective Actions;3c282537-aff3-4110-938b-b5a5dea0684e
;;;Notify Stakeholders and Legal Counsel;05c5947f-fac1-4384-b5b1-501d7553a8d9
;;;Document Incident and Lessons Learned;609701cd-cbc7-473c-9fff-9a6fb90de87d
;;Maintain Operational Security;;ae6a6ed7-cb9b-4d4f-b4cd-2f55c41740b8
;;;Enforce strict access control policies;781bc965-7768-4cb9-9527-1e0da8b25a53
;;;Conduct regular security audits;dc9daa9f-e634-4869-a2df-cefff58e0c91
;;;Implement multi-factor authentication;c9a0f46d-7eac-4f21-8c4d-470ab0e36346
;;;Provide security awareness training;6239447e-f45a-4abf-bbbe-f17eee45e850
;;;Monitor communication channels for breaches;a526a7f2-7f2a-45e7-9701-82e3ff79368f