project_key,project_name,project_description,project_start_date,project_end_date,project_progress,project_parent,originating_department
869ea91a-7106-47e0-b994-2191558ee434,Conner Locate,"Conner Locate

Final deliverable:
Conner Located",8/9/2025,5/23/2026,0,,PlanExe
f09c5af7-041c-4113-9847-3e45ec3d9b8e,Project Initiation and Planning,,8/9/2025,9/13/2025,0,869ea91a-7106-47e0-b994-2191558ee434,PlanExe
8ff3c85b-0b31-41fb-bf71-e2aa1dc06a4c,Define Project Scope and Objectives,,8/9/2025,8/13/2025,0,f09c5af7-041c-4113-9847-3e45ec3d9b8e,PlanExe
b79c37e6-12a3-412f-a2a5-62e7831326dc,Identify Key Stakeholders,"Identify Key Stakeholders

Description:
Identify all individuals and groups who have an interest in the project's outcome or who can influence its success. This includes internal teams, external partners, and regulatory bodies.

Resources needed:
• Project Manager
• Senior Management
• Legal Counsel",8/9/2025,8/10/2025,0,8ff3c85b-0b31-41fb-bf71-e2aa1dc06a4c,PlanExe
f02596ba-f1b0-45ab-857c-ab03d4bdd06d,Gather Initial Requirements,"Gather Initial Requirements

Description:
Collect detailed requirements from each stakeholder, documenting their needs, expectations, and constraints. This involves conducting interviews, surveys, and workshops.

Resources needed:
• Project Manager
• Business Analyst
• Subject Matter Experts",8/10/2025,8/11/2025,0,b79c37e6-12a3-412f-a2a5-62e7831326dc,PlanExe
0e2d9b7b-3fa3-45bf-9719-d16bdac8a278,Document Project Objectives,"Document Project Objectives

Description:
Define clear, measurable, achievable, relevant, and time-bound (SMART) objectives for the project. These objectives should align with the overall strategic goals of the organization.

Resources needed:
• Project Manager
• Senior Management
• Stakeholders",8/11/2025,8/12/2025,0,f02596ba-f1b0-45ab-857c-ab03d4bdd06d,PlanExe
d561c546-acfa-4f8c-a558-849b52287e0d,Define Project Scope Boundaries,"Define Project Scope Boundaries

Description:
Establish the boundaries of the project, clearly defining what is included and excluded. This helps to manage expectations and prevent scope creep.

Resources needed:
• Project Manager
• Technical Lead
• Stakeholders",8/12/2025,8/13/2025,0,8ff3c85b-0b31-41fb-bf71-e2aa1dc06a4c,PlanExe
1dc50e62-3bd0-4606-be00-69891ee95c15,Establish Project Governance and Stakeholders,,8/13/2025,8/17/2025,0,8ff3c85b-0b31-41fb-bf71-e2aa1dc06a4c,PlanExe
51512eb1-e3f6-4cfa-b922-97de55c0e61c,Identify Key Stakeholders and Their Roles,"Identify Key Stakeholders and Their Roles

Description:
Objective: Identify all individuals or groups who have an interest in the project's outcome.
Scope: Include internal teams, external partners, regulatory bodies, and potential end-users.
Steps: Conduct stakeholder analysis workshops, review project documentation, and consult with subject matter experts.
Deliverables: A comprehensive list of stakeholders with defined roles and responsibilities.

Resources needed:
• Project Manager
• Business Analyst
• Subject Matter Experts",8/13/2025,8/14/2025,0,1dc50e62-3bd0-4606-be00-69891ee95c15,PlanExe
28d43f55-e3c9-4046-ac57-a0ec8762b7d0,Define Communication Plan and Protocols,"Define Communication Plan and Protocols

Description:
Objective: Establish a clear and consistent communication strategy to keep stakeholders informed.
Scope: Determine the frequency, channels, and content of communication for each stakeholder group.
Steps: Develop a communication matrix, define reporting templates, and establish escalation procedures.
Deliverables: A documented communication plan with defined protocols and responsibilities.

Resources needed:
• Project Manager
• Communication Specialist
• Stakeholder Representatives",8/14/2025,8/15/2025,0,51512eb1-e3f6-4cfa-b922-97de55c0e61c,PlanExe
2e5083a9-4e55-4ab0-bff1-1bf6ddbeded9,Establish Decision-Making Process and Authority,"Establish Decision-Making Process and Authority

Description:
Objective: Define a clear decision-making process to ensure timely and effective decisions.
Scope: Identify key decision-makers, establish approval workflows, and define escalation paths.
Steps: Develop a decision-making framework, document approval authorities, and communicate the process to all stakeholders.
Deliverables: A documented decision-making process with defined roles and responsibilities.

Resources needed:
• Project Manager
• Executive Sponsor
• Legal Counsel",8/15/2025,8/16/2025,0,28d43f55-e3c9-4046-ac57-a0ec8762b7d0,PlanExe
3b7fcd23-36d1-453c-a772-13aadde50d50,Develop Stakeholder Engagement Strategy,"Develop Stakeholder Engagement Strategy

Description:
Objective: Create a plan to actively engage stakeholders throughout the project lifecycle.
Scope: Identify engagement activities, define communication methods, and establish feedback mechanisms.
Steps: Conduct stakeholder interviews, develop engagement plans, and implement feedback loops.
Deliverables: A documented stakeholder engagement strategy with defined activities and timelines.

Resources needed:
• Project Manager
• Communication Specialist
• Stakeholder Representatives",8/16/2025,8/17/2025,0,1dc50e62-3bd0-4606-be00-69891ee95c15,PlanExe
f30ec1bf-f218-423f-9b00-639feeccae25,Develop Resource Allocation Strategy,,8/17/2025,8/22/2025,0,1dc50e62-3bd0-4606-be00-69891ee95c15,PlanExe
7d4e5738-1da9-4425-b98d-39ddeefa512e,Identify required resources and quantities,"Identify required resources and quantities

Description:
Determine all resources needed for the operation, including personnel, equipment, and funding. Quantify the amount of each resource required.

Resources needed:
• Lead Investigator
• Financial Controller
• Logistics Coordinator
• Intelligence Analysts
• Security Specialist",8/17/2025,8/18/2025,0,f30ec1bf-f218-423f-9b00-639feeccae25,PlanExe
101526fc-afd0-4627-b6d9-179fd305b7f5,Assess current resource availability,"Assess current resource availability

Description:
Evaluate the existing resources available within the organization and identify any gaps in personnel, equipment, or funding.

Resources needed:
• Financial Controller
• Logistics Coordinator
• Resource Management Team",8/18/2025,8/19/2025,0,7d4e5738-1da9-4425-b98d-39ddeefa512e,PlanExe
8fcc6863-32f9-42b0-a783-32d94bdd2d74,Prioritize resource allocation based on needs,"Prioritize resource allocation based on needs

Description:
Rank the identified resource needs based on their criticality to the mission's success. Allocate available resources to the highest priority needs first.

Resources needed:
• Lead Investigator
• Financial Controller
• Logistics Coordinator",8/19/2025,8/20/2025,0,101526fc-afd0-4627-b6d9-179fd305b7f5,PlanExe
5b468008-5e33-4a6d-917a-65ebfa6f2947,Develop procurement plan for missing resources,"Develop procurement plan for missing resources

Description:
Create a detailed plan for acquiring any resources that are not currently available, including timelines, budget estimates, and potential vendors.

Resources needed:
• Logistics Coordinator
• Procurement Specialist
• Legal Counsel",8/20/2025,8/21/2025,0,8fcc6863-32f9-42b0-a783-32d94bdd2d74,PlanExe
df4d5be4-e7c9-4b2c-8c73-949faabacc4c,Establish resource monitoring and control,"Establish resource monitoring and control

Description:
Implement a system for tracking resource utilization and ensuring that resources are used efficiently and effectively throughout the operation.

Resources needed:
• Financial Controller
• Logistics Coordinator
• Project Management Team",8/21/2025,8/22/2025,0,f30ec1bf-f218-423f-9b00-639feeccae25,PlanExe
6f885104-c90e-40b1-aea0-4fc47be6288d,Define Risk Mitigation Strategies,,8/22/2025,9/1/2025,0,f30ec1bf-f218-423f-9b00-639feeccae25,PlanExe
85c28f63-a5b6-4b7d-a1f6-edc35e5476b5,Identify Potential Threats and Vulnerabilities,"Identify Potential Threats and Vulnerabilities

Description:
Objective: Systematically identify potential threats and vulnerabilities that could impact the operation.
Scope: Includes physical, cyber, and human-related threats.
Steps: Conduct threat modeling, vulnerability assessments, and penetration testing.
Deliverables: A comprehensive list of identified threats and vulnerabilities.

Resources needed:
• Security Expert
• Intelligence Analyst
• Penetration Testers
• Threat Intelligence Feeds",8/22/2025,8/24/2025,0,6f885104-c90e-40b1-aea0-4fc47be6288d,PlanExe
86174b2c-f8b0-44af-b5b5-0d48b82afed6,Assess Likelihood and Impact of Risks,"Assess Likelihood and Impact of Risks

Description:
Objective: Evaluate the likelihood and potential impact of each identified risk.
Scope: Considers both quantitative and qualitative factors.
Steps: Conduct risk workshops, perform statistical analysis, and consult with subject matter experts.
Deliverables: A prioritized list of risks based on likelihood and impact.

Resources needed:
• Risk Management Expert
• Data Analyst
• Subject Matter Experts
• Risk Assessment Tools",8/24/2025,8/26/2025,0,85c28f63-a5b6-4b7d-a1f6-edc35e5476b5,PlanExe
7e922c5c-9802-4efe-8053-58e7eab8f340,Develop Risk Response Plans,"Develop Risk Response Plans

Description:
Objective: Create detailed plans to mitigate, transfer, avoid, or accept each identified risk.
Scope: Includes specific actions, responsible parties, and timelines.
Steps: Brainstorm mitigation strategies, develop contingency plans, and document risk response plans.
Deliverables: A comprehensive set of risk response plans.

Resources needed:
• Lead Investigator
• Security Specialist
• Logistics Coordinator
• Contingency Planning Experts",8/26/2025,8/28/2025,0,86174b2c-f8b0-44af-b5b5-0d48b82afed6,PlanExe
94c59cd7-469f-4fe8-86de-e08778f5d7f5,Implement Risk Mitigation Measures,"Implement Risk Mitigation Measures

Description:
Objective: Execute the risk response plans to reduce the likelihood and impact of identified risks.
Scope: Includes implementing security controls, training personnel, and procuring necessary resources.
Steps: Deploy security technologies, conduct training exercises, and monitor risk levels.
Deliverables: Reduced risk exposure and improved operational resilience.

Resources needed:
• Security Team
• Training Personnel
• Equipment and Supplies
• Monitoring Tools",8/28/2025,8/30/2025,0,7e922c5c-9802-4efe-8053-58e7eab8f340,PlanExe
0ab35866-7654-4a26-be23-181cfa1fa9c5,Monitor and Review Risk Mitigation Effectiveness,"Monitor and Review Risk Mitigation Effectiveness

Description:
Objective: Continuously monitor the effectiveness of risk mitigation measures and adjust plans as needed.
Scope: Includes regular risk assessments, incident response drills, and feedback from operational personnel.
Steps: Track key risk indicators, conduct post-incident reviews, and update risk response plans.
Deliverables: A continuously improving risk management process.

Resources needed:
• Risk Management Expert
• Security Team
• Operational Personnel
• Monitoring and Reporting Tools",8/30/2025,9/1/2025,0,6f885104-c90e-40b1-aea0-4fc47be6288d,PlanExe
dac72a0d-c799-41ae-9c9b-5ea8df208a20,Establish Ethical Guidelines and Compliance Framework,,9/1/2025,9/13/2025,0,f09c5af7-041c-4113-9847-3e45ec3d9b8e,PlanExe
da968c25-54e6-41e3-bb17-66b4691cc6a0,Research relevant ethical guidelines and laws,"Research relevant ethical guidelines and laws

Description:
Objective: Identify all applicable ethical guidelines, legal frameworks, and compliance standards relevant to the covert operation. Scope: Includes international laws, national laws of relevant countries (Swiss, UK, German), and internal ethical guidelines. Steps: Conduct legal research, consult with legal experts, and document findings. Deliverables: A comprehensive list of relevant ethical guidelines and legal requirements.

Resources needed:
• Legal Counsel
• Ethical Oversight Officer
• Research Database Access",9/1/2025,9/4/2025,0,dac72a0d-c799-41ae-9c9b-5ea8df208a20,PlanExe
7be10cc9-4d75-45f7-b8e4-797b2095b4e3,Develop comprehensive ethical framework,"Develop comprehensive ethical framework

Description:
Objective: Create a detailed ethical framework that guides all operational decisions and actions. Scope: Covers data collection, surveillance, use of cover identities, and potential impact on third parties. Steps: Define ethical principles, establish decision-making processes, and create a code of conduct. Deliverables: A documented ethical framework approved by the Ethics Review Board.

Resources needed:
• Ethical Oversight Officer
• Lead Investigator
• Ethics Review Board",9/4/2025,9/7/2025,0,da968c25-54e6-41e3-bb17-66b4691cc6a0,PlanExe
9e287651-34b2-45c8-9342-6b2a5d89a624,Establish compliance monitoring process,"Establish compliance monitoring process

Description:
Objective: Implement a system for monitoring compliance with ethical guidelines and legal requirements. Scope: Includes regular audits, incident reporting, and corrective action procedures. Steps: Develop monitoring protocols, train personnel, and establish reporting channels. Deliverables: A documented compliance monitoring process and trained personnel.

Resources needed:
• Legal Counsel
• Compliance Officer
• Security Specialist",9/7/2025,9/10/2025,0,7be10cc9-4d75-45f7-b8e4-797b2095b4e3,PlanExe
e28e7c4b-dc58-4c5c-93a8-3f116fcb5b35,Create ethics review board,"Create ethics review board

Description:
Objective: Establish an independent Ethics Review Board to provide oversight and guidance on ethical issues. Scope: Includes reviewing operational plans, investigating ethical concerns, and recommending corrective actions. Steps: Identify and recruit board members, define roles and responsibilities, and establish operating procedures. Deliverables: A functioning Ethics Review Board with documented procedures.

Resources needed:
• Lead Investigator
• Senior Management
• Legal Counsel",9/10/2025,9/13/2025,0,dac72a0d-c799-41ae-9c9b-5ea8df208a20,PlanExe
ab9cd0d0-6970-41a7-9fad-533c4313dab6,Infrastructure and Identity Setup,,9/13/2025,12/9/2025,0,f09c5af7-041c-4113-9847-3e45ec3d9b8e,PlanExe
0add7270-0502-4b5c-98ec-8ea7d7fd7010,Establish Secure Communication Channels,,9/13/2025,9/21/2025,0,ab9cd0d0-6970-41a7-9fad-533c4313dab6,PlanExe
576ca2a0-46d5-4c3b-abc5-7b22ae67aa85,Select secure communication platforms,"Select secure communication platforms

Description:
Objective: Identify and select communication platforms that offer end-to-end encryption and strong security features.
Scope: Evaluate various messaging apps, email providers, and VoIP services.
Steps: Research platform security protocols, compare features, and assess user reviews.
Deliverables: A list of recommended secure communication platforms with justification.

Resources needed:
• Security expert
• Communication specialist
• Research tools",9/13/2025,9/15/2025,0,0add7270-0502-4b5c-98ec-8ea7d7fd7010,PlanExe
792a098b-cb9b-4ece-852c-4d58c2918a31,Configure encryption protocols and settings,"Configure encryption protocols and settings

Description:
Objective: Configure selected communication platforms with optimal encryption settings and security protocols.
Scope: Implement end-to-end encryption, enable two-factor authentication, and configure privacy settings.
Steps: Follow platform-specific configuration guides, test encryption functionality, and document settings.
Deliverables: A documented configuration guide for each selected platform.

Resources needed:
• IT specialist
• Security expert
• Configuration guides",9/15/2025,9/17/2025,0,576ca2a0-46d5-4c3b-abc5-7b22ae67aa85,PlanExe
0e36f25a-d238-4581-b608-55d96ea3e6d5,Train personnel on secure communication,"Train personnel on secure communication

Description:
Objective: Train all personnel on the proper use of secure communication platforms and protocols.
Scope: Cover secure messaging practices, password management, and threat awareness.
Steps: Develop training materials, conduct training sessions, and assess personnel understanding.
Deliverables: Trained personnel and training materials.

Resources needed:
• Training specialist
• Security expert
• Training materials",9/17/2025,9/19/2025,0,792a098b-cb9b-4ece-852c-4d58c2918a31,PlanExe
66651a61-faa6-4ea0-97f6-6968ca886156,Test communication channel security,"Test communication channel security

Description:
Objective: Verify the security and integrity of the established communication channels.
Scope: Conduct penetration testing and vulnerability assessments.
Steps: Simulate attacks, analyze network traffic, and identify potential weaknesses.
Deliverables: A security assessment report with recommendations for improvement.

Resources needed:
• Security expert
• Penetration testing tools
• IT specialist",9/19/2025,9/21/2025,0,0add7270-0502-4b5c-98ec-8ea7d7fd7010,PlanExe
5a1a71f5-0191-44aa-97c3-ea51a3c697dd,Procure Covert Surveillance Equipment,,9/21/2025,10/1/2025,0,0add7270-0502-4b5c-98ec-8ea7d7fd7010,PlanExe
72257fc1-88e4-4a18-9af1-cfc062283456,Identify Surveillance Equipment Needs,"Identify Surveillance Equipment Needs

Description:
Determine specific surveillance equipment requirements based on operational needs and target environment. This includes cameras, microphones, GPS trackers, and signal jammers. Consider factors like range, power, concealment, and environmental conditions.

Resources needed:
• Lead Investigator
• Security and Surveillance Expert
• Intelligence Analyst",9/21/2025,9/23/2025,0,5a1a71f5-0191-44aa-97c3-ea51a3c697dd,PlanExe
85f594c5-a70d-4c75-b50e-0cb4b8094fde,Research and Evaluate Equipment Options,"Research and Evaluate Equipment Options

Description:
Research available surveillance equipment options from various vendors. Evaluate equipment specifications, performance, reliability, and cost. Consider both commercial and specialized equipment. Assess legal and ethical implications of using specific equipment.

Resources needed:
• Security and Surveillance Expert
• Technical Specialist
• Legal Counsel",9/23/2025,9/25/2025,0,72257fc1-88e4-4a18-9af1-cfc062283456,PlanExe
bb21ccab-24a9-4431-bd68-eee4f59e4676,Establish Vendor Relationships,"Establish Vendor Relationships

Description:
Identify and vet potential vendors for surveillance equipment. Establish relationships with reliable and trustworthy suppliers. Negotiate pricing and delivery terms. Ensure vendors comply with legal and ethical standards.

Resources needed:
• Logistics Coordinator
• Procurement Specialist
• Legal Counsel",9/25/2025,9/27/2025,0,85f594c5-a70d-4c75-b50e-0cb4b8094fde,PlanExe
8b13dbda-4945-4391-b2bc-39795426e3c8,Procure and Test Surveillance Equipment,"Procure and Test Surveillance Equipment

Description:
Procure selected surveillance equipment from approved vendors. Conduct thorough testing of all equipment to ensure functionality, performance, and reliability. Identify and address any defects or malfunctions. Document testing procedures and results.

Resources needed:
• Security and Surveillance Expert
• Technical Specialist
• Logistics Coordinator",9/27/2025,9/29/2025,0,bb21ccab-24a9-4431-bd68-eee4f59e4676,PlanExe
be8cad61-f3a8-4880-8001-783547202eae,Secure Equipment Storage and Transportation,"Secure Equipment Storage and Transportation

Description:
Establish secure storage facilities for surveillance equipment. Develop protocols for transporting equipment to operational locations. Ensure equipment is protected from damage, theft, and unauthorized access. Implement chain-of-custody procedures.

Resources needed:
• Security Specialist
• Logistics Coordinator
• Transportation Personnel",9/29/2025,10/1/2025,0,5a1a71f5-0191-44aa-97c3-ea51a3c697dd,PlanExe
88e14beb-9a1a-4628-8787-917e0626c8de,Establish Burnable Cover Identities,,10/1/2025,11/2/2025,0,5a1a71f5-0191-44aa-97c3-ea51a3c697dd,PlanExe
27f98f78-585f-4915-bf19-f169953a03be,Gather genuine documentation for identity creation,"Gather genuine documentation for identity creation

Description:
Objective: Acquire authentic documents (birth certificates, licenses) to support the creation of believable cover identities.
Scope: Research document requirements, identify sources, and obtain necessary paperwork.
Steps: 1. Determine document needs. 2. Locate reliable sources. 3. Procure documents. 4. Verify authenticity.
Deliverables: Collection of genuine documents.

Resources needed:
• Cover Identity Specialist
• Forensic Document Specialist
• Legal Counsel",10/1/2025,10/9/2025,0,88e14beb-9a1a-4628-8787-917e0626c8de,PlanExe
b724601b-54b6-4961-846d-218631e2c480,Craft believable backstories and social media,"Craft believable backstories and social media

Description:
Objective: Develop detailed and consistent backstories for each cover identity, including social media presence.
Scope: Create personal histories, employment records, and online profiles.
Steps: 1. Develop detailed personal histories. 2. Create supporting documentation. 3. Establish social media presence. 4. Ensure consistency across platforms.
Deliverables: Complete backstories and social media profiles.

Resources needed:
• Cover Identity Specialist
• Intelligence Analyst
• Social Media Expert",10/9/2025,10/17/2025,0,27f98f78-585f-4915-bf19-f169953a03be,PlanExe
e9e8d1d7-512d-4d34-adc8-b31186ab2290,Verify and validate cover identity credibility,"Verify and validate cover identity credibility

Description:
Objective: Test the believability of cover identities through background checks and social engineering simulations.
Scope: Conduct internal and external verification processes.
Steps: 1. Perform background checks. 2. Conduct social engineering simulations. 3. Refine backstories based on results. 4. Obtain expert feedback.
Deliverables: Verified and validated cover identities.

Resources needed:
• Security and Surveillance Expert
• Forensic Document Specialist
• Former Intelligence Officer",10/17/2025,10/25/2025,0,b724601b-54b6-4961-846d-218631e2c480,PlanExe
5400870b-4aaf-4983-bcbf-034945be53ad,Secure physical and digital identity artifacts,"Secure physical and digital identity artifacts

Description:
Objective: Obtain physical items (clothing, accessories) and digital assets (email addresses, phone numbers) to support cover identities.
Scope: Procure necessary items and establish digital infrastructure.
Steps: 1. Identify required physical items. 2. Purchase or create items. 3. Set up email addresses and phone numbers. 4. Securely store all artifacts.
Deliverables: Collection of physical and digital identity artifacts.

Resources needed:
• Logistics Coordinator
• Cover Identity Specialist
• IT Specialist",10/25/2025,11/2/2025,0,88e14beb-9a1a-4628-8787-917e0626c8de,PlanExe
558f8a70-5260-41db-81a4-3b5e37223d84,Secure Transportation and Safe Houses,,11/2/2025,11/27/2025,0,88e14beb-9a1a-4628-8787-917e0626c8de,PlanExe
87832f62-6a20-49d8-ac5b-478bda5a2a66,Identify potential safe house locations,"Identify potential safe house locations

Description:
Objective: Identify a list of potential safe house locations that meet the operational requirements.
Scope: This includes researching available properties, assessing their suitability based on security and logistical criteria, and documenting their key features.
Steps: 1. Define the required characteristics of a safe house (size, location, security features). 2. Research available properties through real estate agents and online databases. 3. Conduct preliminary assessments of potential locations based on publicly available information. 4. Document the key features of each potential location (address, size, security features, accessibility).

Resources needed:
• Real estate agents
• Online property databases
• Security consultant
• Intelligence analyst",11/2/2025,11/7/2025,0,558f8a70-5260-41db-81a4-3b5e37223d84,PlanExe
54a108f2-815f-4e95-87ec-460d739cfad7,Assess security of potential locations,"Assess security of potential locations

Description:
Objective: Evaluate the security of potential safe house locations to ensure they meet the operational requirements.
Scope: This includes conducting physical security assessments, evaluating the surrounding environment, and identifying potential vulnerabilities.
Steps: 1. Conduct physical security assessments of potential locations (perimeter security, access control, surveillance systems). 2. Evaluate the surrounding environment (crime rates, proximity to law enforcement, potential threats). 3. Identify potential vulnerabilities (blind spots, weak points in security, potential for intrusion). 4. Document the security assessment findings for each location.

Resources needed:
• Security consultant
• Surveillance expert
• Physical security assessment tools
• Local law enforcement contacts",11/7/2025,11/12/2025,0,87832f62-6a20-49d8-ac5b-478bda5a2a66,PlanExe
04a3d626-5faa-4953-bcfc-4e133ad81d9d,Negotiate leases for selected safe houses,"Negotiate leases for selected safe houses

Description:
Objective: Secure leases for the selected safe house locations under appropriate cover identities.
Scope: This includes negotiating lease terms, preparing lease agreements, and ensuring compliance with legal requirements.
Steps: 1. Negotiate lease terms with property owners or managers. 2. Prepare lease agreements under appropriate cover identities. 3. Ensure compliance with legal requirements (local ordinances, zoning regulations). 4. Secure the leases for the selected safe house locations.

Resources needed:
• Legal counsel
• Cover identity specialist
• Negotiation expert
• Real estate agent",11/12/2025,11/17/2025,0,54a108f2-815f-4e95-87ec-460d739cfad7,PlanExe
a6417944-ca2d-45a3-8960-8b7cc0a69e50,Equip and furnish safe houses,"Equip and furnish safe houses

Description:
Objective: Equip and furnish the safe houses with the necessary equipment and supplies to support the operation.
Scope: This includes procuring furniture, appliances, communication equipment, and other essential items.
Steps: 1. Develop a list of required equipment and supplies. 2. Procure the necessary items through discreet channels. 3. Furnish and equip the safe houses according to operational requirements. 4. Test all equipment to ensure it is functioning properly.

Resources needed:
• Logistics coordinator
• Procurement specialist
• Technical support staff
• Transportation vehicles",11/17/2025,11/22/2025,0,04a3d626-5faa-4953-bcfc-4e133ad81d9d,PlanExe
0d03cc26-3370-4d61-931e-dd58c3505468,Establish transportation logistics,"Establish transportation logistics

Description:
Objective: Establish secure transportation logistics for personnel and equipment.
Scope: This includes procuring unmarked vehicles, establishing secure routes, and training drivers on security protocols.
Steps: 1. Procure unmarked vehicles that meet operational requirements. 2. Establish secure transportation routes between safe houses and other key locations. 3. Train drivers on security protocols (defensive driving, counter-surveillance techniques). 4. Implement a system for tracking vehicle movements and ensuring security.

Resources needed:
• Transportation specialist
• Security consultant
• Drivers
• Vehicle maintenance personnel",11/22/2025,11/27/2025,0,558f8a70-5260-41db-81a4-3b5e37223d84,PlanExe
11349c9a-9c58-44a8-9ff2-28b1e2f54f22,Implement Data Encryption Protocols,,11/27/2025,12/9/2025,0,ab9cd0d0-6970-41a7-9fad-533c4313dab6,PlanExe
2e481acd-b7f8-4316-801d-3ab4d0f462f1,Select encryption algorithms and key lengths,"Select encryption algorithms and key lengths

Description:
Objective: Choose appropriate encryption algorithms (e.g., AES, RSA) and key lengths based on security requirements and performance considerations.
Scope: Evaluate different algorithms, assess their strengths and weaknesses, and select the most suitable options.
Steps: Research available algorithms, consult with cryptography experts, conduct performance testing, and document the selection process.
Deliverables: A list of selected encryption algorithms and key lengths with justification.

Resources needed:
• Cryptography expert
• Security analyst
• Performance testing tools",11/27/2025,11/30/2025,0,11349c9a-9c58-44a8-9ff2-28b1e2f54f22,PlanExe
38ef155e-3701-4144-915c-4fc3cf7b954a,Configure encryption software and hardware,"Configure encryption software and hardware

Description:
Objective: Configure encryption software and hardware to implement the selected encryption algorithms and key lengths.
Scope: Install and configure encryption software, set up hardware security modules (HSMs), and integrate encryption into existing systems.
Steps: Install encryption software, configure HSMs, integrate encryption into communication channels, and test the configuration.
Deliverables: A configured encryption system with documented settings.

Resources needed:
• System administrator
• Security engineer
• Encryption software",11/30/2025,12/3/2025,0,2e481acd-b7f8-4316-801d-3ab4d0f462f1,PlanExe
3ffebeda-9ab1-427a-9a66-d68e564235b9,Test encryption protocol implementation,"Test encryption protocol implementation

Description:
Objective: Verify the correct implementation of the encryption protocols and ensure data confidentiality and integrity.
Scope: Conduct penetration testing, vulnerability assessments, and code reviews to identify and address potential security flaws.
Steps: Perform penetration testing, conduct vulnerability assessments, review code for security flaws, and document the testing process.
Deliverables: A report on the testing results and any identified vulnerabilities.

Resources needed:
• Penetration tester
• Security auditor
• Code review tools",12/3/2025,12/6/2025,0,38ef155e-3701-4144-915c-4fc3cf7b954a,PlanExe
0876444a-2221-4465-a3f9-b9f260071157,Document encryption protocols and procedures,"Document encryption protocols and procedures

Description:
Objective: Create comprehensive documentation of the encryption protocols and procedures for future reference and maintenance.
Scope: Document the encryption algorithms, key lengths, configuration settings, and security procedures.
Steps: Write detailed documentation, create diagrams, and review the documentation for accuracy and completeness.
Deliverables: A comprehensive documentation package for the encryption protocols and procedures.

Resources needed:
• Technical writer
• Security analyst
• Documentation tools",12/6/2025,12/9/2025,0,11349c9a-9c58-44a8-9ff2-28b1e2f54f22,PlanExe
c889b226-e747-4584-85e7-762bf036f94b,Information Acquisition and Analysis,,12/9/2025,1/31/2026,0,ab9cd0d0-6970-41a7-9fad-533c4313dab6,PlanExe
e08edb3f-9f4d-4a78-9600-2b6728900367,Implement Information Acquisition Protocol,,12/9/2025,12/17/2025,0,c889b226-e747-4584-85e7-762bf036f94b,PlanExe
774c6fa3-7691-4a7e-a7c6-c6cdaa1fed0f,Define Data Acquisition Requirements,"Define Data Acquisition Requirements

Description:
Clearly define the specific data needed to locate John Conner, including data types, sources, and acceptable levels of accuracy. This involves consulting with intelligence analysts and legal counsel to ensure compliance and relevance.

Resources needed:
• Intelligence Analyst
• Legal Counsel
• Lead Investigator",12/9/2025,12/11/2025,0,e08edb3f-9f4d-4a78-9600-2b6728900367,PlanExe
d51bb10e-a924-4fbb-9520-040b71eadb4c,Identify Potential Data Sources (1),"Identify Potential Data Sources

Description:
Research and identify potential data sources, including open-source intelligence (OSINT), commercial databases, and covert sources. Evaluate the reliability and accessibility of each source.

Resources needed:
• Intelligence Analyst
• OSINT Specialist
• Data Broker",12/11/2025,12/13/2025,0,774c6fa3-7691-4a7e-a7c6-c6cdaa1fed0f,PlanExe
13a9882a-241a-4a76-9565-407ca9093658,Establish Data Acquisition Protocols,"Establish Data Acquisition Protocols

Description:
Develop detailed protocols for acquiring data from each identified source, including methods for accessing data, verifying its authenticity, and protecting sensitive information. This includes establishing secure communication channels and data encryption protocols.

Resources needed:
• Security Specialist
• Intelligence Analyst
• Cybersecurity Expert",12/13/2025,12/15/2025,0,d51bb10e-a924-4fbb-9520-040b71eadb4c,PlanExe
465e9b52-358c-4625-967b-a39683a2f208,Implement Data Validation Procedures,"Implement Data Validation Procedures

Description:
Establish procedures for validating the accuracy and reliability of acquired data, including cross-referencing information from multiple sources and conducting forensic analysis of data integrity. This ensures the data is suitable for analysis and decision-making.

Resources needed:
• Intelligence Analyst
• Forensic Analyst
• Data Scientist",12/15/2025,12/17/2025,0,e08edb3f-9f4d-4a78-9600-2b6728900367,PlanExe
bae1ef49-8ea7-438d-b465-e899d3a233fc,Gather Open-Source Intelligence (OSINT),,12/17/2025,12/25/2025,0,e08edb3f-9f4d-4a78-9600-2b6728900367,PlanExe
663548c2-21f9-4c7f-9811-fdc15c81ebe8,Identify Relevant Open-Source Sources,"Identify Relevant Open-Source Sources

Description:
Objective: Identify and catalog publicly available information sources that may contain data related to John Conner.
Scope: Includes online databases, social media platforms, news articles, public records, and other accessible resources.
Steps: 1. Brainstorm potential sources. 2. Evaluate source credibility. 3. Document source details.
Deliverables: A comprehensive list of relevant OSINT sources with descriptions and access information.

Resources needed:
• Intelligence Analyst
• OSINT Specialist
• Data Mining Tools",12/17/2025,12/19/2025,0,bae1ef49-8ea7-438d-b465-e899d3a233fc,PlanExe
33b07371-980a-4a08-a9d4-d6d3754b57e2,Automate Data Collection from Sources,"Automate Data Collection from Sources

Description:
Objective: Develop and implement automated scripts and tools to collect data from identified OSINT sources.
Scope: Includes web scraping, API integration, and data extraction techniques.
Steps: 1. Design data collection scripts. 2. Test scripts for accuracy. 3. Schedule automated data collection.
Deliverables: Functional scripts and tools for automated data collection from OSINT sources.

Resources needed:
• Software Developer
• Data Engineer
• API Access Keys",12/19/2025,12/21/2025,0,663548c2-21f9-4c7f-9811-fdc15c81ebe8,PlanExe
ace4efa3-68ae-403a-a1e0-c8b86f96cb7d,Filter and Prioritize Collected Data (1),"Filter and Prioritize Collected Data

Description:
Objective: Filter collected data to remove irrelevant information and prioritize potentially valuable leads.
Scope: Includes keyword analysis, sentiment analysis, and data validation techniques.
Steps: 1. Define filtering criteria. 2. Implement data filtering algorithms. 3. Prioritize data based on relevance.
Deliverables: Filtered and prioritized data set containing potentially relevant information about John Conner.

Resources needed:
• Intelligence Analyst
• Data Scientist
• Data Filtering Software",12/21/2025,12/23/2025,0,33b07371-980a-4a08-a9d4-d6d3754b57e2,PlanExe
b4def0fb-55b8-4925-bd22-9f043d334f4d,Verify OSINT Data Accuracy and Reliability,"Verify OSINT Data Accuracy and Reliability

Description:
Objective: Verify the accuracy and reliability of collected OSINT data through cross-referencing and source validation.
Scope: Includes comparing data from multiple sources, checking for inconsistencies, and assessing source credibility.
Steps: 1. Cross-reference data points. 2. Validate source information. 3. Document verification results.
Deliverables: Verified OSINT data set with documented sources and reliability assessments.

Resources needed:
• Intelligence Analyst
• OSINT Specialist
• Verification Tools",12/23/2025,12/25/2025,0,bae1ef49-8ea7-438d-b465-e899d3a233fc,PlanExe
0f5a29db-1e9d-419b-924a-31f9fcd5efed,Conduct Targeted Data Collection,,12/25/2025,1/6/2026,0,bae1ef49-8ea7-438d-b465-e899d3a233fc,PlanExe
b17e8e74-1660-474b-8864-5f5aded2f7e6,Identify potential data sources (2),"Identify potential data sources

Description:
Objective: Identify databases, systems, and individuals that may possess relevant information about the target.
Scope: This includes both publicly available and restricted access sources.
Steps: 1. Brainstorm potential sources based on target's known activities and connections. 2. Research the accessibility and reliability of each source. 3. Prioritize sources based on potential yield and risk.
Deliverables: A list of prioritized data sources with access requirements and potential risks.

Resources needed:
• Intelligence Analyst
• Data Specialist
• Security Specialist",12/25/2025,12/28/2025,0,0f5a29db-1e9d-419b-924a-31f9fcd5efed,PlanExe
de754939-28a2-4a96-b758-f2fbb8cc07fc,Establish access to data sources,"Establish access to data sources

Description:
Objective: Secure legal and ethical access to identified data sources.
Scope: This includes obtaining necessary approvals, credentials, and technical access.
Steps: 1. Prepare necessary documentation for access requests. 2. Submit requests to relevant authorities or data owners. 3. Configure systems to access data sources securely.
Deliverables: Approved access to prioritized data sources with appropriate credentials and technical configurations.

Resources needed:
• Legal Counsel
• Data Specialist
• Security Specialist",12/28/2025,12/31/2025,0,b17e8e74-1660-474b-8864-5f5aded2f7e6,PlanExe
f1a8c514-e75d-4b06-8c23-7692c78242de,Collect data from target sources,"Collect data from target sources

Description:
Objective: Gather relevant data from approved sources while adhering to legal and ethical guidelines.
Scope: This includes automated and manual data collection methods.
Steps: 1. Implement automated data collection scripts or tools. 2. Conduct manual searches and inquiries as needed. 3. Document all data collection activities and sources.
Deliverables: A repository of collected data from target sources, properly documented and secured.

Resources needed:
• Data Specialist
• Intelligence Analyst
• Security Specialist",12/31/2025,1/3/2026,0,de754939-28a2-4a96-b758-f2fbb8cc07fc,PlanExe
95782053-9dc1-4555-8175-ae5d215ebbcb,Filter and prioritize collected data (2),"Filter and prioritize collected data

Description:
Objective: Filter collected data to identify information directly relevant to locating John Conner.
Scope: This includes removing irrelevant data and prioritizing potentially valuable leads.
Steps: 1. Apply filters based on keywords, dates, locations, and other relevant criteria. 2. Analyze data for patterns and anomalies. 3. Prioritize leads based on potential impact and reliability.
Deliverables: A prioritized list of leads and data points relevant to locating John Conner.

Resources needed:
• Intelligence Analyst
• Data Specialist",1/3/2026,1/6/2026,0,0f5a29db-1e9d-419b-924a-31f9fcd5efed,PlanExe
67f61535-bf23-443c-ae74-667523597e96,Analyze Acquired Information,,1/6/2026,1/22/2026,0,0f5a29db-1e9d-419b-924a-31f9fcd5efed,PlanExe
79e3bdc1-bcb5-41d6-809d-0c7c8b77797e,Clean and Normalize Acquired Data,"Clean and Normalize Acquired Data

Description:
Objective: Prepare the acquired data for analysis by removing inconsistencies, errors, and irrelevant information.
Scope: This includes data from OSINT, targeted collection, and other sources.
Steps: Identify and correct errors, standardize formats, remove duplicates, and handle missing values.
Deliverables: Cleaned and normalized datasets ready for analysis.

Resources needed:
• Data analysts
• Data cleaning tools
• Data validation software",1/6/2026,1/10/2026,0,67f61535-bf23-443c-ae74-667523597e96,PlanExe
59c60fa1-0630-413c-9edf-ad5cfd8abbe9,Identify Patterns and Anomalies,"Identify Patterns and Anomalies

Description:
Objective: Discover significant patterns, trends, and anomalies within the cleaned data.
Scope: Apply statistical and machine learning techniques to identify relevant insights.
Steps: Perform exploratory data analysis, apply clustering algorithms, and detect outliers.
Deliverables: Reports highlighting key patterns, trends, and anomalies.

Resources needed:
• Intelligence analysts
• Data mining tools
• Statistical software",1/10/2026,1/14/2026,0,79e3bdc1-bcb5-41d6-809d-0c7c8b77797e,PlanExe
7daac705-0fd1-4eba-abbb-17475d929eaa,Develop Hypotheses About Target Location,"Develop Hypotheses About Target Location

Description:
Objective: Formulate hypotheses about John Conner's potential location and activities based on the identified patterns and anomalies.
Scope: Consider all available data and intelligence to generate plausible scenarios.
Steps: Brainstorm potential locations, analyze target's past behavior, and assess current intelligence.
Deliverables: A list of prioritized hypotheses about target's location and activities.

Resources needed:
• Intelligence analysts
• Subject matter experts
• Geospatial analysis tools",1/14/2026,1/18/2026,0,59c60fa1-0630-413c-9edf-ad5cfd8abbe9,PlanExe
1f21fd34-ddba-45ff-a556-b791fae25422,Prioritize and Refine Hypotheses,"Prioritize and Refine Hypotheses

Description:
Objective: Evaluate and refine the generated hypotheses based on their plausibility and potential impact.
Scope: Focus on the most promising hypotheses for further investigation.
Steps: Assess the strength of evidence supporting each hypothesis, consider alternative explanations, and prioritize based on likelihood and impact.
Deliverables: A refined list of prioritized hypotheses with supporting evidence.

Resources needed:
• Lead investigator
• Intelligence analysts
• Risk assessment tools",1/18/2026,1/22/2026,0,67f61535-bf23-443c-ae74-667523597e96,PlanExe
ac3289c1-d1a4-48da-80d7-3f93ddada455,Verify and Validate Information Accuracy,,1/22/2026,1/31/2026,0,c889b226-e747-4584-85e7-762bf036f94b,PlanExe
2b82b2cc-59c8-444c-903f-e17e7246add0,Cross-reference information from multiple sources,"Cross-reference information from multiple sources

Description:
Objective: Verify information accuracy by comparing data from various independent sources.
Scope: Identify and access multiple sources of information related to the target. Compare the information for consistency and discrepancies.
Steps: 1. Identify potential sources (OSINT, databases, contacts). 2. Access and collect data from each source. 3. Compare data points for consistency. 4. Document any discrepancies.
Deliverables: A report detailing the cross-referencing process and any identified inconsistencies.

Resources needed:
• Intelligence Analyst
• Data Analysis Tools
• OSINT Databases",1/22/2026,1/25/2026,0,ac3289c1-d1a4-48da-80d7-3f93ddada455,PlanExe
b5ee8bf6-0dac-4888-af7e-0f7b3758afeb,Employ forensic analysis techniques,"Employ forensic analysis techniques

Description:
Objective: Assess the authenticity and reliability of information using forensic analysis methods.
Scope: Apply forensic techniques to analyze documents, images, and other data to determine their validity.
Steps: 1. Identify data requiring forensic analysis. 2. Apply appropriate forensic techniques (e.g., document analysis, image authentication). 3. Document findings and conclusions.
Deliverables: A forensic analysis report detailing the methods used and the conclusions reached regarding the authenticity of the data.

Resources needed:
• Forensic Document Specialist
• Image Analysis Software
• Data Analysis Tools",1/25/2026,1/28/2026,0,2b82b2cc-59c8-444c-903f-e17e7246add0,PlanExe
fa35ab6a-13a7-4cbc-9fde-687f8696356d,Establish relationships with trusted sources,"Establish relationships with trusted sources

Description:
Objective: Obtain independent verification from trusted sources to confirm information accuracy.
Scope: Identify and cultivate relationships with individuals or organizations that can provide reliable verification of information.
Steps: 1. Identify potential trusted sources. 2. Establish contact and build rapport. 3. Request verification of specific information. 4. Document the verification process and results.
Deliverables: A record of trusted sources and their verification of key information points.

Resources needed:
• Lead Investigator
• Intelligence Analyst
• Communication Tools",1/28/2026,1/31/2026,0,ac3289c1-d1a4-48da-80d7-3f93ddada455,PlanExe
395a01eb-9c0d-410d-82ad-5019de4f86ff,Target Location and Confirmation,,1/31/2026,4/29/2026,0,c889b226-e747-4584-85e7-762bf036f94b,PlanExe
0bd594b0-1968-4eae-a5be-9c9728e55726,Deploy Surveillance Technologies,,1/31/2026,3/4/2026,0,395a01eb-9c0d-410d-82ad-5019de4f86ff,PlanExe
2a188f2d-1398-4a2a-98e7-6d977240c9f3,Install surveillance equipment at target location,"Install surveillance equipment at target location

Description:
Physically install cameras, microphones, and other sensors at the identified location. This includes concealing the equipment and ensuring it is operational.

Resources needed:
• Surveillance technicians
• Covert entry specialists
• Surveillance equipment
• Vehicles
• Tools",1/31/2026,2/8/2026,0,0bd594b0-1968-4eae-a5be-9c9728e55726,PlanExe
858a90ef-b32b-4821-8787-812cd362e469,Configure remote access to surveillance feeds,"Configure remote access to surveillance feeds

Description:
Set up secure remote access to the video and audio feeds from the installed surveillance equipment. This includes configuring network settings, encryption, and user authentication.

Resources needed:
• Network engineers
• Cybersecurity specialists
• Encrypted communication systems
• Remote access software
• Secure servers",2/8/2026,2/16/2026,0,2a188f2d-1398-4a2a-98e7-6d977240c9f3,PlanExe
2af46e85-f9af-41eb-9cb0-2b2a65ef8049,Test surveillance equipment functionality,"Test surveillance equipment functionality

Description:
Thoroughly test all installed surveillance equipment to ensure it is functioning correctly and providing clear and reliable data. This includes checking camera angles, audio quality, and data transmission.

Resources needed:
• Surveillance technicians
• Intelligence analysts
• Testing equipment
• Checklists
• Communication devices",2/16/2026,2/24/2026,0,858a90ef-b32b-4821-8787-812cd362e469,PlanExe
160c1363-6185-4c38-a22f-1f014d20d156,Conceal surveillance equipment from detection,"Conceal surveillance equipment from detection

Description:
Implement measures to conceal the surveillance equipment from detection by the target and others. This includes camouflaging the equipment, using decoy devices, and employing counter-surveillance techniques.

Resources needed:
• Camouflage experts
• Security specialists
• Counter-surveillance equipment
• Disguises
• Concealment materials",2/24/2026,3/4/2026,0,0bd594b0-1968-4eae-a5be-9c9728e55726,PlanExe
6bbf06ed-f3ce-4660-b53c-301a64368f92,Monitor Target Activities,,3/4/2026,4/5/2026,0,0bd594b0-1968-4eae-a5be-9c9728e55726,PlanExe
61800744-416d-4959-ac5b-58c71426cd08,Establish baseline target activity patterns,"Establish baseline target activity patterns

Description:
Observe and document the target's typical daily, weekly, and monthly routines to identify deviations and anomalies. This includes tracking locations, contacts, and habits.

Resources needed:
• Surveillance team
• Intelligence analysts
• Data analysis tools
• Surveillance equipment",3/4/2026,3/12/2026,0,6bbf06ed-f3ce-4660-b53c-301a64368f92,PlanExe
17cdc46d-d906-41f0-81c7-a54975ea9a73,Monitor communications and digital footprint,"Monitor communications and digital footprint

Description:
Track the target's communication channels (phone, email, social media) and online activity to gather intelligence on their contacts, interests, and plans. Employ signal intelligence and cyber intelligence techniques.

Resources needed:
• Cybersecurity experts
• Signal intelligence analysts
• Data mining tools
• Communication interception equipment",3/12/2026,3/20/2026,0,61800744-416d-4959-ac5b-58c71426cd08,PlanExe
8cfee029-494c-428a-9257-94a94f25b75c,Analyze behavioral patterns for anomalies,"Analyze behavioral patterns for anomalies

Description:
Compare current target behavior against established baselines to identify deviations that may indicate changes in plans, new contacts, or potential threats. Use behavioral analysis techniques and predictive modeling.

Resources needed:
• Behavioral analysts
• Intelligence analysts
• Data analysis tools
• Predictive modeling software",3/20/2026,3/28/2026,0,17cdc46d-d906-41f0-81c7-a54975ea9a73,PlanExe
a3575dec-5bcb-4019-949c-f1ef8164b2a0,Maintain continuous surveillance coverage,"Maintain continuous surveillance coverage

Description:
Ensure uninterrupted observation of the target through a combination of physical and electronic surveillance methods. Implement redundant systems and protocols to prevent loss of coverage.

Resources needed:
• Surveillance teams
• Surveillance vehicles
• Surveillance equipment
• Backup surveillance personnel",3/28/2026,4/5/2026,0,6bbf06ed-f3ce-4660-b53c-301a64368f92,PlanExe
74e0d33e-ed98-46b0-a99c-ac31054fe906,Confirm Target Identity,,4/5/2026,4/21/2026,0,6bbf06ed-f3ce-4660-b53c-301a64368f92,PlanExe
1fa105ca-ae3f-4b19-b0e7-3fb3be01aad6,Cross-reference surveillance data sources,"Cross-reference surveillance data sources

Description:
Compare data from different surveillance methods (e.g., facial recognition, behavioral analysis, location tracking) to identify inconsistencies and strengthen the evidence.

Resources needed:
• Intelligence Analyst
• Surveillance Data
• Data Analysis Tools",4/5/2026,4/9/2026,0,74e0d33e-ed98-46b0-a99c-ac31054fe906,PlanExe
e0be120e-8809-4d7e-a79c-e816262c13b8,Analyze behavioral patterns and anomalies,"Analyze behavioral patterns and anomalies

Description:
Examine the target's behavior for deviations from established patterns, which could indicate countermeasures or a change in identity.

Resources needed:
• Intelligence Analyst
• Behavioral Analysis Software
• Surveillance Data",4/9/2026,4/13/2026,0,1fa105ca-ae3f-4b19-b0e7-3fb3be01aad6,PlanExe
587d9dfa-f921-4c92-8d21-4f42e2654761,Verify identity through secondary sources,"Verify identity through secondary sources

Description:
Seek independent confirmation of the target's identity through sources other than direct surveillance, such as public records or trusted contacts.

Resources needed:
• Intelligence Analyst
• Open-Source Intelligence
• Human Intelligence (if available)",4/13/2026,4/17/2026,0,e0be120e-8809-4d7e-a79c-e816262c13b8,PlanExe
fb488519-2541-4935-a5d8-5fb92510693b,Consult with forensic identity specialist,"Consult with forensic identity specialist

Description:
Engage a forensic identity specialist to analyze surveillance data and provide expert opinion on the target's identity.

Resources needed:
• Forensic Identity Specialist
• Surveillance Data
• Expert Analysis Tools",4/17/2026,4/21/2026,0,74e0d33e-ed98-46b0-a99c-ac31054fe906,PlanExe
af769bc6-56a7-4e47-b5a6-db4f7c00dcec,Document Target Location and Activities,,4/21/2026,4/29/2026,0,395a01eb-9c0d-410d-82ad-5019de4f86ff,PlanExe
32150366-cf23-4543-a416-f67ce3bb16de,Secure Surveillance Data Storage,"Secure Surveillance Data Storage

Description:
Establish a secure and encrypted storage solution for all collected surveillance data to prevent unauthorized access and data loss. This includes selecting appropriate hardware and software, configuring access controls, and implementing data backup procedures.

Resources needed:
• IT Specialist
• Encryption Software
• Secure Servers
• Data Backup System",4/21/2026,4/23/2026,0,af769bc6-56a7-4e47-b5a6-db4f7c00dcec,PlanExe
37de6650-98df-482c-9ed7-f55e73027eed,Maintain Detailed Surveillance Logs,"Maintain Detailed Surveillance Logs

Description:
Create and maintain comprehensive logs of all surveillance activities, including dates, times, locations, personnel involved, and any significant events observed. These logs should be accurate, detailed, and securely stored to provide a clear record of the surveillance operation.

Resources needed:
• Surveillance Team
• Log Management Software
• Secure Notebooks
• Time Tracking System",4/23/2026,4/25/2026,0,32150366-cf23-4543-a416-f67ce3bb16de,PlanExe
40475ec9-fa31-4343-97fc-4256c2edc551,Process and Organize Surveillance Data,"Process and Organize Surveillance Data

Description:
Implement a system for processing and organizing the collected surveillance data to facilitate analysis and retrieval. This includes transcribing audio recordings, cataloging images and videos, and creating searchable indexes.

Resources needed:
• Data Entry Personnel
• Transcription Software
• Image and Video Cataloging Tools
• Database Management System",4/25/2026,4/27/2026,0,37de6650-98df-482c-9ed7-f55e73027eed,PlanExe
efb701d2-bb06-45ef-ae0b-2b6f6db40797,Ensure Data Integrity and Chain of Custody,"Ensure Data Integrity and Chain of Custody

Description:
Establish procedures to ensure the integrity of the surveillance data and maintain a clear chain of custody. This includes documenting all data handling procedures, implementing checksum verification, and securely transferring data between personnel.

Resources needed:
• Security Specialist
• Data Integrity Verification Tools
• Secure Data Transfer Protocols
• Chain of Custody Forms",4/27/2026,4/29/2026,0,af769bc6-56a7-4e47-b5a6-db4f7c00dcec,PlanExe
96eb1352-c16a-42ab-8d1a-13ac8c0ea722,Contingency and Risk Management,,4/29/2026,5/23/2026,0,869ea91a-7106-47e0-b994-2191558ee434,PlanExe
09fef326-4f40-438e-bb3f-bf74a89ed975,Implement Contingency Response Protocol,,4/29/2026,5/3/2026,0,96eb1352-c16a-42ab-8d1a-13ac8c0ea722,PlanExe
afb0230d-cc23-4803-a349-35504e553080,Identify potential contingency scenarios,"Identify potential contingency scenarios

Description:
Objective: Identify a comprehensive list of potential scenarios that could disrupt the operation.
Scope: Cover a wide range of possibilities, including security breaches, equipment failures, personnel compromise, and external events.
Steps: Brainstorming sessions with the team, review of past incidents, analysis of potential threats.
Deliverables: A documented list of potential contingency scenarios.

Resources needed:
• Lead Investigator
• Security Specialist
• Intelligence Analyst
• Risk Management Expert",4/29/2026,4/30/2026,0,09fef326-4f40-438e-bb3f-bf74a89ed975,PlanExe
7e5e8cb6-409e-4bb1-99b9-792d4b2b380b,Develop specific response protocols,"Develop specific response protocols

Description:
Objective: Create detailed response protocols for each identified contingency scenario.
Scope: Define clear steps to be taken, roles and responsibilities, and communication channels.
Steps: Develop flowcharts and checklists for each scenario, conduct simulations to test the protocols.
Deliverables: A documented set of contingency response protocols.

Resources needed:
• Lead Investigator
• Security Specialist
• Legal Counsel
• Communication Specialist",4/30/2026,5/1/2026,0,afb0230d-cc23-4803-a349-35504e553080,PlanExe
5dee431e-4470-4c7d-ab2b-80322ca45afc,Train personnel on protocols,"Train personnel on protocols

Description:
Objective: Ensure all personnel are familiar with the contingency response protocols.
Scope: Conduct training sessions, simulations, and drills to reinforce the protocols.
Steps: Develop training materials, schedule training sessions, conduct simulations.
Deliverables: Trained personnel who can effectively respond to contingency scenarios.

Resources needed:
• Training Specialist
• Security Specialist
• All Operational Personnel",5/1/2026,5/2/2026,0,7e5e8cb6-409e-4bb1-99b9-792d4b2b380b,PlanExe
cad9616b-c105-4d38-82c8-a7323888a718,Secure necessary resources for contingencies,"Secure necessary resources for contingencies

Description:
Objective: Ensure that the necessary resources are available to implement the contingency plans.
Scope: Identify and secure backup equipment, communication channels, and personnel.
Steps: Conduct a resource audit, establish relationships with backup suppliers, and secure contingency funds.
Deliverables: A readily available pool of resources to support contingency plans.

Resources needed:
• Logistics Coordinator
• Financial Controller
• Procurement Specialist",5/2/2026,5/3/2026,0,09fef326-4f40-438e-bb3f-bf74a89ed975,PlanExe
30bf71af-6edb-4d0a-ac69-703690579794,Monitor and Assess Operational Risks,,5/3/2026,5/8/2026,0,09fef326-4f40-438e-bb3f-bf74a89ed975,PlanExe
39060834-c70f-4b62-a85a-551f51fc4e90,Monitor external threat landscape,"Monitor external threat landscape

Description:
Continuously monitor news, intelligence feeds, and security reports for emerging threats that could impact the operation. This includes tracking geopolitical events, cyber threats, and potential disruptions to supply chains.

Resources needed:
• Intelligence Analyst
• Cybersecurity Expert
• OSINT Tools",5/3/2026,5/4/2026,0,30bf71af-6edb-4d0a-ac69-703690579794,PlanExe
7f23d02c-acc1-423b-99bf-6405cf6e50f5,Assess internal vulnerabilities and weaknesses,"Assess internal vulnerabilities and weaknesses

Description:
Regularly evaluate internal security protocols, communication channels, and personnel for potential vulnerabilities that could be exploited. This includes conducting penetration testing, security audits, and background checks.

Resources needed:
• Security Specialist
• IT Security Team
• Auditors",5/4/2026,5/5/2026,0,39060834-c70f-4b62-a85a-551f51fc4e90,PlanExe
759443df-d2a4-48a8-90e7-f6d1fe5a86b5,Analyze operational data for anomalies,"Analyze operational data for anomalies

Description:
Continuously analyze operational data, including communication logs, surveillance footage, and financial transactions, for anomalies that could indicate a security breach or compromise. This includes using data analytics tools and machine learning algorithms.

Resources needed:
• Data Analyst
• Intelligence Analyst
• Data Analytics Tools",5/5/2026,5/6/2026,0,7f23d02c-acc1-423b-99bf-6405cf6e50f5,PlanExe
e6dfc195-1a66-4e1b-9d7e-de8d3f8df988,Evaluate effectiveness of mitigation strategies,"Evaluate effectiveness of mitigation strategies

Description:
Regularly assess the effectiveness of existing risk mitigation strategies in reducing risk exposure. This includes conducting simulations, red team exercises, and post-incident reviews.

Resources needed:
• Security Specialist
• Risk Management Expert
• Simulation Tools",5/6/2026,5/7/2026,0,759443df-d2a4-48a8-90e7-f6d1fe5a86b5,PlanExe
e4826294-f0da-4acf-ac02-a47e5209d59f,Update risk assessment documentation,"Update risk assessment documentation

Description:
Maintain up-to-date risk assessment documentation that reflects the current threat landscape, internal vulnerabilities, and effectiveness of mitigation strategies. This includes documenting identified risks, potential impacts, and mitigation plans.

Resources needed:
• Risk Management Expert
• Documentation Specialist
• Legal Counsel",5/7/2026,5/8/2026,0,30bf71af-6edb-4d0a-ac69-703690579794,PlanExe
5ec14f76-b897-4fed-a610-0a9e57c0c466,Respond to Unforeseen Events and Threats,,5/8/2026,5/13/2026,0,30bf71af-6edb-4d0a-ac69-703690579794,PlanExe
00d77414-c1b8-463a-a659-4520b22fb2d8,Assess Breach and Contain Damage,"Assess Breach and Contain Damage

Description:
Immediately evaluate the scope of the security breach, identify affected systems and data, and implement containment measures to prevent further damage or data exfiltration. This includes isolating compromised systems, patching vulnerabilities, and resetting passwords.

Resources needed:
• Incident Response Team
• Security Analysts
• System Administrators
• Network Engineers",5/8/2026,5/9/2026,0,5ec14f76-b897-4fed-a610-0a9e57c0c466,PlanExe
25cac048-016a-45ed-bb3e-f7ca2043ec5b,Investigate Incident Root Cause,"Investigate Incident Root Cause

Description:
Conduct a thorough forensic investigation to determine the root cause of the security breach, identify the attack vectors used, and understand the attacker's objectives. This involves analyzing logs, examining malware samples, and interviewing affected personnel.

Resources needed:
• Forensic Investigators
• Malware Analysts
• Security Experts
• Intelligence Analysts",5/9/2026,5/10/2026,0,00d77414-c1b8-463a-a659-4520b22fb2d8,PlanExe
3c282537-aff3-4110-938b-b5a5dea0684e,Implement Corrective Actions,"Implement Corrective Actions

Description:
Based on the findings of the investigation, implement corrective actions to prevent similar incidents from occurring in the future. This includes strengthening security controls, improving monitoring and detection capabilities, and enhancing security awareness training.

Resources needed:
• Security Architects
• System Administrators
• Network Engineers
• Training Personnel",5/10/2026,5/11/2026,0,25cac048-016a-45ed-bb3e-f7ca2043ec5b,PlanExe
05c5947f-fac1-4384-b5b1-501d7553a8d9,Notify Stakeholders and Legal Counsel,"Notify Stakeholders and Legal Counsel

Description:
Inform relevant stakeholders, including legal counsel, of the security breach and the steps being taken to address it. This includes complying with legal and regulatory requirements for data breach notification.

Resources needed:
• Legal Counsel
• Public Relations
• Lead Investigator
• Ethical Oversight Officer",5/11/2026,5/12/2026,0,3c282537-aff3-4110-938b-b5a5dea0684e,PlanExe
609701cd-cbc7-473c-9fff-9a6fb90de87d,Document Incident and Lessons Learned,"Document Incident and Lessons Learned

Description:
Thoroughly document the security breach, the investigation process, and the corrective actions taken. This documentation should be used to improve incident response procedures and prevent future incidents.

Resources needed:
• Incident Response Team
• Security Analysts
• Lead Investigator
• Documentation Specialist",5/12/2026,5/13/2026,0,5ec14f76-b897-4fed-a610-0a9e57c0c466,PlanExe
ae6a6ed7-cb9b-4d4f-b4cd-2f55c41740b8,Maintain Operational Security,,5/13/2026,5/23/2026,0,96eb1352-c16a-42ab-8d1a-13ac8c0ea722,PlanExe
781bc965-7768-4cb9-9527-1e0da8b25a53,Enforce strict access control policies,"Enforce strict access control policies

Description:
Implement role-based access control (RBAC) to limit access to sensitive data and systems based on job function. Regularly review and update access privileges. Use multi-factor authentication for all critical systems.

Resources needed:
• Security Administrator
• IT Support
• System Administrators",5/13/2026,5/15/2026,0,ae6a6ed7-cb9b-4d4f-b4cd-2f55c41740b8,PlanExe
dc9daa9f-e634-4869-a2df-cefff58e0c91,Conduct regular security audits,"Conduct regular security audits

Description:
Perform periodic security audits to identify vulnerabilities and weaknesses in systems and processes. Engage external security experts for penetration testing and vulnerability assessments. Address identified issues promptly.

Resources needed:
• Security Auditor
• Penetration Tester
• IT Security Team",5/15/2026,5/17/2026,0,781bc965-7768-4cb9-9527-1e0da8b25a53,PlanExe
c9a0f46d-7eac-4f21-8c4d-470ab0e36346,Implement multi-factor authentication,"Implement multi-factor authentication

Description:
Enable multi-factor authentication (MFA) for all critical systems and accounts to prevent unauthorized access. Use a combination of passwords, biometrics, and one-time codes for authentication.

Resources needed:
• IT Support
• Security Administrator
• End Users",5/17/2026,5/19/2026,0,dc9daa9f-e634-4869-a2df-cefff58e0c91,PlanExe
6239447e-f45a-4abf-bbbe-f17eee45e850,Provide security awareness training,"Provide security awareness training

Description:
Conduct regular security awareness training for all personnel to educate them about potential threats and best practices for maintaining operational security. Cover topics such as phishing, social engineering, and data protection.

Resources needed:
• Security Trainer
• HR Department
• All Personnel",5/19/2026,5/21/2026,0,c9a0f46d-7eac-4f21-8c4d-470ab0e36346,PlanExe
a526a7f2-7f2a-45e7-9701-82e3ff79368f,Monitor communication channels for breaches,"Monitor communication channels for breaches

Description:
Continuously monitor communication channels for suspicious activity or potential breaches. Implement intrusion detection systems and security information and event management (SIEM) tools to detect and respond to security incidents.

Resources needed:
• Security Analyst
• SIEM Tool
• Network Monitoring Tools",5/21/2026,5/23/2026,0,ae6a6ed7-cb9b-4d4f-b4cd-2f55c41740b8,PlanExe
