Level 1;Level 2;Level 3;Level 4;Task ID
Cube Construction;;;;5795b1dc-3a6a-4b01-9a2b-5d48e5e7ad1c
;Project Initiation & Planning;;;72328e26-ee0e-4253-abb5-d253bf59d862
;;Secure Project Funding;;39dce62d-591d-4e40-865f-ba59bb5e1bb9
;;;Prepare funding proposal and documentation;cd874360-d2bb-4956-8a15-e8795c450e27
;;;Identify and engage potential investors;59e49ff8-dbe1-4f1c-8db8-18e151a25aa0
;;;Negotiate funding terms and agreements;59dd943b-1635-48fb-8a0c-687bc81361cf
;;;Establish escrow account and transfer funds;cbb6db20-fe19-4593-9daf-d8775b66b962
;;Define Project Scope and Objectives;;ab5c1a30-6080-454a-adf4-d951ae7646eb
;;;Identify Stakeholders and Their Expectations;2a0e0f47-b937-46d6-880f-8f0f0fd0ae93
;;;Define Project Deliverables and Acceptance Criteria;f6c296fb-b7ba-48da-a3f9-a584a0205867
;;;Establish Project Boundaries and Constraints;48e8ff66-21d6-4fe7-932d-636bd439432e
;;;Document Scope Statement and Objectives;318df81f-ab94-4798-a6b7-757cf84c40d4
;;Establish Project Governance Structure;;8a99c569-1b49-4b98-a8d7-e4c36a7fc0a8
;;;Define roles and responsibilities;8e5874df-af4a-4987-adab-e091b1554b38
;;;Establish communication protocols;4c3de190-269d-488c-bae7-52174685e4d1
;;;Develop decision-making process;ab7e3ce4-b440-4e0d-840f-9e5294de5c57
;;;Implement conflict resolution mechanism;00fec8ce-93e1-4621-84d7-e7dec605fc25
;;Develop Project Management Plan;;beeda602-8b62-4e53-893d-8ae905498e70
;;;Define Project Management Methodology;b5ab248e-8af8-4a91-9fdd-fad401f4c9d4
;;;Create Detailed Project Schedule;b845ffd6-ed63-42a9-aaf7-a8c3d825d08d
;;;Establish Communication Plan;210d8f15-7d8e-4b6f-ba5c-f932b19d2854
;;;Develop Resource Allocation Plan;add95878-39ce-42c2-9eae-a1468b122253
;;;Define Risk Management Strategy;35e52471-70b6-4af9-a04c-0502e61df633
;;Conduct Initial Risk Assessment;;df17242d-ec77-450a-9ac5-1c4cb8142d02
;;;Identify potential hazards and risks;917c5497-6cc9-44f6-9f07-0d541265ce32
;;;Assess risk probability and impact;7c8af183-0ad0-48ca-bcab-18a7c567c800
;;;Prioritize risks for mitigation;b4ea0e48-3bc1-472a-98da-95a96150c492
;;;Develop initial risk response strategies;fdc3528d-cd2c-418f-805f-871e5da2d97c
;;;Document initial risk assessment findings;a745045c-886a-4aa9-b2b5-1d5f400f2764
;Ethical & Legal Due Diligence;;;463dc0fe-f633-4efa-a6a4-8be3fe70bfc7
;;Conduct Ethical Impact Assessment;;66cf467e-7ca6-4fc7-b6d1-aa65724d67cd
;;;Identify relevant ethical frameworks;2d459ff3-5e74-451e-846e-55a1c5c2b40c
;;;Simulate public reaction to the project;ac754545-e3fe-4e5a-86b3-f2b1c0fd851a
;;;Model potential legal liabilities;512cd650-8247-4583-a1e5-c1050dc43d5c
;;;Consult with ethics experts;2972c3d6-014a-4fde-80b3-23da3ce734a2
;;;Gather stakeholder opinions;582e7040-8461-4e14-a292-5b5607e83896
;;Perform Legal Risk Assessment;;87f1cf22-e0b9-49db-a56f-858fb19d08cf
;;;Identify applicable laws and regulations;93addd2a-4cec-4d15-910f-5b1a0f3b8175
;;;Assess potential criminal and civil liabilities;13d54dff-3151-4090-91b5-f77effd5a3e0
;;;Analyze waiver enforceability;8f587d50-8292-44cb-ba08-9b6f712daa05
;;;Explore alternative legal structures/jurisdictions;da35d3f4-a3b4-4fb8-b371-d060e4b4c22e
;;Establish Ethical Oversight Council;;cea7f642-0a0f-4200-aee9-d770f314fe7b
;;;Define Council's Purpose and Authority;641b237a-7e0a-4628-b6c1-8a04fc8f3338
;;;Identify and Recruit Council Members;66c843ef-8350-484b-8096-6f2beb9d6824
;;;Develop Council Operating Procedures;931ccd9d-d2a0-45df-951a-f7565710a4f4
;;;Establish Communication Channels;d33e252d-bd83-439b-9b76-ff6f9b3b7aa5
;;;Define Council Member Compensation;c026ff8c-f2f2-4b0f-b08d-f7e2355659a9
;;Secure Necessary Permits and Licenses;;997b4fd6-27c5-4e73-96c7-aa5c22813bcb
;;;Identify Applicable Permits and Licenses;601c9c25-125f-4c60-8be6-f287bfc86757
;;;Prepare Permit Applications;6b77621d-c9b2-4f6b-9afa-a0768ba6bd3c
;;;Submit Permit Applications;70d43215-f0ca-45ec-9933-4af1fd70bc39
;;;Address Regulatory Inquiries;1904455f-2f4a-4d72-b65c-0aefe98667f2
;;;Secure Permit Approvals;a8af4d14-c793-4a60-97fe-97c774062fcb
;;Determine Participant Selection Protocol;;e123815d-120d-4af2-b45e-9b3d187acee4
;;;Define participant eligibility criteria;53996e7c-8758-41a8-a148-e4fa8bcaa545
;;;Develop informed consent process;065c8ff9-92ea-4f69-8170-0d5781cf9c94
;;;Establish participant screening procedures;f40aa746-e9c6-49bc-a556-b9b0a891b0e3
;;;Create participant support system;ec5aef86-3aaa-4fcf-b15f-ec91b678fa1e
;;;Document participant selection protocol;fa2515df-e8ac-4857-af95-81830ba4cea1
;Design & Engineering;;;bbbf4443-2be4-4c7d-bb10-0016ee35d89b
;;Develop Detailed Architectural Designs;;86c3b366-8102-42b5-a89b-d487851f460c
;;;Define Cube room dimensions and layout;ae36e688-cc18-4359-9390-23302d4d38fe
;;;Select materials for Cube construction;43cf134f-33f5-43fd-a29b-50c7cc34feba
;;;Design room shifting mechanisms;491e4037-b88b-447e-ac8e-7379f63224f3
;;;Create 3D models and renderings;2a0e7db9-7a5b-4481-abdc-7fc47b2d0d83
;;;Obtain client approval on designs;0742b6af-eb33-4232-8eb6-63013304708b
;;Engineer Structural and Mechanical Systems;;f5da6267-fe9c-4870-a354-8b94f5b30657
;;;Model structural load and stress analysis;f3a058c7-3e87-4c50-863f-60a0eb5c43fa
;;;Design mechanical component integration;3b107d7f-35ad-4ea3-b9f5-65f82357e9d2
;;;Prototype and test trap mechanism designs;bc7e64ea-27f6-428f-af8b-637df5a1c088
;;;Develop safety override and fail-safe systems;87aabd8a-b74c-4d9f-bf4a-80ca88955fcd
;;;Conduct peer review of designs;46e4aa4b-4079-4216-9290-fdba978e8e55
;;Design Trap Mechanisms and Safety Protocols;;fe4e754b-a2ab-4f8c-b4d8-a3e38cf3811f
;;;Research deadly trap mechanisms;d0444342-5c27-4514-9f07-344e6ced108e
;;;Design trap activation and control systems;ef380123-accf-4bef-87c7-51f9bae1ada6
;;;Develop safety protocols and fail-safes;cb4a993c-3e12-4780-9000-9871c1f21336
;;;Simulate trap operation and safety;371ed9ab-737e-4379-9f1f-d9338dd5a704
;;;Integrate traps with Cube's structure;e62a95c6-d612-44f9-8a25-f23917bd51be
;;Plan Life Support Systems;;62369a07-7e34-44e6-acf4-abb7d0049e2f
;;;Define Life Support System Requirements;d2384a03-976d-4cae-8876-f8999b0b4dd6
;;;Design Redundant Life Support Systems;7bd314d3-e028-49b5-adfa-c41f2f475183
;;;Select and Procure Life Support Equipment;e36129a9-5ef8-4459-8259-3740aaf52f59
;;;Integrate Life Support Systems with Cube;50e50fd3-f9ff-4e74-924a-b4706ab67f91
;;;Test and Validate Life Support Systems;d76c35df-15f9-4943-8503-dc976a3fea78
;;Design Security and Surveillance Systems;;f5eeea8a-b066-48c4-aa7d-8d700e17b547
;;;Define surveillance system requirements;ba61042c-2a2d-4183-8813-8470c5c66010
;;;Select surveillance technology and vendors;fcf54309-d1e7-4f8b-a24d-3976bb66676a
;;;Design integrated security system architecture;91e48c34-f508-465f-8de1-764fbfee57bf
;;;Develop data storage and access protocols;b7a35e3d-c82b-4d87-9c84-6fce6338bb6e
;Procurement & Construction;;;571b71a5-0d6e-4829-8e20-d962f6d5dd1b
;;Establish Supply Chain for Materials;;ae84d1a1-bcdd-4b3e-a823-d62f32bb6e84
;;;Identify potential material suppliers;71ef5c4e-9d96-4a89-af07-0d171f838fe5
;;;Assess supplier reliability and capacity;00e364fa-3d93-460c-acf3-3c6d6097cfd9
;;;Negotiate contracts and pricing;448b95bb-cd97-490f-8ea5-b3d5d34cd866
;;;Establish quality control procedures;0dff696c-65ad-4984-a714-bfc51f72bd74
;;;Develop logistics and delivery plan;53dfb6d2-a644-4237-9e57-bfb28df449be
;;Acquire Construction Site;;7dfad978-309d-41ab-8634-99779b11f659
;;;Identify potential construction sites;92929d92-8fdb-4598-ae2c-c871f66314ae
;;;Conduct environmental impact assessment;3ffc986d-f244-4709-9a4c-99ec127604a1
;;;Negotiate land acquisition terms;7758c197-65e8-4af2-a681-f8bf7560e3b3
;;;Secure site access and permits;bbcb5ba6-0568-4d6f-ab63-51d05d76142a
;;Construct the Cube Structure;;8df40487-1b04-459f-85c5-509b7cbd537e
;;;Prepare foundation for Cube structure;0a8394e7-3fcf-4f4c-be73-856ee78091f2
;;;Assemble carbon fiber framework;ac3c1be0-6513-4d1e-beed-2ceea075fbf5
;;;Install shifting room mechanisms;0b5b260d-ccf6-4666-be33-b57b261753c5
;;;Implement internal room construction;6ac6e304-5215-4915-bd3b-6976586a264f
;;;Connect utilities and life support systems;82452257-f544-4f9d-b42e-e2205ac0a5a2
;;Install Mechanical and Electrical Systems;;1c7cfebb-81f0-4b9c-9aba-c6d9084f6776
;;;Install elevator and transport systems;97711836-c0fd-46e4-bf4f-18c591f85ab4
;;;Install power generation and distribution;84ebc8af-0580-4610-9a65-b07b111a81b7
;;;Install trap triggering and control systems;dee67b8c-0c68-4e22-b4d6-c9b4cfc9d644
;;;Install environmental control systems;ed8ffe62-9ad1-4b1d-9655-6de1568a54ae
;;;Install communication and monitoring systems;3627cdd7-bcf2-406d-a308-3fa21b6d89b7
;;Implement Security Infrastructure;;9218f240-a97a-4ac3-9999-dd7cedd00595
;;;Install perimeter intrusion detection system;b8366095-ba34-49d0-8baa-a7c93f7102c8
;;;Implement internal surveillance network;6c0f6bc1-edb7-4efd-bb43-cfd805e92d26
;;;Establish access control points;2ad4e26c-4784-4839-98bf-7dc9526ef24b
;;;Configure central security monitoring system;0aff7d02-07a6-4026-9102-0b44f348b60d
;;;Test and validate security infrastructure;b1162780-d779-4e4d-9f11-552e3b820788
;Testing & Commissioning;;;886dfe83-9064-4b4e-a0c4-27e5e3842cd9
;;Test Structural Integrity;;63c4ccd5-20b0-4ab8-9685-a8f71daf95b0
;;;Prepare structural integrity test plan;25ac6f99-ca52-4d0a-9643-7800564d3ef9
;;;Conduct material testing and analysis;6ca2d7d5-2ba5-4606-aaa4-63587ff5083c
;;;Perform load testing on Cube sections;c326306d-7fdb-4203-baea-99a950624706
;;;Analyze test data and generate report;7e00bf3b-9c36-470a-bb7f-cdb493acd6bf
;;Test Trap Mechanisms and Safety Systems;;e41ea4df-9477-47eb-b323-5cf90cfbdc09
;;;Simulate trap scenarios and safety responses;86750a6a-c71f-46a6-a4a7-fdd50fbd9f0c
;;;Test individual trap mechanisms functionality;b5f53bba-95a4-4bbe-a4b5-220153908b1e
;;;Evaluate safety system redundancy and fail-safes;c81fd3f4-4d9b-46ee-8ee9-1bec9a657e29
;;;Document testing results and identify improvements;5291d47f-e380-4c66-a1d3-4d8c6e3b7225
;;;Refine trap designs based on test results;f03b98b6-0cf5-4c37-9ee1-22eec65d22e3
;;Verify Life Support Systems Functionality;;120e1f86-8ee3-4328-8a57-3e617fe28fd8
;;;Calibrate sensors and monitoring equipment;00f49263-89ac-4e41-b055-9c7f8aedb656
;;;Simulate emergency scenarios and responses;65ebb938-5498-451c-bd40-37d5e75c1d2a
;;;Inspect and test redundant systems;e08fd7b1-91f1-486e-8f73-84303ae2aa71
;;;Analyze data logs for anomalies;81178c71-8e08-4fbd-8474-01c98e1b8892
;;;Document life support systems functionality;e8b868a6-ca0d-4797-aafc-5d799dec0f8f
;;Conduct Security Vulnerability Assessment;;02c89ba5-207f-46c4-b300-d5ef02e1b8b0
;;;Verify system integration and data flow;e1695233-337b-4252-8851-83f2cb681342
;;;Conduct penetration testing on security systems;c73a9d3b-f9b0-43af-a003-e46a24977543
;;;Simulate emergency scenarios and responses;995ff75b-5b7a-48c8-af24-9d99898dd6a0
;;;Final inspection and system calibration;0fecc5fa-6d54-4b18-bdc8-307888e7178e
;;Commission the Cube for Operation;;e831407e-1bd8-4826-8737-a8a7b36a030c
;;;Final systems integration testing;ee0d0cec-ceae-4301-b02f-67943c1d4cf1
;;;Obtain final regulatory approvals;49358e21-e4a3-4b69-956b-5d7ef9461aa6
;;;Conduct final equipment checks;3a1cde78-6c1a-4715-8b9b-0ad06df620f3
;;;Finalize operational procedures;329b75d6-ced3-4d4e-a2d7-78cbd0520112
;Operation & Maintenance;;;af7ff3a2-99c6-4711-880c-7c817aba9038
;;Recruit and Train Operational Staff;;e561d5af-36dc-4755-9d48-6b4ccf1df311
;;;Define operational staff roles and responsibilities;584ccc23-e056-4e60-88d7-5f8c3bd79b55
;;;Develop recruitment strategy and selection criteria;b9c1e561-9af9-4a4c-97d3-526194f1b5cd
;;;Conduct background checks and security clearances;fefdc7e4-3591-49a5-bf07-ec4b9d0fa28a
;;;Design and implement training programs;4463da25-ccba-409d-974a-2aa1cbb528a4
;;;Establish performance evaluation and retention plan;a044da50-266f-4fa7-828b-245ded539e65
;;Manage Participant Selection and Entry;;c7b40c82-8f54-4c3d-96ee-900e6fe63332
;;;Develop Participant Application and Screening;cd7b05ad-007a-4293-ae00-e5477e0f4b13
;;;Obtain Informed Consent and Legal Waivers;529ae1d1-fd2c-45fc-bf2d-1a7ad82ace89
;;;Establish Participant Communication Protocols;dc7dbf70-a9eb-408e-8e30-a7724f94043a
;;;Manage Participant Logistics and Accommodation;72bcdc49-a0fe-42ce-a984-6986cb5d0958
;;;Provide Post-Experience Psychological Support;f1f0dd39-6772-4a4b-959b-cdaa23f92026
;;Maintain Security and Surveillance Systems;;cb1dafd6-607e-4a83-8c0e-888088c17a49
;;;Regularly inspect security equipment;0aea48cc-605f-4546-a42b-12542b1a908d
;;;Update surveillance software and hardware;775c90ca-29d1-4278-9563-b2064f3e4022
;;;Analyze surveillance data for anomalies;9e025923-8df8-4588-bac6-d8b37ed8b994
;;;Conduct penetration testing of systems;5936382d-44a6-4be9-87e7-121ba3d67d7f
;;Perform Routine Maintenance and Repairs;;332e17bc-5269-420c-a7ec-95c3f2f95b74
;;;Inspect and repair mechanical components;51769c41-a350-475e-a84f-2236cefdffef
;;;Inspect and repair electrical components;44a3f91d-e63a-4829-b4f6-463b4c5895ca
;;;Test and calibrate safety sensors;44831fe5-e1d8-498c-bfa6-4aad351a433c
;;;Update maintenance logs and documentation;fb48db96-c8a9-4541-9c4e-975ab66a4a05
;;;Dispose of waste materials properly;9e702cd0-5a7c-4e1f-8417-6e3ba1c54bd9
;;Monitor Ethical and Legal Compliance;;3802cee8-dbb6-4549-802c-8e7bf6817ad1
;;;Monitor regulatory changes and legal precedents;7ab81358-0df4-4750-837e-620b54404f73
;;;Conduct regular ethical reviews of operations;7ff35a3c-65f6-4023-b3bd-3083b8a1091e
;;;Address stakeholder concerns and feedback;c3cdde05-d993-49ba-8d83-8c7b693a6e54
;;;Maintain documentation of compliance activities;4e9a022d-d1a4-480a-866c-bb83f8736a56
;Long-Term Sustainability & Decommissioning;;;80dbb121-adfc-415b-87d3-d9c51b44bfe2
;;Develop Long-Term Sustainability Plan;;864436a1-2497-4a23-8e98-8cfc0600e7de
;;;Define Sustainability Goals and Objectives;0cf1fc14-3e7b-4c2b-948a-58817f17b99d
;;;Assess Current Resource Consumption Patterns;100a7803-b216-428a-87cd-8f3f5e29ba14
;;;Identify Sustainable Resource Alternatives;5798e264-c382-4f54-838b-5edf77bfc694
;;;Develop Resource Management Strategies;348b8bc0-7387-49e6-ba34-783d7439186f
;;;Engage Stakeholders on Sustainability Initiatives;6a0d3752-2cf8-487a-a1b0-8831c1bdbd8c
;;Implement Resource Management Strategies;;aedee964-19c7-4c0a-ba59-537fe6b28c41
;;;Establish resource consumption baseline;c0849b02-e6f3-47f4-804e-44bb6f268411
;;;Identify resource optimization opportunities;322e5c5b-823c-4c32-8f45-66a16fecda73
;;;Implement resource-saving technologies;29512fb6-f2f8-4e76-a6da-febd3d0e0d53
;;;Monitor and report resource usage;29aed5aa-378a-4c7a-96c1-27ff72a55fff
;;Plan for Eventual Decommissioning;;0bbaff7f-5d3b-4468-84b0-62678a1fe350
;;;Assess environmental impact of decommissioning;07fc7847-1706-4f76-b472-a9d6d38368a3
;;;Develop decommissioning plan and schedule;6494bdb4-070e-4ac6-ae62-e78ebb2a51e6
;;;Obtain regulatory approvals for decommissioning;e8f4a4a5-2d51-4a5b-92f8-059a179070c4
;;;Communicate decommissioning plan to stakeholders;02d3b3fc-8e74-4037-ba8b-725f0ea534b8
;;Secure Funding for Decommissioning;;64007c43-8a76-4a59-a04f-71fa5900f2e0
;;;Estimate decommissioning costs;de37a883-c129-4001-a59c-9d89407f507e
;;;Explore funding options for decommissioning;d2d3632d-6acb-41d6-9f46-e5fb03deebb3
;;;Establish decommissioning fund;3e52e3f3-da6c-4cb8-90a5-d4d81abc4d18
;;;Negotiate decommissioning funding with client;1aedc5b1-bb6e-455e-be8b-16eb94a4ac71
;;;Secure legal agreements for decommissioning;5e6d19ef-f86d-4e5d-907d-0b555c40ce39
;;Execute Decommissioning Plan;;3002b90d-0602-435f-8320-67b3efe43ebb
;;;Conduct Site Assessment for Hazards;44bd4903-ca95-4891-807d-f9e98621b2c9
;;;Develop Deconstruction Plan;a49e0ae3-281d-4035-928f-4b8bda36c054
;;;Secure Demolition Permits;81b57c2b-774d-4eb7-9925-5e31daf3f046
;;;Execute Deconstruction and Waste Disposal;70953663-c45f-4006-abaf-96a20dbefee4
;;;Conduct Post-Deconstruction Site Remediation;753c3e5b-1e3b-4d51-8816-295ccdc856c4