Level 1;Level 2;Level 3;Level 4;Task ID
Paperclip Automation;;;;959b3bff-acc1-469d-95e8-78cef78fa93d
;Project Initiation & Planning;;;0be37c76-be3c-44b0-b81f-3fb6df07333c
;;Define Project Scope and Objectives;;210cdeb8-624e-4b72-b78f-99c203be5f03
;;;Identify Key Stakeholders and Their Needs;3997e414-6527-40a9-bce4-0d8abafbf57f
;;;Define Project Deliverables and Acceptance Criteria;d7c06f39-9d7b-49ef-bd16-915ee55faff0
;;;Establish Project Scope Boundaries;612f9a37-f2f2-4b86-831b-20368cdcf525
;;;Document Project Objectives and Success Metrics;ada4aefd-1a3f-4997-8049-4924d09eb600
;;Develop Project Plan;;7b65d7e8-d404-4352-80ff-6438a93dc2ea
;;;Define Task Dependencies and Milestones;660d5ba8-cb9b-454c-ac34-06e091b0fc22
;;;Estimate Task Durations and Resource Allocation;18d8a547-6d29-4210-bb20-b0eb6913384e
;;;Create a Detailed Project Schedule;7ba0ada8-64b9-4096-94f3-5d9ac8dc0e31
;;;Establish a Communication Plan;e0d04680-93fd-444a-98cb-c3a8aab7c6dc
;;;Develop a Budget and Resource Plan;53f1f973-b6a4-4371-a298-86a6ef12dd8e
;;Conduct Risk Assessment;;c50119ba-fb31-4b00-b9fd-b907f6b0ef5f
;;;Identify potential hazards in factory layout;30d0fbaf-8826-4af6-bc7e-cc15713bda96
;;;Assess risks associated with each hazard;8ac9f11b-f94c-48b0-9cf1-01f78d863994
;;;Develop mitigation strategies for each risk;0956b546-05c3-40fd-bbab-4b011d902b9b
;;;Document safety protocols and procedures;2c5ee027-8baf-49cd-a9eb-67ec36ec7e5d
;;;Plan safety training for personnel;9a066bde-28bc-44e5-bd0c-4c30fb8e1b05
;;Stakeholder Analysis and Communication Plan;;645d75be-200e-4064-a0ce-786b5a7f78d4
;;;Identify Project Stakeholders;d6f3dbea-1c1c-48f6-afae-d3ba0df74080
;;;Analyze Stakeholder Interests and Influence;75448b8d-11ce-4cad-bf54-7d20f342400c
;;;Develop Communication Plan;fbce8659-f989-4663-814f-07a6e6347dd1
;;;Establish Feedback Mechanisms;1de17b34-2cb6-41bb-9418-9d93e00bae3e
;;;Document Stakeholder Analysis;05a09861-5f82-4767-b6ed-2bb49a1046bc
;;Secure Funding and Budget Approval;;a25b3937-9017-4116-81bd-a52f9c23c113
;;;Identify Potential Funding Sources;7058bd81-07e6-4b67-8e0b-0282e673eda5
;;;Prepare Funding Proposal and Documentation;49081961-79cc-4a32-81d6-ee27c032a3d8
;;;Present Proposal to Funding Sources;604b1503-b0db-4ae1-b1c4-2a499b0dc2d5
;;;Secure Final Approval of Funds;ec8d014a-3f8a-4f08-8340-3616b025cb24
;;Define Strategic Decisions;;8a2e1bf3-a2f5-4172-8edc-10693d6f5dcc
;;;Define Automation Technology Choices;e0da8e65-3c11-4bb6-9cb5-2e1c59ceb48e
;;;Determine Level of Autonomous Operation;90300244-dfae-4d1e-b9eb-c887232dc26a
;;;Establish Data Collection and Analysis Strategy;b2beb79c-c993-43f7-bb02-d92acc5d8f40
;;;Decide on System Robustness Level;d0450837-5ba4-4f1a-bbc4-3824cfafb925
;Equipment Sourcing & Procurement;;;11ea471d-a469-47df-999d-c62e700d34d4
;;Finalize Equipment Sourcing Strategy;;e5e6888c-21e7-4501-a66d-46fd78247b38
;;;Define automation scope and requirements;c80c7f3b-0168-41ea-a147-479244a26989
;;;Research automation equipment options;2f0c8981-5ed9-45e3-a09d-fbbe2f93097c
;;;Evaluate equipment sourcing approaches;900f95d5-ad75-40b4-85b1-cd4bf9a9e583
;;;Assess vendor capabilities and reliability;bd7da7e9-4fd3-47ba-b7a7-440f19930d9c
;;;Document final sourcing strategy;c89e7759-f587-4bef-a34d-83065d1f931b
;;Identify and Evaluate Used Wire Bending Machine Options;;991ba219-ab1e-46cf-ae91-51131bba5148
;;;Define Wire Bending Machine Requirements;d7828e95-77f7-494c-8500-fc4fa53b9952
;;;Research Potential Used Machine Vendors;2816651c-cb27-40f1-9dce-0dacf9e59f7f
;;;Inspect and Evaluate Candidate Machines;66e87ae2-673a-42d0-92e2-47fa92f10957
;;;Assess Machine Integration Feasibility;a9a9040e-70ee-4780-97fc-b6e6766cfae1
;;;Document Machine Specifications and Condition;d7c8aee8-0844-4384-94bb-413ecadf6746
;;Select and Purchase Used Wire Bending Machine;;3376d849-e9b0-4eef-bb72-6464ee58b269
;;;Negotiate price and terms with seller;a83d9389-6961-45a1-a22e-5116fc3e665a
;;;Review and finalize purchase agreement;b04a2132-c885-48b5-8e01-f0d948da72a6
;;;Secure financing for the purchase;4eb24019-3a1c-4dce-a7d0-6fd33dede79a
;;;Coordinate payment and transfer of ownership;535f36a4-6978-471b-a58f-aaa6ce81f8ef
;;Select and Purchase New Packing/Labeling System;;c05bd5cb-c7a2-438a-89bd-38bd261732df
;;;Research packing/labeling system vendors;7c0f45c9-80ca-43c9-832d-4f3803093579
;;;Request quotes and system specifications;34c7aee9-f2b3-44ee-b353-bc3fb9d9b087
;;;Evaluate quotes and system specifications;80a2b879-3dc0-413d-ae34-44a31138aa31
;;;Negotiate terms and finalize purchase agreement;637af97e-8375-4eaf-9227-b68cbed2d928
;;;Issue purchase order and confirm delivery;ad64a792-b200-45c6-a5ce-98f49748dbcc
;;Arrange Equipment Transportation and Delivery;;74b778cc-bfc2-46ae-8f3f-ff663d7d17fb
;;;Define packing/labeling system requirements;b341227b-7967-4c03-bacc-bbc39447fde5
;;;Research and identify potential vendors;f5e063a1-c250-4fb3-97b6-17ae11ced7e6
;;;Evaluate vendor proposals and system specifications;01fb835b-04d3-4b5a-957a-89fe3b1a29df
;;;Negotiate contract terms and finalize purchase;45c4896e-1ea9-44ab-beb3-8ba209598045
;System Design & Integration;;;cffcad3a-0621-484e-a80f-36c3fc45e6f6
;;Define Equipment Integration Strategy;;14465d3e-62bd-4521-a0e3-8b602dc05f74
;;;Assess used equipment documentation quality;0a89d4d4-536b-4656-8e25-2c0f1d3d8ef5
;;;Identify interface requirements for all machines;b21c1a57-a9ac-46a1-b5c1-c5408e9a9738
;;;Evaluate integration options: discrete, modular, turnkey;2aa13810-306e-4e65-a553-256024427862
;;;Develop preliminary integration architecture diagram;d80abd5e-a467-4e01-9bef-de388b0e3ea2
;;Design System Architecture and Interfaces;;8a7de993-f058-4c41-96b4-e47b9cf81e9a
;;;Define communication protocols and data formats;8a4795ed-4980-43ef-98f3-302509bfa429
;;;Design hardware interfaces and wiring diagrams;3921fb52-b74d-4f0d-a652-6d49369492cd
;;;Develop data mapping and transformation logic;18612a97-996a-4667-aefc-ea2c3529a000
;;;Design user interfaces for monitoring and control;3b9f1830-e8b3-4a7e-b72e-61b399a18279
;;Develop Software Control System;;0cc1f1f2-6f28-4cdf-84d6-2124e9535536
;;;Define Software Requirements and Specifications;ad9093a0-6c95-48ae-b3c4-5435b7599ea1
;;;Design Software Architecture and Modules;391f8d0a-dcda-4fe8-9cca-4e6c3cb8963f
;;;Develop and Test Software Modules;e8508d1d-0b2c-4241-b947-6eb4be4b4437
;;;Integrate Software with Equipment;ecb0c0a0-0132-47cb-9ea9-b79075965a9d
;;;Test and Validate Control System;89836922-90fe-4c31-88d4-30b6aea24585
;;Integrate Equipment and Software;;96354cb8-08c6-4c41-bd9e-4df3d284f49d
;;;Establish communication protocols between machines;ce4d83c3-e054-49dd-aec7-d85b1a572508
;;;Develop interface modules for each machine;bee0dc0e-74aa-47c1-8377-6afe94a96ed1
;;;Test data exchange and control signals;35df7a21-32fe-479d-9618-cb590c06f6dc
;;;Implement error handling and logging;31ce0149-a722-4692-bc7c-234b2badfd6c
;;;Integrate carrier API for shipping automation;baca423f-594a-465e-b667-699a9d7c9933
;;Carrier API Integration;;4ac968db-9aa2-4046-8600-7e1da5e02226
;;;Study Carrier API Documentation;c81e3726-4b79-41d3-b8e7-f5a16d56b00b
;;;Design API Integration Architecture;0852a4a6-fb95-4ab0-94d9-66e01f6561b4
;;;Develop and Test API Integration;2f8651f4-a78d-44a1-b47f-ac174e9db7e1
;;;Implement Security Measures for API;83325344-bcf8-44ff-88dc-d760392b27ec
;;;Deploy and Monitor API Integration;2486749f-8693-4325-a7a7-fc2a98938ef7
;Facility Preparation & Installation;;;36540360-6589-4a9d-ab81-739dd326da64
;;Obtain Building and Electrical Permits;;98f02822-1a2b-4380-8487-bb4dc2230119
;;;Research building and electrical permit requirements;b14a879f-6a66-4e6a-8b43-dad61f4ac790
;;;Prepare permit application documentation;428ed764-1331-4e70-a955-7ab49b777e1c
;;;Submit permit applications and track progress;e1b94427-7463-4d79-baa6-15f843691bd4
;;;Address permit revisions and resubmit;f4d96dbc-fd32-4194-888a-393eb1c16860
;;Prepare Facility Layout and Infrastructure;;e246c79a-ebe4-485a-9070-e6f548022d95
;;;Assess facility layout for equipment placement;10b8d6ad-30c0-42ca-a793-0a133947070e
;;;Upgrade electrical infrastructure for equipment;0e575705-0f71-4728-a57d-46c91922241b
;;;Prepare foundation for wire bending machine;7d6ad764-5f2e-4682-ba4e-b0ae5c83524f
;;;Install ventilation and dust collection systems;b50f8980-5297-43fd-ba16-e5ac4ec17cd2
;;;Implement safety barriers and walkways;111cc00a-56d6-4d01-a768-a1f27d0048f1
;;Install Equipment and Connect Utilities;;3c9f6a1e-b08f-4ea3-bded-6cdd8d45138b
;;;Prepare equipment receiving area;ebaa1897-89b8-4268-b513-b322e2ddd196
;;;Unload and inspect equipment;b3b6e9ef-ca7c-466e-9bd0-6544a44375cb
;;;Connect utilities to equipment;339498b7-bb90-4c60-83dd-b592fd6a2772
;;;Verify equipment functionality;6facfec0-738e-457c-ba4b-68b02c9de0c9
;;Implement Safety Measures and Machine Guarding;;48577bec-6335-4161-886c-058d98efac0e
;;;Identify potential hazards and risks;ecaa21ae-d12a-4405-9854-ffc85b970d97
;;;Select and procure safety equipment;688d8e6f-d064-4dcb-9c35-1777fd16858c
;;;Install machine guarding and safety devices;b989bcbd-4d33-48f5-88e6-8504296b84c5
;;;Develop and implement safety protocols;7410a3e2-3d12-419f-9bb9-27471f76ca17
;;;Conduct safety inspections and audits;6f160787-03a3-41e5-b4fd-80b48144a9ed
;Testing & Commissioning;;;7f413606-c339-4d10-9ffd-4d4dfb6d1685
;;Conduct System Testing and Debugging;;ce156bee-e751-4e1f-89e7-bfeeae53fbbd
;;;Develop comprehensive test plan;7e74912a-0ee4-4ed6-ba8e-8cb2bcafa86f
;;;Execute functional system tests;413d9d0a-741e-4157-9ad6-51f459727cb1
;;;Identify and document bugs;3e014771-84d7-40ac-9a90-0eb973cac308
;;;Resolve identified bugs;93069e94-1534-4fc1-90d3-27b71d918b9a
;;;Retest fixed bugs;3aa754f1-f52c-4f11-a34b-6e9a155c3286
;;Optimize System Performance and Throughput;;a4539fb0-91ee-4136-8836-e115f6979a1b
;;;Establish Performance Baseline;915b6d0d-f12b-49c2-87c7-825b05c8b835
;;;Identify Performance Bottlenecks;df18da58-35d4-4a3b-9da1-0043f418cc25
;;;Implement Optimization Strategies;ed1aaa49-af1d-4f93-b0b4-742c3398cac4
;;;Measure and Validate Improvements;d5656874-bee0-43cb-9ec9-575d6ee4d986
;;Validate Automation Scope and Functionality;;1915f9a8-5f00-4e5d-b189-ab5190cbb9bf
;;;Test paperclip production under normal load;e9f8f7e1-d7c0-462f-83bb-3922cac619de
;;;Test packing and labeling automation;0c46b295-dea3-4d17-8895-45cbcd193173
;;;Test system error handling and recovery;cd80477e-d636-493c-919a-f53c69f83a2a
;;;Validate autonomous functionality edge cases;23c47a8d-d1ae-47c3-8b80-c1ac544e9802
;;Perform System Robustness Testing;;648d9898-0da1-4a87-9e3d-4146611a76b5
;;;Define Robustness Test Scenarios;e6013035-3668-4a88-888c-cd24ab61b2e2
;;;Simulate Component Failures;2828e07c-246b-4305-a0c6-0ec46ebd8952
;;;Measure System Uptime and Recovery Time;62de88a7-11f3-4884-8a38-fae55711eab1
;;;Evaluate Error Handling Mechanisms;647e2b3b-7889-4ca6-a07f-8250361d429a
;;;Document Robustness Test Results;510ec358-ac64-4ba0-8638-994f8cce35dc
;;Commission System for Autonomous Operation;;2aa1c5d0-de86-4c64-bb80-98bf055efaa3
;;;Develop phased rollout plan for autonomy;36e31b70-a8d0-4335-ad6d-11ad92358a7c
;;;Train personnel on autonomous system operation;9e804fee-206a-492b-abbc-d68b4c690feb
;;;Monitor system during initial autonomous runs;89e55b6f-5448-4876-93bc-8fcaa1f24ea1
;;;Refine autonomous operation based on data;653f2910-77ed-47a9-8fbf-0d28b4746068
;Operation & Monitoring;;;9f32693f-5137-4c64-8d7f-c166b3f792c1
;;Monitor System Performance and Uptime;;128dec6e-8d59-4189-a461-63e92509ab1d
;;;Define Key Performance Indicators (KPIs);6a731713-ca7d-40f4-988a-a93ec207261a
;;;Implement Data Collection Infrastructure;f1e23fa4-4107-4eaa-9e83-6583dd5be616
;;;Develop Data Analysis and Reporting Tools;f0e5750a-9bb8-4573-a701-1a2ce05628d9
;;;Establish Uptime Monitoring Procedures;554751d7-f059-4041-9bfa-09df831a96da
;;Implement Exception Handling Protocol;;1e37e5f0-5f05-46fe-bdba-3d1649009fa4
;;;Define Exception Types and Severity Levels;b7420217-c576-41e8-aaa7-34872215ccc6
;;;Develop Standard Operating Procedures (SOPs);3f725de8-4eda-4f71-b72e-1b310c27ce63
;;;Implement Automated Alerting System;e0ba187d-bbb4-45e4-915a-9f45adfe88f7
;;;Establish Escalation Paths and Responsibilities;8821b2f2-2751-4d32-bb47-233a06d67ac4
;;;Document Exception Handling Protocol;5e9615f9-34ec-454b-a900-ef993d90695e
;;Perform Regular Maintenance and Repairs;;c7b5ed42-d26e-4f82-8314-d7484ea31ed9
;;;Schedule preventative maintenance activities;ef7914e2-f375-4bb4-a4ba-77ef9474f5bc
;;;Procure and manage spare parts inventory;32241e28-da02-4095-b5d2-87866f9441e0
;;;Perform equipment inspections and diagnostics;ffc734b6-4575-4933-a1f3-c9f30d1e7470
;;;Execute repairs and replacements;c8497c3a-56a4-4193-9164-8149647250ed
;;;Document maintenance and repair activities;cc11fdb6-9c09-4cef-87f5-3446f8a5d692
;;Collect and Analyze System Data for Optimization;;2154c6cb-e7d3-442c-840e-cb9b05c94d92
;;;Define Key Performance Indicators (KPIs);8f89eea9-bdff-4ae1-8cc9-1ee28fe54d60
;;;Implement Data Collection Infrastructure;88810d66-44fc-451f-8edb-62123c523a39
;;;Develop Data Analysis and Reporting Tools;fc09ffe2-7d73-4350-8608-c44ac9855c98
;;;Analyze Data and Identify Optimization Opportunities;5860f481-b5e4-404a-b9ba-2a5b9ed487a4
;;;Implement and Validate Optimization Changes;ce533436-9dda-474b-86db-3368b25578f3