project_key,project_name,project_description,project_start_date,project_end_date,project_progress,project_parent,originating_department
959b3bff-acc1-469d-95e8-78cef78fa93d,Paperclip Automation,"Paperclip Automation

Final deliverable:
Automated Factory",11/14/2025,8/25/2026,0,,PlanExe
0be37c76-be3c-44b0-b81f-3fb6df07333c,Project Initiation & Planning,,11/14/2025,12/28/2025,0,959b3bff-acc1-469d-95e8-78cef78fa93d,PlanExe
210cdeb8-624e-4b72-b78f-99c203be5f03,Define Project Scope and Objectives,,11/14/2025,11/18/2025,0,0be37c76-be3c-44b0-b81f-3fb6df07333c,PlanExe
3997e414-6527-40a9-bce4-0d8abafbf57f,Identify Key Stakeholders and Their Needs,"Identify Key Stakeholders and Their Needs

Description:
Identify all individuals or groups affected by the project and document their specific requirements, expectations, and concerns. This involves conducting interviews, surveys, and workshops to gather comprehensive input.

Resources needed:
• Project Manager
• Business Analyst
• Stakeholder Representatives",11/14/2025,11/15/2025,0,210cdeb8-624e-4b72-b78f-99c203be5f03,PlanExe
d7c06f39-9d7b-49ef-bd16-915ee55faff0,Define Project Deliverables and Acceptance Criteria,"Define Project Deliverables and Acceptance Criteria

Description:
Clearly define all tangible and intangible outputs of the project, including the automated paperclip factory itself, documentation, training materials, and performance metrics. Establish specific, measurable, achievable, relevant, and time-bound (SMART) acceptance criteria for each deliverable.

Resources needed:
• Project Manager
• Mechanical Engineer
• Software Developer
• Quality Assurance Team",11/15/2025,11/16/2025,0,3997e414-6527-40a9-bce4-0d8abafbf57f,PlanExe
612f9a37-f2f2-4b86-831b-20368cdcf525,Establish Project Scope Boundaries,"Establish Project Scope Boundaries

Description:
Define what is included and excluded from the project to prevent scope creep and ensure focus. Document any assumptions, constraints, and dependencies that may impact the project scope. This includes defining the physical boundaries of the factory, the types of paperclips to be produced, and the level of automation to be implemented.

Resources needed:
• Project Manager
• Stakeholder Representatives
• Technical Lead",11/16/2025,11/17/2025,0,d7c06f39-9d7b-49ef-bd16-915ee55faff0,PlanExe
ada4aefd-1a3f-4997-8049-4924d09eb600,Document Project Objectives and Success Metrics,"Document Project Objectives and Success Metrics

Description:
Clearly articulate the overall goals of the project, such as demonstrating autonomous manufacturing, reducing manual labor, and improving efficiency. Define specific, measurable, achievable, relevant, and time-bound (SMART) success metrics to track progress and evaluate the project's success. This includes metrics related to production volume, uptime, cost savings, and safety.

Resources needed:
• Project Manager
• Business Analyst
• Operations Manager",11/17/2025,11/18/2025,0,210cdeb8-624e-4b72-b78f-99c203be5f03,PlanExe
7b65d7e8-d404-4352-80ff-6438a93dc2ea,Develop Project Plan,,11/18/2025,11/28/2025,0,210cdeb8-624e-4b72-b78f-99c203be5f03,PlanExe
660d5ba8-cb9b-454c-ac34-06e091b0fc22,Define Task Dependencies and Milestones,"Define Task Dependencies and Milestones

Description:
Identify all task dependencies and define key project milestones to track progress effectively. This involves creating a dependency diagram and a milestone chart.

Resources needed:
• Project Manager
• Team Leads",11/18/2025,11/20/2025,0,7b65d7e8-d404-4352-80ff-6438a93dc2ea,PlanExe
18d8a547-6d29-4210-bb20-b0eb6913384e,Estimate Task Durations and Resource Allocation,"Estimate Task Durations and Resource Allocation

Description:
Estimate the duration of each task and allocate resources appropriately. This includes considering resource availability, skill sets, and potential bottlenecks. Use techniques like PERT or Monte Carlo simulation.

Resources needed:
• Project Manager
• Team Leads
• Subject Matter Experts",11/20/2025,11/22/2025,0,660d5ba8-cb9b-454c-ac34-06e091b0fc22,PlanExe
7ba0ada8-64b9-4096-94f3-5d9ac8dc0e31,Create a Detailed Project Schedule,"Create a Detailed Project Schedule

Description:
Develop a comprehensive project schedule using project management software (e.g., Microsoft Project, Asana). This schedule should include all tasks, dependencies, milestones, and resource assignments.

Resources needed:
• Project Manager
• Project Management Software",11/22/2025,11/24/2025,0,18d8a547-6d29-4210-bb20-b0eb6913384e,PlanExe
e0d04680-93fd-444a-98cb-c3a8aab7c6dc,Establish a Communication Plan,"Establish a Communication Plan

Description:
Define how project information will be communicated to stakeholders. This includes identifying communication channels, frequency of updates, and responsible parties.

Resources needed:
• Project Manager
• Stakeholders",11/24/2025,11/26/2025,0,7ba0ada8-64b9-4096-94f3-5d9ac8dc0e31,PlanExe
53f1f973-b6a4-4371-a298-86a6ef12dd8e,Develop a Budget and Resource Plan,"Develop a Budget and Resource Plan

Description:
Create a detailed budget outlining all project costs, including equipment, labor, and materials. Develop a resource plan that identifies the resources needed for each task and their associated costs.

Resources needed:
• Project Manager
• Financial Analyst",11/26/2025,11/28/2025,0,7b65d7e8-d404-4352-80ff-6438a93dc2ea,PlanExe
c50119ba-fb31-4b00-b9fd-b907f6b0ef5f,Conduct Risk Assessment,,11/28/2025,12/3/2025,0,7b65d7e8-d404-4352-80ff-6438a93dc2ea,PlanExe
30d0fbaf-8826-4af6-bc7e-cc15713bda96,Identify potential hazards in factory layout,"Identify potential hazards in factory layout

Description:
Objective: Identify all potential safety hazards within the planned factory layout. Scope: Includes electrical, mechanical, ergonomic, and chemical hazards. Steps: Review layout diagrams, consult with safety experts, conduct site walkthrough. Deliverables: A comprehensive list of potential hazards.

Resources needed:
• Project Manager
• Safety Engineer
• Factory Layout Diagram",11/28/2025,11/29/2025,0,c50119ba-fb31-4b00-b9fd-b907f6b0ef5f,PlanExe
8ac9f11b-f94c-48b0-9cf1-01f78d863994,Assess risks associated with each hazard,"Assess risks associated with each hazard

Description:
Objective: Evaluate the severity and likelihood of each identified hazard. Scope: Includes assessing potential injuries, equipment damage, and environmental impact. Steps: Use risk assessment matrices, consult with safety experts, review historical accident data. Deliverables: A risk assessment report with prioritized hazards.

Resources needed:
• Safety Engineer
• Risk Assessment Matrix
• Historical Accident Data",11/29/2025,11/30/2025,0,30d0fbaf-8826-4af6-bc7e-cc15713bda96,PlanExe
0956b546-05c3-40fd-bbab-4b011d902b9b,Develop mitigation strategies for each risk,"Develop mitigation strategies for each risk

Description:
Objective: Create specific plans to reduce or eliminate each identified risk. Scope: Includes engineering controls, administrative controls, and personal protective equipment (PPE). Steps: Consult with engineers and safety experts, research best practices, develop detailed procedures. Deliverables: A comprehensive mitigation plan with specific actions for each risk.

Resources needed:
• Safety Engineer
• Mechanical Engineer
• Electrical Engineer
• Mitigation Plan Template",11/30/2025,12/1/2025,0,8ac9f11b-f94c-48b0-9cf1-01f78d863994,PlanExe
2c5ee027-8baf-49cd-a9eb-67ec36ec7e5d,Document safety protocols and procedures,"Document safety protocols and procedures

Description:
Objective: Create clear and concise documentation for all safety protocols and procedures. Scope: Includes lockout/tagout (LOTO), machine guarding, emergency response, and PPE usage. Steps: Write detailed procedures, create visual aids, review with safety experts. Deliverables: A comprehensive safety manual and training materials.

Resources needed:
• Safety Engineer
• Technical Writer
• Safety Manual Template",12/1/2025,12/2/2025,0,0956b546-05c3-40fd-bbab-4b011d902b9b,PlanExe
9a066bde-28bc-44e5-bd0c-4c30fb8e1b05,Plan safety training for personnel,"Plan safety training for personnel

Description:
Objective: Develop a training program to ensure all personnel understand and follow safety protocols. Scope: Includes initial training, refresher training, and specialized training for specific tasks. Steps: Develop training materials, schedule training sessions, track training completion. Deliverables: A safety training program and training records.

Resources needed:
• Safety Engineer
• Training Specialist
• Training Materials
• Training Records System",12/2/2025,12/3/2025,0,c50119ba-fb31-4b00-b9fd-b907f6b0ef5f,PlanExe
645d75be-200e-4064-a0ce-786b5a7f78d4,Stakeholder Analysis and Communication Plan,,12/3/2025,12/8/2025,0,c50119ba-fb31-4b00-b9fd-b907f6b0ef5f,PlanExe
d6f3dbea-1c1c-48f6-afae-d3ba0df74080,Identify Project Stakeholders,"Identify Project Stakeholders

Description:
Identify all individuals, groups, or organizations that have an interest in the project or could be affected by its outcome. This includes internal teams, external partners, regulatory bodies, and the local community.

Resources needed:
• Project Manager
• Business Analyst",12/3/2025,12/4/2025,0,645d75be-200e-4064-a0ce-786b5a7f78d4,PlanExe
75448b8d-11ce-4cad-bf54-7d20f342400c,Analyze Stakeholder Interests and Influence,"Analyze Stakeholder Interests and Influence

Description:
Assess the interests, expectations, and level of influence of each stakeholder. Determine their potential impact on the project and their communication preferences.

Resources needed:
• Project Manager
• Business Analyst",12/4/2025,12/5/2025,0,d6f3dbea-1c1c-48f6-afae-d3ba0df74080,PlanExe
fbce8659-f989-4663-814f-07a6e6347dd1,Develop Communication Plan,"Develop Communication Plan

Description:
Create a detailed communication plan that outlines how information will be shared with stakeholders, including the frequency, channels, and content of communications. Tailor the plan to meet the specific needs of each stakeholder group.

Resources needed:
• Project Manager
• Communication Specialist",12/5/2025,12/6/2025,0,75448b8d-11ce-4cad-bf54-7d20f342400c,PlanExe
1de17b34-2cb6-41bb-9418-9d93e00bae3e,Establish Feedback Mechanisms,"Establish Feedback Mechanisms

Description:
Implement mechanisms for gathering feedback from stakeholders throughout the project lifecycle. This could include surveys, interviews, focus groups, or regular progress meetings.

Resources needed:
• Project Manager
• Communication Specialist",12/6/2025,12/7/2025,0,fbce8659-f989-4663-814f-07a6e6347dd1,PlanExe
05a09861-5f82-4767-b6ed-2bb49a1046bc,Document Stakeholder Analysis,"Document Stakeholder Analysis

Description:
Document the stakeholder analysis, including a list of stakeholders, their interests and influence, the communication plan, and feedback mechanisms. This document will serve as a reference point for managing stakeholder relationships throughout the project.

Resources needed:
• Project Manager
• Business Analyst",12/7/2025,12/8/2025,0,645d75be-200e-4064-a0ce-786b5a7f78d4,PlanExe
a25b3937-9017-4116-81bd-a52f9c23c113,Secure Funding and Budget Approval,,12/8/2025,12/20/2025,0,645d75be-200e-4064-a0ce-786b5a7f78d4,PlanExe
7058bd81-07e6-4b67-8e0b-0282e673eda5,Identify Potential Funding Sources,"Identify Potential Funding Sources

Description:
Research and identify various funding sources, including internal budgets, external investors, grants, and loans. Assess the eligibility criteria and application requirements for each source.

Resources needed:
• Project Manager
• Financial Analyst
• Grant Writer",12/8/2025,12/11/2025,0,a25b3937-9017-4116-81bd-a52f9c23c113,PlanExe
49081961-79cc-4a32-81d6-ee27c032a3d8,Prepare Funding Proposal and Documentation,"Prepare Funding Proposal and Documentation

Description:
Develop a comprehensive funding proposal that outlines the project's objectives, scope, budget, and potential return on investment. Gather all necessary supporting documentation, such as financial statements, market research data, and technical specifications.

Resources needed:
• Project Manager
• Financial Analyst
• Technical Writer",12/11/2025,12/14/2025,0,7058bd81-07e6-4b67-8e0b-0282e673eda5,PlanExe
604b1503-b0db-4ae1-b1c4-2a499b0dc2d5,Present Proposal to Funding Sources,"Present Proposal to Funding Sources

Description:
Present the funding proposal to potential funding sources, addressing any questions or concerns they may have. Negotiate terms and conditions to secure funding approval.

Resources needed:
• Project Manager
• Financial Analyst
• Executive Sponsor",12/14/2025,12/17/2025,0,49081961-79cc-4a32-81d6-ee27c032a3d8,PlanExe
ec8d014a-3f8a-4f08-8340-3616b025cb24,Secure Final Approval of Funds,"Secure Final Approval of Funds

Description:
Obtain final approval of funds from the selected funding source(s). Complete all necessary paperwork and legal agreements to formalize the funding arrangement.

Resources needed:
• Project Manager
• Legal Counsel
• Financial Analyst",12/17/2025,12/20/2025,0,a25b3937-9017-4116-81bd-a52f9c23c113,PlanExe
8a2e1bf3-a2f5-4172-8edc-10693d6f5dcc,Define Strategic Decisions,,12/20/2025,12/28/2025,0,0be37c76-be3c-44b0-b81f-3fb6df07333c,PlanExe
e0da8e65-3c11-4bb6-9cb5-2e1c59ceb48e,Define Automation Technology Choices,"Define Automation Technology Choices

Description:
Determine the specific automation technologies to be used in the paperclip factory, considering factors like cost, performance, and integration complexity. This includes selecting specific robotic arms, sensors, and control systems.

Resources needed:
• Automation Specialist
• Mechanical Engineer
• Project Manager",12/20/2025,12/22/2025,0,8a2e1bf3-a2f5-4172-8edc-10693d6f5dcc,PlanExe
90300244-dfae-4d1e-b9eb-c887232dc26a,Determine Level of Autonomous Operation,"Determine Level of Autonomous Operation

Description:
Define the degree of autonomy for each stage of the paperclip production process, from raw material input to final packaging and shipping. This involves deciding which tasks will be fully automated, semi-automated, or require manual intervention.

Resources needed:
• Manufacturing Engineer
• Operations Staff
• Project Manager",12/22/2025,12/24/2025,0,e0da8e65-3c11-4bb6-9cb5-2e1c59ceb48e,PlanExe
b2beb79c-c993-43f7-bb02-d92acc5d8f40,Establish Data Collection and Analysis Strategy,"Establish Data Collection and Analysis Strategy

Description:
Develop a plan for collecting and analyzing data from the automated systems to monitor performance, identify bottlenecks, and optimize the production process. This includes selecting appropriate sensors, data storage solutions, and analytical tools.

Resources needed:
• Software Developer
• Data Analyst
• Project Manager",12/24/2025,12/26/2025,0,90300244-dfae-4d1e-b9eb-c887232dc26a,PlanExe
d0450837-5ba4-4f1a-bbc4-3824cfafb925,Decide on System Robustness Level,"Decide on System Robustness Level

Description:
Determine the required level of system robustness and redundancy to ensure reliable operation and minimize downtime. This involves selecting appropriate components, implementing fault-tolerant designs, and establishing backup systems.

Resources needed:
• Reliability Engineer
• Maintenance Technician
• Project Manager",12/26/2025,12/28/2025,0,8a2e1bf3-a2f5-4172-8edc-10693d6f5dcc,PlanExe
11ea471d-a469-47df-999d-c62e700d34d4,Equipment Sourcing & Procurement,,12/28/2025,2/12/2026,0,0be37c76-be3c-44b0-b81f-3fb6df07333c,PlanExe
e5e6888c-21e7-4501-a66d-46fd78247b38,Finalize Equipment Sourcing Strategy,,12/28/2025,1/2/2026,0,11ea471d-a469-47df-999d-c62e700d34d4,PlanExe
c80c7f3b-0168-41ea-a147-479244a26989,Define automation scope and requirements,"Define automation scope and requirements

Description:
Clearly define the scope of automation for the paperclip factory, including specific processes to be automated (e.g., wire feeding, bending, cutting, counting, packaging, labeling, sorting, and outbound logistics). Document detailed requirements for each automated process, including throughput, accuracy, and integration with existing systems.

Resources needed:
• Project Manager
• Manufacturing Engineer
• Automation Specialist",12/28/2025,12/29/2025,0,e5e6888c-21e7-4501-a66d-46fd78247b38,PlanExe
2f0c8981-5ed9-45e3-a09d-fbbe2f93097c,Research automation equipment options,"Research automation equipment options

Description:
Conduct thorough research to identify potential automation equipment options for each process. Explore both new and used equipment markets, considering factors such as cost, performance, reliability, and compatibility with existing systems. Gather technical specifications and vendor information for each option.

Resources needed:
• Mechanical Engineer
• Electrical Engineer
• Automation Specialist",12/29/2025,12/30/2025,0,c80c7f3b-0168-41ea-a147-479244a26989,PlanExe
900f95d5-ad75-40b4-85b1-cd4bf9a9e583,Evaluate equipment sourcing approaches,"Evaluate equipment sourcing approaches

Description:
Evaluate different equipment sourcing approaches, such as purchasing new equipment, purchasing used equipment, leasing equipment, or outsourcing automation to a third-party provider. Consider the pros and cons of each approach, including cost, risk, control, and flexibility. Develop a recommendation for the optimal sourcing approach.

Resources needed:
• Project Manager
• Financial Analyst
• Legal Counsel",12/30/2025,12/31/2025,0,2f0c8981-5ed9-45e3-a09d-fbbe2f93097c,PlanExe
bd7da7e9-4fd3-47ba-b7a7-440f19930d9c,Assess vendor capabilities and reliability,"Assess vendor capabilities and reliability

Description:
Assess the capabilities and reliability of potential equipment vendors. Review vendor experience, reputation, customer references, and financial stability. Conduct site visits or virtual meetings to evaluate vendor facilities and personnel. Develop a short list of qualified vendors.

Resources needed:
• Project Manager
• Mechanical Engineer
• Quality Assurance Specialist",12/31/2025,1/1/2026,0,900f95d5-ad75-40b4-85b1-cd4bf9a9e583,PlanExe
c89e7759-f587-4bef-a34d-83065d1f931b,Document final sourcing strategy,"Document final sourcing strategy

Description:
Document the final equipment sourcing strategy, including the selected equipment options, sourcing approaches, and vendors. Include a detailed justification for each decision, based on the evaluation criteria. Obtain stakeholder approval for the final sourcing strategy.

Resources needed:
• Project Manager
• Stakeholders
• Document Control Specialist",1/1/2026,1/2/2026,0,e5e6888c-21e7-4501-a66d-46fd78247b38,PlanExe
991ba219-ab1e-46cf-ae91-51131bba5148,Identify and Evaluate Used Wire Bending Machine Options,,1/2/2026,1/12/2026,0,e5e6888c-21e7-4501-a66d-46fd78247b38,PlanExe
d7828e95-77f7-494c-8500-fc4fa53b9952,Define Wire Bending Machine Requirements,"Define Wire Bending Machine Requirements

Description:
Establish specific criteria for the used wire bending machine, including capacity, speed, material compatibility, and required features. This involves consulting with manufacturing engineers and operations staff to understand production needs and limitations.

Resources needed:
• Manufacturing Engineer
• Operations Staff
• Project Manager",1/2/2026,1/4/2026,0,991ba219-ab1e-46cf-ae91-51131bba5148,PlanExe
2816651c-cb27-40f1-9dce-0dacf9e59f7f,Research Potential Used Machine Vendors,"Research Potential Used Machine Vendors

Description:
Identify potential vendors or sources for used wire bending machines, including online marketplaces, auction sites, and equipment dealers. Gather information on available machines, including specifications, condition, and pricing.

Resources needed:
• Project Manager
• Online Research Tools
• Equipment Databases",1/4/2026,1/6/2026,0,d7828e95-77f7-494c-8500-fc4fa53b9952,PlanExe
66e87ae2-673a-42d0-92e2-47fa92f10957,Inspect and Evaluate Candidate Machines,"Inspect and Evaluate Candidate Machines

Description:
Conduct thorough inspections of potential used wire bending machines to assess their condition, functionality, and suitability for the project. This may involve site visits, equipment testing, and review of maintenance records.

Resources needed:
• Mechanical Engineer
• Maintenance Technician
• Inspection Equipment",1/6/2026,1/8/2026,0,2816651c-cb27-40f1-9dce-0dacf9e59f7f,PlanExe
a9a9040e-70ee-4780-97fc-b6e6766cfae1,Assess Machine Integration Feasibility,"Assess Machine Integration Feasibility

Description:
Evaluate the feasibility of integrating the used wire bending machine with the new packing/labeling system and other automation components. This includes assessing compatibility, interface requirements, and potential integration challenges.

Resources needed:
• Systems Integrator
• Automation Specialist
• Mechanical Engineer",1/8/2026,1/10/2026,0,66e87ae2-673a-42d0-92e2-47fa92f10957,PlanExe
d7c8aee8-0844-4384-94bb-413ecadf6746,Document Machine Specifications and Condition,"Document Machine Specifications and Condition

Description:
Create a detailed record of the selected used wire bending machine's specifications, condition, and any identified issues or required repairs. This documentation will be used for integration planning and future maintenance.

Resources needed:
• Mechanical Engineer
• Documentation Software
• Project Manager",1/10/2026,1/12/2026,0,991ba219-ab1e-46cf-ae91-51131bba5148,PlanExe
3376d849-e9b0-4eef-bb72-6464ee58b269,Select and Purchase Used Wire Bending Machine,,1/12/2026,1/20/2026,0,991ba219-ab1e-46cf-ae91-51131bba5148,PlanExe
a83d9389-6961-45a1-a22e-5116fc3e665a,Negotiate price and terms with seller,"Negotiate price and terms with seller

Description:
Negotiate the final price, payment terms, warranty, and delivery schedule with the seller of the used wire bending machine.

Resources needed:
• Project Manager
• Legal Counsel
• Financial Analyst",1/12/2026,1/14/2026,0,3376d849-e9b0-4eef-bb72-6464ee58b269,PlanExe
b04a2132-c885-48b5-8e01-f0d948da72a6,Review and finalize purchase agreement,"Review and finalize purchase agreement

Description:
Thoroughly review the purchase agreement with legal counsel to ensure all terms are acceptable and protect the project's interests. Finalize and sign the agreement.

Resources needed:
• Project Manager
• Legal Counsel",1/14/2026,1/16/2026,0,a83d9389-6961-45a1-a22e-5116fc3e665a,PlanExe
4eb24019-3a1c-4dce-a7d0-6fd33dede79a,Secure financing for the purchase,"Secure financing for the purchase

Description:
Obtain the necessary financing to cover the purchase price of the used wire bending machine. This may involve securing a loan or using existing project funds.

Resources needed:
• Project Manager
• Financial Analyst",1/16/2026,1/18/2026,0,b04a2132-c885-48b5-8e01-f0d948da72a6,PlanExe
535f36a4-6978-471b-a58f-aaa6ce81f8ef,Coordinate payment and transfer of ownership,"Coordinate payment and transfer of ownership

Description:
Arrange for the payment to be made to the seller according to the agreed-upon terms. Coordinate the transfer of ownership documentation and ensure all legal requirements are met.

Resources needed:
• Project Manager
• Financial Analyst
• Legal Counsel",1/18/2026,1/20/2026,0,3376d849-e9b0-4eef-bb72-6464ee58b269,PlanExe
c05bd5cb-c7a2-438a-89bd-38bd261732df,Select and Purchase New Packing/Labeling System,,1/20/2026,2/4/2026,0,3376d849-e9b0-4eef-bb72-6464ee58b269,PlanExe
7c0f45c9-80ca-43c9-832d-4f3803093579,Research packing/labeling system vendors,"Research packing/labeling system vendors

Description:
Objective: Identify potential vendors for the new packing/labeling system. Scope: Online research, vendor catalogs, industry contacts. Steps: 1. Define system requirements. 2. Search for vendors. 3. Create a shortlist. Deliverables: Vendor shortlist.

Resources needed:
• Project Manager
• Mechanical Engineer",1/20/2026,1/23/2026,0,c05bd5cb-c7a2-438a-89bd-38bd261732df,PlanExe
34c7aee9-f2b3-44ee-b353-bc3fb9d9b087,Request quotes and system specifications,"Request quotes and system specifications

Description:
Objective: Obtain detailed quotes and specifications from shortlisted vendors. Scope: Vendor communication, technical documentation review. Steps: 1. Contact vendors. 2. Request quotes. 3. Request specifications. Deliverables: Quotes and specifications.

Resources needed:
• Project Manager
• Mechanical Engineer",1/23/2026,1/26/2026,0,7c0f45c9-80ca-43c9-832d-4f3803093579,PlanExe
80a2b879-3dc0-413d-ae34-44a31138aa31,Evaluate quotes and system specifications,"Evaluate quotes and system specifications

Description:
Objective: Evaluate the received quotes and specifications based on project requirements. Scope: Technical and financial analysis. Steps: 1. Compare quotes. 2. Compare specifications. 3. Assess compatibility. Deliverables: Evaluation report.

Resources needed:
• Project Manager
• Mechanical Engineer
• Financial Analyst",1/26/2026,1/29/2026,0,34c7aee9-f2b3-44ee-b353-bc3fb9d9b087,PlanExe
637af97e-8375-4eaf-9227-b68cbed2d928,Negotiate terms and finalize purchase agreement,"Negotiate terms and finalize purchase agreement

Description:
Objective: Negotiate favorable terms and finalize the purchase agreement with the selected vendor. Scope: Contract negotiation, legal review. Steps: 1. Negotiate price. 2. Negotiate warranty. 3. Finalize agreement. Deliverables: Purchase agreement.

Resources needed:
• Project Manager
• Legal Counsel",1/29/2026,2/1/2026,0,80a2b879-3dc0-413d-ae34-44a31138aa31,PlanExe
ad64a792-b200-45c6-a5ce-98f49748dbcc,Issue purchase order and confirm delivery,"Issue purchase order and confirm delivery

Description:
Objective: Issue the purchase order and confirm the delivery schedule with the vendor. Scope: Order processing, logistics coordination. Steps: 1. Issue PO. 2. Confirm delivery. 3. Track shipment. Deliverables: Confirmed delivery schedule.

Resources needed:
• Project Manager
• Logistics Coordinator",2/1/2026,2/4/2026,0,c05bd5cb-c7a2-438a-89bd-38bd261732df,PlanExe
74b778cc-bfc2-46ae-8f3f-ff663d7d17fb,Arrange Equipment Transportation and Delivery,,2/4/2026,2/12/2026,0,11ea471d-a469-47df-999d-c62e700d34d4,PlanExe
b341227b-7967-4c03-bacc-bbc39447fde5,Define packing/labeling system requirements,"Define packing/labeling system requirements

Description:
Clearly define the requirements for the new packing and labeling system, including throughput, package size, labeling accuracy, and integration with the wire bending machine and carrier APIs. This involves consulting with stakeholders and reviewing industry best practices.

Resources needed:
• Project Manager
• Mechanical Engineer
• Operations Staff",2/4/2026,2/6/2026,0,74b778cc-bfc2-46ae-8f3f-ff663d7d17fb,PlanExe
f5e063a1-c250-4fb3-97b6-17ae11ced7e6,Research and identify potential vendors,"Research and identify potential vendors

Description:
Research and identify potential vendors for the new packing and labeling system. This includes searching online databases, attending industry trade shows, and contacting industry experts. Create a shortlist of vendors based on their reputation, product offerings, and pricing.

Resources needed:
• Project Manager
• Purchasing Department",2/6/2026,2/8/2026,0,b341227b-7967-4c03-bacc-bbc39447fde5,PlanExe
01fb835b-04d3-4b5a-957a-89fe3b1a29df,Evaluate vendor proposals and system specifications,"Evaluate vendor proposals and system specifications

Description:
Evaluate the proposals and system specifications from the shortlisted vendors. This includes comparing their technical capabilities, pricing, warranty terms, and support services. Conduct site visits to vendor facilities to assess their manufacturing capabilities and quality control processes.

Resources needed:
• Project Manager
• Mechanical Engineer
• Electrical Engineer",2/8/2026,2/10/2026,0,f5e063a1-c250-4fb3-97b6-17ae11ced7e6,PlanExe
45c4896e-1ea9-44ab-beb3-8ba209598045,Negotiate contract terms and finalize purchase,"Negotiate contract terms and finalize purchase

Description:
Negotiate contract terms with the selected vendor, including pricing, delivery schedule, payment terms, and warranty provisions. Finalize the purchase agreement and issue a purchase order.

Resources needed:
• Project Manager
• Legal Counsel
• Purchasing Department",2/10/2026,2/12/2026,0,74b778cc-bfc2-46ae-8f3f-ff663d7d17fb,PlanExe
cffcad3a-0621-484e-a80f-36c3fc45e6f6,System Design & Integration,,2/12/2026,4/29/2026,0,11ea471d-a469-47df-999d-c62e700d34d4,PlanExe
14465d3e-62bd-4521-a0e3-8b602dc05f74,Define Equipment Integration Strategy,,2/12/2026,2/16/2026,0,cffcad3a-0621-484e-a80f-36c3fc45e6f6,PlanExe
0a89d4d4-536b-4656-8e25-2c0f1d3d8ef5,Assess used equipment documentation quality,"Assess used equipment documentation quality

Description:
Objective: Evaluate the completeness and accuracy of documentation for the used wire bending machine.
Scope: Review maintenance records, operating manuals, and any available schematics.
Steps: 1. Gather all available documentation. 2. Compare documentation against known equipment specifications. 3. Identify any gaps or inconsistencies.
Deliverables: A report outlining the quality and completeness of the documentation.

Resources needed:
• Mechanical Engineer
• Project Manager",2/12/2026,2/13/2026,0,14465d3e-62bd-4521-a0e3-8b602dc05f74,PlanExe
b21c1a57-a9ac-46a1-b5c1-c5408e9a9738,Identify interface requirements for all machines,"Identify interface requirements for all machines

Description:
Objective: Determine the necessary interfaces for communication and data exchange between the used wire bending machine, the new packing/labeling system, and the carrier API.
Scope: Define data formats, communication protocols, and physical connections.
Steps: 1. Review equipment specifications. 2. Consult with equipment vendors. 3. Document interface requirements.
Deliverables: A detailed interface specification document.

Resources needed:
• Systems Integrator
• Software Architect
• Mechanical Engineer",2/13/2026,2/14/2026,0,0a89d4d4-536b-4656-8e25-2c0f1d3d8ef5,PlanExe
2aa13810-306e-4e65-a553-256024427862,"Evaluate integration options: discrete, modular, turnkey","Evaluate integration options: discrete, modular, turnkey

Description:
Objective: Analyze different integration approaches (discrete, modular, turnkey) to determine the most suitable strategy.
Scope: Consider cost, time, risk, and internal expertise for each approach.
Steps: 1. Research each integration approach. 2. Develop cost and time estimates. 3. Assess internal expertise. 4. Compare the options.
Deliverables: A recommendation report outlining the preferred integration approach.

Resources needed:
• Project Manager
• Systems Integrator
• Financial Analyst",2/14/2026,2/15/2026,0,b21c1a57-a9ac-46a1-b5c1-c5408e9a9738,PlanExe
d80abd5e-a467-4e01-9bef-de388b0e3ea2,Develop preliminary integration architecture diagram,"Develop preliminary integration architecture diagram

Description:
Objective: Create a visual representation of the system architecture, showing the connections and data flow between all components.
Scope: Include the used wire bending machine, the new packing/labeling system, the carrier API, and the software control system.
Steps: 1. Define system components. 2. Identify data flows. 3. Create a diagram using a suitable tool (e.g., Visio, Lucidchart).
Deliverables: A preliminary integration architecture diagram.

Resources needed:
• Software Architect
• Systems Integrator",2/15/2026,2/16/2026,0,14465d3e-62bd-4521-a0e3-8b602dc05f74,PlanExe
8a7de993-f058-4c41-96b4-e47b9cf81e9a,Design System Architecture and Interfaces,,2/16/2026,2/28/2026,0,14465d3e-62bd-4521-a0e3-8b602dc05f74,PlanExe
8a4795ed-4980-43ef-98f3-302509bfa429,Define communication protocols and data formats,"Define communication protocols and data formats

Description:
Establish the communication protocols (e.g., Modbus, OPC UA) and data formats (e.g., JSON, XML) that will be used for data exchange between the used wire bending machine, the new packing/labeling system, and the software control system. This includes specifying the data elements that will be transmitted and received by each system.

Resources needed:
• Systems Integrator
• Software Architect
• PLC Programmer",2/16/2026,2/19/2026,0,8a7de993-f058-4c41-96b4-e47b9cf81e9a,PlanExe
3921fb52-b74d-4f0d-a652-6d49369492cd,Design hardware interfaces and wiring diagrams,"Design hardware interfaces and wiring diagrams

Description:
Develop detailed wiring diagrams and hardware interface specifications for connecting the various components of the automated system. This includes specifying the types of cables, connectors, and signal levels that will be used, as well as the physical layout of the wiring and connections.

Resources needed:
• Electrical Engineer
• Mechanical Engineer
• Technician",2/19/2026,2/22/2026,0,8a4795ed-4980-43ef-98f3-302509bfa429,PlanExe
18612a97-996a-4667-aefc-ea2c3529a000,Develop data mapping and transformation logic,"Develop data mapping and transformation logic

Description:
Create the data mapping and transformation logic that will be used to convert data between the different formats and units used by the various systems. This includes defining the algorithms and rules that will be used to transform data, as well as the error handling procedures that will be used to deal with invalid or missing data.

Resources needed:
• Software Developer
• Data Analyst
• PLC Programmer",2/22/2026,2/25/2026,0,3921fb52-b74d-4f0d-a652-6d49369492cd,PlanExe
3b9f1830-e8b3-4a7e-b72e-61b399a18279,Design user interfaces for monitoring and control,"Design user interfaces for monitoring and control

Description:
Design the user interfaces that will be used to monitor and control the automated system. This includes specifying the layout of the screens, the types of controls that will be used, and the data that will be displayed. The user interfaces should be intuitive and easy to use, and they should provide operators with the information they need to effectively manage the system.

Resources needed:
• UI/UX Designer
• Software Developer
• Operations Staff",2/25/2026,2/28/2026,0,8a7de993-f058-4c41-96b4-e47b9cf81e9a,PlanExe
0cc1f1f2-6f28-4cdf-84d6-2124e9535536,Develop Software Control System,,2/28/2026,3/30/2026,0,8a7de993-f058-4c41-96b4-e47b9cf81e9a,PlanExe
ad9093a0-6c95-48ae-b3c4-5435b7599ea1,Define Software Requirements and Specifications,"Define Software Requirements and Specifications

Description:
Objective: Clearly define the software requirements and specifications for the control system, ensuring compatibility with both new and used equipment.
Scope: This includes defining data acquisition methods, control algorithms, user interface requirements, and communication protocols.
Steps: Gather equipment specifications, consult with mechanical engineers and PLC programmers, document all requirements in a software requirements specification (SRS) document.
Deliverables: SRS document.

Resources needed:
• Software Architect
• PLC Programmer
• Mechanical Engineer",2/28/2026,3/6/2026,0,0cc1f1f2-6f28-4cdf-84d6-2124e9535536,PlanExe
391f8d0a-dcda-4fe8-9cca-4e6c3cb8963f,Design Software Architecture and Modules,"Design Software Architecture and Modules

Description:
Objective: Design a modular and scalable software architecture that can accommodate future expansion and modifications.
Scope: This includes defining the overall system architecture, identifying key software modules, and specifying the interfaces between modules.
Steps: Create a high-level system diagram, define module responsibilities, specify data flow between modules, and document the architecture in a software design document (SDD).
Deliverables: SDD document.

Resources needed:
• Software Architect
• PLC Programmer",3/6/2026,3/12/2026,0,ad9093a0-6c95-48ae-b3c4-5435b7599ea1,PlanExe
e8508d1d-0b2c-4241-b947-6eb4be4b4437,Develop and Test Software Modules,"Develop and Test Software Modules

Description:
Objective: Develop and test individual software modules according to the defined specifications.
Scope: This includes writing code, performing unit testing, and integrating modules into the overall system.
Steps: Write code for each module, perform unit testing using automated testing frameworks, integrate modules into the system, and perform integration testing.
Deliverables: Working software modules.

Resources needed:
• PLC Programmer
• Software Tester",3/12/2026,3/18/2026,0,391f8d0a-dcda-4fe8-9cca-4e6c3cb8963f,PlanExe
ecb0c0a0-0132-47cb-9ea9-b79075965a9d,Integrate Software with Equipment,"Integrate Software with Equipment

Description:
Objective: Integrate the software control system with the physical equipment, ensuring seamless communication and control.
Scope: This includes configuring communication protocols, testing data acquisition and control functions, and troubleshooting integration issues.
Steps: Configure communication protocols (e.g., Modbus, OPC UA), test data acquisition from sensors, test control functions (e.g., motor control, valve control), and troubleshoot integration issues.
Deliverables: Integrated software and equipment system.

Resources needed:
• PLC Programmer
• Electrical Engineer
• Mechanical Engineer",3/18/2026,3/24/2026,0,e8508d1d-0b2c-4241-b947-6eb4be4b4437,PlanExe
89836922-90fe-4c31-88d4-30b6aea24585,Test and Validate Control System,"Test and Validate Control System

Description:
Objective: Thoroughly test and validate the software control system to ensure it meets all requirements and performs reliably.
Scope: This includes performing functional testing, performance testing, and stress testing.
Steps: Develop test cases, execute test cases, analyze test results, and fix any identified issues.
Deliverables: Validated software control system.

Resources needed:
• Software Tester
• PLC Programmer
• Operations Staff",3/24/2026,3/30/2026,0,0cc1f1f2-6f28-4cdf-84d6-2124e9535536,PlanExe
96354cb8-08c6-4c41-bd9e-4df3d284f49d,Integrate Equipment and Software,,3/30/2026,4/19/2026,0,0cc1f1f2-6f28-4cdf-84d6-2124e9535536,PlanExe
ce4d83c3-e054-49dd-aec7-d85b1a572508,Establish communication protocols between machines,"Establish communication protocols between machines

Description:
Define and configure communication protocols (e.g., Modbus, OPC UA) for data exchange between the used wire bending machine, the new packing/labeling system, and the software control system. Ensure seamless data flow for coordinated operation.

Resources needed:
• PLC Programmer
• Software Developer
• Systems Integrator",3/30/2026,4/3/2026,0,96354cb8-08c6-4c41-bd9e-4df3d284f49d,PlanExe
bee0dc0e-74aa-47c1-8377-6afe94a96ed1,Develop interface modules for each machine,"Develop interface modules for each machine

Description:
Create software modules to interface with each machine's controller. This includes reading sensor data, sending control commands, and handling error messages. Ensure compatibility with the chosen communication protocols.

Resources needed:
• Software Developer
• PLC Programmer",4/3/2026,4/7/2026,0,ce4d83c3-e054-49dd-aec7-d85b1a572508,PlanExe
35df7a21-32fe-479d-9618-cb590c06f6dc,Test data exchange and control signals,"Test data exchange and control signals

Description:
Thoroughly test the data exchange between machines and the software control system. Verify that sensor data is accurately read and control commands are correctly executed. Debug any communication errors or data inconsistencies.

Resources needed:
• Software Developer
• PLC Programmer
• Mechanical Engineer",4/7/2026,4/11/2026,0,bee0dc0e-74aa-47c1-8377-6afe94a96ed1,PlanExe
31ce0149-a722-4692-bc7c-234b2badfd6c,Implement error handling and logging,"Implement error handling and logging

Description:
Develop robust error handling mechanisms to detect and respond to equipment malfunctions or communication failures. Implement comprehensive logging to track system performance and facilitate troubleshooting.

Resources needed:
• Software Developer
• PLC Programmer",4/11/2026,4/15/2026,0,35df7a21-32fe-479d-9618-cb590c06f6dc,PlanExe
baca423f-594a-465e-b667-699a9d7c9933,Integrate carrier API for shipping automation,"Integrate carrier API for shipping automation

Description:
Integrate the chosen carrier's (UPS/FedEx) API into the software control system to automate label generation, shipment tracking, and pickup scheduling. Ensure secure and reliable data transmission.

Resources needed:
• Software Developer
• IT Staff",4/15/2026,4/19/2026,0,96354cb8-08c6-4c41-bd9e-4df3d284f49d,PlanExe
4ac968db-9aa2-4046-8600-7e1da5e02226,Carrier API Integration,,4/19/2026,4/29/2026,0,cffcad3a-0621-484e-a80f-36c3fc45e6f6,PlanExe
c81e3726-4b79-41d3-b8e7-f5a16d56b00b,Study Carrier API Documentation,"Study Carrier API Documentation

Description:
Thoroughly review UPS and FedEx API documentation to understand available functionalities, data formats, authentication methods, and rate limits. Identify relevant API endpoints for shipping label generation, tracking, and address validation.

Resources needed:
• Software Developer
• Logistics Expert",4/19/2026,4/21/2026,0,4ac968db-9aa2-4046-8600-7e1da5e02226,PlanExe
0852a4a6-fb95-4ab0-94d9-66e01f6561b4,Design API Integration Architecture,"Design API Integration Architecture

Description:
Develop a robust and scalable architecture for integrating with carrier APIs. Define data mapping between internal systems and carrier APIs. Implement error handling and logging mechanisms. Consider security aspects such as API key management and data encryption.

Resources needed:
• Software Architect
• Software Developer
• Cybersecurity Expert",4/21/2026,4/23/2026,0,c81e3726-4b79-41d3-b8e7-f5a16d56b00b,PlanExe
2f8651f4-a78d-44a1-b47f-ac174e9db7e1,Develop and Test API Integration,"Develop and Test API Integration

Description:
Write code to interact with carrier APIs. Implement shipping label generation, tracking, and address validation functionalities. Conduct thorough testing to ensure data accuracy, error handling, and performance. Use API testing tools to simulate various scenarios.

Resources needed:
• Software Developer
• QA Tester",4/23/2026,4/25/2026,0,0852a4a6-fb95-4ab0-94d9-66e01f6561b4,PlanExe
83325344-bcf8-44ff-88dc-d760392b27ec,Implement Security Measures for API,"Implement Security Measures for API

Description:
Implement security measures to protect sensitive data transmitted through carrier APIs. Use secure authentication methods, encrypt data in transit and at rest, and implement access controls to restrict API access to authorized users and systems. Conduct regular security audits to identify and address potential vulnerabilities.

Resources needed:
• Cybersecurity Expert
• Software Developer",4/25/2026,4/27/2026,0,2f8651f4-a78d-44a1-b47f-ac174e9db7e1,PlanExe
2486749f-8693-4325-a7a7-fc2a98938ef7,Deploy and Monitor API Integration,"Deploy and Monitor API Integration

Description:
Deploy the API integration to a production environment. Implement monitoring tools to track API usage, performance, and errors. Establish alerts for critical issues. Continuously monitor the API integration to ensure its stability and reliability.

Resources needed:
• Software Developer
• IT Staff",4/27/2026,4/29/2026,0,4ac968db-9aa2-4046-8600-7e1da5e02226,PlanExe
36540360-6589-4a9d-ab81-739dd326da64,Facility Preparation & Installation,,4/29/2026,7/6/2026,0,cffcad3a-0621-484e-a80f-36c3fc45e6f6,PlanExe
98f02822-1a2b-4380-8487-bb4dc2230119,Obtain Building and Electrical Permits,,4/29/2026,5/31/2026,0,36540360-6589-4a9d-ab81-739dd326da64,PlanExe
b14a879f-6a66-4e6a-8b43-dad61f4ac790,Research building and electrical permit requirements,"Research building and electrical permit requirements

Description:
Objective: Identify all necessary building and electrical permits for the paperclip factory automation project.
Scope: Research local building codes, electrical codes, and any other relevant regulations.
Steps:
1. Consult the local building department website.
2. Contact the building department directly for clarification.
3. Review relevant sections of the building and electrical codes.
4. Document all permit requirements.
Deliverables: A comprehensive list of required building and electrical permits.

Resources needed:
• Project Manager
• Permitting Consultant",4/29/2026,5/7/2026,0,98f02822-1a2b-4380-8487-bb4dc2230119,PlanExe
428ed764-1331-4e70-a955-7ab49b777e1c,Prepare permit application documentation,"Prepare permit application documentation

Description:
Objective: Gather and prepare all necessary documentation for the building and electrical permit applications.
Scope: Collect site plans, equipment specifications, electrical diagrams, and any other required documents.
Steps:
1. Obtain site plans from the building owner.
2. Collect equipment specifications from vendors.
3. Create electrical diagrams with the help of an electrician.
4. Compile all documents into a permit application package.
Deliverables: Complete building and electrical permit application packages.

Resources needed:
• Project Manager
• Architect
• Contract Electrician",5/7/2026,5/15/2026,0,b14a879f-6a66-4e6a-8b43-dad61f4ac790,PlanExe
e1b94427-7463-4d79-baa6-15f843691bd4,Submit permit applications and track progress,"Submit permit applications and track progress

Description:
Objective: Submit the building and electrical permit applications to the local authorities and track their progress.
Scope: Submit applications, respond to inquiries, and monitor the review process.
Steps:
1. Submit the permit applications in person or online.
2. Pay the required permit fees.
3. Respond to any inquiries from the building department.
4. Track the progress of the applications online or by phone.
Deliverables: Submitted permit applications and regular progress updates.

Resources needed:
• Project Manager
• Permitting Consultant",5/15/2026,5/23/2026,0,428ed764-1331-4e70-a955-7ab49b777e1c,PlanExe
f4d96dbc-fd32-4194-888a-393eb1c16860,Address permit revisions and resubmit,"Address permit revisions and resubmit

Description:
Objective: Address any required revisions to the permit applications and resubmit them for approval.
Scope: Review feedback from the building department, make necessary changes, and resubmit the applications.
Steps:
1. Review the feedback from the building department.
2. Make the necessary changes to the application documents.
3. Resubmit the revised applications.
Deliverables: Revised and resubmitted permit applications.

Resources needed:
• Project Manager
• Architect
• Contract Electrician",5/23/2026,5/31/2026,0,98f02822-1a2b-4380-8487-bb4dc2230119,PlanExe
e246c79a-ebe4-485a-9070-e6f548022d95,Prepare Facility Layout and Infrastructure,,5/31/2026,6/10/2026,0,98f02822-1a2b-4380-8487-bb4dc2230119,PlanExe
10b8d6ad-30c0-42ca-a793-0a133947070e,Assess facility layout for equipment placement,"Assess facility layout for equipment placement

Description:
Objective: Determine optimal equipment placement within the existing facility. Scope: Evaluate space constraints, workflow efficiency, and safety considerations. Steps: Measure available space, create layout diagrams, and consult with equipment vendors. Deliverables: Approved facility layout plan.

Resources needed:
• Project Manager
• Mechanical Engineer
• Facility Manager",5/31/2026,6/2/2026,0,e246c79a-ebe4-485a-9070-e6f548022d95,PlanExe
0e575705-0f71-4728-a57d-46c91922241b,Upgrade electrical infrastructure for equipment,"Upgrade electrical infrastructure for equipment

Description:
Objective: Ensure adequate power supply for all equipment. Scope: Assess existing electrical capacity, design upgrades, and install new wiring. Steps: Conduct electrical load calculations, obtain quotes from electricians, and schedule installation work. Deliverables: Upgraded electrical infrastructure.

Resources needed:
• Electrical Engineer
• Contract Electrician
• Project Manager",6/2/2026,6/4/2026,0,10b8d6ad-30c0-42ca-a793-0a133947070e,PlanExe
7d6ad764-5f2e-4682-ba4e-b0ae5c83524f,Prepare foundation for wire bending machine,"Prepare foundation for wire bending machine

Description:
Objective: Provide a stable base for the used wire bending machine. Scope: Assess foundation requirements, design reinforcement, and pour concrete. Steps: Consult with structural engineer, obtain permits, and schedule concrete work. Deliverables: Reinforced concrete foundation.

Resources needed:
• Structural Engineer
• Construction Crew
• Project Manager",6/4/2026,6/6/2026,0,0e575705-0f71-4728-a57d-46c91922241b,PlanExe
b50f8980-5297-43fd-ba16-e5ac4ec17cd2,Install ventilation and dust collection systems,"Install ventilation and dust collection systems

Description:
Objective: Maintain air quality and remove dust generated by the process. Scope: Design and install ventilation and dust collection systems. Steps: Consult with HVAC specialist, obtain permits, and schedule installation work. Deliverables: Ventilation and dust collection systems.

Resources needed:
• HVAC Specialist
• Installation Crew
• Project Manager",6/6/2026,6/8/2026,0,7d6ad764-5f2e-4682-ba4e-b0ae5c83524f,PlanExe
111cc00a-56d6-4d01-a768-a1f27d0048f1,Implement safety barriers and walkways,"Implement safety barriers and walkways

Description:
Objective: Ensure safe movement of personnel around equipment. Scope: Design and install safety barriers and walkways. Steps: Consult with safety engineer, obtain permits, and schedule installation work. Deliverables: Safety barriers and walkways.

Resources needed:
• Safety Engineer
• Installation Crew
• Project Manager",6/8/2026,6/10/2026,0,e246c79a-ebe4-485a-9070-e6f548022d95,PlanExe
3c9f6a1e-b08f-4ea3-bded-6cdd8d45138b,Install Equipment and Connect Utilities,,6/10/2026,6/26/2026,0,e246c79a-ebe4-485a-9070-e6f548022d95,PlanExe
ebaa1897-89b8-4268-b513-b322e2ddd196,Prepare equipment receiving area,"Prepare equipment receiving area

Description:
Objective: Designate and prepare a specific area within the facility for receiving the used wire bending machine and the new packing/labeling system.
Scope: This includes clearing the area, ensuring adequate space for unloading and initial inspection, and providing necessary protective measures.
Steps:
1. Identify suitable receiving area.
2. Clear the area of obstructions.
3. Install protective flooring or padding if needed.
4. Ensure adequate lighting and ventilation.
Deliverables: A designated and prepared receiving area ready for equipment arrival.

Resources needed:
• Facility Manager
• Maintenance Staff
• Material Handling Equipment",6/10/2026,6/14/2026,0,3c9f6a1e-b08f-4ea3-bded-6cdd8d45138b,PlanExe
b3b6e9ef-ca7c-466e-9bd0-6544a44375cb,Unload and inspect equipment,"Unload and inspect equipment

Description:
Objective: Safely unload the used wire bending machine and the new packing/labeling system upon arrival and conduct a preliminary inspection for any visible damage.
Scope: This includes coordinating with the transportation company, using appropriate lifting equipment, and documenting any damage observed.
Steps:
1. Coordinate with transportation company for delivery schedule.
2. Unload equipment using forklifts or cranes.
3. Visually inspect equipment for damage.
4. Document any damage with photos and written notes.
Deliverables: Unloaded equipment and a documented inspection report.

Resources needed:
• Material Handling Equipment Operators
• Mechanical Engineer
• Project Manager",6/14/2026,6/18/2026,0,ebaa1897-89b8-4268-b513-b322e2ddd196,PlanExe
339498b7-bb90-4c60-83dd-b592fd6a2772,Connect utilities to equipment,"Connect utilities to equipment

Description:
Objective: Connect the necessary utilities (electrical power, compressed air, network connection) to the used wire bending machine and the new packing/labeling system.
Scope: This includes verifying utility requirements, installing appropriate connections, and testing the connections for proper functionality.
Steps:
1. Verify utility requirements for each machine.
2. Install electrical wiring and outlets.
3. Connect compressed air lines.
4. Establish network connections.
5. Test utility connections for proper functionality.
Deliverables: Fully connected and functional utility connections for all equipment.

Resources needed:
• Electrician
• Plumber
• IT Technician
• Mechanical Engineer",6/18/2026,6/22/2026,0,b3b6e9ef-ca7c-466e-9bd0-6544a44375cb,PlanExe
6facfec0-738e-457c-ba4b-68b02c9de0c9,Verify equipment functionality,"Verify equipment functionality

Description:
Objective: Perform initial tests to verify the basic functionality of the used wire bending machine and the new packing/labeling system after utility connections are established.
Scope: This includes running basic operational tests, checking for error messages, and ensuring that all components are functioning as expected.
Steps:
1. Power on each machine.
2. Run basic operational tests.
3. Check for error messages.
4. Verify component functionality.
Deliverables: A report confirming the basic functionality of each machine.

Resources needed:
• Mechanical Engineer
• PLC Programmer
• Technician",6/22/2026,6/26/2026,0,3c9f6a1e-b08f-4ea3-bded-6cdd8d45138b,PlanExe
48577bec-6335-4161-886c-058d98efac0e,Implement Safety Measures and Machine Guarding,,6/26/2026,7/6/2026,0,36540360-6589-4a9d-ab81-739dd326da64,PlanExe
ecaa21ae-d12a-4405-9854-ffc85b970d97,Identify potential hazards and risks,"Identify potential hazards and risks

Description:
Conduct a thorough assessment of the automated paperclip factory to identify potential hazards (electrical, mechanical, ergonomic, etc.) and assess the associated risks. This includes reviewing equipment specifications, facility layout, and operational procedures.

Resources needed:
• Safety Engineer
• Project Manager
• Operations Staff",6/26/2026,6/28/2026,0,48577bec-6335-4161-886c-058d98efac0e,PlanExe
688d8e6f-d064-4dcb-9c35-1777fd16858c,Select and procure safety equipment,"Select and procure safety equipment

Description:
Based on the hazard and risk assessment, select and procure appropriate safety equipment, including machine guarding, personal protective equipment (PPE), emergency stop systems, and fire suppression equipment. Ensure compliance with relevant safety standards and regulations.

Resources needed:
• Safety Engineer
• Procurement Specialist
• Operations Staff",6/28/2026,6/30/2026,0,ecaa21ae-d12a-4405-9854-ffc85b970d97,PlanExe
b989bcbd-4d33-48f5-88e6-8504296b84c5,Install machine guarding and safety devices,"Install machine guarding and safety devices

Description:
Install machine guarding, safety barriers, and other safety devices to protect workers from moving parts, electrical hazards, and other potential dangers. Ensure that all safety devices are properly installed and functioning correctly.

Resources needed:
• Mechanical Engineer
• Electrician
• Safety Engineer
• Installation Crew",6/30/2026,7/2/2026,0,688d8e6f-d064-4dcb-9c35-1777fd16858c,PlanExe
7410a3e2-3d12-419f-9bb9-27471f76ca17,Develop and implement safety protocols,"Develop and implement safety protocols

Description:
Develop and implement comprehensive safety protocols, including lockout/tagout procedures, emergency response plans, and safe operating procedures. Ensure that all workers are trained on the safety protocols and understand their responsibilities.

Resources needed:
• Safety Engineer
• Training Specialist
• Operations Staff
• Project Manager",7/2/2026,7/4/2026,0,b989bcbd-4d33-48f5-88e6-8504296b84c5,PlanExe
6f160787-03a3-41e5-b4fd-80b48144a9ed,Conduct safety inspections and audits,"Conduct safety inspections and audits

Description:
Conduct regular safety inspections and audits to verify compliance with safety protocols and identify potential hazards. Implement corrective actions to address any identified deficiencies. Document all safety inspections and audits.

Resources needed:
• Safety Engineer
• Operations Staff
• Project Manager",7/4/2026,7/6/2026,0,48577bec-6335-4161-886c-058d98efac0e,PlanExe
7f413606-c339-4d10-9ffd-4d4dfb6d1685,Testing & Commissioning,,7/6/2026,8/6/2026,0,36540360-6589-4a9d-ab81-739dd326da64,PlanExe
ce156bee-e751-4e1f-89e7-bfeeae53fbbd,Conduct System Testing and Debugging,,7/6/2026,7/16/2026,0,7f413606-c339-4d10-9ffd-4d4dfb6d1685,PlanExe
7e74912a-0ee4-4ed6-ba8e-8cb2bcafa86f,Develop comprehensive test plan,"Develop comprehensive test plan

Description:
Create a detailed test plan outlining testing scope, methods, and acceptance criteria. This includes defining test cases for various system functionalities and edge cases.

Resources needed:
• Systems Integrator
• Software Developer
• Mechanical Engineer",7/6/2026,7/8/2026,0,ce156bee-e751-4e1f-89e7-bfeeae53fbbd,PlanExe
413d9d0a-741e-4157-9ad6-51f459727cb1,Execute functional system tests,"Execute functional system tests

Description:
Perform functional tests to verify that each component of the system operates as intended and meets the specified requirements. This includes testing paperclip production, packing, labeling, and carrier integration.

Resources needed:
• Systems Integrator
• Software Developer
• Mechanical Engineer",7/8/2026,7/10/2026,0,7e74912a-0ee4-4ed6-ba8e-8cb2bcafa86f,PlanExe
3e014771-84d7-40ac-9a90-0eb973cac308,Identify and document bugs,"Identify and document bugs

Description:
Thoroughly document all identified bugs, including detailed descriptions, steps to reproduce, and expected vs. actual results. Prioritize bugs based on severity and impact on system functionality.

Resources needed:
• Systems Integrator
• Software Developer",7/10/2026,7/12/2026,0,413d9d0a-741e-4157-9ad6-51f459727cb1,PlanExe
93069e94-1534-4fc1-90d3-27b71d918b9a,Resolve identified bugs,"Resolve identified bugs

Description:
Work with the software development team to resolve identified bugs. This includes debugging code, implementing fixes, and retesting to ensure that the bugs are resolved and no new issues are introduced.

Resources needed:
• Software Developer
• PLC Programmer",7/12/2026,7/14/2026,0,3e014771-84d7-40ac-9a90-0eb973cac308,PlanExe
3aa754f1-f52c-4f11-a34b-6e9a155c3286,Retest fixed bugs,"Retest fixed bugs

Description:
After bug fixes are implemented, retest the system to ensure that the bugs are resolved and no new issues have been introduced. Document the results of the retesting process.

Resources needed:
• Systems Integrator
• Software Developer",7/14/2026,7/16/2026,0,ce156bee-e751-4e1f-89e7-bfeeae53fbbd,PlanExe
a4539fb0-91ee-4136-8836-e115f6979a1b,Optimize System Performance and Throughput,,7/16/2026,7/24/2026,0,ce156bee-e751-4e1f-89e7-bfeeae53fbbd,PlanExe
915b6d0d-f12b-49c2-87c7-825b05c8b835,Establish Performance Baseline,"Establish Performance Baseline

Description:
Objective: Determine current system performance metrics before optimization.
Scope: Measure throughput, error rates, and resource utilization.
Steps: Run the system under normal operating conditions, collect data, and calculate baseline metrics.
Deliverables: Documented baseline performance metrics.

Resources needed:
• System Engineer
• Data Analyst
• Monitoring Tools",7/16/2026,7/18/2026,0,a4539fb0-91ee-4136-8836-e115f6979a1b,PlanExe
df18da58-35d4-4a3b-9da1-0043f418cc25,Identify Performance Bottlenecks,"Identify Performance Bottlenecks

Description:
Objective: Pinpoint areas limiting system performance.
Scope: Analyze data to identify bottlenecks in hardware, software, or processes.
Steps: Review performance data, conduct root cause analysis, and identify constraints.
Deliverables: List of identified performance bottlenecks.

Resources needed:
• System Engineer
• Performance Analyst
• Debugging Tools",7/18/2026,7/20/2026,0,915b6d0d-f12b-49c2-87c7-825b05c8b835,PlanExe
ed1aaa49-af1d-4f93-b0b4-742c3398cac4,Implement Optimization Strategies,"Implement Optimization Strategies

Description:
Objective: Apply solutions to improve system performance.
Scope: Implement changes to hardware, software, or processes to address bottlenecks.
Steps: Develop and test optimization strategies, deploy changes, and monitor results.
Deliverables: Optimized system configuration and performance improvements.

Resources needed:
• Software Developer
• Hardware Technician
• System Administrator",7/20/2026,7/22/2026,0,df18da58-35d4-4a3b-9da1-0043f418cc25,PlanExe
d5656874-bee0-43cb-9ec9-575d6ee4d986,Measure and Validate Improvements,"Measure and Validate Improvements

Description:
Objective: Quantify the impact of optimization efforts.
Scope: Measure performance metrics after optimization and compare to baseline.
Steps: Run the system under normal operating conditions, collect data, and calculate improved metrics.
Deliverables: Documented performance improvements and validation report.

Resources needed:
• Data Analyst
• System Engineer
• Monitoring Tools",7/22/2026,7/24/2026,0,a4539fb0-91ee-4136-8836-e115f6979a1b,PlanExe
1915f9a8-5f00-4e5d-b189-ab5190cbb9bf,Validate Automation Scope and Functionality,,7/24/2026,7/28/2026,0,a4539fb0-91ee-4136-8836-e115f6979a1b,PlanExe
e9f8f7e1-d7c0-462f-83bb-3922cac619de,Test paperclip production under normal load,"Test paperclip production under normal load

Description:
Run the system under normal operating conditions to verify paperclip production meets expected output and quality standards. This includes testing the wire bending, forming, and cutting processes.

Resources needed:
• Mechanical Engineer
• PLC Programmer
• Quality Control Technician",7/24/2026,7/25/2026,0,1915f9a8-5f00-4e5d-b189-ab5190cbb9bf,PlanExe
0c46b295-dea3-4d17-8895-45cbcd193173,Test packing and labeling automation,"Test packing and labeling automation

Description:
Verify the automated packing and labeling system correctly packages and labels paperclips. This includes testing different box sizes, label formats, and carrier integration.

Resources needed:
• Mechanical Engineer
• Software Developer
• Logistics Expert",7/25/2026,7/26/2026,0,e9f8f7e1-d7c0-462f-83bb-3922cac619de,PlanExe
cd80477e-d636-493c-919a-f53c69f83a2a,Test system error handling and recovery,"Test system error handling and recovery

Description:
Simulate various error conditions (e.g., wire jams, sensor failures) to ensure the system can automatically detect, handle, and recover from errors without manual intervention.

Resources needed:
• PLC Programmer
• Mechanical Engineer
• Automation Specialist",7/26/2026,7/27/2026,0,0c46b295-dea3-4d17-8895-45cbcd193173,PlanExe
23c47a8d-d1ae-47c3-8b80-c1ac544e9802,Validate autonomous functionality edge cases,"Validate autonomous functionality edge cases

Description:
Test the system's ability to handle edge cases, such as variations in wire diameter, label stock, or box sizes, to ensure consistent and reliable autonomous operation.

Resources needed:
• Automation Specialist
• Quality Control Technician
• Software Developer",7/27/2026,7/28/2026,0,1915f9a8-5f00-4e5d-b189-ab5190cbb9bf,PlanExe
648d9898-0da1-4a87-9e3d-4146611a76b5,Perform System Robustness Testing,,7/28/2026,8/2/2026,0,1915f9a8-5f00-4e5d-b189-ab5190cbb9bf,PlanExe
e6013035-3668-4a88-888c-cd24ab61b2e2,Define Robustness Test Scenarios,"Define Robustness Test Scenarios

Description:
Objective: Define a comprehensive set of test scenarios to evaluate system robustness under various conditions.
Scope: Cover normal operation, edge cases, error conditions, and stress tests.
Steps: Identify potential failure points, define test parameters, and create test scripts.
Deliverables: Documented test scenarios and test scripts.

Resources needed:
• Reliability Engineer
• Automation Specialist
• Software Developer",7/28/2026,7/29/2026,0,648d9898-0da1-4a87-9e3d-4146611a76b5,PlanExe
2828e07c-246b-4305-a0c6-0ec46ebd8952,Simulate Component Failures,"Simulate Component Failures

Description:
Objective: Simulate component failures to assess system response and recovery capabilities.
Scope: Inject faults into hardware and software components to observe system behavior.
Steps: Use fault injection techniques, monitor system performance, and record error logs.
Deliverables: Report on system behavior under simulated failure conditions.

Resources needed:
• Reliability Engineer
• Automation Specialist
• Maintenance Technician",7/29/2026,7/30/2026,0,e6013035-3668-4a88-888c-cd24ab61b2e2,PlanExe
62de88a7-11f3-4884-8a38-fae55711eab1,Measure System Uptime and Recovery Time,"Measure System Uptime and Recovery Time

Description:
Objective: Measure system uptime and recovery time after simulated failures.
Scope: Quantify system availability and resilience.
Steps: Record uptime and downtime, calculate mean time between failures (MTBF) and mean time to repair (MTTR).
Deliverables: Uptime and recovery time metrics.

Resources needed:
• Reliability Engineer
• Automation Specialist
• Data Analyst",7/30/2026,7/31/2026,0,2828e07c-246b-4305-a0c6-0ec46ebd8952,PlanExe
647e2b3b-7889-4ca6-a07f-8250361d429a,Evaluate Error Handling Mechanisms,"Evaluate Error Handling Mechanisms

Description:
Objective: Evaluate the effectiveness of error handling mechanisms in preventing system crashes and data loss.
Scope: Test error handling routines and logging capabilities.
Steps: Trigger errors, observe system response, and analyze error logs.
Deliverables: Report on error handling effectiveness.

Resources needed:
• Software Developer
• Automation Specialist
• Quality Assurance Engineer",7/31/2026,8/1/2026,0,62de88a7-11f3-4884-8a38-fae55711eab1,PlanExe
510ec358-ac64-4ba0-8638-994f8cce35dc,Document Robustness Test Results,"Document Robustness Test Results

Description:
Objective: Document all test results and findings in a comprehensive report.
Scope: Summarize test scenarios, results, and recommendations for improvement.
Steps: Compile test data, analyze results, and write a final report.
Deliverables: Robustness test report.

Resources needed:
• Reliability Engineer
• Project Manager
• Technical Writer",8/1/2026,8/2/2026,0,648d9898-0da1-4a87-9e3d-4146611a76b5,PlanExe
2aa1c5d0-de86-4c64-bb80-98bf055efaa3,Commission System for Autonomous Operation,,8/2/2026,8/6/2026,0,7f413606-c339-4d10-9ffd-4d4dfb6d1685,PlanExe
36e31b70-a8d0-4335-ad6d-11ad92358a7c,Develop phased rollout plan for autonomy,"Develop phased rollout plan for autonomy

Description:
Create a detailed plan outlining the steps for transitioning to fully autonomous operation, starting with less critical tasks and gradually increasing the level of automation. Define clear criteria for each phase and establish rollback procedures.

Resources needed:
• Project Manager
• Automation Specialist
• Operations Staff",8/2/2026,8/3/2026,0,2aa1c5d0-de86-4c64-bb80-98bf055efaa3,PlanExe
9e804fee-206a-492b-abbc-d68b4c690feb,Train personnel on autonomous system operation,"Train personnel on autonomous system operation

Description:
Provide comprehensive training to personnel on how to operate and maintain the system in autonomous mode. Cover topics such as system monitoring, troubleshooting, and emergency procedures.

Resources needed:
• Training Specialist
• Automation Specialist
• Operations Staff",8/3/2026,8/4/2026,0,36e31b70-a8d0-4335-ad6d-11ad92358a7c,PlanExe
89e55b6f-5448-4876-93bc-8fcaa1f24ea1,Monitor system during initial autonomous runs,"Monitor system during initial autonomous runs

Description:
Closely monitor the system during the initial phases of autonomous operation to identify and address any unexpected issues or performance bottlenecks. Collect data on system performance and uptime.

Resources needed:
• Automation Specialist
• Operations Staff
• Data Analyst",8/4/2026,8/5/2026,0,9e804fee-206a-492b-abbc-d68b4c690feb,PlanExe
653f2910-77ed-47a9-8fbf-0d28b4746068,Refine autonomous operation based on data,"Refine autonomous operation based on data

Description:
Analyze the data collected during the initial autonomous runs to identify areas for improvement. Fine-tune system parameters, update training materials, and implement any necessary changes to optimize system performance and reliability.

Resources needed:
• Automation Specialist
• Operations Staff
• Data Analyst",8/5/2026,8/6/2026,0,2aa1c5d0-de86-4c64-bb80-98bf055efaa3,PlanExe
9f32693f-5137-4c64-8d7f-c166b3f792c1,Operation & Monitoring,,8/6/2026,8/25/2026,0,959b3bff-acc1-469d-95e8-78cef78fa93d,PlanExe
128dec6e-8d59-4189-a461-63e92509ab1d,Monitor System Performance and Uptime,,8/6/2026,8/10/2026,0,9f32693f-5137-4c64-8d7f-c166b3f792c1,PlanExe
6a731713-ca7d-40f4-988a-a93ec207261a,Define Key Performance Indicators (KPIs) (1),"Define Key Performance Indicators (KPIs)

Description:
Establish specific, measurable, achievable, relevant, and time-bound KPIs to track system performance, such as paperclips produced per hour, downtime percentage, and error rates. This involves identifying critical metrics and setting target values for each.

Resources needed:
• Project Manager
• Manufacturing Engineer
• Data Analyst",8/6/2026,8/7/2026,0,128dec6e-8d59-4189-a461-63e92509ab1d,PlanExe
f1e23fa4-4107-4eaa-9e83-6583dd5be616,Implement Data Collection Infrastructure (1),"Implement Data Collection Infrastructure

Description:
Set up the necessary sensors, data acquisition systems, and network infrastructure to collect real-time data from the automated paperclip factory. This includes configuring sensors to measure production rates, equipment status, and environmental conditions, and ensuring reliable data transmission to a central database.

Resources needed:
• Electrical Engineer
• PLC Programmer
• IT Specialist",8/7/2026,8/8/2026,0,6a731713-ca7d-40f4-988a-a93ec207261a,PlanExe
f0e5750a-9bb8-4573-a701-1a2ce05628d9,Develop Data Analysis and Reporting Tools (1),"Develop Data Analysis and Reporting Tools

Description:
Create dashboards and reports to visualize system performance data and identify areas for improvement. This involves selecting appropriate data analysis tools, developing custom reports to track KPIs, and setting up alerts to notify stakeholders of critical events or deviations from target values.

Resources needed:
• Software Developer
• Data Analyst
• Project Manager",8/8/2026,8/9/2026,0,f1e23fa4-4107-4eaa-9e83-6583dd5be616,PlanExe
554751d7-f059-4041-9bfa-09df831a96da,Establish Uptime Monitoring Procedures,"Establish Uptime Monitoring Procedures

Description:
Implement procedures for continuously monitoring system uptime and identifying the root causes of downtime events. This includes setting up automated monitoring tools, defining escalation procedures for downtime events, and conducting root cause analysis to prevent future occurrences.

Resources needed:
• Maintenance Technician
• Reliability Engineer
• Operations Staff",8/9/2026,8/10/2026,0,128dec6e-8d59-4189-a461-63e92509ab1d,PlanExe
1e37e5f0-5f05-46fe-bdba-3d1649009fa4,Implement Exception Handling Protocol,,8/10/2026,8/15/2026,0,128dec6e-8d59-4189-a461-63e92509ab1d,PlanExe
b7420217-c576-41e8-aaa7-34872215ccc6,Define Exception Types and Severity Levels,"Define Exception Types and Severity Levels

Description:
Categorize potential exceptions (e.g., equipment malfunction, data errors) and assign severity levels (critical, major, minor) to prioritize responses.

Resources needed:
• Project Manager
• Automation Specialist
• Operations Staff",8/10/2026,8/11/2026,0,1e37e5f0-5f05-46fe-bdba-3d1649009fa4,PlanExe
3f725de8-4eda-4f71-b72e-1b310c27ce63,Develop Standard Operating Procedures (SOPs),"Develop Standard Operating Procedures (SOPs)

Description:
Create detailed SOPs for each exception type, outlining step-by-step instructions for operators to follow, including troubleshooting steps and escalation procedures.

Resources needed:
• Manufacturing Engineer
• Operations Staff
• Training Specialist",8/11/2026,8/12/2026,0,b7420217-c576-41e8-aaa7-34872215ccc6,PlanExe
e0ba187d-bbb4-45e4-915a-9f45adfe88f7,Implement Automated Alerting System,"Implement Automated Alerting System

Description:
Configure the control system to automatically detect exceptions and generate alerts to notify operators via email, SMS, or visual displays.

Resources needed:
• Software Developer
• PLC Programmer
• IT Staff",8/12/2026,8/13/2026,0,3f725de8-4eda-4f71-b72e-1b310c27ce63,PlanExe
8821b2f2-2751-4d32-bb47-233a06d67ac4,Establish Escalation Paths and Responsibilities,"Establish Escalation Paths and Responsibilities

Description:
Define clear escalation paths for unresolved exceptions, specifying who to contact at each level and their responsibilities for resolving the issue.

Resources needed:
• Project Manager
• Operations Manager
• Maintenance Supervisor",8/13/2026,8/14/2026,0,e0ba187d-bbb4-45e4-915a-9f45adfe88f7,PlanExe
5e9615f9-34ec-454b-a900-ef993d90695e,Document Exception Handling Protocol,"Document Exception Handling Protocol

Description:
Create a comprehensive document outlining the exception handling protocol, including exception types, SOPs, escalation paths, and contact information.

Resources needed:
• Technical Writer
• Project Manager
• Operations Staff",8/14/2026,8/15/2026,0,1e37e5f0-5f05-46fe-bdba-3d1649009fa4,PlanExe
c7b5ed42-d26e-4f82-8314-d7484ea31ed9,Perform Regular Maintenance and Repairs,,8/15/2026,8/20/2026,0,1e37e5f0-5f05-46fe-bdba-3d1649009fa4,PlanExe
ef7914e2-f375-4bb4-a4ba-77ef9474f5bc,Schedule preventative maintenance activities,"Schedule preventative maintenance activities

Description:
Define a schedule for routine maintenance tasks based on equipment manuals and operational data. This includes lubrication, filter changes, sensor calibrations, and visual inspections.

Resources needed:
• Maintenance Technician
• Equipment Manuals
• Maintenance Schedule Software",8/15/2026,8/16/2026,0,c7b5ed42-d26e-4f82-8314-d7484ea31ed9,PlanExe
32241e28-da02-4095-b5d2-87866f9441e0,Procure and manage spare parts inventory,"Procure and manage spare parts inventory

Description:
Identify critical spare parts based on failure analysis and equipment manuals. Establish a system for ordering, storing, and tracking spare parts inventory to minimize downtime.

Resources needed:
• Maintenance Technician
• Inventory Management System
• Spare Parts Budget",8/16/2026,8/17/2026,0,ef7914e2-f375-4bb4-a4ba-77ef9474f5bc,PlanExe
ffc734b6-4575-4933-a1f3-c9f30d1e7470,Perform equipment inspections and diagnostics,"Perform equipment inspections and diagnostics

Description:
Conduct regular inspections of equipment to identify potential problems early. Utilize diagnostic tools and techniques to troubleshoot equipment malfunctions and determine the root cause of failures.

Resources needed:
• Maintenance Technician
• Diagnostic Tools
• Inspection Checklists",8/17/2026,8/18/2026,0,32241e28-da02-4095-b5d2-87866f9441e0,PlanExe
c8497c3a-56a4-4193-9164-8149647250ed,Execute repairs and replacements,"Execute repairs and replacements

Description:
Perform necessary repairs and replacements of faulty components. Document all maintenance activities, including the date, time, description of work performed, and parts replaced.

Resources needed:
• Maintenance Technician
• Repair Tools
• Replacement Parts",8/18/2026,8/19/2026,0,ffc734b6-4575-4933-a1f3-c9f30d1e7470,PlanExe
cc11fdb6-9c09-4cef-87f5-3446f8a5d692,Document maintenance and repair activities,"Document maintenance and repair activities

Description:
Maintain detailed records of all maintenance and repair activities, including dates, descriptions of work performed, parts replaced, and any issues encountered. This documentation will be used for future analysis and optimization of the maintenance schedule.

Resources needed:
• Maintenance Technician
• Maintenance Management Software
• Documentation Templates",8/19/2026,8/20/2026,0,c7b5ed42-d26e-4f82-8314-d7484ea31ed9,PlanExe
2154c6cb-e7d3-442c-840e-cb9b05c94d92,Collect and Analyze System Data for Optimization,,8/20/2026,8/25/2026,0,9f32693f-5137-4c64-8d7f-c166b3f792c1,PlanExe
8f89eea9-bdff-4ae1-8cc9-1ee28fe54d60,Define Key Performance Indicators (KPIs) (2),"Define Key Performance Indicators (KPIs)

Description:
Establish specific, measurable, achievable, relevant, and time-bound (SMART) KPIs to track system performance. This includes defining metrics for throughput, uptime, error rates, and resource utilization.

Resources needed:
• Project Manager
• Data Analyst
• Manufacturing Engineer",8/20/2026,8/21/2026,0,2154c6cb-e7d3-442c-840e-cb9b05c94d92,PlanExe
88810d66-44fc-451f-8edb-62123c523a39,Implement Data Collection Infrastructure (2),"Implement Data Collection Infrastructure

Description:
Set up the necessary hardware and software to collect data from various system components, including sensors, PLCs, and databases. Ensure data accuracy, reliability, and security.

Resources needed:
• Software Developer
• PLC Programmer
• IT Staff",8/21/2026,8/22/2026,0,8f89eea9-bdff-4ae1-8cc9-1ee28fe54d60,PlanExe
fc09ffe2-7d73-4350-8608-c44ac9855c98,Develop Data Analysis and Reporting Tools (2),"Develop Data Analysis and Reporting Tools

Description:
Create dashboards and reports to visualize system performance data and identify areas for improvement. Utilize statistical analysis techniques to uncover trends and patterns.

Resources needed:
• Data Analyst
• Software Developer
• Business Intelligence Specialist",8/22/2026,8/23/2026,0,88810d66-44fc-451f-8edb-62123c523a39,PlanExe
5860f481-b5e4-404a-b9ba-2a5b9ed487a4,Analyze Data and Identify Optimization Opportunities,"Analyze Data and Identify Optimization Opportunities

Description:
Regularly review system performance data to identify bottlenecks, inefficiencies, and areas where automation can be improved. Propose and evaluate potential optimization strategies.

Resources needed:
• Manufacturing Engineer
• Automation Specialist
• Data Analyst",8/23/2026,8/24/2026,0,fc09ffe2-7d73-4350-8608-c44ac9855c98,PlanExe
ce533436-9dda-474b-86db-3368b25578f3,Implement and Validate Optimization Changes,"Implement and Validate Optimization Changes

Description:
Implement approved optimization changes and validate their effectiveness through data analysis. Continuously monitor system performance to ensure sustained improvements.

Resources needed:
• Automation Specialist
• PLC Programmer
• Manufacturing Engineer",8/24/2026,8/25/2026,0,2154c6cb-e7d3-442c-840e-cb9b05c94d92,PlanExe
