Level 1;Level 2;Level 3;Level 4;Task ID
SIA MVP;;;;671d0362-4380-4e9b-9fdb-eef43d380c9c
;Project Initiation & Planning;;;a4991a5b-0783-4a5c-9bec-bdfee0a60a1b
;;Define Project Scope and Objectives;;02869fe7-92e3-4f74-8d34-8134c27fd3fd
;;;Gather stakeholder requirements for project scope;dbe8239d-7c37-498c-8e3f-3bfaaf34d043
;;;Define measurable project objectives and KPIs;86d0859b-804c-402b-88a7-dccb7aecbc4f
;;;Document project scope and objectives;4a17dbbd-4f35-45da-a8d6-7aa12926103e
;;;Validate scope and objectives with stakeholders;84794fd8-17f9-4501-b694-db6b40d27d3f
;;Identify Stakeholders and Engagement Strategy;;7f45ebfc-a2ae-4b18-a9b5-436161d1eda3
;;;Identify key stakeholders and their roles;4a82d27d-9426-408a-8d07-a9211f6dab9a
;;;Assess stakeholder influence and interest;6121f32b-7029-4ad5-94bb-344fcd72e755
;;;Develop stakeholder engagement plan;ace599e5-a29e-485a-8427-dbb4cb590c13
;;;Establish communication channels and feedback mechanisms;970ba627-7576-415f-80bc-39605f5a2a31
;;Develop Project Management Plan;;b711778d-bc9e-4abb-a736-5be98e331237
;;;Define Project Management Methodology;ed2e31e1-458e-4e7a-935a-6b5413b85745
;;;Create Detailed Project Schedule;94f96855-2b61-4d2a-9270-fb26962694ab
;;;Develop Resource Management Plan;ab08ae74-b1e9-4423-b0e9-9aeeb14cf92a
;;;Establish Communication Plan;3d837fa8-d078-49e2-b1da-40121142d576
;;;Define Risk Management Strategy;6c32bf45-ffe2-4559-a398-d8e2040315ef
;;Establish Project Governance Structure;;5158f73f-4058-4799-9eeb-4dda0e2597a7
;;;Define Governance Roles and Responsibilities;c7c3e7db-21f3-4ee1-8f5d-727c569bb4d1
;;;Establish Decision-Making Processes;d8892304-956b-4cf9-8dd4-2966709ebeca
;;;Develop Communication Protocols;2ce74f2e-d80a-477f-a82c-469fa868a434
;;;Define Escalation Paths for Issues;4710eedc-48b2-4ee1-81e9-8fa8518c70fa
;;;Document Governance Framework;79d4c0a9-22f9-4d12-b23c-3d9ba84e6467
;;Secure Project Funding;;468c458c-8bfe-4124-8374-ebe304eca7c3
;;;Develop detailed budget proposal;9a00a750-30d5-4290-8d4f-9ce118f7aff5
;;;Identify potential funding sources;5a3ad0aa-28fa-4492-b3f4-ae49afaec57d
;;;Prepare funding request documentation;aba2df5e-886f-47df-a162-815cd53ee5b4
;;;Present funding request to stakeholders;183a5600-f0ec-459d-b048-99643eeae2df
;;;Obtain final approval of funds;1b7e51e2-3b63-4bd7-b40a-683f41cc6616
;Regulatory Scope & Data Rights;;;fb4f1eaf-5391-4baf-bf29-05861ce57e33
;;Define Regulatory Scope Strategy;;3bda6f83-f1fb-4023-adc2-779b5425a004
;;;Research regulatory landscape and requirements;38842159-4723-4eec-abaf-cf3d667412ed
;;;Identify potential intervention types;feebf1da-f207-4aad-8336-7c74b13b671a
;;;Assess data availability for each intervention;ef6d307d-eb40-4d84-8bdb-55bf0dec1c1c
;;;Define regulatory scope decision criteria;0cfecad1-190e-4cc7-a89e-c7b6f45d1bd0
;;;Document regulatory scope strategy;9c455ff1-9663-44bd-a985-31551786d82d
;;Implement Data Rights Enforcement Strategy;;d2aea097-744a-4e2e-8c23-c35fba9f1431
;;;Identify Data Sources and Rights Restrictions;2c2ed861-3f40-4022-b646-654a5cbe1e06
;;;Assess De-identification Requirements and Techniques;ef9a2333-7ece-4274-b9be-0c3819515db3
;;;Negotiate Data Rights Agreements and Licenses;2362a8a2-eefc-4a68-a4bd-2ed343a5c292
;;;Implement Data Rights Enforcement Mechanisms;695b455e-df2f-4fe9-b490-84940b584b31
;;Establish Data Governance Adaptability Framework;;feeea0d0-eb6a-4f90-a3e4-d6326138fc84
;;;Research adaptable governance frameworks;e978d7f0-c237-435d-9b88-54a882585579
;;;Define adaptability criteria and metrics;d8383f1f-8a10-4471-bc3a-5d367066d9a6
;;;Design feedback mechanisms and processes;4887af02-1fca-486d-92ce-08d4b9394040
;;;Develop framework documentation and training;7459122c-3746-4fc2-bd3f-7cebcf9d9952
;;Data Collection and Validation;;d79c8907-2b88-4a98-b40f-618e475b4562
;;;Identify Data Sources for Regulatory Scope;c3be6c78-7fe0-45cf-8496-b3032dae02ac
;;;Collect Data Rights Enforcement Information;168231ee-e88b-4d37-b89d-d2d82e0daedd
;;;Validate Data Quality and Completeness;6ad0a54b-b4b8-4f02-bc0b-4fe9ce4f964f
;;;Document Data Provenance and Lineage;b1309e56-c13f-4506-8f21-f30ce9771c1d
;;Secure Data Sources and Licenses;;6f5a9193-9b10-44c5-88ac-e50e902003dd
;;;Identify potential data sources;bc859916-4077-45ae-86f8-8983f255d108
;;;Assess data source rights restrictions;3575de7d-13c7-4a05-9ad2-07f470eb5a02
;;;Negotiate data access and licensing agreements;76d4e13d-096e-4d9c-8822-d2c3a3410df0
;;;Implement data security measures;94c9312a-de92-4337-bc94-4c1a8ac99331
;;;Document data source details and licenses;2b149b6e-0353-4de2-a36e-c3b511d90bea
;AI Model Development & Validation;;;b7f64513-48f5-4fe5-9cef-0eee2d27ec2f
;;Develop AI Models;;977412f4-86e2-4c9f-b7b6-0fc62da9858c
;;;Data gathering for AI model training;feb7565e-6ea1-4b52-a922-4f8a55251141
;;;Select and configure AI model architecture;4ebf0e8a-5acc-485a-8ef3-714dc623bfad
;;;Train and evaluate AI models;c7546386-9180-45db-837b-762351d472aa
;;;Implement model bias mitigation techniques;ce162fb4-a8e7-4f5b-8b5f-d57631b7a1db
;;Implement Algorithmic Transparency Strategy;;c5387a8b-06dc-4f25-bf26-434d394ce29b
;;;Define Transparency Goals and Metrics;787fd1f9-6e7a-4baa-945f-e0c90a230718
;;;Select Transparency Techniques;7e2866a7-04ff-4051-a2a1-ff5de753fee2
;;;Implement Transparency Measures;6095a9db-58ba-4e91-a42c-2b41a5c4ba1d
;;;Evaluate Transparency Effectiveness;8d401e08-504f-4550-8503-dbebd16b77fd
;;;Iterate and Refine Transparency Strategy;4c1dcfe1-ad34-4e39-8844-91bc985a55bf
;;Execute Model Risk Management Strategy;;061156bb-faf8-4883-8a8c-d32f74dda7a9
;;;Identify Model Risk Management Framework;90aaa451-843c-4a3b-8bdb-e91c9b1c9b0a
;;;Define Risk Appetite and Tolerance Levels;cc396af7-ceef-493b-a88d-f71ce2b96807
;;;Implement Model Validation Procedures;0215efa3-b5e2-4e07-a67e-857a9213d137
;;;Establish Continuous Monitoring Plan;b8fd9c7d-ae39-4c16-94b5-d8a64ee28849
;;Conduct Model Validation and Calibration;;99491a48-70b1-4db8-a345-ca5e0529e00a
;;;Gather validation and calibration data;2d0d57d7-c437-4b07-b7c3-985fe4633c3e
;;;Select validation metrics and benchmarks;3268dce4-3eba-4460-b8ed-494c712f8ff3
;;;Perform model validation and testing;7275be85-0e52-4163-bedf-afde59901922
;;;Calibrate model parameters;6c3bc649-bc58-4cbc-8293-187365a4a40d
;;;Document validation and calibration results;6fc5e802-6feb-4eff-8057-244feb944ef7
;;Implement Explainable AI Techniques;;6fd43d0c-cecd-49de-87f6-5cf01dfb9ec9
;;;Select Explainable AI Techniques;56de8259-7025-4d5e-b9b0-72218c5e5b10
;;;Implement Selected XAI Techniques;f027d2d4-bc81-4e3e-8399-f5dcabd61d5d
;;;Generate Model Explanations;30bb0f4d-8be7-4cb4-9a49-19e003270cb7
;;;Evaluate Explanation Quality;3fd411b0-f3fa-4d9f-8c39-bbd0ddbb1e49
;;;Refine XAI Implementation;faad5eec-9b46-4e18-a707-0c70f5893f90
;System Architecture & Deployment;;;07aecda3-b132-46a5-894c-73bffed620c3
;;Design System Architecture;;50aa60fd-f6dc-4ba4-8e2f-547a9a5ba195
;;;Define System Requirements and Constraints;787f3c00-301e-4177-b26e-de453b30f746
;;;Select Architectural Patterns and Technologies;6b5fa773-bdad-473d-8429-e56cd1244bdb
;;;Develop High-Level System Design;b23a52a7-d412-440f-8dc3-1ae59baf85ca
;;;Design Security and Access Control Mechanisms;59a192fa-8751-4086-9f3f-10a614617af8
;;;Document System Architecture;f5b2899e-c28e-4385-a8fc-a4401b45560a
;;Implement Deployment Modularity Strategy;;782e825d-0406-43f3-9607-f0f283f98ffe
;;;Define Deployment Modularity Requirements;bbfbbe87-2377-4a11-9a74-fd5ba0d30ef7
;;;Select Modularity Technologies and Tools;0ca3d008-6161-4123-bc53-1d64cb6df51e
;;;Implement Modular Deployment Pipeline;1ad07d9c-b81f-49bf-9af7-9eb609193dd8
;;;Test and Validate Modular Deployments;c713155c-83b6-46ee-8e2c-a981f6d4c41d
;;;Document Modularity Implementation;fbab8459-1dda-403b-93b7-279216cfdcf7
;;Develop User Interface and Portal;;0c268294-2351-4b34-af06-ea60516e5a48
;;;Define UI/Portal Requirements;540ccbd5-fffb-479e-b61c-99caa49dce63
;;;Design UI/Portal Architecture;f7ad8247-c72b-409d-a60f-6f5a9e21264b
;;;Develop UI Components;75a2a35e-4097-4903-bb0a-c13f7b50cb06
;;;Integrate UI with Backend Systems;dbc85055-9780-4394-9989-966b931ea8f6
;;;Test and Refine UI/Portal;c90cade1-32f6-47d6-8d21-bb56303712f5
;;Deploy System to Sovereign Cloud Region;;be51b277-d311-4037-b397-14ed1b88ecc4
;;;Prepare cloud environment configuration;b9d34749-503b-466b-bb40-ca76cf67e217
;;;Package application for deployment;d50e5bfb-4046-4dd7-b1b6-f303c2e6a078
;;;Automate deployment process;4a155aeb-0773-4be5-8e29-e8dee43eabef
;;;Test deployment in staging environment;0b95df83-bd29-4f5f-b9ca-118a643adde6
;;;Execute deployment to sovereign cloud;8803a627-75ff-484c-b3f9-967688b42ecb
;;Implement Security and Access Controls;;8e06e580-6b61-44e2-9f26-55aba0429f2b
;;;Define Security Requirements and Policies;961099f3-958d-4edf-8650-423a57ba1bd7
;;;Implement Identity and Access Management (IAM);2539141c-b1a8-485f-b81e-412e99ffd824
;;;Configure Network Security Controls;aa526af5-4a93-4d13-a8ac-fac81df0efb3
;;;Conduct Security Audits and Penetration Testing;7e548e74-17b8-4a6a-8a0b-f92b74707401
;;;Establish Security Incident Response Plan;99fecd90-5385-4987-9af9-eb0266fad72b
;Human-in-the-Loop & Governance;;;cc4e364c-a059-4277-9a68-9e1f55024f1e
;;Integrate Human Oversight Cadence;;f1f78e95-b36f-4677-bffa-8e012c7f7019
;;;Define Human Oversight Integration Points;1eee52c7-cfc7-4e9f-bd65-5f2408c65ba8
;;;Develop Human-AI Interaction Protocols;226f0721-581e-4d77-90b7-57943c5e097a
;;;Implement Feedback Mechanisms for Improvement;1cc949fa-9556-4151-87d5-41a6ea92d49c
;;;Train Human Reviewers on AI System;b15ac633-53fa-469c-b191-ed5e46661266
;;Establish Adaptive Governance Framework;;602c584e-7430-49a6-89bd-678a04ffabef
;;;Define Governance Framework Principles;899223cf-26f8-4b1a-976c-4c69c24aaf76
;;;Establish Feedback Mechanisms and Processes;60f9f749-35b1-4320-9600-54929249fe58
;;;Develop Framework Adaptation Procedures;01b4ccd6-650e-4afc-a9bb-5b3d4d815bb9
;;;Implement Monitoring and Evaluation Plan;e75775e2-44a8-433c-b659-54a533e138e7
;;Implement Stakeholder Engagement Strategy;;791292c8-fd7e-40e6-b3ad-67d3ac781b75
;;;Identify key stakeholder groups;1d63285c-e542-41ae-9d16-ad47fcab32a5
;;;Develop tailored communication plans;0b4859eb-c496-46e8-a12e-4c480e0f84cf
;;;Establish feedback mechanisms;5d43e0cf-38dd-4900-a87f-f13fea934f8f
;;;Conduct regular engagement activities;6bbaaf69-241f-40e2-8e3d-84af87c58c08
;;;Monitor and evaluate engagement effectiveness;538ae1bc-ab1d-4e67-b505-90edcb905fc4
;;Define Regulatory Engagement Strategy;;6149bc5e-9909-4c44-8286-de0c98e49f1a
;;;Identify key regulatory stakeholders;9c2933b2-11f4-453a-b686-7a3f2d5b54ca
;;;Analyze existing regulatory frameworks;46894250-8530-42bd-aab0-3231b9f58228
;;;Develop engagement plan with regulators;82b0d3c5-722a-45f9-bd4c-b42d1f7860cb
;;;Establish communication channels with regulators;36f89e8b-f5b9-4412-aa3f-c1aba7a19924
;;;Monitor regulatory changes and updates;a8d0e7b5-9ee3-4d88-b1fe-0f84e4726c3e
;;Develop Processes for Human Review and Appeals;;1ac535de-10bd-45bf-a854-1039b07d933a
;;;Define Human Review Trigger Criteria;ac5be904-ea77-46c9-b274-43eb65b68e22
;;;Design Human Review Workflow;b91c5581-d3b9-40c8-9091-888ca32fcc16
;;;Develop Appeals Process and SLA;9a6a0b05-536c-4ee2-a534-4b442b987547
;;;Implement Reviewer Training Program;2af25efe-f46f-486d-b309-0824891c4f7c
;Testing, Training & Documentation;;;a8a1e9b8-ff7d-4477-995c-1217e1d1e432
;;Conduct System Testing and User Acceptance Testing;;9dab9709-0f57-47aa-8f66-81594d8d0ce3
;;;Prepare test environment and data;8fcd5c4d-6de6-4101-84de-625b5a91d2f9
;;;Execute system tests and log results;fb44e652-f326-4fcf-a9c2-36acc5c4e2cc
;;;Conduct user acceptance testing (UAT);59195f3d-bf46-4067-bd67-ae0ca4124456
;;;Analyze test results and identify defects;5f70c00b-4cc5-4929-8b81-89194f08df8e
;;;Document test findings and recommendations;5d95409e-7b83-4de1-b04b-73be9f656dda
;;Develop User Training Materials;;29617712-9a03-42e1-b4c8-c59e843437fc
;;;Identify Target User Groups;3ecccbe9-dbba-40fd-ba3e-feaa67423cfe
;;;Design Training Modules;546c91c0-7a52-435e-9b57-fc88dc2dd80f
;;;Develop Training Materials;bb5d6261-d843-4b2e-aa99-59c408f1fa6c
;;;Translate Training Materials;1c593d95-63dd-4ab5-9a32-4681c6844980
;;;Review and Revise Materials;f67a2871-7da3-44e0-80cb-b564be769e06
;;Provide User Training;;2f9680c9-cb81-4fa6-b2b4-edf25705c15c
;;;Prepare training environment and materials;f0102d1c-4438-4485-b098-d1594c4d7b0f
;;;Schedule and coordinate training sessions;94ec39c8-01b8-44e7-8b8e-d232c8eec1b8
;;;Conduct interactive training sessions;3e5744f8-6d91-441f-ac22-794f5e87570a
;;;Gather feedback and assess training effectiveness;28dbbbd0-ca4c-4d88-bc3a-f0d2a24df19c
;;Create System Documentation;;66d041d6-c5d0-4f44-b1ce-82e28e3f12a2
;;;Define documentation scope and audience;d89fc4ae-8842-4d3a-a4ee-acd1f819c1d0
;;;Gather system information and specifications;fb478079-338b-49ea-8da9-c47af3e41512
;;;Write and review documentation drafts;c4f97a20-a1dd-449c-9088-52a0290a7820
;;;Format and publish system documentation;27ac44b8-e950-4bb7-a096-01d7d4a7fbb9
;;;Maintain and update system documentation;9e01142e-18a2-4efa-9280-6d7018f037c0
;;Establish Support and Maintenance Procedures;;761f0508-6153-427e-b203-d218a6c5b3e3
;;;Document support procedures and responsibilities;dd60c09c-27c1-4615-8b32-256473d6ce5a
;;;Establish incident management process;dd3b1e67-0520-459a-8353-ddd88f8f4e3d
;;;Conduct knowledge transfer to support teams;865b68ed-a362-42e1-906f-becbb46732da
;;;Define maintenance schedule and activities;bac2d0cc-4b3f-4f1d-9503-24eb38e297eb
;;;Set up monitoring and alerting systems;326c6ba9-64bb-40a3-a178-ecf9e126adb8
;Deployment & Monitoring;;;725fd531-2f0a-4a3d-bf04-419df76e49eb
;;Deploy System to Production Environment;;58edb2a6-8e45-43d7-96c5-120ac4be2bd7
;;;Prepare Production Environment;97f78c1f-d95f-453e-b825-ea6d96a26cac
;;;Migrate Data to Production;3a3c14d5-8a88-4af2-9e8e-71da9e081871
;;;Deploy Application Code;3c6ae46a-6752-4faa-9f4d-22576e2f63b4
;;;Verify System Functionality;39730afe-0614-407b-9427-b33310a6f248
;;Monitor System Performance and Security;;88d34b10-77aa-41e8-a2db-f7195c749b65
;;;Establish Performance Baselines;32d25ccf-996b-4bc3-b70c-ccdfe7aaae79
;;;Implement Security Monitoring Tools;d3dd6715-dc3b-4a4f-9368-d2b36aff9187
;;;Conduct Regular Security Audits;609676cf-ed51-4a23-b9cf-348c0fc6eb7b
;;;Define Incident Response Procedures;48aef75e-acf1-40df-9fb5-518440fc5607
;;Collect User Feedback;;0e82c3fa-d351-4d06-8c23-461882d1a2d4
;;;Define Key Performance Indicators (KPIs);cfa78afc-da56-4279-9630-646eb196bb85
;;;Implement Data Collection Mechanisms;172367b6-6ca9-4742-bdeb-571799dad1b2
;;;Analyze User Feedback Data;e5d55f63-acc3-42de-af7f-a3626953ad6b
;;;Report on Decision Quality Lift;853f79c5-5336-40a2-a537-6c1a93d76008
;;Analyze Decision Quality Lift;;58ca0b67-3818-4a45-8589-386d23ecbb12
;;;Define Decision Quality Metrics;a4e7dc91-48d4-4b16-a129-415f33af72b2
;;;Establish Decision Quality Baseline;2bf4fbfd-1fe9-43b4-8644-052f3833d8db
;;;Measure Decision Quality Post-SIA;6e3fccc7-76b7-44e9-b5fb-ffa95876581e
;;;Compare Pre and Post-SIA Quality;21673628-4999-4de7-bc16-10c30dbf0e85
;;;Document Decision Quality Lift Analysis;674b03c1-222e-4819-8a0c-65f8b95c8466
;;Assess Binding Use Charter Feasibility;;67a5208b-5dc0-4362-aba4-53b379c5d716
;;;Define Decision Quality Metrics;0206882b-fa1c-45bf-ad2f-104111d06aab
;;;Establish Decision Quality Baseline;17eb4de7-60fc-4e26-9df6-62b056f77011
;;;Measure Decision Quality Post-SIA;25ca34a3-06fd-4df5-a143-fa33a0656d71
;;;Compare Baseline and Post-SIA Quality;125428cd-39ec-4287-a3dd-66cd129a758b
;;;Document Decision Quality Lift Analysis;8e499a38-608a-49e9-b837-aba25f97adde
;Project Closure;;;63391ef8-5963-4eed-a28d-2ac255bed517
;;Finalize Project Documentation;;894a3b0a-093d-4a3b-a56f-29652771a15c
;;;Gather all project-related documents;d3bbbf80-9e42-4e73-aeae-fb00a1cae922
;;;Review documentation for completeness;24c656cd-0cb2-4872-954a-a6652140c809
;;;Organize and index project documentation;818355e8-aa04-4377-a283-df558f8f673a
;;;Obtain stakeholder sign-off on documentation;eb03afa8-7b69-433a-93e1-950be1cae312
;;Conduct Post-Implementation Review;;1b780109-cd22-4b5f-8de7-293e777a93cb
;;;Define Review Scope and Objectives;2c1ba8df-556c-494a-98d7-d1544696161d
;;;Gather Project Data and Documentation;96b37bf4-a50e-4bbd-b14b-74e91895a2ba
;;;Conduct Stakeholder Interviews;25dfe167-8287-4b34-94c4-e5d8ec49e0b8
;;;Analyze Project Performance;8f4b2ef1-9830-493d-9809-adb02462b9c3
;;;Document Review Findings and Recommendations;9db71f0e-3fa4-4ac3-b75f-e87dfbcfbcaf
;;Obtain Project Sign-Off;;7e0c6d90-c739-4e0d-a629-e54226e5bf81
;;;Identify Stakeholders for Sign-Off;11cd4fb1-b6a9-4873-ab6a-3d8b4cc5e160
;;;Prepare Sign-Off Request Package;f5a8e087-c61c-46f0-8c91-089a7dfc39e4
;;;Schedule Sign-Off Meetings;c4a5b6f0-7156-4c9b-b3af-ab2402a182fa
;;;Address Stakeholder Concerns and Feedback;91b3cc4d-14de-496e-ba11-b045a11f12d5
;;;Obtain Formal Sign-Off Approval;6e4d02eb-9fe9-4d12-8dd8-fcefd331b5e0
;;Archive Project Materials;;33e8851f-6e9a-4b82-8017-8124baa816f6
;;;Identify Project Resources for Release;023435fb-d480-4830-8bde-d2aa745c3a12
;;;Coordinate Resource Reassignment;859f1ca2-edf3-4614-9d1e-9f26d2a1fc74
;;;Decommission Project Infrastructure;e50a89fc-5148-460d-bd26-fefcc8f29070
;;;Document Resource Release Process;14db5d0e-9fd5-4963-a6a6-c043bf0103ce
;;Release Project Resources;;ea7552bc-c5af-4292-987b-dd4f34a63e7c
;;;Identify resources for reassignment;f5d53361-833f-4336-a156-b45d8b70be61
;;;Reassign personnel to new projects;9b2db4e3-d7c7-4074-a7d0-7248a42ce225
;;;Decommission project-specific infrastructure;a6977219-1c36-49ba-ac1c-c50e5067e861
;;;Return equipment and unused materials;59a853a5-a992-4e3e-bb50-851d7b2993b9