Level 1;Level 2;Level 3;Level 4;Task ID
Malaria Reduction;;;;bb72e309-89fa-43aa-b95e-83e2c2fa2d8f
;Project Initiation & Planning;;;773ea31e-429e-4bb2-98de-fe819da242b1
;;Define Project Scope and Objectives;;407a5606-533e-4f48-b36d-5c5c856c8d5d
;;;Review existing malaria data;e7377d12-ce9f-446d-9627-db6853b27a19
;;;Assess current interventions;f58c4c44-94d9-4965-a668-1f3f82467112
;;;Consult with key stakeholders;89ca1feb-0f02-4f95-9749-5c0ccbd5c06e
;;;Define specific project objectives;a36ee8d6-8282-4fd7-af92-415717cf8a9f
;;Develop Detailed Project Plan;;125027e2-8938-4a5b-9067-ece8ee973d3c
;;;Define Activities and Task Dependencies;ea480f09-6cce-471f-bee9-4ec6194c47c1
;;;Estimate Activity Durations and Resource Needs;7917a058-9c3a-49ed-9f97-28d168a7e881
;;;Develop Project Schedule and Budget;f678e46b-2642-44e7-bec8-18922eff9edc
;;;Identify and Assess Project Risks;e931438e-5517-499c-81a6-2fdda2f6e588
;;;Create Communication and Stakeholder Plan;038b3786-9d0d-4488-92ca-69998969287b
;;Establish Project Governance Structure;;5a5fcf5c-b693-4fe4-8e47-b8cb585e389c
;;;Define Roles and Responsibilities;0b519083-f429-4902-99cf-90b435f40fd0
;;;Establish Decision-Making Processes;9db25f87-b8f2-4500-9abf-9dbc362f2f1d
;;;Develop Communication Plan;ac4661b6-391d-48c2-ab90-6c286959bade
;;;Create Governance Charter;602d5c58-96d3-4920-94b2-a12c254a05ee
;;Conduct Stakeholder Analysis;;9f17cc04-5716-4392-9cdc-3f11f0ae1929
;;;Identify Key Stakeholders;6b4a48da-1397-4e99-ad42-78d04f7444c9
;;;Assess Stakeholder Interests and Influence;d33c228e-3766-40ac-8e08-d53867c8c431
;;;Develop Stakeholder Engagement Plan;5379176d-318c-4e89-b9fe-30d71dd3c88d
;;;Implement Engagement Activities;d7c423e8-d6df-4e78-9ae8-47156dcc9e75
;Funding & Resource Mobilization;;;b1b502c6-e766-401a-8312-a1560d6fd91a
;;Develop Fundraising Strategy;;0fb604e9-eb8c-4afd-b211-008d7338fe9b
;;;Identify Potential Funding Sources;897e6d98-77c8-477d-b0db-a9d656f4dc92
;;;Develop Compelling Grant Proposals;a1f1a740-f18b-427c-aa04-8cbbe20dca90
;;;Cultivate Donor Relationships;cb1a9637-d4a0-47ea-ab79-db015434ab83
;;;Explore Innovative Financing Mechanisms;abbe243e-cb71-4f35-a018-318754a47789
;;Secure Funding Commitments;;5a51e088-e077-4883-9983-959301d383fa
;;;Identify potential funding sources;8146837f-f5f9-428c-8542-e91ad2706c01
;;;Develop compelling grant proposals;3ec9d86e-f395-4a25-843a-892c6292e36a
;;;Engage with potential donors;4a8e9834-25d9-438b-bbce-d90f066a355a
;;;Negotiate funding agreements;d15b5c52-74ee-45bc-a60c-faa1260ac008
;;;Track funding commitments;50ac8816-17a7-46c2-8bc2-271018ea4be4
;;Establish Public-Private Partnerships;;b04a6b44-4d30-4dd7-8dd4-71fde53b8633
;;;Identify Potential Funding Sources;65574fb7-8414-4292-ab95-3ef90c2bcb99
;;;Develop Grant Proposals;d9acd68e-d16e-4f3d-8558-00680405ab9e
;;;Cultivate Donor Relationships;06aa7a31-f294-480d-8690-27a6ecccd789
;;;Negotiate Funding Agreements;17be68ab-3027-4470-bc4a-2a9d1f13f535
;;;Track and Report Funding;2ea77e0c-172b-48c5-a159-130610575f85
;;Procure Resources (Bed Nets, Equipment, etc.);;e52c447c-ad65-4e3e-a383-ecd72f6852c5
;;;Identify Bed Net Suppliers;776a7368-9dd7-4224-8971-835dbfc7efcb
;;;Negotiate Bed Net Contracts;87b900dd-8d4e-4c97-961b-72bce59ae2b9
;;;Manage Bed Net Logistics;08c8429e-8fbb-4047-a943-a72bd6fa26b9
;;;Procure Spraying Equipment;3c2df65d-81cb-4a53-9f4d-f93bdb32b59c
;;;Secure Mobile Clinic Vehicles;8c1a1929-9918-4afc-a9e0-e61a0d51d552
;Regulatory Approvals & Compliance;;;d58be5be-840c-4d48-9a17-6146700392c9
;;Identify Required Regulatory Approvals;;4021a74d-121d-49ff-a2a6-8abd95f1482a
;;;Research regulatory bodies;f058227f-9689-43e2-b3a6-cd0b95287701
;;;List required permits and licenses;d2c017cb-3cbd-4d7d-9634-1ba7d8ef0d6f
;;;Document approval processes;997fdfef-6d9b-4a8f-922b-a8f5c564900c
;;;Assess compliance standards;27b9f2a6-540a-4bcc-9dc1-31c2484a2e88
;;Prepare and Submit Applications;;3baad3ca-afa3-423c-9422-b6f9e60b1346
;;;Gather required documents for applications;fb397e72-5ee0-458c-b160-042e0f5c09ee
;;;Complete application forms accurately;e193f4a8-09fd-4acc-8328-3329dd4108a9
;;;Submit applications to relevant authorities;e7c3e0f8-91b5-49e6-afb9-85dffb0256e0
;;;Address queries from regulatory bodies;e86582e5-7ac1-441d-82af-9bf8ebf2f862
;;Obtain Necessary Permits and Licenses;;26e96d3e-e16b-453a-a408-4d8131ab7a93
;;;Gather all required documents;2bafd04c-8c3b-48ba-a04c-e280e161705d
;;;Complete application forms accurately;7fa86efd-c76f-4b52-9a0f-384d32f8a0d4
;;;Submit applications to relevant agencies;42764101-2385-4181-bab4-b56141103091
;;;Track application status and respond;292138b8-3180-49e1-b0b9-562b20b52421
;;Ensure Compliance with Regulations;;cbede9cb-d05c-4d62-b2a0-9b4a6942621a
;;;Establish Regulatory Compliance Framework;63e93a20-40c3-4cc2-bdf4-f67b5fe1bc6c
;;;Conduct Internal Compliance Audits;9dca451e-7ab8-4da3-9004-b77d9533060f
;;;Provide Compliance Training to Staff;28cb08ea-c2c5-4b84-b5cd-bec8bcc3f935
;;;Maintain Compliance Documentation;22c7eecd-2300-476b-aa9b-6115a75b2852
;Community Engagement & Mobilization;;;15454d97-7597-4097-b13d-0bf5bb6c2295
;;Develop Community Engagement Strategy;;f8283573-c2e0-47de-9498-eb03581d4e5e
;;;Identify key community stakeholders;021bc9b7-7625-4f7a-b945-fd2c45ba48d8
;;;Develop culturally sensitive messaging;5f93bb44-4ae6-419a-a5c3-0bc35603caa6
;;;Establish communication channels;f8ba1680-33e1-4c23-88ed-34a3f2e36210
;;;Train community health workers;e3fc0c4e-5000-4a2f-b5b2-9c6e2e9fcdbc
;;Conduct Community Consultations;;9771faad-eb22-4c14-8182-e5013e052214
;;;Identify potential board members;4e856498-4da5-450f-b4ad-271780aed99d
;;;Develop selection criteria;b572b257-6ec3-41c2-912b-dd3fc90bfa18
;;;Recruit and invite members;f889074d-76f1-4ce5-8d6f-85f802f9256f
;;;Conduct orientation and training;ef107ab0-ee11-4f26-b984-a1a1e0d33539
;;;Establish board operating procedures;23e1bb09-cf6b-4b82-abc9-3906552eb8e3
;;Establish Community Advisory Boards;;7283d0c8-1f3f-4802-a29d-3dbacfa78db1
;;;Identify Community Representatives;df3a207b-e460-4e0a-90ba-b6c6d7568527
;;;Define Advisory Board Structure & Roles;87017afb-3ea1-4e5f-a206-e6df310bb61d
;;;Recruit and Train Board Members;98c801dc-2881-491c-8109-c0a5cf77b86d
;;;Establish Meeting Logistics & Protocols;bbb8acd8-57d0-446c-922b-a5a86b781624
;;Develop Culturally Appropriate Materials;;cc11bcf7-61ab-4fe2-b9af-f25798f7e8d1
;;;Translate materials into local languages;d713202e-2d33-4744-b266-d2375992377a
;;;Pre-test materials with target audiences;95e718d9-469b-413e-8a93-1747e3bb4ff2
;;;Revise materials based on feedback;75850289-7c91-428b-be33-7e36591a318e
;;;Obtain final approval from community leaders;e08ad475-aa8b-4bbe-9019-4bd48356f42b
;;;Produce and distribute approved materials;8c1bc707-11fc-48ff-b4a6-8c769b82e877
;Intervention Implementation;;;eefe65f0-5d69-471b-94fc-000120874a31
;;Distribute Insecticide-Treated Bed Nets;;e1560f3c-0846-4e21-9728-4366ceab744b
;;;Plan bed net distribution logistics;861407fe-2901-4e42-8ec2-c27532ed6677
;;;Train distribution teams;656c184b-f1f5-4302-b01f-0affe9279656
;;;Conduct community sensitization campaigns;21cdf54d-a485-4fe8-b7d4-c97263afdba2
;;;Distribute bed nets to households;769eb746-d9e4-4cb6-aaf8-37e3310a5cf1
;;;Monitor bed net usage and condition;bdde0ba2-1842-486e-a8f0-430a7df67e6a
;;Conduct Indoor Residual Spraying;;31522e7f-c16e-4482-82d3-e4aa99b427a5
;;;Prepare IRS spraying sites;aa1b277b-8bba-48b5-b6ef-641d45fc4c39
;;;Procure and transport insecticides;3a8b5ae0-e7d3-40ec-8ace-9084e64bb262
;;;Train spraying teams;55dd27c5-3b16-49ad-b48b-5c2c1b1d7e00
;;;Conduct indoor residual spraying;b14979b2-3392-42c4-9443-d33749fb033f
;;;Monitor and evaluate IRS effectiveness;a5eff87d-8d11-4f3b-ba0a-90f4d33c07eb
;;Establish and Operate Mobile Health Clinics;;b2f1f012-a6c7-456f-b0bc-8d5794299893
;;;Identify clinic locations and secure agreements;13cc2e62-3db5-43c9-b8fc-00f12005fe69
;;;Procure and equip mobile health clinics;292f18bf-fb38-49e1-8240-15ca5310a540
;;;Recruit and train mobile health clinic staff;53800a44-f951-4a94-8a91-9754dfdc39ad
;;;Establish referral pathways and protocols;b7e48200-88fb-48aa-b67e-dc007e71b05c
;;;Schedule and operate mobile health clinics;6767dffc-a1b8-49d5-9e4f-22a3a4622c67
;;Implement Larval Control Measures;;3652d7b2-fa44-4c02-9470-5cf9fb8786ec
;;;Identify Larval Breeding Sites;3271cb82-f1ca-4abb-967e-99a428896e3f
;;;Procure Larvicides and Equipment;b97fe622-522e-4aaf-bbb7-026211dcd1cb
;;;Train Personnel on Larviciding Techniques;cd34905e-e580-47a2-a1b7-a918822417ad
;;;Apply Larvicides to Breeding Sites;f331a70c-cefe-4919-ba47-f282e996b6c2
;;;Monitor Larval Density and Effectiveness;c717bc02-ec26-4db3-90c7-0677574f3044
;Monitoring & Evaluation;;;ee46dd34-1c3d-4aa4-b67f-6d547e9fca71
;;Establish Monitoring and Evaluation System;;ac28ca23-5541-4e47-bf8d-aa33dc67b057
;;;Define Data Collection Indicators;ebd6b8bf-f949-4265-b050-88ae1478f40a
;;;Develop Data Collection Tools;514a903a-330e-48b5-b273-ca2a00481261
;;;Train Data Collectors;59eeb851-6d80-4493-b3f8-c38e66a0677f
;;;Establish Data Management System;2e961e0f-0d16-4141-af03-576810d9348d
;;Collect and Analyze Data;;44f31609-d315-4597-809e-4f39e316b57a
;;;Clean and validate collected data;363b0eb8-2ea5-4e78-b104-573e2ddfec81
;;;Perform descriptive statistical analysis;76b77037-7655-440d-aaca-f9cd4a750bfc
;;;Conduct regression analysis;b558955e-4c7b-4a5d-8721-e68dd7a336b5
;;;Interpret findings and draw conclusions;7c5369ea-b362-4b56-8224-967516713c91
;;Prepare Progress Reports;;d955bacb-9d70-4e44-b140-04782cb2d546
;;;Gather data for progress reports;536c976b-d971-45ff-bbab-a6c71cab789e
;;;Analyze collected data;57717807-7e17-49bd-a895-934da7375e1d
;;;Draft progress report sections;f7afdb2b-c61a-4c34-8670-c512af895938
;;;Review and finalize report;e617779f-a008-472a-87b5-a30f3143fff2
;;Conduct Impact Assessments;;467036ab-ef20-44d0-89a8-4746ef55bee1
;;;Define Impact Assessment Methodology;f696804c-367c-419d-a75f-e303db7bb3ff
;;;Obtain Ethical Approvals for Data Collection;17b591d0-d5fa-42fd-ad1d-7a27a88f3493
;;;Collect Data for Impact Assessment;3a2bfa2a-e544-4bee-9104-e4969686026a
;;;Analyze Data and Interpret Findings;5169fd1f-2e73-4ef2-ba59-db3974fb1e97
;;;Disseminate Impact Assessment Results;ac1411b1-e0c1-4c90-81ff-59a8b102bb34
;Sustainability Planning;;;6c065034-8f6e-4fd6-987c-9673ef89d984
;;Develop Sustainability Plan;;9801b769-37bb-4a74-97f0-7e0adb60e7f6
;;;Assess local resources and needs;8591f3be-fba6-4726-a0b0-7eae95bacd3e
;;;Engage stakeholders for sustainability priorities;cb246065-4839-43e6-b4cd-39867c69e5b3
;;;Draft sustainability plan components;db60dde0-4e89-430b-873d-dcf8e9d0a870
;;;Review and finalize sustainability plan;b66503ce-f506-442a-8607-4dd15c8564d0
;;Strengthen Local Capacity;;dff85cf8-b59a-4c60-8742-ff6d708e735c
;;;Assess healthcare worker training needs;8ed1dd23-bb59-48bc-8f0a-e4e5c0a7627e
;;;Develop tailored training programs;051b41f7-affb-4e90-87c2-a6c199b26eff
;;;Conduct training sessions and workshops;e103c0e2-a73b-46a5-83b3-684cc9757ed8
;;;Provide ongoing mentorship and support;ab977a82-2c5c-4f7a-ba01-7e7739266c8b
;;Integrate Interventions into Existing Healthcare System;;72c5186b-d4e0-4f37-a4aa-50ce7b55e174
;;;Map interventions to existing services;798a312f-e18b-4336-b2bd-6163a1e97e2a
;;;Develop integration protocols and guidelines;1029ffb1-0ad9-4ded-9d02-12d6260431bc
;;;Train healthcare workers on new protocols;65951631-025e-4042-b59a-a2533beb4939
;;;Pilot test integration in select facilities;4cd937ad-1b85-451d-9052-2fe18c8076bf
;;;Scale up integration across all facilities;67af33ee-7c62-4119-b03e-bf46a36cca08
;;Secure Long-Term Funding;;91b474b7-1d04-4089-8d78-7cbed87b3d5e
;;;Identify potential funding sources;21117d02-4fe6-4e49-9c9d-07dc7ffa4b68
;;;Develop funding proposals;32435903-5ac6-414b-b382-3be7eb71a1e6
;;;Engage with potential funders;616f4062-57a2-4625-827d-ec7b88fc440b
;;;Negotiate funding agreements;3ba9a31b-6924-46f4-b60d-aa3a4fa60894