Level 1;Level 2;Level 3;Level 4;Task ID
Fjord Monitoring;;;;07a2f4cb-9412-46bf-ad58-1a170c1c556a
;Project Initiation & Planning;;;60237e5a-8aea-4d64-a97f-5be8cdd0bead
;;Define Project Scope and Objectives;;1e30f628-a00f-48ae-8398-b29a8469bf55
;;;Gather Project Requirements;b140ff17-0aff-4f9f-813d-37cb040c15d6
;;;Define Measurable Objectives;156c74dd-bb25-4d8d-96a6-9b94b1f6c397
;;;Document Project Scope;f1e96a29-91b9-472c-9c29-8cb08e2064d7
;;;Obtain Stakeholder Sign-Off;11a9fddb-413e-4291-bb6e-383b4b9547bd
;;Conduct Stakeholder Analysis;;70cec025-0e5f-45bc-8688-9d5370454045
;;;Identify Key Stakeholders;7aea9ec6-0959-4598-a01d-f61422ccc726
;;;Assess Stakeholder Influence and Interest;fed25ead-5cc0-47a3-940e-d87d4d3ed1cb
;;;Determine Stakeholder Communication Preferences;129a2197-9f1a-40bd-8118-73267d00031c
;;;Develop Stakeholder Engagement Plan;176915e4-55a9-4cf4-bf33-4bb895f03abd
;;Develop Project Management Plan;;4728d641-3f4d-440a-bded-7e728f5322da
;;;Define Project Governance Structure;f0261d5b-86a5-4aa6-84af-4f0831f53789
;;;Develop Detailed Project Schedule;51ce598f-e400-40e9-8353-c6d8a18a8eed
;;;Establish Budget and Cost Control;262b280f-b7f1-42b8-a74b-5902d1b53fca
;;;Create Resource Allocation Plan;08d85102-de78-4d69-b3ff-7c3c86209ff3
;;;Document Project Management Processes;5de60bd8-eb44-4c68-90b2-c0b24c570a1e
;;Establish Communication Plan;;cdd1d636-21fd-406d-b093-97fb14117f0e
;;;Identify Stakeholder Communication Preferences;b02da9ee-f3a0-4737-8c8f-58080ede3f59
;;;Define Communication Channels and Frequency;1165a49d-3717-4106-b9c8-e06033400739
;;;Develop Communication Materials Template;f7206a0b-4345-4a01-ae2d-cfd94febf867
;;;Document Communication Plan;a0d82178-fdbf-4eaa-8757-8e8d989d78cf
;;Perform Risk Assessment;;a67a11db-1e1f-4e34-90ea-2e1a4baaabf4
;;;Identify Potential Risks;c99ea78c-e975-4dab-8b10-247aea1cadb6
;;;Assess Risk Probabilities and Impacts;48dae219-49ad-4b2f-a56e-3a4792a6ea80
;;;Prioritize Risks;4b384899-175c-40ab-a206-d89ad5234100
;;;Develop Mitigation Strategies;5ae7c4de-6306-4b83-99b0-e94245721d13
;;;Document Risk Assessment Results;6a147262-ca44-41de-b7d2-626d2e365622
;Funding & Permitting;;;bba4c391-791a-4084-9268-985b12440cfc
;;Secure Funding;;c5568849-d0a4-487a-b541-ba5e7016ff88
;;;Identify Potential Funding Sources;e80cb258-3329-4a50-8f9f-f0eb51f2a986
;;;Prepare Funding Proposals;9d3aa20a-1b03-4ea7-a100-303c5cfa64f7
;;;Submit Funding Applications;5a0acaca-b1e7-4756-8e29-b82784af6dba
;;;Track Application Status and Follow-Up;5831ad0b-b019-452d-9342-fcc78458f555
;;;Negotiate Funding Agreements;d6a3e9da-a417-4d42-b033-1e47cc393ff3
;;Apply for Permits from Roskilde Municipality;;4730da23-25db-4149-8bdd-20b8a8784f4e
;;;Gather required documents for Roskilde permit;2e14d529-3053-4103-a1c9-6c0350d3836a
;;;Prepare Roskilde permit application form;6677517e-f911-4249-87db-53faad236bf5
;;;Submit application to Roskilde Municipality;2e7648e2-ab05-4c53-b997-6c84f59c955b
;;;Follow up with Roskilde Municipality;010dde47-99f6-4653-97de-fd40c7a7dd93
;;Apply for Permits from Danish Environmental Protection Agency;;515d1a10-4934-4282-8f48-0e33ce63ae30
;;;Gather required documents for DEPA application;ef866b2a-9a1b-4fcf-b935-762e24b196e0
;;;Prepare DEPA application form;4444f444-a978-487c-a482-fc0196728a0a
;;;Submit application to DEPA;75385075-f3d5-4af3-aa4e-1525c2a594a8
;;;Respond to DEPA inquiries;db0a2da6-1086-4dfc-8b08-6f723b2aabd2
;;;Track application status with DEPA;6c2733a3-2a9c-4d96-a0ce-3f1b3dac6ab8
;;Ensure Regulatory Compliance;;c6980cef-3714-437e-9bf3-786c06caa0a4
;;;Review Environmental Regulations;ff511bb2-347a-4341-80c2-93ec51604b2e
;;;Conduct Internal Compliance Audit;084fa8f4-bd2c-462e-a221-ef691912e08e
;;;Address Compliance Issues;46f521cd-abb7-45a2-8a6f-5a368146f2cc
;;;Maintain Compliance Documentation;5c8ddb42-b150-424d-b5e0-5804e32d7023
;Equipment Procurement & Setup;;;df91f9ab-218d-44e2-86a3-1d04800f2037
;;Establish Supplier Relationships;;5b2caea1-8612-45bc-aef7-a8cef8cd263e
;;;Research potential sensor suppliers;cda96c22-5843-4ec2-bc93-09f2f417ede4
;;;Evaluate supplier capabilities and offerings;ac52d4e1-bb76-4174-9c50-3bc96addefca
;;;Negotiate contract terms and pricing;e2782c4e-d5ef-4095-b8df-9f6dd9ab139f
;;;Finalize supplier agreements;08d29fee-25c3-4cfd-adba-d6d083a758d1
;;Procure Sensors and Equipment;;f6fa76d5-7153-4f82-9c1f-d73d940d4842
;;;Define Sensor Specifications;026f6970-9a0e-4453-a3ed-dc75ca0e3ef1
;;;Research and Evaluate Sensor Options;bcfc9024-053a-41ce-a621-68e956e88bb6
;;;Prepare Purchase Orders;75d4bda7-2125-4683-b17a-5720f1fb6e0f
;;;Track Orders and Manage Delivery;387aedc3-ad7a-49cd-a69f-e914c05c2b6d
;;Set Up Laboratory Equipment;;27bf85fb-21b1-4938-a410-f15c94d40132
;;;Prepare Lab Space for Equipment;6d684fe8-d9b2-45b9-af0e-c2441f95e8ab
;;;Install and Connect Equipment;b9a074ab-57bb-487e-9a5f-052a3caaadc8
;;;Test Equipment Functionality;1a88523f-9d42-421d-812a-4747d7faf02c
;;;Validate Data Acquisition System;10ea223d-d58b-436c-bcf3-5ac4d49f7d3d
;;Configure Data Loggers and Transmission Equipment;;99a5e52d-e52c-471e-96e2-1bae1ae6d447
;;;Gather sensor specifications and manuals;c817c4f3-44b2-4832-975e-41878a607782
;;;Install configuration software on computers;f3f2070b-3671-45a7-b6db-ce9a9fd29944
;;;Configure data logger communication parameters;797cde50-c8cd-4a08-aaed-72de9c3553da
;;;Test data transmission to cloud system;4bf754cd-accf-41dd-ab14-b7ff21553937
;Data Management & Analysis System;;;5754b96e-23ac-4ccf-b9c9-568710136cda
;;Establish Cloud-Based Data Management System;;dba0e603-0225-4608-9372-23293629a86b
;;;Select Cloud Provider;74702cb6-772e-4352-bd6f-43094d6d9162
;;;Configure Cloud Storage;4d9e1c04-18db-40ce-8922-dd4e05e666e9
;;;Implement Data Backup and Recovery;530c7cb5-23a5-49ca-b0df-f62ee991c947
;;;Establish Data Security Protocols;dd49c2b6-f77c-4f27-ae95-1e55574f5210
;;Develop Data Analysis Protocols;;4ebac130-8614-4b21-9f64-da2010eaa1e7
;;;Define Data Analysis Requirements;82b390a5-3921-4fb1-aa4f-98bd0b090479
;;;Select Appropriate Analysis Software;460665bd-1a06-4163-9e49-c7ca5dcdb851
;;;Develop Data Analysis Workflows;f2ac8d9f-acb2-4c8e-9726-2a485c39ce06
;;;Test and Validate Analysis Protocols;a5853cdc-2530-4c83-8166-5e75378d44e8
;;Implement Data Quality Control Procedures;;0a4635cd-e939-4c20-9bad-7778b6865238
;;;Define Data Validation Rules;a7626152-d7ab-4aa4-aaa2-7bf8531eb750
;;;Implement Automated Data Checks;cd6581fc-4e53-4c35-a395-21ba6b9cdb23
;;;Establish Manual Review Process;d2bd4051-b9b1-473f-b898-bbe0a00358cb
;;;Document Data Quality Control Procedures;ff3ad0e8-dd42-4bcd-a29c-67316e5ba175
;;Ensure Data Privacy Compliance (GDPR);;160b4f38-678f-4ae3-8b00-afaa1a647fee
;;;Review GDPR Requirements;cff96b60-effe-455a-8b9c-749446321816
;;;Develop Data Anonymization Plan;c63a043f-9eea-4695-9be2-c85367bc147e
;;;Implement Data Access Controls;d0b4dbbb-a328-4c64-90cc-873b41707173
;;;Establish Data Breach Response Plan;9893eea2-b815-46ed-a427-5422b54daf04
;;;Conduct Privacy Impact Assessment;fc85d4fe-b413-4ae2-af96-4c00fe3e0b80
;Sensor Deployment & Monitoring;;;bc8eefa3-6a4d-4747-915d-2f18ae0d3a35
;;Conduct Environmental Impact Assessment;;546548f2-458e-4c62-8ccb-5ca5302638ad
;;;Review existing environmental data;adf73165-ad03-4164-adfa-23cb9d34619b
;;;Conduct site surveys and sampling;c0f7fa69-75f1-4163-a704-e13c066b7976
;;;Assess potential impacts on wildlife;80d465b7-1483-4e9f-a97c-904edc50a0a9
;;;Develop mitigation and monitoring plan;135a6e87-3b61-4cf4-adb0-45fb60ecb17f
;;Deploy Sensors in Roskilde Fjord;;c0026585-fd1c-4497-84d3-1c5857df9086
;;;Prepare sensor deployment site maps;da593ed3-50b3-4a3e-9fa1-dd126ac9e8a0
;;;Coordinate boat and crew for deployment;ce045cef-1f0e-4804-a229-e39226bf5c32
;;;Test sensor functionality before deployment;ed933844-31b0-4662-a58e-419b4f386f37
;;;Document sensor placement and configuration;ff4f56e5-36c0-402b-8616-1074e39feafb
;;;Secure sensors against theft/vandalism;d6cb4bcb-9fd7-4997-97ef-d9f59aaa248e
;;Calibrate and Maintain Sensors;;e80d76f7-4dfc-47c8-a603-98099ae831b4
;;;Develop Sensor Calibration Schedule;7cb83ad1-eb6a-49a5-a4ea-1474742415fe
;;;Perform Initial Sensor Calibration;fc73e460-1542-44ab-b53e-1b165640014a
;;;Conduct Routine Sensor Maintenance;b001cf64-4271-49df-b1c5-542b218c9cdf
;;;Recalibrate Sensors Periodically;9a585547-56ab-492b-81b2-a87be526016c
;;;Document Calibration and Maintenance Activities;fd8b1f1e-1ffc-4cc0-b020-693764525c44
;;Monitor Data Transmission and Storage;;4a47d0cd-0ef6-47b1-a601-529f5478ef19
;;;Establish Data Transmission Alert System;17971ee6-4ec6-4df4-b036-56279b1aa5df
;;;Implement Data Backup and Recovery System;7dbf9b4b-5f93-4843-bdc5-3c771a2c7563
;;;Conduct Regular Security Audits;6734de8e-e5a3-4974-a046-ba5ab891ea4b
;;;Monitor System Performance Metrics;c432459f-c4c6-44d8-bff9-5b4a205a473f
;;Collect Water Samples for Laboratory Analysis;;6894c1bf-9623-4d5d-aa6a-e706e749e663
;;;Prepare sampling equipment and containers;3cee8561-6dff-40a5-bc7a-fd0bc4cb030c
;;;Travel to designated sampling locations;3c334768-c575-41d3-873b-962c6cbdb1d8
;;;Collect water samples at specified depths;8fd3a6cb-b4d9-43cb-b5b9-6032f77e58f2
;;;Record sampling data and observations;7ff2b807-94db-4f89-840d-19713dcc8847
;;;Transport samples to laboratory promptly;58d2b75d-9359-4a7a-b94b-a680b8d3e953
;Data Analysis & Reporting;;;bb468c73-ebfe-44de-8afe-d4fbd300179d
;;Analyze Real-Time Monitoring Data;;a021bfac-5c3d-43d1-845e-5f970ba6f2f3
;;;Clean and validate monitoring data;6b9b0b8d-7229-466f-a44a-cd4b44080b70
;;;Apply statistical analysis techniques;21aa5ba6-fd8c-4342-8d3f-33e939d2da9a
;;;Correlate data with external factors;bff80f99-a4d8-4da4-a342-29e61d27cde5
;;;Visualize data trends and patterns;1211230a-09ce-4a7e-92a5-73538b279579
;;Identify Pollution Trends and Patterns;;c6da452d-52f6-4d11-b30a-f2f25935c992
;;;Gather Historical Pollution Data;d10f6900-2882-47b7-9321-20826dad8028
;;;Apply Statistical Trend Analysis;f56e2c92-22c7-4454-ac03-0547ecf43576
;;;Correlate Data with External Factors;b96f8ecb-9cfe-4071-bb00-53561cfc5bab
;;;Visualize Pollution Patterns;0d520537-bb1a-4506-a645-2fd181589b5f
;;Generate Regular Reports;;ef65a5c8-49fe-499e-85dd-84b421008f2a
;;;Define Report Structure and Content;48ee0cd7-9357-44d3-b17d-cda4a5f78bf3
;;;Automate Data Extraction and Formatting;cdd4a121-9d14-4b8b-a7db-1287f9f67f5d
;;;Design Report Templates;72604319-78d0-4295-abe6-538388673c6f
;;;Review and Validate Report Accuracy;838b9eeb-9fbf-424e-bf96-746662d2985c
;;Disseminate Findings to Stakeholders;;c93d465c-b5b0-4ae9-b622-bd1d401783e9
;;;Prepare Stakeholder Communication Materials;fe2a7237-c5a6-4e0f-b0a7-5c6b0d089090
;;;Schedule Stakeholder Meetings/Presentations;93007824-a5c3-4631-a625-73f6de18968f
;;;Present Findings and Gather Feedback;8d0c6830-c369-4424-8c1d-d9fddaf0e73a
;;;Document and Address Stakeholder Feedback;23bf62dd-1a68-4f6b-9b94-405a1f2a0f01