Level 1;Level 2;Level 3;Level 4;Task ID
Faraday Enclosure;;;;0bce5df0-7259-453f-8426-8e9c64b2340a
;Project Initiation & Planning;;;ac332a2d-2746-4d4c-8f84-b4ad0aeee34a
;;Secure Initial Funding (€400k);;34823f94-354d-4060-9722-63f7d0413cda
;;;Prepare investor pitch deck;3e39a79f-1971-46c2-afd9-afebd137cf47
;;;Identify potential investors;1d78205c-a66d-4e62-9ed8-259c9884e97f
;;;Schedule and conduct investor meetings;8f1c0f7d-7696-4634-9462-bbb4d9ffddb5
;;;Negotiate investment terms;7fb812b1-5334-40e4-85d6-b305380ffb47
;;;Complete due diligence process;bb1c5c29-dd53-4885-a8fd-bb8e3ce2d6c5
;;Define Product Specifications (Single-SKU);;7b865884-d606-47cc-b1e9-ff9c4cbe8fb2
;;;Gather Market Requirements for Enclosure;e1e90aa4-f766-4a4e-b077-8726eda06360
;;;Define Technical Specifications and Standards;ed560dbe-89e1-4c3c-81ab-232e9f418871
;;;Determine Size and Form Factor Constraints;90cbcdf2-7b6b-4b6b-9b2f-17b186a819d5
;;;Establish Performance Benchmarks and Testing;afca72a8-5bf6-4880-a40b-f95317fc65f8
;;Develop Project Plan & Timeline;;29e4cb0d-2ab1-4cd9-a08e-6ad8fb6e6e53
;;;Define Project Scope and Objectives;c2d94956-0a38-493a-b704-4048d623a5db
;;;Create Detailed Task Breakdown;e93f5f2b-2c5d-4d1f-aaa4-6f5bb16793cc
;;;Develop Project Schedule and Milestones;374fea7f-888a-47bf-8ad8-d540e8938008
;;;Allocate Resources and Budget;3f6f0b7f-e844-4d8e-bf5d-5cca04e73e2d
;;;Establish Communication and Reporting Plan;5d6b63bd-8ee9-4e36-a9de-2b3eea6a8705
;;Stakeholder Identification and Communication Plan;;b54e5f31-fb00-494e-b6ab-173b63490920
;;;Identify Project Stakeholders;f42883a9-7d4f-4ed3-a1c3-8eaaa2184c74
;;;Analyze Stakeholder Interests and Influence;7ff68d95-8998-47b4-af96-6baead50971b
;;;Develop Communication Plan;7ce27348-ad13-41dc-b669-81f686e69999
;;;Establish Communication Channels;5f624213-b437-4f91-bbfc-c5f058baa73a
;;;Document Stakeholder Engagement Strategy;2b564ccb-cdfc-478d-810c-705e8d0eacdc
;;Risk Assessment and Mitigation Planning;;e6f4872f-355e-4043-b04e-01d328444845
;;;Identify Potential Project Risks;3a64308d-23c5-46e4-982e-26400d1ae20a
;;;Assess Probability and Impact of Risks;ff6798c5-0f24-4f31-924a-070f29b06990
;;;Develop Mitigation Strategies;0372141f-92c8-4e44-9da1-4cc18e2594aa
;;;Create Contingency Plans;12380f53-e6b5-41ff-89e7-e17d24712382
;Design & Engineering;;;91f56aba-59f8-435d-892a-e87d2b79e501
;;Design Faraday Enclosure (Single-SKU);;8dd8511d-c4c6-4645-8df0-5cdbc9471ec6
;;;Define Enclosure Dimensions and Form Factor;846d247d-625d-4583-b67e-d2dc5918eade
;;;Select Shielding Materials;1d2804a1-a9ef-4349-bc24-9c28c862fcaa
;;;Design Ventilation and Access Points;9c33c718-411f-4b5c-a99f-bf9a22ea63b2
;;;Create 3D Model and Technical Drawings;f842a103-2bb0-4a4e-9f35-96a063b0f9f8
;;Select Materials and Components;;a2a9eafc-1bc7-4329-860d-d47878bcaea0
;;;Research Material Properties and Availability;ee188fdb-2633-4e3e-a7b3-a2e10332e927
;;;Evaluate Component Performance and Compliance;6120b9ce-5153-4ec6-a515-ecfd1c82edce
;;;Assess Material Cost and Lead Times;d3cce48e-24bf-4e75-a054-5c7a6cd1ae68
;;;Document Material Selection Rationale;096488db-491b-4d8e-8b85-972d158910d9
;;Develop Prototype;;f9b7f8d0-d05d-4571-a20e-bd96622036c0
;;;Fabricate enclosure components;95abdef2-f982-4d82-bb38-dce238103fa7
;;;Assemble Faraday enclosure prototype;c0c968dd-3571-46cc-9c3e-2fac572e25ba
;;;Conduct initial prototype testing;0bb3cc8f-40a1-4c5b-a2e2-ee7fe34d854b
;;;Address prototype issues and iterate;22f00f7d-1915-467b-a7a3-d3b171c5992a
;;Test Prototype Performance;;41f60051-cb52-41f9-bbd4-e4359f27448b
;;;Prepare testing environment;d5848d50-4ec8-4130-be69-b9d1eea2d419
;;;Conduct shielding effectiveness tests;e6bac8d4-2968-41d1-8cbf-c796cc44aec3
;;;Analyze test data and document results;ff70631d-ebf8-475d-9573-702fafb3e740
;;;Identify areas for design improvement;c750a544-0de0-4b45-93a9-b98734d13fb6
;;Refine Design Based on Testing;;e268f261-8554-4eb0-99e2-7552028fa9f9
;;;Analyze Prototype Testing Results;cbba65fc-19fe-4e12-b064-978430c3e45a
;;;Identify Design Modifications;243572ee-c243-4b4d-b98d-5bff6fe96836
;;;Implement Design Changes;89aac4a2-8099-44cf-8484-569217c26d1d
;;;Simulate Modified Design;678dd662-09bc-441c-b1e6-ca555a01d15a
;Manufacturing Setup;;;c99e30dd-7582-4dd3-a60f-c69b2c08cb04
;;Establish Manufacturing Capabilities in Tallinn;;8523cba4-7352-41f8-a9cb-a81ddb2cf866
;;;Secure Facility Lease Agreement;af5458c5-03f0-41b9-a541-012427065967
;;;Obtain Necessary Permits and Licenses;8de8ada2-95df-4eb6-8a13-d86efbbf8389
;;;Prepare Facility for Manufacturing;c200c678-cabd-4f34-9207-338cff69d8df
;;;Install and Calibrate Equipment;9e57af2f-807a-4213-a42f-822840a2bb30
;;Source Manufacturing Equipment;;c5aa462d-5507-4a6e-b138-f6bba9aa72d4
;;;Research equipment specifications and vendors;20610bfe-f8f4-47b1-8a02-8d3124379216
;;;Evaluate vendor proposals and select suppliers;349fe8b1-71d9-4696-ad29-23d988f189e1
;;;Negotiate contracts with equipment suppliers;683a9651-162f-4e9a-91ff-6a42928b00dd
;;;Coordinate equipment delivery and installation;b8a20663-2541-4805-9d43-9eb6dde1f29e
;;Establish Quality Control Procedures;;78aec1f6-25d7-4fe0-8cb1-d8e36641c89a
;;;Define Quality Standards and Metrics;24776727-13fd-4a23-958e-be06f770e833
;;;Document Quality Control Procedures;2629f322-6b20-4948-83a0-25d4870e8662
;;;Train Personnel on Quality Procedures;7ba61519-bf4d-4653-97f6-892a77212c47
;;;Implement Statistical Process Control (SPC);16f1aae5-5ae9-43b3-b6ad-68c77567cfba
;;;Establish Audit and Review Process;f15c5b73-1ad9-470a-9277-9e6fc875d799
;;Negotiate Supplier Agreements;;5afd4745-2808-48ca-8996-c5bfe77d92ae
;;;Identify potential suppliers;1108b66e-722a-4f99-8896-4b8fdc9a3f81
;;;Evaluate supplier capabilities;69a80a4f-2d63-4989-a954-c3b509b4d13f
;;;Request and analyze quotes;27cab189-66f8-4598-8630-eb17475606f9
;;;Draft and review agreements;2893b79b-9a1f-4648-8cb1-0c5f6dc32ee8
;;;Finalize and execute agreements;691c5106-c0e4-461b-a124-a5230c602bb2
;;Geopolitical Risk Assessment for Manufacturing in Estonia;;6182df21-021a-407a-af16-dead5aafce74
;;;Gather Geopolitical Data for Estonia;84de6638-f7de-476e-b013-e7efc1d1877d
;;;Analyze Cyberattack Risks in Estonia;dc7336c0-6995-4d27-9e66-8b4dd9d82efb
;;;Identify Alternative Manufacturing Locations;f2fbdbc4-b8d7-4937-8625-bf5ec0d29b7c
;;;Develop Geopolitical Risk Mitigation Plan;375d52dd-d548-41b7-97c8-b5f349a81038
;Certification & Compliance;;;a748445a-1bb5-438e-a86a-84a4b81f05e1
;;Identify Relevant Regulatory Standards;;46f53b48-862a-47e0-b7d2-8ed98c478ae3
;;;Identify applicable standards for enclosure;2b643520-637e-4a1f-b3a3-b89f8b3a1eb4
;;;Gather product specifications and documentation;ca98d437-62ed-4501-b847-ec60ef95e686
;;;Compile compliance reports and test data;0f266a3b-3a62-4e2b-a190-a198c765f659
;;;Prepare declaration of conformity;0e2a873a-afd7-4503-8b58-577fe1b7d79d
;;Prepare Documentation for Certification;;80398912-96a5-4fa3-a610-e7bd67e8c353
;;;Gather product specifications and standards;be7618e0-a4ef-452b-8f93-59f134c215c0
;;;Compile material compliance data sheets;41ea0e68-b496-450a-b540-58d3d778ad56
;;;Prepare technical documentation package;6a472143-62e4-482f-89c0-9394ca0b1113
;;;Review documentation with legal counsel;16ad3da0-1638-4fd4-a5bd-4feccc7101f5
;;;Submit documentation to certification body;db22ff25-b18a-492c-9616-3b4d300d71d6
;;Conduct Compliance Testing;;a29d61f1-e3ee-43b9-bfad-cc10bd986c6c
;;;Prepare test plan and procedures;c73ed8cf-35a6-4687-99c2-3ab4213f7b50
;;;Schedule testing with certified lab;fb8c6503-59f0-48a4-bf80-70fd1d8870b1
;;;Execute compliance tests;19059d70-6bb6-41b1-918c-16c7634e6b18
;;;Analyze test results and identify issues;e2b2645a-9e1d-4f04-81d3-b1839e9563da
;;;Document test results and reports;e93a7a07-8694-4c22-8112-974638076251
;;Obtain CE Marking and Other Certifications;;c3c22ee7-7500-4389-b180-8bd12a9577f2
;;;Submit application to certification body;7e34a692-ac37-4ef2-a95a-273d05a5044b
;;;Respond to certification body inquiries;0f21c83a-dbc5-4917-8faa-2d10ce5c48e7
;;;Address any non-compliance issues;c837416b-d7b3-4a98-b4ca-67bd21880f29
;;;Receive and review certification documents;8095652e-d3bb-46c3-859e-b4aaffdaf4e9
;;;Maintain certification records;10c8775d-d922-4ddf-85f3-868c8252384b
;;Regulatory Compliance Strategy;;d29c887e-c7f3-4d63-9b2e-cf279d1ae7a9
;;;Review test results for compliance;de188f3c-91ab-4a2c-b86d-5701fcd02dac
;;;Submit final documentation to agency;fd58b8c4-8b72-4a2f-9cad-d0785606aa77
;;;Address agency queries and requests;ed2e525f-d06d-4993-b682-503cc01e4d14
;;;Pay certification fees and charges;01e6c4d7-5202-4ed5-a6b1-76a63b9b5193
;;;Receive and archive certification documents;84005cda-d0c9-4e61-a7a9-532a39b65b5d
;Marketing & Sales;;;6dc1e4e9-c0fe-442a-88d4-2da8cd9f9bb6
;;Identify Target Markets (Prepping & Critical Infrastructure);;da323a83-fa0e-4430-9497-ec4efc8ef825
;;;Research Prepping Networks;7ba1e40d-cc29-4de2-95db-ca6d8f629962
;;;Analyze Critical Infrastructure Needs;c5df4681-7281-4655-9ddd-eeb80d0b5a4f
;;;Segment Target Markets;1a079678-3981-45d1-b8e4-aaf81df27d04
;;;Assess Market Size and Potential;9f95da75-84c0-46ee-adff-8037d532d619
;;Develop Marketing Materials;;89d4e4d4-9e6a-4606-a9e0-7b494a3257b8
;;;Design marketing materials;c07ab2b7-0062-4618-b912-9e2192e591a1
;;;Develop technical specifications sheet;b3bee3c6-3a99-419b-b74e-e327a55ca4d5
;;;Create sales presentation;6c2f1411-df18-45e4-b5f0-56be1c59414b
;;;Translate materials into key languages;d0233a94-7b93-459c-b06b-5f767eeb7d54
;;Establish Sales Channels;;fbb4b879-38dd-4275-8f37-d07be191b7ab
;;;Define target audience and key messages;a53cae56-2699-4f21-87d2-584e218c6740
;;;Design visually appealing marketing materials;5752e864-bbdf-4ce3-a131-213ea4b27a15
;;;Develop technical specifications sheet;913f5616-1216-43da-9e8b-40746500b1b4
;;;Create compelling product demonstrations;bc07f97a-25c4-410c-8f15-26cf2dcc2609
;;;Translate materials into relevant languages;e6d1a0bb-4075-4c45-a387-5f10b3da0185
;;Conduct Market Research;;df8f746a-eb74-49a9-bb48-779c1f1c9f28
;;;Define Research Objectives and Scope;3370e9b9-06e9-436d-9d30-d7bac2886aab
;;;Select Research Methodologies;61a2260d-096f-448b-a83f-76c1a2dde2a5
;;;Collect and Analyze Data;a0011253-25c6-453e-b186-018ad996885a
;;;Prepare Research Report and Recommendations;d7c15553-3531-4a0f-8fc0-b4bfdfa0bcff
;;Value Proposition Refinement;;e74df644-28f2-40c8-b5bc-473d26659bc9
;;;Analyze Prepping Network Needs;206b2fed-9664-4096-872b-e2ac0a1209ca
;;;Analyze Critical Infrastructure Needs;93ba8e72-0323-4b72-bbdd-0527f76f4639
;;;Compare Competitor Value Propositions;678639aa-9b0e-44a1-b729-25cb6cdf2320
;;;Develop Refined Value Propositions;ba5cb5f1-6a6a-4600-8fb4-718f9413d939
;;;Validate Value Propositions with Customers;4fe3f3ed-0ac6-4b03-a9a6-feeb301e035c
;Distribution & Logistics;;;c456ba65-0fb8-4c70-a2d9-c640045227e2
;;Establish Distribution Network;;07a7ab01-0197-4fca-b9e6-6451ad075210
;;;Identify potential distribution partners;82b39588-f2b2-409b-87ff-718eed5bd4d2
;;;Evaluate distributor capabilities and reach;44ec7b8b-3584-4353-8e83-e6a16ebedefc
;;;Negotiate terms and conditions;8aee27f3-1466-46a1-a1d3-be8649595bca
;;;Finalize distribution agreements;d5e81e9a-fc53-409d-95aa-51cebc66fe95
;;Negotiate Logistics Agreements;;7ecfc39d-e1e1-43a7-b737-518a31ebdb8d
;;;Research Logistics Providers;53cf71dd-d4c5-47b6-9b51-235da5404714
;;;Obtain Quotes and Proposals;afc68e49-9c08-4c50-beb1-cd3db31a3d26
;;;Evaluate Proposals and Negotiate Terms;73d65b2e-f5fd-4ee5-bccf-62aa244a4e04
;;;Finalize and Sign Agreements;158e773f-e815-4ac0-9b02-dc77055adf89
;;Manage Inventory;;783fdd5c-16cf-454b-93a2-02945d0f998b
;;;Forecast Demand and Set Inventory Levels;54042b22-f95b-4d0c-8196-c7f5d5255088
;;;Implement Inventory Tracking System;36019556-5fee-47bb-8822-0313dbb1674e
;;;Establish Safety Stock Levels;e90f7344-a118-47b1-bb8a-4197183b1123
;;;Conduct Regular Inventory Audits;f9ffd36f-8c99-4a87-807c-7c469dbf3b45
;;;Optimize Warehouse Layout for Inventory Management;11d73ee5-732d-402e-a963-36d0510f5e16
;;Process Orders and Ship Products;;3bf22ba1-0b20-44ff-ba6a-6e9f76acd3e6
;;;Verify Order Details and Inventory;f885079d-eb1b-44ae-8495-222de7fac904
;;;Prepare Products for Shipment;3c2788bd-1b71-4d33-a475-7360c78deb72
;;;Generate Shipping Documents and Labels;423b6de6-b6ee-4e45-aca4-3d9a007f7774
;;;Coordinate with Logistics Provider;bdb89708-fdce-468b-afc4-98623d978961
;Post-Launch & Follow-on Funding;;;2fbc08b5-5dc7-4f65-b934-2f5203c782b9
;;Monitor Sales Performance;;c3a542ca-3975-4878-b5c1-f3e48095014b
;;;Set up sales data tracking system;c58ec31d-001e-4c5a-9baf-004e2e31e14d
;;;Analyze sales data for trends;48647b25-2d7a-4bc2-a8a7-83805aff276f
;;;Compare actual vs. projected sales;4c4b6341-a607-402e-b41f-6e0f3f1229d2
;;;Identify top-performing products/markets;c59d4277-86b1-46b2-a334-cfdee4874541
;;;Report sales performance to stakeholders;f8ee9306-c565-4706-bd84-2851e5443f16
;;Gather Customer Feedback;;f9da45a1-1b4b-438e-9d80-7ae0836ddb11
;;;Design Customer Feedback Surveys;5a9945bf-f64a-4120-9d12-3eee81dc33e9
;;;Conduct Customer Interviews;2f61d70e-6f00-41ef-a463-9b3d868be174
;;;Analyze Feedback Data;f2a2f73b-afa4-40c9-98a7-1ab47e2d4568
;;;Document Feedback Findings;61d3a363-37c3-4d42-9bcc-1d78dfb20552
;;Secure Follow-on Funding (€350k);;ed62ee87-c650-46c9-9ad3-6372e402e40d
;;;Refine Financial Projections;023b2f7b-b89a-489a-b987-44818eb5ca2b
;;;Prepare Investor Pitch Deck;a8a23c63-e9b3-443a-8435-282d540af9ad
;;;Identify Potential Investors;c4069042-f7be-4cc9-b21f-6858217a1eb0
;;;Schedule Investor Meetings;625a93c7-c9c3-4c32-b2cc-09d3cea2b627
;;;Negotiate Investment Terms;13b0d4cf-dc97-402e-b1c1-ea9643e02b0b
;;Plan for Product Expansion (Server-Grade);;3cd31ca6-2447-4e4f-a081-0fa6e6722f52
;;;Market analysis for server-grade cages;12fb8832-d717-47c6-b242-23d9b30ac21a
;;;Technical feasibility study for scaling design;d5e51168-68f3-4465-be5d-d435c6dbabb1
;;;Resource planning for server-grade expansion;a950332a-9580-4cf3-95e8-e7b59f1a088d
;;;Define server-grade product specifications;282fc6f4-809f-404a-a9e2-2cd53e519432