Level 1;Level 2;Level 3;Level 4;Task ID
OPC Eradication;;;;87081699-2293-4520-b42d-611504828111
;Project Initiation & Planning;;;a8f3600c-9ce6-4d5d-997f-2f2eb5b4bbf9
;;Secure Project Funding;;eec3691e-ee3b-4737-9efb-c16c666b11f3
;;;Prepare funding proposal;32635808-9dfc-4f12-9bca-ad4848982ae4
;;;Identify funding sources;54056eee-8123-4f06-a6ff-58d8616ecde0
;;;Submit funding application;72299b9b-728b-46bc-9921-b386c8861d4d
;;;Track application status;bc43e95e-a15c-42d1-8b9a-bc1e68d260a8
;;Obtain Necessary Permits;;58a595df-1bcc-44f0-86de-49627338e24d
;;;Identify Required Permits;61db40fc-d994-48df-9443-d312ab940097
;;;Prepare Permit Applications;d924e225-3e6d-48f2-b664-543a32fc2485
;;;Submit Permit Applications;4b82f2f3-f16f-45d2-9f1c-80c53c341b07
;;;Address Permit Objections;296db460-ff42-42ed-8bab-38cdc4c6666b
;;Develop Detailed Project Plan;;96dae00d-4005-4eeb-947d-40fe7ce5e669
;;;Define Project Scope and Objectives;09db14f7-96f0-4711-824f-8a122479a14c
;;;Develop Detailed Eradication Strategy;9a1b1081-7604-4f4f-aca6-62a00ca91b4c
;;;Create Project Schedule and Budget;5b1401fd-d471-493a-93a2-869d52cfe85d
;;;Establish Risk Management Plan;dd2ce767-4d53-4a2e-8d80-f42d9665eb66
;;;Define Communication and Reporting Protocols;e8325676-2c35-4dde-9553-183efd11810c
;;Establish Communication Plan;;9f30d68e-2c21-4175-98a4-4852779e3aed
;;;Identify Stakeholders and Communication Needs;58248948-43b2-4b6d-a218-6e9323726a07
;;;Define Communication Objectives and Key Messages;5b88d2d0-4c92-4b8e-a514-2508169dd017
;;;Select Communication Channels and Tools;0afa22ef-3527-4907-8536-0380aaea7a41
;;;Develop Communication Schedule and Content;c56050d9-a44d-49e4-ad3d-5a87e8a5f629
;;;Establish Feedback Mechanisms and Monitoring;f1bb0246-0640-43b9-9d1e-2550e5bbefba
;Infestation Assessment & Mapping;;;4893020c-f815-468c-8721-f38871dc7239
;;Map Infestation Area;;e4e26655-ddcf-47f1-b418-b296b36766b9
;;;Gather Existing Geographical Data;0a79d413-3459-4fc8-9d3d-53d486996f32
;;;Conduct Ground Surveys for Infestation;0a48350a-2ba5-4143-9cd5-4d875fd24070
;;;Utilize Drone Imagery for Aerial Mapping;37732c7b-f768-416d-864a-dc49384707d2
;;;Integrate Data into a GIS Database;bb31f650-be72-498f-940d-95b119fa9169
;;;Validate Map Accuracy with Field Checks;303bf782-6a5a-4a77-89bf-2ab03ae9771b
;;Assess Nest Locations and Severity;;4eb554f5-216d-48bf-925d-7dbe18829391
;;;Define Assessment Criteria;078e743d-df4f-4144-8a0e-d832abb141d3
;;;Gather Initial Nest Data;a5e32723-710e-4c9e-89bd-c480b452b7d2
;;;Conduct Field Inspections;86f0088c-7949-46a2-a435-06be9034d7e4
;;;Document Assessment Results;bc4fb3d8-f191-4864-b24f-38af2975d9a6
;;Establish Exclusion Zones;;94869b0b-d6f2-4b6b-a55f-5f7a08bf590e
;;;Identify Properties for Exclusion Zones;ac0cffce-ae74-4abd-bd78-a4184c9b19be
;;;Notify Landowners and Obtain Consent;e48e79d0-b9b0-4c1d-850e-db93022c5faa
;;;Physically Establish Exclusion Zones;891b1b25-430a-44f5-b333-23ea5936b6cb
;;;Communicate Exclusion Zone Boundaries;6bfc4810-33ca-4364-8928-dbfb429f84ab
;Eradication Activities;;;cc948169-414d-422d-bf64-93dd00b24ce6
;;Procure Eradication Equipment and Supplies;;240e50f8-8dc5-4058-a151-4f828502c9bc
;;;Identify Personnel Training Needs;cba5af4c-aba0-4ee3-bc01-22c1524737ce
;;;Develop Training Materials and Curriculum;25ba015b-2673-4c41-a296-f92227120fd6
;;;Conduct Training Sessions;b912a136-fe17-4e45-bbf1-6b3ff042fb41
;;;Assess Training Effectiveness;6cb2ba80-0db9-47e1-8c7b-a513c7083980
;;Train Personnel on Eradication Procedures;;c21bc903-6522-4782-914d-de2bca9aafff
;;;Develop Training Materials;225ba9e1-bb03-49ef-a661-81902b2342a6
;;;Conduct Classroom Training Sessions;66f3e52e-fe78-496b-9b7e-8a7b13cd7ff4
;;;Provide Hands-on Field Training;a5d5ab43-9ca9-4e61-8428-1f571ffe0b06
;;;Assess Training Effectiveness;fa7a8a7f-7643-4aec-8adc-f0f3b2551eea
;;Remove OPC Nests (Vacuuming);;2ff8cc86-ebdd-4b5f-a065-2d46429a6c2f
;;;Prepare Vacuum Units for Operation;f94758e7-b4cb-4896-80ec-3876561dfb0a
;;;Transport Equipment to Infestation Sites;130ecbab-adfa-4ed5-b5fe-7db876cabd22
;;;Vacuum OPC Nests from Trees;ebf42f75-6bb9-4810-bc9d-e3ce207722ad
;;;Bag and Seal Waste Materials;e02f6928-2c94-4fc0-bf30-6e7343672268
;;;Decontaminate Equipment and Personnel;a5cb68bf-3e42-47e8-88f4-046797791c61
;;Apply Insecticide (Targeted Application);;41d7fa0f-675e-4cad-ad07-5091effe67cf
;;;Prepare insecticide application plan;388adc50-71f1-47e4-ba1d-1e44ab187c19
;;;Check weather conditions and forecast;252f45a1-07fb-4bde-9196-4cfb45928967
;;;Mix and load insecticide;b28a5642-2f87-456c-9d4a-e2970619b407
;;;Apply insecticide to targeted areas;02b21d0d-bc7e-4fa4-a4e3-65b3da257cab
;;;Document application details;b931d4a0-8c33-4076-8b88-03b3ef743741
;;Dispose of Waste Materials;;2090d02a-c54c-467c-bf27-3695eb45c31b
;;;Segregate Waste Materials;282b19c4-5ba5-4d31-81b6-f197e37ccd51
;;;Secure Waste Disposal Permits;2eed7922-e7fa-4e3e-8512-e6543ba6a7d3
;;;Transport Waste to Disposal Site;9c3ec5f0-83a7-471f-b71b-3305402e6c77
;;;Document Waste Disposal Process;31829c4c-2733-4ba4-a2e0-937ce62fcd67
;Monitoring & Evaluation;;;a373223b-5bf6-4e7f-b242-685fd30f5ba8
;;Monitor Eradication Progress;;1c72545b-fe38-420c-9631-ce59ec840b72
;;;Define Monitoring Metrics;8268513f-acb3-4e4d-abec-e8a0a14e5b4c
;;;Conduct Site Inspections;4aed8ff9-c81d-40a0-9f8f-8c12734f60ee
;;;Analyze Monitoring Data;b62f37b2-9f8f-470a-b2c8-02c4b9eba3a7
;;;Report Monitoring Results;96e1ae0d-ced6-4d52-aaa1-82ed855a8b09
;;Assess Environmental Impact;;d80b40aa-0499-40f0-b746-f0c028a812f9
;;;Collect Baseline Environmental Data;0388cab4-fd37-498b-8446-f2817165a834
;;;Sample Soil and Water for Insecticide Residue;5fc6e93f-6d75-4b21-9523-c2ce42af75c6
;;;Assess Impact on Non-Target Species;0f6be42e-4574-4b3e-9d58-95e40dfc1883
;;;Analyze Environmental Samples;e09ac17e-1ca4-40aa-9f15-cc094e0b7d42
;;Evaluate Eradication Effectiveness;;36a7fd44-fa1f-4f8c-b506-ebba53f71185
;;;Define Eradication Success Criteria;2672f815-74b1-4ceb-8d33-3046b54e0868
;;;Analyze Collected Data for Effectiveness;3a0325a1-c2f0-4ba6-98d3-a80a171acc85
;;;Compare Results to Baseline Data;4d68da64-3471-4d00-9687-2a3cf23dcd8f
;;;Identify Areas for Improvement;daa23296-4641-40fd-bdbf-ddc8dfecd74d
;;Document Lessons Learned;;63c9c229-d18d-4a85-92e2-f026f3299987
;;;Identify Key Successes and Challenges;2af871b8-9a4f-4143-9839-a612bbc04172
;;;Gather Stakeholder Feedback and Insights;af87a128-a24a-494f-a645-5dc5dc9d4c3e
;;;Analyze Data and Document Findings;8f85df8b-a3f6-469f-adf9-5381ca57635a
;;;Develop Recommendations for Future Projects;2b2d40f4-f58a-4d95-b551-aa1ce0fb90e5
;Project Closure;;;8b42276d-8f2c-4277-8b09-3b9cc07882d5
;;Finalize Project Documentation;;1f5563f0-989b-4a1f-9007-8ca71f6475aa
;;;Gather team member reports;46aaaa38-8028-423d-84c0-16e318f82843
;;;Compile all project documents;713bc535-271e-4d7b-a9d9-bd3fa6f47190
;;;Review documentation for completeness;e478c572-43c0-4db9-af9c-e5a2023f6280
;;;Archive project documentation;d27a37ef-f912-4951-8bc4-cc168ca3992a
;;Conduct Final Inspection;;8f226120-2153-46cb-a4e2-5243f7b5d206
;;;Prepare Inspection Checklist;0d6f13fc-adc9-4cb1-a175-0db0c7e26631
;;;Schedule Inspection with Stakeholders;03d4d68a-946c-490d-a69e-a996c70f8b28
;;;Conduct On-Site Inspection;12a07c37-169c-435e-9099-d1fdc077783f
;;;Document Inspection Findings;e493d386-b3f6-45c8-81b2-f60f9c810d04
;;Release Resources;;1a96d7b2-e572-4250-bbbb-7fa31433756a
;;;Reassign Project Personnel;aa915850-53e1-49a7-bdb6-9feb7a8a58df
;;;Return Rented Equipment;b33fd593-61b7-4112-b144-a17f8cfc4c7c
;;;Close Out Vendor Contracts;4fcd3224-21e0-4ac5-85ab-f2ae13f264cb
;;Submit Final Report;;25b98727-9842-4547-bc02-f77535f27b30
;;;Draft Final Report;2a48ffce-cc3f-467b-9e86-dfa0e462723b
;;;Review Draft Report Internally;904466e0-3cb8-4e79-823f-021cfc086239
;;;Incorporate Stakeholder Feedback;c6b5080b-2fcb-4c67-af9b-3edf7364c60a
;;;Finalize and Submit Report;1d9e8070-2b6f-435f-a5af-d2ed186afdc5