Level 1;Level 2;Level 3;Level 4;Task ID
Lunar Station;;;;4643fb97-63aa-4336-b2cf-dc42d30154e8
;Project Initiation & Planning;;;4c3fd841-ef1f-4ef8-98f3-d2681c1e7661
;;Define Project Scope and Objectives;;d8dca061-15c1-453f-aa9e-06dc14719c50
;;;Identify Key Stakeholders and Their Needs;8cec66aa-c75f-45cc-b8fe-5f7394eeb469
;;;Draft Initial Project Scope Document;de6b5a8c-e02b-474c-a945-e3196f40e258
;;;Obtain Stakeholder Approval on Scope;915947bf-6ccc-474a-8d2a-a5fa88cfff8b
;;;Define Measurable Objectives and KPIs;da62b86b-1ffc-476a-b1f7-d86e948d4681
;;Establish Governance Charter;;50ad41e9-a7c8-47fb-9ede-70020718bf09
;;;Define Governance Structure and Roles;41ce7dc0-6876-4be3-b9b6-c1f99de2487a
;;;Draft Governance Charter Document;d3c15e5d-c0c7-4c37-adda-1b2420109b25
;;;Negotiate and Secure Charter Approval;d669cae3-b8e7-4fc5-91bd-033f7da4342c
;;;Establish Dispute Resolution Mechanisms;b8b9fe25-affe-4a8b-929b-383c02ae5750
;;;Ensure Regulatory Compliance and Legality;1c034537-e8af-43a2-a8c2-7c381268ce0b
;;Develop Project Management Plan;;f18db2c9-4876-4e16-b5e9-7cafb072783a
;;;Define Project Management Methodology;042bc4ba-cd6b-4d8d-837f-9268efd78cf9
;;;Develop Communication Plan;b981247d-cbf4-4f51-a482-dd3dd3e04637
;;;Create Risk Management Plan;c57b6325-f1fc-47f3-93d8-79a5232651a5
;;;Establish Change Management Process;9744a7d9-fb25-479d-b7ba-155d16a45dcb
;;;Define Resource Allocation Strategy;e2b104c5-269b-40c7-9b13-29f9758d7009
;;Secure Initial Funding;;18b4a22c-a9a5-439e-9f1b-95eb8afb7367
;;;Identify Potential Funding Sources;7c489a3d-338b-428a-b4f5-e7b9636b529b
;;;Prepare Funding Proposals;9ff403a4-58cb-45f5-b066-bcb68cc40d20
;;;Engage with Potential Investors;2606f6f7-db06-4781-bc1b-234a35d8e4d4
;;;Negotiate Funding Agreements;fcc6a06e-f9c2-4819-9ed9-0085bab73926
;;;Secure Legal Approvals;3820f028-375f-45c5-8c80-f5a8f066a457
;International Collaboration & Recruitment;;;ade6171f-2d82-4aa5-8f1c-a1bd6d254d27
;;Recruit Participating Nations;;f727a845-bb2a-4bc5-b77a-dcb96ffb569e
;;;Identify potential partner nations;db0db147-10aa-47bd-8d26-f2130789e0aa
;;;Assess national interests and priorities;1d105858-19c5-4de4-b9eb-b3053781f7b5
;;;Develop tailored engagement strategies;04d3bf32-0dbf-4ade-a2c8-15f524b2d5fc
;;;Negotiate and formalize agreements;8fb39e36-029d-4d37-af30-a9f6bf92e9dc
;;;Maintain diplomatic relations;174214d3-6e3d-4717-a4a1-d47779380b59
;;Recruit Participating Institutions;;590de2f1-0e91-412e-ac92-b850d8dea705
;;;Identify Target Institutions;1150d609-4881-416b-aeb0-1a2c4b5d8b88
;;;Develop Partnership Proposals;bf49157f-bc7b-48b0-a2fe-f22984729733
;;;Conduct Outreach and Engagement;fc325b97-35e9-421b-9b33-7476fc1b5a19
;;;Negotiate and Formalize Agreements;09be8dd1-7fc4-4876-b322-06f1f1930665
;;;Onboard Participating Institutions;1808af1a-9264-479b-9963-69404fcc4138
;;Recruit Participating Scientists;;7e25d93b-b024-4cea-a3ba-7386c1a63d6f
;;;Identify Target Scientist Demographics;99de99da-5dfc-4ed7-9e29-dd163b05e7a6
;;;Develop Scientist Recruitment Strategy;307bef17-d872-488e-a20a-0b3f910f9cab
;;;Establish Application and Selection Process;59bdd2e9-5d57-4037-915b-3e46460ebb0a
;;;Conduct Interviews and Evaluate Candidates;8858fad8-df1b-421a-a9ec-9aadc3bce4b6
;;;Onboard and Integrate Recruited Scientists;ce6b394c-51ca-4f99-9ecf-7608b5997773
;;Establish International Agreements;;b9328efc-a7a1-4068-bf46-178f448bad7d
;;;Define Agreement Scope and Objectives;fcf08b96-8e33-472b-ab28-a3a4b45ba91d
;;;Negotiate Agreement Terms with Nations;321d5a49-ab83-41fd-95ef-15900eef2376
;;;Draft and Review Legal Agreements;bbc73d98-0c90-42cd-85b6-574d55c7b76d
;;;Obtain Formal Approvals and Signatures;a40f3ef9-3935-4cc4-8e9c-6e3bd4c6851a
;;;Implement Agreement Monitoring and Enforcement;54e66e3d-1e45-4cc1-ae37-5fdf253ddce3
;Technology Development & Integration;;;de6a8d24-7c5b-43ad-b060-89af349e4fc9
;;Develop Autonomous Construction Technology;;aeae5ab2-b1a0-4172-b568-94374eb1f704
;;;Design Autonomous Construction Robots;01343b86-22ed-4d8d-b725-2f8201581d45
;;;Develop Lunar Construction Algorithms;af34d781-4250-4df4-bdd0-5cde226ca45d
;;;Test Autonomous Construction in Simulation;4ead008c-13b9-4306-a7be-3024a2940d6d
;;;Fabricate and Test Robot Prototypes;97311acd-9b20-46c5-94df-2878474954bd
;;;Adapt to Lunar Environment Conditions;71c7a9b7-4220-4d1e-85c0-680e4ca95639
;;Develop In-Situ Resource Utilization (ISRU) Technology;;36c0cdc6-a14f-45fb-a972-74538378989b
;;;Lunar Regolith Acquisition System Design;b2e6a3ea-1789-4670-8956-36b7c0355f9c
;;;Resource Processing Unit Development;1fb0fae2-9547-4f67-8525-380e31b39693
;;;ISRU System Integration and Testing;1b4619dd-e6ae-4b9e-9bee-20c739f9eb18
;;;Power and Thermal Management Design;2387eced-9e03-4116-8743-9e6e65a841f6
;;Develop Modular Surface Fission Reactor;;301d846b-2f93-47bd-9824-20c548f084d3
;;;Reactor design and safety analysis;da8db8e5-5274-49d0-acc6-afe693fde564
;;;Secure regulatory approvals and permits;3dbf06d5-0fb6-440f-ae66-45577f7d8d95
;;;Fabricate and test reactor components;77f76147-b9d4-471e-aec3-8a0d3bfc5b40
;;;Develop reactor control and monitoring systems;4e03b05a-e4da-408b-a33a-8e2a03c3880e
;;;Integrate reactor with lunar base systems;6f1c1123-7339-492d-b554-eb7ae90983ba
;;Integrate Life Support Systems;;ed63eb95-4e58-4ec6-99ce-7b5a61b3472a
;;;Define Life Support System Requirements;aad6a6b7-6694-43d1-89b6-e28c1f416d5c
;;;Design Closed-Loop System Architecture;647a3182-85b1-4305-aac5-b2b239b63d36
;;;Develop and Test Prototype Components;cb974009-2903-4921-b3ee-2b90045604b1
;;;Integrate and Validate Life Support Systems;acf254a5-65df-4777-ad04-642d16d803e2
;;;Plan for Psychological Support;26cc8f49-c7d5-4e39-a307-d28e0d6c0f5b
;;Establish Communication Infrastructure;;663e0b6d-de70-4ff3-8490-576aac028f7f
;;;Select Lunar Communication Frequencies;6b406194-2bc1-4cc5-994d-117ef7e1287e
;;;Design Lunar Communication Network;dd90542e-ebc9-4cdf-bfec-4dd135e5c20e
;;;Develop Communication Hardware and Software;19109791-58a2-4ea1-ad3e-17793b2cc0c2
;;;Test Communication System in Lunar Environment;8f707fb7-a0ba-4fcf-8af2-4f0f4de1b668
;Lunar Station Construction & Deployment;;;917af384-6fc5-4525-b1e4-664d8f58655f
;;Manufacture Lunar Station Components;;55037595-ff00-4b2d-bd19-835efa05a6d6
;;;Design Lunar Station Components;f82bb970-4704-4b11-9c79-b8095cca95fb
;;;Procure Raw Materials and Parts;06145bbe-3e8b-42f1-bc81-47fc430fdc5e
;;;Fabricate Structural Elements;198ed4a1-b89d-407f-a52b-ecbf3fba7072
;;;Integrate Internal Systems;e22b652e-7a31-45bf-9319-e67570d63f1d
;;;Conduct Component Testing and Validation;53595482-992e-4301-a398-ca8c090e4a06
;;Transport Components to Lunar Orbit;;62cac598-138e-437d-899a-05272a2f1413
;;;Secure Launch Vehicle Contracts;9d4c3d24-6541-4a40-b97d-f15fa9869e3d
;;;Prepare Components for Launch;f373d01f-1788-484e-b7c5-abd10d993599
;;;Transport Components to Launch Site;fb4799fa-904d-4c78-8701-058102fad941
;;;Conduct Pre-Launch Integration Activities;5b78d343-d034-468d-9ff7-104d15ac13d5
;;Construct Lunar Station Modules;;8be294e4-bcce-4177-943b-fea91ec1a549
;;;Prepare module construction site;909fb86b-333f-4201-bd66-a07c6c7370a0
;;;Assemble module structural framework;80d9c198-c455-4cca-93d4-e0a3304f1bb1
;;;Install module internal systems;b6fb90ca-5513-4fed-aadf-fb33ce97caf3
;;;Seal and pressurize module;a94b4bef-3b92-48d4-a18c-6b13b351478b
;;;Connect modules and test interfaces;f6926692-ad44-4686-8fc5-f97fdf49ad0d
;;Deploy Lunar Landers and Rovers;;efc6b58a-e0e0-4654-82c1-ba972ce48ec4
;;;Select Lunar Lander and Rover Models;73e1de95-5968-49d3-bea7-aede3473dfad
;;;Develop Landing and Deployment Procedures;ca15f9b6-0fd7-4a1d-b8c3-243ec9b2854e
;;;Test Lander and Rover Performance;774f695b-eacf-462b-85d0-2ccd392fa671
;;;Integrate Rovers with Station Systems;cf143379-e8ed-41b1-8425-15fb0ae6fc09
;Operations & Maintenance;;;5754268f-9631-46f5-9e3b-de5a40b12aba
;;Establish Crew Rotation Schedule;;d91560e6-c36f-415c-bec6-f24b860c164d
;;;Define Crew Selection Criteria;cafd6c12-9fc5-43e4-90a2-65178c3d117f
;;;Develop Rotation Logistics Plan;4b888569-d40c-4915-bedc-a87e95c9d3d5
;;;Establish Medical Support Protocols;4c725e99-44b2-44dd-a081-82c4115d835e
;;;Create Psychological Support Program;a13f082f-0acd-4db1-b2e4-aafa05576e9d
;;;Coordinate International Crew Participation;2225a591-3260-4395-aa8c-d787165941be
;;Conduct Scientific Research;;e2c923fa-9f66-4120-9c46-d50268f32057
;;;Define Research Objectives and Protocols;4f31986a-9fce-4dda-a767-b4c93c19604f
;;;Deploy and Calibrate Scientific Instruments;49134739-90c6-45f4-9210-b6c011c59a46
;;;Collect and Analyze Lunar Samples;45e9cd7c-d579-46f9-8f67-ea356773c498
;;;Conduct Lunar Environment Studies;7eb88a0b-c8cb-4ff6-9a9e-06845826ec81
;;;Publish and Disseminate Research Findings;7e6e0778-e8c6-40c3-9528-4b6020c6227e
;;Maintain Lunar Station Infrastructure;;a08a241a-1858-4004-9459-243ce4087755
;;;Inspect Lunar Station Exterior;7da18290-1cf7-44c6-97f9-d686ddf14c30
;;;Maintain Life Support Systems;506f3808-e523-4d1d-888f-d44925f5ef48
;;;Repair Internal Station Components;12e5734e-af2a-4aba-97a6-e14fc92f8040
;;;Manage Waste and Refuse;8d044335-47ad-4506-a5d0-fc6d4e69393e
;;Manage Lunar Resources;;6952d931-3304-46e5-9828-c3df8c54f383
;;;Survey Lunar Resource Deposits;ddc29aa0-fde0-4541-aa60-9bf2cb700342
;;;Develop Resource Extraction Technologies;53fc2e1a-e97a-49d2-91c8-9b54df934153
;;;Establish Resource Processing Facilities;01f51a1f-9095-450c-8fc3-b7170f8233e7
;;;Implement Environmental Controls;9a4ce413-2184-4716-9c0a-2ca813bb57ff
;Risk Management & Mitigation;;;981dd0ad-19c2-4bba-a07a-94015c73ad86
;;Identify and Assess Project Risks;;61eeec5b-5d6d-4bad-a0a4-78636fe5e94d
;;;Establish Risk Identification Framework;6f356dac-ad40-4fc1-9ea5-0d4da8c5b571
;;;Conduct Initial Risk Assessment Workshop;df77ccfe-36b4-46ff-bbcb-2a9e7fc0ee02
;;;Develop Risk Assessment Templates;fdb38e45-427a-459b-9b21-13d33105a992
;;;Document Risk Assessment Results;2064505e-c05c-428f-a600-9934987d0424
;;Develop Mitigation Strategies;;a9232398-bb6b-4c27-a7d5-151d0bc7dfa5
;;;Prioritize risks for mitigation;41810ee0-be06-4e65-a23a-6aa213004c7b
;;;Develop risk response plans;c702c0fc-74e0-431c-9690-21cf17fc4e37
;;;Allocate resources for mitigation;8acab255-1d4d-478c-ac86-1cfc858db52c
;;;Document mitigation strategies;eab1efb5-8b40-4e5c-b800-8cb37f2371c9
;;Implement Cybersecurity Measures;;48f62f69-d866-4ee7-89ce-b15dd25d9ceb
;;;Establish Security Policies and Procedures;79a9854a-f13a-4ebc-ae67-4dff0151b071
;;;Implement Access Control Measures;cfab64e3-f212-4f7d-aa24-1dea06668ca9
;;;Deploy Intrusion Detection and Prevention Systems;037188c2-3262-4102-84db-36c8d1891f26
;;;Conduct Regular Security Audits and Testing;d4e21d0e-811b-4201-b47e-5c2422ed3753
;;;Implement Data Encryption and Protection;a8cbc26f-89cc-4510-810b-4351c99c8d8e
;;Monitor and Control Risks;;f0784b1e-476d-4509-ad5b-97a1b25fbc2d
;;;Establish Risk Monitoring System;398838dc-c3f7-413d-9c88-7e6f73aeb551
;;;Conduct Regular Risk Review Meetings;b856d221-f422-40d7-842d-ddb0d645d4db
;;;Implement Automated Risk Alerts;329a5b6f-837c-4e61-97bc-90a0e70018b7
;;;Communicate Risk Status to Stakeholders;6a309ba4-1e8f-4fc2-9f4c-464af39aa004