Level 1;Level 2;Level 3;Level 4;Task ID
Silo Project;;;;e2f3426e-2228-4b74-b8c0-20d8a332431a
;Project Initiation and Planning;;;c8486ea2-b90b-4be7-999f-f63baa923012
;;Secure Initial Funding;;ea312695-5568-440c-a3ce-c3cf83ea8c35
;;;Identify potential funding sources;a98e814d-41eb-4c55-898f-bcaaeb78e338
;;;Prepare funding proposals and presentations;52754772-a036-4305-979b-992193b30b61
;;;Engage with potential funders;c04a6ffa-0ce8-4dc9-a5a0-e9201c163a78
;;;Negotiate funding agreements;0031797c-e22f-4a49-8593-44df7d8099c2
;;Define Project Scope and Objectives;;3318f2ec-b2f6-4262-bf53-4181049b5765
;;;Identify Stakeholders and Their Needs;d2492000-b783-47a6-b4b9-4d4b9b5fae56
;;;Define Project Requirements and Deliverables;f886778a-1b9f-45db-9c18-987c68df9549
;;;Establish Acceptance Criteria;abcc0cf8-d1ee-4133-a147-e16c002efe5b
;;;Document Scope and Objectives;592a2822-4911-4b6d-a469-0aec784f267f
;;Establish Project Governance Structure;;c5905c7b-84d9-4262-b49b-98ccbfc03878
;;;Identify Key Stakeholders;2c80485a-82b5-4e82-87b1-adc6d7054b38
;;;Define Governance Roles and Responsibilities;e784b57e-6001-4273-a2be-a8cf9f03ca4f
;;;Establish Communication Protocols;37b9abb7-612c-4120-a47b-6759529971ab
;;;Create Decision-Making Framework;264a44ed-aa90-4274-8487-bd1427717869
;;;Document Governance Structure and Processes;c0d28b1b-7c2c-4ded-9da3-2b30e2811626
;;Develop Detailed Project Plan;;4f287fac-aacf-45e7-88bd-d4aab4c15bc9
;;;Define Project Requirements and Specifications;e342627a-96e7-417d-a33b-2c206f1b608a
;;;Develop Detailed Schedule and Budget;bac3b469-f790-4235-881b-607188282b80
;;;Create Risk Management Plan;965f9364-fe5d-417b-ab54-11967a40f17e
;;;Establish Communication Management Plan;f390b9fc-2253-43c4-9d2a-caacd30fe990
;Site Selection and Assessment;;;6f790c3c-70cd-48af-8b44-e354b92b09fd
;;Identify Potential Sites (Nevada, Siberia, Swiss Alps);;5ad2094f-fc54-4bb3-9be1-2a7c41d910fc
;;;Research Nevada Site Suitability;a62870f5-1ca6-4c87-9a8e-fa3b8db7ee9b
;;;Investigate Siberia Site Viability;6eeaef81-5bbe-4b82-83aa-059252c7568e
;;;Evaluate Swiss Alps Site Potential;164f0ce7-1794-46bd-8a33-ff14040c4392
;;;Compare Site Assessment Results;6084240a-6dce-44bb-8441-dea169d7a192
;;Conduct Geological Stability Assessment;;364767e9-5ee2-4068-8eff-26d2f87c36e0
;;;Collect geological data at potential sites;01457b78-d80d-40fc-9e4d-26b7a560043d
;;;Conduct on-site geological surveys;8166f536-3a55-4a55-b47c-70f0acc52dd8
;;;Analyze soil and rock samples;8b0a789b-3839-4aca-88f0-2ad4da99a952
;;;Model geological stability and risks;d1b78014-1ee4-4623-8eb1-be2ac4a252d9
;;;Validate assessment with expert review;f3959d00-7af2-41c8-b711-6ce5d4e72d47
;;Perform Environmental Impact Assessment;;e625c72a-e147-4cb0-ad59-4fb54aed253d
;;;Establish Baseline Environmental Conditions;b335abee-b962-4bc0-a7e4-49a6b106a981
;;;Assess Ecosystem and Species Impacts;d462f8ff-640b-4585-8b39-d591a8d69ba4
;;;Evaluate Water and Waste Management;b2a2bdc8-639c-4b45-aaae-9213bec7737d
;;;Analyze Energy and Emissions Footprint;c73572aa-c1ea-4c6b-bb94-40b4d9f4c2bb
;;;Develop Mitigation and Monitoring Plan;eeca33fc-2900-4bb1-9bae-7d581538659a
;;Acquire Land and Necessary Permits;;02a134ee-696e-4798-ac71-75b485a4585e
;;;Conduct Land Title Search and Verification;53fc4901-5583-49b8-91da-9d408b2b4bf7
;;;Prepare and Submit Permit Applications;908dbc8b-5353-441e-a894-d67cfbe48426
;;;Negotiate Land Acquisition Agreements;36096b92-2926-4e54-a06d-46fd754f38f9
;;;Address Environmental Concerns and Mitigation;d9d56b77-f4a8-4248-98c9-4a816296d70a
;Design and Engineering;;;54b8c65a-e811-47e4-b5e4-c7b03d2deb88
;;Develop Architectural Designs;;23d7b38f-fc6f-45b2-9f6b-f197d71c4fea
;;;Define Residential Zone Requirements;9b8f2446-acf6-4f18-8b99-15aa2f22755b
;;;Define Agricultural Zone Requirements;093813d2-c35f-46d1-a40a-f2a11333e125
;;;Define Industrial Zone Requirements;08d70feb-b2f0-40f6-bbe8-3d170c4aeb90
;;;Create 3D Models and Visualizations;91cf3d65-d348-475b-b40f-9f828246ebdc
;;;Review and Approve Architectural Designs;4019d933-fbf0-4582-8dc9-b045308554d2
;;Design Structural Engineering Plans;;8c93a362-2752-482e-858a-65a3ca9a2447
;;;Analyze geological survey data;b5c36d79-b345-4fad-bc1e-a6770597de37
;;;Design foundation and support structures;d272f5e5-c3fe-46ea-9ffd-9fade82a6d89
;;;Simulate structural integrity;23e0b73e-f01c-456e-84f3-fc51a1bab83d
;;;Plan material procurement and logistics;f0194ab5-4147-420c-98a0-230ecc96abd9
;;;Design seismic mitigation systems;a21abb7a-e817-4af2-a965-498281e4135f
;;Design Life Support Systems;;f77aa20e-56c2-4df3-ae99-90bc6fa56114
;;;Determine Life Support Requirements;7281e206-09c0-4814-8a20-d2850122e616
;;;Research and Select Technologies;ddd5b909-f3b7-4f03-9a0e-92ab2ce8a903
;;;Design Closed-Loop Ecosystems;7f6efcd2-6681-4a5d-b8a7-657b5d108daa
;;;Develop Redundancy and Backup Systems;26e30ed6-ced2-45e9-b943-93722191962e
;;;Model and Simulate System Performance;106ef8c2-1efd-4191-b3e3-7208bd99b767
;;Design Security and Surveillance Systems;;e1778c82-9e4c-4b88-a208-39cf98754e3f
;;;Design Perimeter Intrusion Detection System;3d45b9b9-0338-436e-9a8b-b805c7f162a0
;;;Design Internal Surveillance System;e8360c7a-227b-48ff-9a09-f76c834eba60
;;;Develop Access Control Protocols;a00566ba-fbac-44ad-9648-04b4154c66e3
;;;Plan Emergency Response Procedures;e281dfe0-3e87-486a-9d39-9264fe5157cd
;;;Design Cybersecurity Infrastructure;0aa2a2b3-a54e-4d42-b63c-d7c7b07bdbd6
;;Plan Internal Infrastructure (Power, Water, Waste);;3d23c381-fa8b-4363-8b47-81a168b36f6c
;;;Design Power Generation System;06696afe-c130-4bf5-a27e-812b5ae446ff
;;;Design Water Recycling System;4413af85-2dd1-4dc8-854e-bbaf5760be5e
;;;Design Waste Management System;b836ed3d-26cd-4399-8657-ba5f19e9b4ff
;;;Plan Internal Utility Distribution;07956651-4070-4a17-ae2f-dd0e03d4ae03
;;;Integrate Infrastructure Control Systems;ec61dc24-e018-49dc-bc78-7bf92dd5496e
;Construction and Excavation;;;498407ad-a749-43e6-8ee5-f6f7616c496b
;;Excavate Underground Space;;60f41b22-9ee5-40cc-8a2e-62d3d8de180d
;;;Prepare site for excavation;38e0b1ad-c5a3-45bd-af22-0fc7501959df
;;;Mobilize tunnel boring machines;1d76f4bb-6ff6-4fc3-ab4a-24f241d211dd
;;;Conduct initial tunnel boring;8465d317-ff25-4d17-8e92-994d94929eee
;;;Implement ground support measures;2a839658-4d01-40a0-beef-e4ec3d1a78b2
;;;Manage excavated material disposal;cbf2bd22-c85c-4520-ae2d-d547adee953e
;;Construct Structural Framework;;33b88e0e-4725-4787-9859-c63ae03af959
;;;Prepare foundation for structural framework;bad76d71-a116-4d4a-977d-93d7ecbb5c04
;;;Erect primary support columns and beams;13e6b7d8-dfb9-4636-a281-44b51c768c60
;;;Install secondary support structures;7011a286-bc9a-4348-b86d-2557f11059ed
;;;Implement ground stabilization techniques;db60054a-9bf8-4ad6-9b24-3d8774f3d595
;;Install Internal Infrastructure;;e052b48c-9adf-48a7-b9f8-5ac11b1f3bac
;;;Plan Power Generation System;45dce6d4-bc5a-48ab-99bd-e1ab64992985
;;;Design Water Recycling System;77ee80e5-538d-46f7-9646-4b2498f85f2c
;;;Plan Waste Management System;1c0adeae-bfb1-4d1c-996b-15558d802b1c
;;;Design Internal Distribution Networks;c36eb7e9-89bc-4a46-8600-df162f043add
;;;Integrate Systems with Overall Design;2ca624be-cb27-4123-8354-81cd48dbe53f
;;Build Residential, Agricultural, and Industrial Zones;;8381dad0-fe9c-4ee8-83a6-9b6843c9b038
;;;Design Residential Zone Layout and Infrastructure;aa862d0c-49dd-4a43-b384-929a2e491b41
;;;Establish Agricultural Zone Ecosystems;61baf653-493a-4192-b324-54ea65ef3ec8
;;;Plan Industrial Zone Layout and Utilities;5436c2f7-87f4-45dc-bc41-01f1a976b7d3
;;;Construct Zone-Specific Structures;dafa220c-58ea-4192-bf1e-043a0376fd7d
;Systems Integration and Testing;;;734474ef-15b9-4a69-8fb8-79a66fbe3ed3
;;Integrate Life Support Systems;;8f640256-bf2c-4f28-b456-ad1b66aff1dc
;;;Verify Component Compatibility;240653dc-3b5b-43cd-91e1-246f0bf56300
;;;Test Air Filtration Integration;7f847883-4290-4522-ad39-6348c65cd98e
;;;Test Water Recycling Integration;f909a967-bb54-4329-99e6-39ed34c7efb1
;;;Test Food Production Integration;961117f9-b847-4ae3-9f51-e209fe8310e7
;;;Simulate System Failure Scenarios;8ab217c9-88f1-4b6c-a2f2-26daa7955868
;;Integrate Security and Surveillance Systems;;20c74c80-d4c5-4b81-8786-425253435d58
;;;Assess Security System Vulnerabilities;4462121e-24f7-4843-9393-0e493ec6f82c
;;;Harden Network Infrastructure Security;352aeaef-80a2-4847-b208-4bbb997e563d
;;;Test Surveillance System Functionality;544a8a0b-b3d8-41af-a1c9-10e9ddb17925
;;;Integrate Security Protocols and Systems;e4aef7d1-64c0-462e-9cfe-c5683dfc3c26
;;Test Power Generation and Distribution;;4eda6b77-7700-4e1e-8bf9-aded2c371f73
;;;Verify Power Grid Stability;3fcb604b-e351-4720-b49a-f4e193de9f1a
;;;Test Backup Power Systems;8a4f51a1-b1e1-4304-a199-201209997cb8
;;;Calibrate Power Distribution Network;44dce844-e493-4d13-8c1b-33f35bff9a64
;;;Simulate Power Failure Scenarios;be9fa415-6ed5-4f9f-afbf-ee777d805919
;;Test Water Recycling and Air Filtration;;b39e28af-e094-41e6-bedd-ad4cf0c2c535
;;;Water Sample Collection and Analysis;f0f70d87-7e37-4d54-b1be-2a5f9ff96581
;;;Air Filter Performance Evaluation;63261324-5201-43b8-be27-85da52c87ae9
;;;System Calibration and Adjustment;3531b297-daae-47c5-bc2e-11a69199e57d
;;;Document Testing and Calibration Results;900fd193-e87a-443f-84c7-46654a6f5a88
;;Conduct Full System Simulation;;8a6f5e36-2c3e-4cec-a4b9-9ddb1945a930
;;;Set up simulation environment;7a900cf2-2db1-4dcc-9a9d-2c1a05ddde58
;;;Model system interactions;105d9ed9-663f-4808-b58c-242e85a50350
;;;Run simulation scenarios;5017a285-feb8-45cd-a8f8-6817621baaea
;;;Analyze simulation results;7f79f67f-9a62-4ce3-aa74-1b76fbf64ceb
;;;Document simulation findings;f5d68273-abb5-413c-a210-b12e57b9ac03
;Commissioning and Population;;;7586ab75-656c-4b67-906b-9adec7bd44a5
;;Recruit and Train Initial Population;;89397583-f92f-4381-808a-fd40ecd1d871
;;;Define Selection Criteria;5a1ed8f3-3e72-403e-a864-ff91b5509643
;;;Develop Recruitment Strategy;e3f81ebe-282c-4c3d-9253-d956164a207a
;;;Conduct Background Checks;79282517-20d4-4068-b45d-dafae53abbf9
;;;Provide Initial Training;0ed6cf18-e310-4e1a-a684-97f443e84bcc
;;;Assess Training Effectiveness;f6e861f6-b9e9-4038-8b1a-3557f5b56049
;;Stock Resources and Supplies;;06a27692-caf1-4bd5-abed-342833e69882
;;;Determine Resource Requirements;fe39cac9-34b7-433a-aa87-708ced7ae1b1
;;;Establish Supply Chain Logistics;ca28e4e7-00f3-4754-9f3e-8e6c76254cc4
;;;Acquire Initial Resource Stockpile;6494da1b-5ca8-4fa7-a4fe-d71f5d4266c0
;;;Implement Inventory Management System;77d5824a-7177-4de0-869e-3b1f792c0da9
;;Implement Social Governance Structure;;aeea8fa6-968f-429b-a508-185c21c65e4e
;;;Draft Initial Governance Framework;36dadf76-6d7d-47ba-aa3f-dc25379b9e78
;;;Present Framework to Initial Population;ff87f4d1-7892-488f-8341-2f99c0496dc2
;;;Incorporate Feedback and Revise Framework;9cfbaa27-57ae-493b-81fd-a0c6d28f4965
;;;Implement and Monitor Governance System;e34545bc-69a8-4b9e-bb54-9aaece2bc1c5
;;Begin Phased Population Entry;;3f9b05fc-53aa-462e-8057-a4085864cfd9
;;;Establish Initial Population Selection Criteria;dcd3ddf0-8551-40f3-905e-455dff503fdf
;;;Develop Population Integration Plan;10d83586-488c-4e96-b459-5895f75c2a96
;;;Monitor Resource Consumption and Adjustments;bd159ef3-eb06-4561-b765-9616e82817e8
;;;Evaluate System Performance and Address Issues;7336e104-be55-4285-aa86-fcf0b37825c2
;Ongoing Operation and Maintenance;;;8bb17b40-6992-47fc-931d-e2f585038603
;;Maintain Life Support Systems;;1ea7b3db-5cfb-4267-b783-c19fa60adc0e
;;;Inspect and Repair Air Filtration Units;9003cc81-077b-4a15-ad87-0509969dfa3d
;;;Monitor and Adjust Water Recycling Systems;f2251020-828b-48c7-94cf-1b3105fdc148
;;;Maintain Hydroponic and Agricultural Systems;f5a2771e-d93c-49ba-9004-153ed3d4d8e9
;;;Manage Waste Processing and Recycling;52d4631d-cc03-406b-98de-e6b781c98090
;;;Monitor Environmental Control Systems;10762764-9f95-49ba-a415-c5326aeb4598
;;Maintain Security Systems;;9259be7c-6276-4765-8097-171a0f718ab0
;;;Cybersecurity threat assessment and mitigation;25784ec6-9eba-43eb-9ade-468d5a8069d5
;;;Surveillance equipment maintenance and calibration;c498e0b6-4734-41c2-8b6e-96d9a36e26e9
;;;Security personnel training and drills;92d14ed5-b775-4ac7-bd50-ac75b2e141ff
;;;Access control system management;5c731efc-edd3-4679-aeeb-b359134d3a16
;;;Incident response planning and execution;559159db-ed50-4154-b055-425dfb71d78b
;;Manage Resource Allocation;;6fd32992-c2a0-4f47-8ed9-7330df2b1c70
;;;Forecast Resource Needs;e69c4d2e-c559-4c9c-86f3-b53a664b25e3
;;;Monitor Resource Levels;6544d458-10f6-4a77-bd4f-a3ab0bdd9486
;;;Optimize Resource Distribution;8ca0a43d-be9d-466f-a5a3-3b1ded623c94
;;;Manage Resource Production;69524bb4-dc76-4205-a3d6-ad08129e7654
;;;Address Resource Shortages;7ff61a9c-d804-4d3f-9232-fec34cc5fefe
;;Monitor Social and Psychological Well-being;;68754a25-f2f0-4308-b0a8-ead08c223fec
;;;Regular Psychological Evaluations;6a92be5a-d88c-4ce3-8f23-c0f8cd384a89
;;;Establish Counseling and Support System;a9593a37-7486-48ed-8a54-0f9d374ffb74
;;;Foster Strong Sense of Community;22519f8e-da82-4503-a53d-c483ff83e629
;;;Develop Conflict Resolution Protocols;52e071b8-589d-4eb5-b034-942dbf8dc7a9
;;;Monitor Social Dynamics and Conflicts;646e187f-5e4b-4357-b898-39707a42efe2
;;Continuously Improve Systems and Processes;;e7fd14dc-f532-40f4-8c15-354ea99525ce
;;;Conduct System Performance Audits;69950fb3-fd09-4a8a-b4fd-687fb9832c79
;;;Research Emerging Technologies;627274da-e320-460e-a196-7c276916232b
;;;Implement Process Improvement Initiatives;8f4cdbd6-3715-4ffc-8376-7f451ea91c0a
;;;Evaluate Improvement Impact and ROI;a7f3b260-5d41-417a-98d0-734078f87867
;;;Update Training and Documentation;da3d469c-59c1-4fbf-af06-7d326bd7b712