Level 1;Level 2;Level 3;Level 4;Task ID
Connectome Project;;;;c1c8364e-3798-477b-b3b1-03b6879d3a56
;Project Initiation and Planning;;;638a3fbf-c1ee-4c9a-ad89-659495c8f647
;;Define Project Scope and Objectives;;e257424c-7ca3-409e-8952-d221c9a19009
;;;Gather initial project requirements;0dfcd21b-e94d-463f-9848-bdbc10a3bc55
;;;Define project goals and objectives;cc6a42e1-5184-4de3-9d34-981baa2dee2b
;;;Establish project scope boundaries;94594aa4-902c-49d8-89d5-f928513ad947
;;;Document assumptions and constraints;f24ac82e-452b-4f11-9826-6d6b14cb6279
;;Stakeholder Identification and Analysis;;925911b0-f1d1-4588-a493-fa2505995d69
;;;Identify internal project stakeholders;7f9c3c2c-fcea-49ce-b7c7-be14420a1e46
;;;Identify external project stakeholders;3f425bbe-5012-433c-9d9c-2333699d5367
;;;Analyze stakeholder influence and interests;6752d9b0-f574-488d-8804-56b64a110775
;;;Develop stakeholder engagement plan;5abf378d-3962-44cc-9424-f2b4c31c5581
;;Develop Project Management Plan;;bb74fe0e-91ef-4d5a-af99-e712fb7e8c7a
;;;Define Project Governance Structure;325f7338-3115-491c-aea3-0ae955b763e3
;;;Develop Communication Management Plan;90520a67-4167-423f-9cbc-73875a8f28de
;;;Create Detailed Project Schedule;1d56f0ac-40ba-469f-b1bb-d1a1a16edd94
;;;Establish Budget and Financial Controls;48ed3952-7a08-423a-b858-57a995fb87a2
;;;Design Risk Management Framework;9a277c25-04fc-4f53-a831-2273755ea130
;;Secure Initial Funding;;44b2f8c2-2dfd-4c7b-a9cd-0425c4140587
;;;Identify potential funding sources;63ad4a96-37e2-4128-aa22-fc65a300ee7f
;;;Prepare funding proposals and applications;fbe49668-5b32-4436-93ea-dbb93c4468a8
;;;Present project to potential investors;660cf533-a1ec-4dfd-ae50-f53390d3e505
;;;Negotiate funding agreements and contracts;08126061-b7dc-4f6c-98b3-5ed1658dc914
;;;Establish financial tracking and reporting;f2e412e6-3a15-483e-8f33-c027e02a3cb1
;Infrastructure Development;;;2514629f-4efd-4ed0-bb16-2d5c2c3a8351
;;Land Acquisition (if required);;29a3b4bd-f90e-4211-9590-8d8f36051393
;;;Identify potential land sites in Uruguay;b5d3983d-ee0b-4d22-8cd3-da98a73223bf
;;;Conduct due diligence on selected sites;62edc3a6-dc00-4467-9f45-00dc94ef31e5
;;;Negotiate land acquisition agreements;65f4d60a-94d4-4b21-9e3d-cfe62dee58f6
;;;Obtain necessary permits and approvals;d9bd6160-2e44-44e8-83b6-748bb09ce4fb
;;Design and Construction of Research Campus;;c0f9cf7f-c8b5-453a-a9af-ab523206122e
;;;Finalize architectural designs and specifications;608ae9a6-0be7-41ea-a156-ce4dc86d57df
;;;Obtain necessary building permits;026944e7-5a1e-451f-b340-286bc605fe2e
;;;Select and contract construction company;5b4d0fbc-5957-4bc2-af2b-42ceb36c8c47
;;;Oversee construction and quality control;dd26223a-7e58-4301-983c-73a704438631
;;Upgrade Existing Infrastructure;;bc2536a7-51fd-4efa-97b1-7e8866732183
;;;Assess existing infrastructure condition;91a21905-709e-4c53-9afe-fee2e09e27d7
;;;Identify required infrastructure upgrades;61493f39-fae3-4c9d-9a45-009ef45b7c4d
;;;Develop upgrade implementation plan;f4c5b92f-d20e-4b54-b8e0-21bbe6d6992c
;;;Execute infrastructure upgrade plan;6558fe2c-79e8-4613-aafb-85b37091ce5f
;;Establish Data Center and Power Grids;;71a505be-2787-451f-a217-91be9679db3a
;;;Assess power grid capacity and needs;d413b62c-9410-4674-8561-4de86953330c
;;;Select data center location and design;eda0210e-cb5e-41b3-83aa-7d3779f20c4e
;;;Procure and install power infrastructure;4655b1c2-3a6d-4adb-acfe-46a6da8f8e4d
;;;Establish data center connectivity;e67663f5-faa3-4b3d-b6df-bb053ece790c
;;Secure Fiber Optic Internet Connections;;6385d950-a72c-4448-958f-a7a7080fe14b
;;;Research internet provider options in Uruguay;8bf94d73-4a5e-42f8-8aeb-f8ba74290bd0
;;;Assess infrastructure limitations at research site;215f2dad-4baa-4207-91fa-9364466d5895
;;;Negotiate service agreements with providers;b77d740f-ae80-4ae3-84c7-1f12a450dfbe
;;;Oversee fiber optic internet installation;7e208111-f5d1-4b69-9a92-71ceb7f43762
;Talent Acquisition and Training;;;b6264417-f798-4f75-b216-98439c5ecbd4
;;Develop Recruitment Strategy;;b4a6c29e-468f-4fa0-ab77-f0f00c556350
;;;Define key personnel roles;452fb2bd-41b8-46e1-8dfc-856a882edfce
;;;Research compensation benchmarks;63a607ce-e8f3-4049-8e80-b63dbcf831a9
;;;Outline recruitment channels;2e5a04c1-646e-4d8e-8dca-e023f51e90f7
;;;Establish evaluation criteria;961af9aa-685a-4acf-b372-d118b8a0b7d0
;;;Document recruitment strategy;16f46c57-560f-4ff9-99f4-1b4e6dbfc149
;;Recruit Scientists and Engineers;;0985a790-343b-44c2-8285-7fbf6961ee78
;;;Identify Key Scientific Roles;088978d3-7a4d-46b7-b383-23acce43e174
;;;Post Job Openings Online;d54ed421-ccc7-486a-bf09-b23245d99f2a
;;;Screen and Interview Candidates;b7796f69-1d66-4cb1-8f3f-7018fe23f145
;;;Extend Job Offers and Onboard;c62da5d6-1fcf-4980-a687-08c194eac834
;;Establish Global Talent Network;;753b26e0-5651-43a2-877e-66eb51526756
;;;Identify Key Global Experts;2d5e9730-0793-48bf-8e36-d74a812e5cc2
;;;Establish Initial Contact;82540afe-df5a-4779-9d27-727f0e231d39
;;;Conduct Introductory Meetings;90f4a0a3-163e-4dac-8c30-6436cdf63de4
;;;Formalize Collaboration Agreements;d163be7c-f4a7-4a2a-bd53-e5c3ed8250b5
;;;Maintain Ongoing Communication;4e4b2e67-6de9-46de-94ab-627037e41549
;;Implement Local Training Programs;;fa9e76a4-674f-4d6b-b6e4-cd2e8abf9296
;;;Assess local training needs and resources;50b8b64d-5306-496e-ac1d-00ad262ee4f4
;;;Adapt training materials to local context;9c87f65f-ec45-4c41-9740-84df202070aa
;;;Recruit local training participants;9f3aedf6-b19f-4ec9-87eb-3bd751f2dc1f
;;;Deliver and evaluate local training programs;6bb8e633-1576-40cc-b621-915933e31228
;Ethical Oversight and Compliance;;;21f75b41-2273-4331-a944-4f5af4afd87c
;;Establish Independent Ethics Board;;17f6993a-d9a5-4cb6-9c27-2e93210a8da1
;;;Define Ethics Board Scope and Responsibilities;3abae9ff-0c36-4d1d-bc0f-8f7742a25e00
;;;Identify Potential Ethics Board Members;5b30fd0e-717e-4349-927a-7d4cd1266540
;;;Recruit and Vet Ethics Board Candidates;dd4f6347-e6d0-4157-9ee1-ae5b8c7c5cf6
;;;Formalize Ethics Board Appointments;6c5c1f0e-6099-498f-b29f-336ae6197188
;;;Onboard and Train Ethics Board Members;48768782-41b6-4776-a69a-c170f191ac09
;;Develop Ethical Guidelines and Protocols;;8b705eb8-6a1a-4672-ab5a-e14d9e38e0a4
;;;Research existing ethical guidelines;03eb2537-8a25-4662-8597-4e6556fcb89f
;;;Draft initial ethical guidelines;90bd6564-18b6-462e-a413-84bc048fe2a7
;;;Review guidelines with stakeholders;6f6f293b-e3a4-49be-9542-50eef1ca8ddf
;;;Finalize ethical guidelines and protocols;6263d892-e1c4-458a-82e9-c73d41847760
;;Implement Transparent Consent Protocols;;bb25e56a-4330-496f-a770-10741432b362
;;;Develop consent form templates;701b0113-024a-4a7b-8c8a-bc429017a880
;;;Translate consent forms into Spanish;68d6eeb4-808b-4722-9b76-34769deb3fa2
;;;Establish volunteer counseling process;59b6b751-15da-4782-a95f-0df01dd10ede
;;;Implement consent documentation system;270a2786-a196-4e11-8f25-7d6b66f5a430
;;Engage with Public and Global Ethicists;;0e3883f5-168c-4749-b622-83e4b0cdeed6
;;;Identify Key Global Ethics Experts;cac3f737-bd8a-4483-a269-54299e7fffae
;;;Schedule Initial Consultation Meetings;e6afe077-6b2b-4fcf-8529-0c52b391a48b
;;;Prepare Meeting Materials and Agenda;f8e72912-a17a-4f8f-806e-97c5e1562668
;;;Conduct Consultation Meetings and Document Feedback;968758f7-5b83-4f3e-8aa7-4c040e88e4ab
;;;Integrate Feedback into Ethical Protocols;c177fd72-c0ed-4cf9-bdd7-3a39b670fc1d
;;Apply for Biomedical Research Permit;;e8c1ed59-851c-4dcb-ac01-0c92b4bd0704
;;;Prepare permit application documentation;1553b084-5461-4400-b46b-da7b5ed23fc4
;;;Submit application to Ministry of Public Health;c3d31bd4-a228-4176-b9fe-e76a50b6387d
;;;Address queries from regulatory bodies;eb5a6427-d7fa-4ee2-9bf5-bddcc4389f91
;;;Monitor application status and timelines;fbb2555b-f253-4901-871f-dc48c096ae10
;Data Acquisition and Processing;;;4c22a782-1e23-44b3-8cf1-9f2e1aa69d9d
;;Secure Agreements with Hospitals;;34ea719c-00db-48bf-9c1a-d73eb4d8474e
;;;Vendor Selection and Due Diligence;d0c8e6d4-1e1e-4994-b775-360dd53d547a
;;;Negotiate Contracts and Agreements;80c85a68-f91b-4152-ba89-04cc706d2efb
;;;Equipment Testing and Validation;cce2e3f0-350f-4c4f-80ca-fda95dd93fdc
;;;Manage Logistics and Delivery;d19467d5-3a78-4a4e-a9de-895f87fb82a4
;;Procure Neural Probes and Imaging Systems;;68d3f99c-b35f-40dc-9d30-02e663b4de5e
;;;Define Probe and Imaging System Specifications;8a3d2358-32b6-4a03-8594-b2472e73fad8
;;;Identify Potential Vendors and Evaluate Options;952ddb6c-a1b9-4b43-9fb2-2fe954c977d6
;;;Negotiate Contracts and Secure Purchase Agreements;3ef8f097-1209-4a42-9b7f-f7334de71d2c
;;;Coordinate Delivery and Installation of Equipment;8b629ec6-1998-42d6-bcde-d157836f7736
;;Develop Data Digitization and Storage Pipelines;;cd825881-4fec-4845-8156-a4a90caf580c
;;;Define Data Digitization Requirements;cbd3ac63-3df4-414e-928d-728198373252
;;;Select Data Storage Technology;b21ae99b-4b67-4e84-9511-c6b855b45afa
;;;Develop Data Processing Pipeline;b1c88720-a25e-4c10-89c6-39f6164a19e5
;;;Implement Data Backup and Recovery;08fa9f6f-7862-4edc-a8c8-17896b5e27ab
;;Implement Data Fidelity Assurance Procedures;;5f446b20-5d09-41d4-a451-0ad4cb6a6137
;;;Define Data Validation Metrics;3aefe197-f7c9-4c67-96db-4b6943877196
;;;Implement Data Validation Software;628d3ec4-cd27-4c31-b5fc-c4b201de6e28
;;;Conduct Regular Data Audits;48cac5a5-e694-41e7-bccb-1fbcaff431a1
;;;Document Validation Procedures;52dd1685-8a1b-498f-99b3-288f778e313e
;;Implement Data Security Protocols;;53c2d328-84b9-455c-8377-8dc4fc4dc10d
;;;Define Data Security Requirements;67b655e3-488f-4c10-8e01-c9f3086f434e
;;;Select Security Technologies and Tools;749c17a8-0a16-4962-87fb-d1fbd6335eba
;;;Implement Security Protocols;9574f306-bee4-450f-8982-1138a9178376
;;;Test and Validate Security Measures;ba5bf352-a473-49d9-ad25-a8da40931017
;;;Monitor and Maintain Security Systems;b84b9d64-96fe-472d-8a25-f1e61d5a6604
;;Collect Neural Connectome Data;;b8c54075-30af-48fd-8090-7d7de7b32c49
;;;Recruit brain donation program participants;e4fefb04-651b-42ed-98bd-78c624742db6
;;;Coordinate brain harvesting logistics;bd2862ab-676e-486a-97fb-51cc098ad41b
;;;Perform brain tissue preparation;ffb83df0-c9e3-4f9d-ac09-7aa48e5c3372
;;;Operate nanoscale neural probes;95aea08b-4f82-4f09-a1f8-ce95ce48c579
;;;Manage mobile brain stabilization units;5505f66e-889a-4f87-889f-bca6be9881ee
;Data Analysis and Validation;;;2ec82e33-5cef-421b-9550-17dcf9431d2e
;;Analyze Neural Connectome Data;;b5d17e40-5dc1-4b18-9b98-849087cc8ed8
;;;Preprocess neural connectome data;ffffe869-5f8f-4ff1-ba44-810a62a4c9e2
;;;Identify neuronal connections and pathways;5990cfdf-7c77-4543-894b-b9bcd571c025
;;;Quantify synaptic strengths and dynamics;b27c15a1-7adb-4e1d-ae6c-bcda8354a8b8
;;;Integrate multi-modal data sources;f5f570a2-2aab-4614-85fb-1da294b8804d
;;Implement Error Correction Algorithms;;ecef39cc-f68e-4dca-b138-88024884f2ac
;;;Research error correction algorithms;1ca5cdff-23bb-41aa-8c40-c7905040343e
;;;Implement selected algorithms;b32325c4-58d2-43b3-8250-d6beeac73dd0
;;;Test algorithm performance;4917a60f-2a04-4423-bfbd-9cb5e44778d9
;;;Optimize algorithm parameters;0a83275b-c635-4b90-9060-362780569a38
;;Validate Data Accuracy and Completeness;;8cecc092-e40b-4660-b2d4-8c49c63ecf25
;;;Define Data Accuracy Metrics;f9bf82d2-91a6-4b89-9eb4-79d670b20d31
;;;Develop Validation Tooling;9b917916-2c73-47d1-883c-a985a1310a90
;;;Perform Data Cross-Validation;989a168e-b3f5-41cd-ac1b-94d054f21020
;;;Document Validation Results;932cbfd8-f4fa-4942-96c0-1b7fd64e7ef7
;;Create Error-Checked Human Neural Datasets;;ba6ef7aa-3086-428c-be05-b1a3c7c4067e
;;;Refine Error Correction Algorithms;ff96e86e-bd4d-4357-8d87-849cbd04bd76
;;;Implement Data Validation Procedures;5f3347ed-7e33-4613-9370-8235cd35cb57
;;;Integrate Corrected Data into Datasets;71bbd989-4d72-49cb-b569-7007d67ec409
;;;Document Data Correction Processes;666b02f2-d23b-4b74-9f9b-35bd5c0fcecb
;Risk Management and Contingency Planning;;;225615cd-bac1-4eaf-a58a-602d4de3fd08
;;Identify Potential Risks;;d7cd430d-25f1-4ca7-b173-aa56396e31e7
;;;Brainstorm potential project risks;49054635-76d2-4ee4-8dd0-515bfadb709e
;;;Categorize and prioritize identified risks;3260276d-c53a-45d1-9f15-fe92abe1a685
;;;Research external risk factors;fdfe0c51-10bc-4549-ae45-c9ba7fa05908
;;;Document risk identification process;43186933-e696-4a16-90de-a7817d38d1bd
;;Develop Mitigation Plans;;ba190099-a060-457e-b76c-fdf437741546
;;;Identify Risk Owners and Responsibilities;388498a2-9293-4278-a8d3-2bf24be47c8b
;;;Develop Detailed Mitigation Strategies;8ea3be81-f5f6-4fe3-b854-319218f563fe
;;;Document Mitigation Plans in Risk Register;416b222c-79a3-4c6a-9b5c-12250d80ad4e
;;;Establish Contingency Fund for Unforeseen Risks;6200501e-d753-4f0f-8905-24b93cc419d2
;;Establish Backup Facilities;;a4c20886-3625-49bf-90bf-a39066d8f2f5
;;;Identify potential backup facility locations;6e518adf-9962-4f98-a964-f904e143f208
;;;Negotiate preliminary agreements;dfc56e57-f211-4be6-9611-88bff888bc40
;;;Develop equipment and data transfer plan;2e2c2c6a-5422-4fdf-b62e-3764d5ec63df
;;;Test backup systems;37e0ba58-d374-4637-972c-4c413c73dbe2
;;Develop Relocation Plan;;7f2c2c0c-1f1b-4777-8cc6-bccd8413f003
;;;Identify potential relocation sites;0639b730-5ac5-4157-ae8f-79db06c45118
;;;Negotiate agreements for relocation site;79826569-039d-4d25-a7fb-35a461b3627a
;;;Develop phased relocation plan;effdb72b-764a-4e88-b054-fba706cafe7f
;;;Secure permits for relocation;6bb68d3d-9723-4a7b-9b5c-9b1cee323a46
;Public Perception Management;;;c5506a51-5366-4769-adca-ef580522967c
;;Develop Communication Strategy;;5a42d8e1-82fa-493a-bb63-76e1a742bd55
;;;Define target audiences and key messages;eead6f7d-857c-47f1-96ee-6066362d4e77
;;;Select communication channels and platforms;e264b48d-ed47-4e3d-ad29-8c8def698203
;;;Develop a crisis communication plan;1825b463-cad1-49ab-a654-12d7519df2c3
;;;Establish media partnerships and relationships;0fc856f2-ffa0-4426-a523-0075918d9dd8
;;;Create communication materials and content;0cc9178c-64b6-420f-b460-aa8a9fb056a0
;;Proactively Communicate Project Goals;;59799202-03b4-4409-b816-4a922d7eca8c
;;;Craft key messages about project goals;a9ebd2c9-9b4a-4d77-82d2-5efafabb980d
;;;Distribute information via multiple channels;251f67ea-5af5-4bcd-ac82-1428861109f1
;;;Engage with media and respond to inquiries;4733f95f-012a-431f-925d-818d243d942a
;;;Create educational materials for public;11828829-3944-4aab-b46d-14dd46a8d107
;;Establish Citizen Science Program;;140524f6-0a06-408d-a13b-5a9ce02ad125
;;;Design Citizen Science Program Framework;39f87164-8342-46f5-92d6-0165525df243
;;;Develop Engaging Educational Materials;d3735601-20a3-49a1-9038-4ffdbe07d3a6
;;;Recruit and Onboard Citizen Scientists;dad02643-70f0-4387-a0b5-b6cb72248fd8
;;;Establish Data Security and Privacy Protocols;d87aa1b1-7bf9-44b7-af45-5fe716e252d8
;;;Manage and Support Citizen Scientists;719ed788-2a46-4dfb-9b91-a7c742ef1119
;;Address Public Concerns;;634769a7-0e6d-4e88-97c6-a67c4c6bb241
;;;Monitor public sentiment and media coverage;a87459c5-d880-467f-a119-38b44c57aeaf
;;;Identify key concerns and ethical questions;19509fbd-bde9-4072-bff6-254603e3e680
;;;Develop responses to address concerns;072658da-3ff3-46b3-8ca2-066922333255
;;;Engage with community leaders and stakeholders;2167f7d2-04ce-4a45-b51c-bb71c65b12df
;;;Disseminate information through various channels;acf069b7-df2e-469a-ab03-cace9556b481