project_key,project_name,project_description,project_start_date,project_end_date,project_progress,project_parent,originating_department
c1c8364e-3798-477b-b3b1-03b6879d3a56,Connectome Project,"Connectome Project

Final deliverable:
Neural Datasets",8/8/2025,11/8/2039,0,,PlanExe
638a3fbf-c1ee-4c9a-ad89-659495c8f647,Project Initiation and Planning,,8/8/2025,2/1/2026,0,c1c8364e-3798-477b-b3b1-03b6879d3a56,PlanExe
e257424c-7ca3-409e-8952-d221c9a19009,Define Project Scope and Objectives,,8/8/2025,8/16/2025,0,638a3fbf-c1ee-4c9a-ad89-659495c8f647,PlanExe
0dfcd21b-e94d-463f-9848-bdbc10a3bc55,Gather initial project requirements,"Gather initial project requirements

Description:
Collect and document the initial requirements from all stakeholders. This includes conducting interviews, surveys, and workshops to understand their needs and expectations. The deliverable is a comprehensive requirements document.

Resources needed:
• Project Manager
• Business Analyst
• Stakeholders",8/8/2025,8/10/2025,0,e257424c-7ca3-409e-8952-d221c9a19009,PlanExe
cc6a42e1-5184-4de3-9d34-981baa2dee2b,Define project goals and objectives,"Define project goals and objectives

Description:
Based on the gathered requirements, define clear, measurable, achievable, relevant, and time-bound (SMART) goals and objectives for the project. This involves prioritizing requirements and aligning them with the overall project vision. The deliverable is a documented set of SMART goals and objectives.

Resources needed:
• Project Manager
• Senior Management
• Stakeholders",8/10/2025,8/12/2025,0,0dfcd21b-e94d-463f-9848-bdbc10a3bc55,PlanExe
94594aa4-902c-49d8-89d5-f928513ad947,Establish project scope boundaries,"Establish project scope boundaries

Description:
Clearly define the boundaries of the project, including what is in scope and what is out of scope. This helps to manage expectations and prevent scope creep. The deliverable is a documented scope statement.

Resources needed:
• Project Manager
• Technical Lead
• Stakeholders",8/12/2025,8/14/2025,0,cc6a42e1-5184-4de3-9d34-981baa2dee2b,PlanExe
f24ac82e-452b-4f11-9826-6d6b14cb6279,Document assumptions and constraints,"Document assumptions and constraints

Description:
Identify and document any assumptions and constraints that may impact the project. This includes assumptions about technology, resources, and timelines, as well as constraints such as budget limitations and regulatory requirements. The deliverable is a documented list of assumptions and constraints.

Resources needed:
• Project Manager
• Technical Lead
• Legal Counsel
• Finance Department",8/14/2025,8/16/2025,0,e257424c-7ca3-409e-8952-d221c9a19009,PlanExe
925911b0-f1d1-4588-a493-fa2505995d69,Stakeholder Identification and Analysis,,8/16/2025,8/20/2025,0,e257424c-7ca3-409e-8952-d221c9a19009,PlanExe
7f9c3c2c-fcea-49ce-b7c7-be14420a1e46,Identify internal project stakeholders,"Identify internal project stakeholders

Description:
Objective: Identify all internal individuals or groups who have a vested interest in the project's success.
Scope: Includes project team members, department heads, and executive sponsors.
Steps: Review project charter, conduct interviews with key personnel, and create a stakeholder register.
Deliverables: List of internal stakeholders with contact information and roles.

Resources needed:
• Project Manager
• Project Sponsor
• Department Heads",8/16/2025,8/17/2025,0,925911b0-f1d1-4588-a493-fa2505995d69,PlanExe
3f425bbe-5012-433c-9d9c-2333699d5367,Identify external project stakeholders,"Identify external project stakeholders

Description:
Objective: Identify all external individuals or groups who are affected by the project or can influence its outcome.
Scope: Includes regulatory bodies, hospitals, potential volunteers, and the local community.
Steps: Conduct online research, consult with local experts, and attend community meetings.
Deliverables: List of external stakeholders with contact information and potential impact.

Resources needed:
• Project Manager
• Legal Counsel
• Community Liaison",8/17/2025,8/18/2025,0,7f9c3c2c-fcea-49ce-b7c7-be14420a1e46,PlanExe
6752d9b0-f574-488d-8804-56b64a110775,Analyze stakeholder influence and interests,"Analyze stakeholder influence and interests

Description:
Objective: Assess the level of influence and interest of each stakeholder to prioritize engagement efforts.
Scope: Includes both internal and external stakeholders.
Steps: Conduct stakeholder interviews, analyze stakeholder communication patterns, and create a stakeholder matrix.
Deliverables: Stakeholder matrix with influence/interest ratings and engagement strategies.

Resources needed:
• Project Manager
• Communication Specialist
• Stakeholder Interviewers",8/18/2025,8/19/2025,0,3f425bbe-5012-433c-9d9c-2333699d5367,PlanExe
5abf378d-3962-44cc-9424-f2b4c31c5581,Develop stakeholder engagement plan,"Develop stakeholder engagement plan

Description:
Objective: Create a plan to effectively communicate with and manage stakeholder expectations throughout the project lifecycle.
Scope: Includes communication methods, frequency, and key messages for each stakeholder group.
Steps: Review stakeholder analysis, define communication objectives, and develop a communication schedule.
Deliverables: Stakeholder engagement plan with communication matrix and feedback mechanisms.

Resources needed:
• Project Manager
• Communication Specialist
• Public Relations Team",8/19/2025,8/20/2025,0,925911b0-f1d1-4588-a493-fa2505995d69,PlanExe
bb74fe0e-91ef-4d5a-af99-e712fb7e8c7a,Develop Project Management Plan,,8/20/2025,10/4/2025,0,925911b0-f1d1-4588-a493-fa2505995d69,PlanExe
325f7338-3115-491c-aea3-0ae955b763e3,Define Project Governance Structure,"Define Project Governance Structure

Description:
Establish the roles, responsibilities, and decision-making processes for the project. This includes defining the project steering committee, project management team, and any advisory boards.

Resources needed:
• Project Manager
• Senior Management
• Legal Counsel",8/20/2025,8/29/2025,0,bb74fe0e-91ef-4d5a-af99-e712fb7e8c7a,PlanExe
90520a67-4167-423f-9cbc-73875a8f28de,Develop Communication Management Plan,"Develop Communication Management Plan

Description:
Outline how project information will be communicated to stakeholders, including frequency, channels, and responsible parties. This ensures transparency and stakeholder engagement.

Resources needed:
• Project Manager
• Communications Specialist
• Stakeholder Representatives",8/29/2025,9/7/2025,0,325f7338-3115-491c-aea3-0ae955b763e3,PlanExe
1d56f0ac-40ba-469f-b1bb-d1a1a16edd94,Create Detailed Project Schedule,"Create Detailed Project Schedule

Description:
Develop a comprehensive project schedule with tasks, dependencies, milestones, and resource assignments. This schedule will serve as the roadmap for project execution.

Resources needed:
• Project Manager
• Technical Leads
• Subject Matter Experts",9/7/2025,9/16/2025,0,90520a67-4167-423f-9cbc-73875a8f28de,PlanExe
48ed3952-7a08-423a-b858-57a995fb87a2,Establish Budget and Financial Controls,"Establish Budget and Financial Controls

Description:
Define the project budget, including all costs associated with infrastructure, personnel, equipment, and operations. Implement financial controls to track expenses and ensure adherence to the budget.

Resources needed:
• Project Manager
• CFO
• Financial Analyst",9/16/2025,9/25/2025,0,1d56f0ac-40ba-469f-b1bb-d1a1a16edd94,PlanExe
9a277c25-04fc-4f53-a831-2273755ea130,Design Risk Management Framework,"Design Risk Management Framework

Description:
Develop a framework for identifying, assessing, and mitigating project risks. This includes creating a risk register, defining risk response strategies, and assigning risk owners.

Resources needed:
• Project Manager
• Risk Management Specialist
• Technical Experts",9/25/2025,10/4/2025,0,bb74fe0e-91ef-4d5a-af99-e712fb7e8c7a,PlanExe
44b2f8c2-2dfd-4c7b-a9cd-0425c4140587,Secure Initial Funding,,10/4/2025,2/1/2026,0,638a3fbf-c1ee-4c9a-ad89-659495c8f647,PlanExe
63ad4a96-37e2-4128-aa22-fc65a300ee7f,Identify potential funding sources,"Identify potential funding sources

Description:
Research and identify potential funding sources, including grants, investors, and philanthropic organizations.  This involves searching databases, attending industry events, and networking with potential funders. Deliverable: A list of at least 20 potential funding sources with contact information and funding priorities.

Resources needed:
• Project Manager
• CFO
• Research Assistant",10/4/2025,10/28/2025,0,44b2f8c2-2dfd-4c7b-a9cd-0425c4140587,PlanExe
fbe49668-5b32-4436-93ea-dbb93c4468a8,Prepare funding proposals and applications,"Prepare funding proposals and applications

Description:
Develop compelling funding proposals and applications tailored to each identified funding source. This includes writing grant proposals, creating investor presentations, and completing application forms. Deliverable: Completed funding proposals and applications for at least 10 potential funding sources.

Resources needed:
• Project Manager
• Grant Writer
• Scientists
• CFO",10/28/2025,11/21/2025,0,63ad4a96-37e2-4128-aa22-fc65a300ee7f,PlanExe
660cf533-a1ec-4dfd-ae50-f53390d3e505,Present project to potential investors,"Present project to potential investors

Description:
Schedule and conduct presentations to potential investors to pitch the project and secure funding. This involves preparing presentation materials, answering questions, and negotiating terms. Deliverable: Presentation materials and schedule of investor meetings.

Resources needed:
• Project Manager
• CFO
• Lead Scientist",11/21/2025,12/15/2025,0,fbe49668-5b32-4436-93ea-dbb93c4468a8,PlanExe
08126061-b7dc-4f6c-98b3-5ed1658dc914,Negotiate funding agreements and contracts,"Negotiate funding agreements and contracts

Description:
Negotiate the terms of funding agreements and contracts with selected funding sources. This includes reviewing legal documents, addressing concerns, and finalizing agreements. Deliverable: Signed funding agreements and contracts.

Resources needed:
• Project Manager
• Legal Counsel
• CFO",12/15/2025,1/8/2026,0,660cf533-a1ec-4dfd-ae50-f53390d3e505,PlanExe
f2e412e6-3a15-483e-8f33-c027e02a3cb1,Establish financial tracking and reporting,"Establish financial tracking and reporting

Description:
Set up systems for tracking and reporting on the use of funds. This includes creating budgets, monitoring expenses, and preparing financial reports for funders. Deliverable: Financial tracking system and reporting templates.

Resources needed:
• CFO
• Accountant
• Project Manager",1/8/2026,2/1/2026,0,44b2f8c2-2dfd-4c7b-a9cd-0425c4140587,PlanExe
2514629f-4efd-4ed0-bb16-2d5c2c3a8351,Infrastructure Development,,2/1/2026,3/31/2031,0,638a3fbf-c1ee-4c9a-ad89-659495c8f647,PlanExe
29a3b4bd-f90e-4211-9590-8d8f36051393,Land Acquisition (if required),,2/1/2026,2/4/2027,0,2514629f-4efd-4ed0-bb16-2d5c2c3a8351,PlanExe
b5d3983d-ee0b-4d22-8cd3-da98a73223bf,Identify potential land sites in Uruguay,"Identify potential land sites in Uruguay

Description:
Objective: Identify suitable land sites for the research campus in Uruguay.
Scope: Research and evaluate potential land sites based on location, size, zoning regulations, environmental factors, and accessibility.
Steps: Conduct online research, consult with real estate agents, visit potential sites, and gather relevant data.
Deliverables: A list of potential land sites with detailed information and preliminary assessments.

Resources needed:
• Real estate agents
• Online databases
• Project manager
• Local experts",2/1/2026,5/4/2026,0,29a3b4bd-f90e-4211-9590-8d8f36051393,PlanExe
62edc3a6-dc00-4467-9f45-00dc94ef31e5,Conduct due diligence on selected sites,"Conduct due diligence on selected sites

Description:
Objective: Perform thorough due diligence on the shortlisted land sites.
Scope: Conduct legal reviews, environmental assessments, geotechnical surveys, and community consultations to identify potential risks and liabilities.
Steps: Engage legal counsel, hire environmental consultants, conduct site investigations, and hold public meetings.
Deliverables: Due diligence reports for each selected land site, including legal opinions, environmental impact assessments, and community feedback.

Resources needed:
• Legal counsel
• Environmental consultants
• Geotechnical engineers
• Community engagement specialists",5/4/2026,8/4/2026,0,b5d3983d-ee0b-4d22-8cd3-da98a73223bf,PlanExe
65f4d60a-94d4-4b21-9e3d-cfe62dee58f6,Negotiate land acquisition agreements,"Negotiate land acquisition agreements

Description:
Objective: Negotiate and finalize land acquisition agreements with landowners.
Scope: Negotiate purchase prices, terms and conditions, and legal agreements with landowners to secure the rights to acquire the selected land sites.
Steps: Conduct negotiations, draft legal agreements, obtain necessary approvals, and finalize the transactions.
Deliverables: Signed land acquisition agreements for the selected land sites.

Resources needed:
• Negotiators
• Legal counsel
• Land acquisition specialists
• Project manager",8/4/2026,11/4/2026,0,62edc3a6-dc00-4467-9f45-00dc94ef31e5,PlanExe
d9bd6160-2e44-44e8-83b6-748bb09ce4fb,Obtain necessary permits and approvals,"Obtain necessary permits and approvals

Description:
Objective: Obtain all necessary permits and approvals for land acquisition.
Scope: Prepare and submit permit applications, address regulatory requirements, and obtain approvals from relevant government agencies.
Steps: Prepare permit applications, submit to regulatory agencies, respond to inquiries, and obtain approvals.
Deliverables: All necessary permits and approvals for land acquisition.

Resources needed:
• Permitting specialists
• Legal counsel
• Regulatory experts
• Project manager",11/4/2026,2/4/2027,0,29a3b4bd-f90e-4211-9590-8d8f36051393,PlanExe
c0f9cf7f-c8b5-453a-a9af-ab523206122e,Design and Construction of Research Campus,,2/4/2027,8/4/2029,0,29a3b4bd-f90e-4211-9590-8d8f36051393,PlanExe
608ae9a6-0be7-41ea-a156-ce4dc86d57df,Finalize architectural designs and specifications,"Finalize architectural designs and specifications

Description:
Objective: Complete all architectural designs and engineering specifications necessary for construction. Scope: Includes structural, electrical, plumbing, and HVAC designs. Steps: Review existing designs, incorporate feedback from stakeholders, obtain necessary approvals. Deliverables: Finalized architectural and engineering blueprints.

Resources needed:
• Architect
• Engineers (structural, electrical, plumbing, HVAC)
• Project Manager
• CAD software",2/4/2027,9/20/2027,0,c0f9cf7f-c8b5-453a-a9af-ab523206122e,PlanExe
026944e7-5a1e-451f-b340-286bc605fe2e,Obtain necessary building permits,"Obtain necessary building permits

Description:
Objective: Secure all required building permits from Uruguayan authorities. Scope: Includes environmental permits, zoning approvals, and construction permits. Steps: Prepare necessary documentation, submit applications, attend hearings, address any concerns raised by authorities. Deliverables: Approved building permits.

Resources needed:
• Permitting Specialist
• Legal Counsel
• Project Manager
• Government Liaison",9/20/2027,5/5/2028,0,608ae9a6-0be7-41ea-a156-ce4dc86d57df,PlanExe
5b4d0fbc-5957-4bc2-af2b-42ceb36c8c47,Select and contract construction company,"Select and contract construction company

Description:
Objective: Choose a qualified construction company to build the research campus. Scope: Includes issuing requests for proposals (RFPs), evaluating bids, conducting interviews, and negotiating contracts. Steps: Develop RFP, distribute to potential contractors, review proposals, conduct interviews, select contractor, finalize contract. Deliverables: Signed construction contract.

Resources needed:
• Project Manager
• Construction Consultant
• Legal Counsel
• Procurement Specialist",5/5/2028,12/19/2028,0,026944e7-5a1e-451f-b340-286bc605fe2e,PlanExe
dd26223a-7e58-4301-983c-73a704438631,Oversee construction and quality control,"Oversee construction and quality control

Description:
Objective: Manage the construction process and ensure quality standards are met. Scope: Includes site preparation, foundation work, building erection, and interior finishing. Steps: Monitor construction progress, conduct regular site inspections, address any issues that arise, ensure compliance with building codes. Deliverables: Completed research campus.

Resources needed:
• Construction Manager
• Site Supervisor
• Quality Control Inspectors
• Construction Crew",12/19/2028,8/4/2029,0,c0f9cf7f-c8b5-453a-a9af-ab523206122e,PlanExe
bc2536a7-51fd-4efa-97b1-7e8866732183,Upgrade Existing Infrastructure,,8/4/2029,5/3/2030,0,c0f9cf7f-c8b5-453a-a9af-ab523206122e,PlanExe
91a21905-709e-4c53-9afe-fee2e09e27d7,Assess existing infrastructure condition,"Assess existing infrastructure condition

Description:
Objective: Evaluate the current state of existing infrastructure to identify necessary upgrades.
Scope: Conduct a thorough assessment of power grids, internet connections, and other relevant infrastructure components.
Steps: 1. Hire qualified engineers to perform the assessment. 2. Develop a detailed assessment plan. 3. Conduct on-site inspections. 4. Analyze the data and prepare a report.
Deliverables: A comprehensive report outlining the condition of existing infrastructure and recommendations for upgrades.

Resources needed:
• Engineers
• Assessment tools
• Inspection equipment",8/4/2029,10/11/2029,0,bc2536a7-51fd-4efa-97b1-7e8866732183,PlanExe
61493f39-fae3-4c9d-9a45-009ef45b7c4d,Identify required infrastructure upgrades,"Identify required infrastructure upgrades

Description:
Objective: Determine the specific upgrades needed to support the project's requirements.
Scope: Based on the infrastructure assessment, identify the necessary upgrades to power grids, internet connections, and other relevant infrastructure components.
Steps: 1. Review the infrastructure assessment report. 2. Define the project's infrastructure requirements. 3. Identify the gaps between the existing infrastructure and the project's requirements. 4. Develop a list of required upgrades.
Deliverables: A detailed list of required infrastructure upgrades.

Resources needed:
• Project manager
• Engineers
• Infrastructure specialists",10/11/2029,12/18/2029,0,91a21905-709e-4c53-9afe-fee2e09e27d7,PlanExe
f4c5b92f-d20e-4b54-b8e0-21bbe6d6992c,Develop upgrade implementation plan,"Develop upgrade implementation plan

Description:
Objective: Create a detailed plan for implementing the required infrastructure upgrades.
Scope: Develop a comprehensive plan that outlines the steps, timeline, and resources needed to implement the required upgrades.
Steps: 1. Prioritize the required upgrades. 2. Develop a detailed implementation plan for each upgrade. 3. Define the timeline for each upgrade. 4. Identify the resources needed for each upgrade.
Deliverables: A detailed upgrade implementation plan.

Resources needed:
• Project manager
• Engineers
• Construction crew
• Permitting specialists",12/18/2029,2/24/2030,0,61493f39-fae3-4c9d-9a45-009ef45b7c4d,PlanExe
6558fe2c-79e8-4613-aafb-85b37091ce5f,Execute infrastructure upgrade plan,"Execute infrastructure upgrade plan

Description:
Objective: Implement the infrastructure upgrades according to the developed plan.
Scope: Execute the upgrade implementation plan, ensuring that all upgrades are completed on time and within budget.
Steps: 1. Obtain necessary permits and approvals. 2. Procure necessary materials and equipment. 3. Hire qualified contractors. 4. Oversee the implementation of the upgrades. 5. Monitor progress and address any issues that arise.
Deliverables: Completed infrastructure upgrades.

Resources needed:
• Construction crew
• Engineers
• Project manager
• Materials
• Equipment",2/24/2030,5/3/2030,0,bc2536a7-51fd-4efa-97b1-7e8866732183,PlanExe
71a505be-2787-451f-a217-91be9679db3a,Establish Data Center and Power Grids,,5/3/2030,1/30/2031,0,bc2536a7-51fd-4efa-97b1-7e8866732183,PlanExe
d413b62c-9410-4674-8561-4de86953330c,Assess power grid capacity and needs,"Assess power grid capacity and needs

Description:
Evaluate the existing power grid infrastructure in Uruguay and determine the necessary upgrades to support the data center's power requirements. This includes assessing current capacity, identifying potential bottlenecks, and estimating the cost of upgrades.

Resources needed:
• Electrical engineers
• Power grid specialists
• Data center architects",5/3/2030,7/10/2030,0,71a505be-2787-451f-a217-91be9679db3a,PlanExe
eda0210e-cb5e-41b3-83aa-7d3779f20c4e,Select data center location and design,"Select data center location and design

Description:
Choose a suitable location for the data center based on factors such as power availability, connectivity, and environmental considerations. Develop a detailed design for the data center, including power distribution systems, cooling systems, and backup power generators.

Resources needed:
• Data center architects
• Civil engineers
• Environmental consultants",7/10/2030,9/16/2030,0,d413b62c-9410-4674-8561-4de86953330c,PlanExe
4655b1c2-3a6d-4adb-acfe-46a6da8f8e4d,Procure and install power infrastructure,"Procure and install power infrastructure

Description:
Procure the necessary power infrastructure components, such as transformers, generators, and uninterruptible power supplies (UPS). Install the power infrastructure according to the data center design and ensure proper integration with the existing power grid.

Resources needed:
• Electrical contractors
• Power equipment vendors
• Project managers",9/16/2030,11/23/2030,0,eda0210e-cb5e-41b3-83aa-7d3779f20c4e,PlanExe
e67663f5-faa3-4b3d-b6df-bb053ece790c,Establish data center connectivity,"Establish data center connectivity

Description:
Secure high-bandwidth fiber optic internet connections to the data center. This includes negotiating contracts with internet service providers, installing fiber optic cables, and configuring network equipment.

Resources needed:
• Network engineers
• Telecommunications providers
• Data center technicians",11/23/2030,1/30/2031,0,71a505be-2787-451f-a217-91be9679db3a,PlanExe
6385d950-a72c-4448-958f-a7a7080fe14b,Secure Fiber Optic Internet Connections,,1/30/2031,3/31/2031,0,2514629f-4efd-4ed0-bb16-2d5c2c3a8351,PlanExe
8bf94d73-4a5e-42f8-8aeb-f8ba74290bd0,Research internet provider options in Uruguay,"Research internet provider options in Uruguay

Description:
Objective: Identify potential fiber optic internet providers in Uruguay.
Scope: Research available providers, their coverage areas, and service offerings.
Steps: 1. Conduct online research. 2. Contact providers for information. 3. Compare service plans and pricing.
Deliverables: List of potential internet providers with service details.

Resources needed:
• Project Manager
• IT Specialist",1/30/2031,2/14/2031,0,6385d950-a72c-4448-958f-a7a7080fe14b,PlanExe
215f2dad-4baa-4207-91fa-9364466d5895,Assess infrastructure limitations at research site,"Assess infrastructure limitations at research site

Description:
Objective: Evaluate existing infrastructure at the research site to identify potential limitations for fiber optic internet deployment.
Scope: Assess existing cabling, conduit availability, and power supply.
Steps: 1. Conduct a site survey. 2. Document existing infrastructure. 3. Identify potential bottlenecks.
Deliverables: Infrastructure assessment report.

Resources needed:
• IT Specialist
• Electrician
• Site Engineer",2/14/2031,3/1/2031,0,8bf94d73-4a5e-42f8-8aeb-f8ba74290bd0,PlanExe
b77d740f-ae80-4ae3-84c7-1f12a450dfbe,Negotiate service agreements with providers,"Negotiate service agreements with providers

Description:
Objective: Secure favorable service agreements with selected internet providers.
Scope: Negotiate pricing, bandwidth, service level agreements (SLAs), and installation timelines.
Steps: 1. Prepare negotiation strategy. 2. Conduct negotiations with providers. 3. Finalize service agreements.
Deliverables: Signed service agreements with internet providers.

Resources needed:
• Project Manager
• Legal Counsel
• IT Specialist",3/1/2031,3/16/2031,0,215f2dad-4baa-4207-91fa-9364466d5895,PlanExe
7e208111-f5d1-4b69-9a92-71ceb7f43762,Oversee fiber optic internet installation,"Oversee fiber optic internet installation

Description:
Objective: Ensure proper installation of fiber optic internet connections.
Scope: Supervise installation process, coordinate with providers, and verify service functionality.
Steps: 1. Coordinate installation schedule. 2. Monitor installation progress. 3. Test internet connectivity.
Deliverables: Operational fiber optic internet connections.

Resources needed:
• IT Specialist
• Network Engineer
• Internet Provider Technicians",3/16/2031,3/31/2031,0,6385d950-a72c-4448-958f-a7a7080fe14b,PlanExe
b6264417-f798-4f75-b216-98439c5ecbd4,Talent Acquisition and Training,,3/31/2031,6/23/2032,0,2514629f-4efd-4ed0-bb16-2d5c2c3a8351,PlanExe
b4a6c29e-468f-4fa0-ab77-f0f00c556350,Develop Recruitment Strategy,,3/31/2031,4/30/2031,0,b6264417-f798-4f75-b216-98439c5ecbd4,PlanExe
452fb2bd-41b8-46e1-8dfc-856a882edfce,Define key personnel roles,"Define key personnel roles

Description:
Identify specific roles needed for the project, including scientists, engineers, technicians, and support staff.  Determine the required skills, experience, and qualifications for each role.  Document role descriptions and responsibilities.

Resources needed:
• Project Manager
• HR Manager
• Department Heads",3/31/2031,4/6/2031,0,b4a6c29e-468f-4fa0-ab77-f0f00c556350,PlanExe
63a607ce-e8f3-4049-8e80-b63dbcf831a9,Research compensation benchmarks,"Research compensation benchmarks

Description:
Gather salary data for similar roles in Uruguay and internationally.  Consider factors such as experience, education, and location.  Identify competitive compensation packages to attract top talent.

Resources needed:
• HR Manager
• Compensation Specialist
• Online Salary Databases",4/6/2031,4/12/2031,0,452fb2bd-41b8-46e1-8dfc-856a882edfce,PlanExe
2e5a04c1-646e-4d8e-8dca-e023f51e90f7,Outline recruitment channels,"Outline recruitment channels

Description:
Determine the most effective channels for reaching potential candidates, including online job boards, recruitment agencies, professional networks, and university partnerships.  Develop a plan for advertising job openings and screening applications.

Resources needed:
• HR Manager
• Recruitment Specialist
• Marketing Team",4/12/2031,4/18/2031,0,63a607ce-e8f3-4049-8e80-b63dbcf831a9,PlanExe
961af9aa-685a-4acf-b372-d118b8a0b7d0,Establish evaluation criteria,"Establish evaluation criteria

Description:
Define the criteria for evaluating candidates, including technical skills, experience, cultural fit, and communication skills.  Develop a standardized interview process and assessment tools.

Resources needed:
• HR Manager
• Department Heads
• Interview Panel",4/18/2031,4/24/2031,0,2e5a04c1-646e-4d8e-8dca-e023f51e90f7,PlanExe
16f46c57-560f-4ff9-99f4-1b4e6dbfc149,Document recruitment strategy,"Document recruitment strategy

Description:
Compile all the information gathered into a comprehensive recruitment strategy document. This document should include role descriptions, compensation benchmarks, recruitment channels, evaluation criteria, and a timeline for the recruitment process.

Resources needed:
• HR Manager
• Project Manager",4/24/2031,4/30/2031,0,b4a6c29e-468f-4fa0-ab77-f0f00c556350,PlanExe
0985a790-343b-44c2-8285-7fbf6961ee78,Recruit Scientists and Engineers,,4/30/2031,10/27/2031,0,b4a6c29e-468f-4fa0-ab77-f0f00c556350,PlanExe
088978d3-7a4d-46b7-b383-23acce43e174,Identify Key Scientific Roles,"Identify Key Scientific Roles

Description:
Define specific scientific and engineering roles needed for the project, including required skills, experience, and qualifications. This involves consulting with department heads and reviewing project requirements to create detailed job descriptions.

Resources needed:
• Project Manager
• HR Manager
• Department Heads",4/30/2031,6/14/2031,0,0985a790-343b-44c2-8285-7fbf6961ee78,PlanExe
d54ed421-ccc7-486a-bf09-b23245d99f2a,Post Job Openings Online,"Post Job Openings Online

Description:
Advertise job openings on relevant online platforms, including job boards, professional networking sites, and university career pages. This involves creating compelling job postings and managing the application process.

Resources needed:
• HR Manager
• Recruitment Specialist
• Marketing Team",6/14/2031,7/29/2031,0,088978d3-7a4d-46b7-b383-23acce43e174,PlanExe
b7796f69-1d66-4cb1-8f3f-7018fe23f145,Screen and Interview Candidates,"Screen and Interview Candidates

Description:
Review applications, conduct initial screenings, and schedule interviews with qualified candidates. This involves developing interview questions, assessing candidate skills and experience, and providing feedback to applicants.

Resources needed:
• HR Manager
• Recruitment Specialist
• Hiring Managers",7/29/2031,9/12/2031,0,d54ed421-ccc7-486a-bf09-b23245d99f2a,PlanExe
c62da5d6-1fcf-4980-a687-08c194eac834,Extend Job Offers and Onboard,"Extend Job Offers and Onboard

Description:
Extend job offers to selected candidates, negotiate terms of employment, and manage the onboarding process. This involves preparing offer letters, conducting background checks, and providing new employees with necessary training and resources.

Resources needed:
• HR Manager
• Legal Counsel
• IT Support",9/12/2031,10/27/2031,0,0985a790-343b-44c2-8285-7fbf6961ee78,PlanExe
753b26e0-5651-43a2-877e-66eb51526756,Establish Global Talent Network,,10/27/2031,2/24/2032,0,0985a790-343b-44c2-8285-7fbf6961ee78,PlanExe
2d5e9730-0793-48bf-8e36-d74a812e5cc2,Identify Key Global Experts,"Identify Key Global Experts

Description:
Identify leading experts in relevant fields such as neuroscience, nanotechnology, and data science. This involves researching publications, attending conferences, and leveraging professional networks.

Resources needed:
• Project Manager
• Research Scientists
• Networking Platforms
• Conference Budget",10/27/2031,11/20/2031,0,753b26e0-5651-43a2-877e-66eb51526756,PlanExe
82540afe-df5a-4779-9d27-727f0e231d39,Establish Initial Contact,"Establish Initial Contact

Description:
Reach out to identified experts via email, LinkedIn, or other professional channels. Introduce the project, highlight its potential impact, and express interest in collaboration.

Resources needed:
• Project Manager
• Communication Specialist
• Contact Database
• Email Marketing Tools",11/20/2031,12/14/2031,0,2d5e9730-0793-48bf-8e36-d74a812e5cc2,PlanExe
90f4a0a3-163e-4dac-8c30-6436cdf63de4,Conduct Introductory Meetings,"Conduct Introductory Meetings

Description:
Schedule introductory meetings (virtual or in-person) with interested experts to discuss potential collaboration opportunities, project requirements, and expectations.

Resources needed:
• Project Manager
• Lead Scientists
• Meeting Scheduling Tools
• Travel Budget (if applicable)",12/14/2031,1/7/2032,0,82540afe-df5a-4779-9d27-727f0e231d39,PlanExe
d163be7c-f4a7-4a2a-bd53-e5c3ed8250b5,Formalize Collaboration Agreements,"Formalize Collaboration Agreements

Description:
Develop and execute formal collaboration agreements with selected experts, outlining roles, responsibilities, intellectual property rights, and compensation terms.

Resources needed:
• Legal Counsel
• Project Manager
• Contract Templates
• Negotiation Skills",1/7/2032,1/31/2032,0,90f4a0a3-163e-4dac-8c30-6436cdf63de4,PlanExe
4e4b2e67-6de9-46de-94ab-627037e41549,Maintain Ongoing Communication,"Maintain Ongoing Communication

Description:
Establish regular communication channels with global experts to facilitate knowledge sharing, provide project updates, and address any challenges or concerns.

Resources needed:
• Project Manager
• Communication Platform
• Collaboration Tools
• Regular Reporting Schedule",1/31/2032,2/24/2032,0,753b26e0-5651-43a2-877e-66eb51526756,PlanExe
fa9e76a4-674f-4d6b-b6e4-cd2e8abf9296,Implement Local Training Programs,,2/24/2032,6/23/2032,0,b6264417-f798-4f75-b216-98439c5ecbd4,PlanExe
50b8b64d-5306-496e-ac1d-00ad262ee4f4,Assess local training needs and resources,"Assess local training needs and resources

Description:
Objective: Identify specific training requirements and available resources within the local Uruguayan context.
Scope: Evaluate existing skill gaps, available training programs, and potential partnerships with local institutions.
Steps: Conduct surveys, interviews, and workshops with local stakeholders. Analyze existing training programs and identify gaps. Assess the availability of local trainers and facilities.
Deliverables: A comprehensive report outlining local training needs, available resources, and potential training partners.

Resources needed:
• HR Manager
• Training Coordinator
• Local Consultants",2/24/2032,3/25/2032,0,fa9e76a4-674f-4d6b-b6e4-cd2e8abf9296,PlanExe
9c87f65f-ec45-4c41-9740-84df202070aa,Adapt training materials to local context,"Adapt training materials to local context

Description:
Objective: Modify existing training materials to be culturally relevant and linguistically appropriate for the local Uruguayan workforce.
Scope: Translate training materials into Spanish. Adapt content to reflect local customs, values, and regulations. Ensure materials are accessible and understandable to individuals with varying levels of education.
Steps: Translate training materials into Spanish. Review materials for cultural sensitivity and relevance. Adapt content to reflect local regulations and best practices. Test materials with local trainees to ensure comprehension.
Deliverables: Translated and culturally adapted training materials.

Resources needed:
• Training Coordinator
• Translators
• Cultural Consultants",3/25/2032,4/24/2032,0,50b8b64d-5306-496e-ac1d-00ad262ee4f4,PlanExe
9f3aedf6-b19f-4ec9-87eb-3bd751f2dc1f,Recruit local training participants,"Recruit local training participants

Description:
Objective: Attract qualified local candidates to participate in the training programs.
Scope: Develop a recruitment strategy targeting local universities, vocational schools, and community organizations. Promote the training programs through various channels, including online advertising, social media, and community events. Screen applicants and select participants based on predefined criteria.
Steps: Develop a recruitment strategy. Promote the training programs. Screen applicants. Select participants.
Deliverables: A pool of qualified local training participants.

Resources needed:
• HR Manager
• Recruitment Team
• Marketing Team",4/24/2032,5/24/2032,0,9c87f65f-ec45-4c41-9740-84df202070aa,PlanExe
6bb8e633-1576-40cc-b621-915933e31228,Deliver and evaluate local training programs,"Deliver and evaluate local training programs

Description:
Objective: Conduct the training programs and assess their effectiveness in improving the skills and knowledge of local participants.
Scope: Deliver the training programs using a variety of methods, including classroom instruction, hands-on workshops, and online learning. Monitor participant progress and provide feedback. Evaluate the effectiveness of the training programs through surveys, tests, and performance evaluations.
Steps: Deliver the training programs. Monitor participant progress. Evaluate the effectiveness of the training programs.
Deliverables: Trained local workforce and evaluation report on training program effectiveness.

Resources needed:
• Training Coordinator
• Trainers
• Evaluation Team",5/24/2032,6/23/2032,0,fa9e76a4-674f-4d6b-b6e4-cd2e8abf9296,PlanExe
21f75b41-2273-4331-a944-4f5af4afd87c,Ethical Oversight and Compliance,,6/23/2032,7/20/2033,0,b6264417-f798-4f75-b216-98439c5ecbd4,PlanExe
17f6993a-d9a5-4cb6-9c27-2e93210a8da1,Establish Independent Ethics Board,,6/23/2032,8/22/2032,0,21f75b41-2273-4331-a944-4f5af4afd87c,PlanExe
3abae9ff-0c36-4d1d-bc0f-8f7742a25e00,Define Ethics Board Scope and Responsibilities,"Define Ethics Board Scope and Responsibilities

Description:
Clearly outline the ethics board's mandate, authority, and decision-making processes. Define the types of ethical issues the board will address and the procedures for handling them. Establish reporting lines and communication protocols.

Resources needed:
• Chief Ethicist
• Project Manager
• Legal Counsel",6/23/2032,7/5/2032,0,17f6993a-d9a5-4cb6-9c27-2e93210a8da1,PlanExe
5b30fd0e-717e-4349-927a-7d4cd1266540,Identify Potential Ethics Board Members,"Identify Potential Ethics Board Members

Description:
Research and identify individuals with expertise in relevant fields such as neuroscience, ethics, law, and public policy. Consider diversity in backgrounds, perspectives, and affiliations. Create a longlist of potential candidates.

Resources needed:
• Chief Ethicist
• HR Manager
• Research Team",7/5/2032,7/17/2032,0,3abae9ff-0c36-4d1d-bc0f-8f7742a25e00,PlanExe
dd4f6347-e6d0-4157-9ee1-ae5b8c7c5cf6,Recruit and Vet Ethics Board Candidates,"Recruit and Vet Ethics Board Candidates

Description:
Contact potential candidates and provide them with detailed information about the project and the role of the ethics board. Conduct interviews and background checks to assess their qualifications, impartiality, and commitment to ethical principles. Evaluate potential conflicts of interest.

Resources needed:
• Chief Ethicist
• HR Manager
• Legal Counsel",7/17/2032,7/29/2032,0,5b30fd0e-717e-4349-927a-7d4cd1266540,PlanExe
6c5c1f0e-6099-498f-b29f-336ae6197188,Formalize Ethics Board Appointments,"Formalize Ethics Board Appointments

Description:
Prepare formal appointment letters outlining the terms of service, responsibilities, and compensation (if any) for ethics board members. Obtain signed agreements from each member confirming their acceptance of the appointment and their commitment to ethical conduct. Establish confidentiality agreements.

Resources needed:
• Project Manager
• Legal Counsel
• Administrative Staff",7/29/2032,8/10/2032,0,dd4f6347-e6d0-4157-9ee1-ae5b8c7c5cf6,PlanExe
48768782-41b6-4776-a69a-c170f191ac09,Onboard and Train Ethics Board Members,"Onboard and Train Ethics Board Members

Description:
Provide ethics board members with comprehensive training on the project's goals, methods, and ethical considerations. Familiarize them with relevant regulations, guidelines, and best practices. Establish ongoing training and development opportunities to keep them informed of emerging ethical issues.

Resources needed:
• Chief Ethicist
• Neuroscientists
• Legal Counsel",8/10/2032,8/22/2032,0,17f6993a-d9a5-4cb6-9c27-2e93210a8da1,PlanExe
8b705eb8-6a1a-4672-ab5a-e14d9e38e0a4,Develop Ethical Guidelines and Protocols,,8/22/2032,10/21/2032,0,17f6993a-d9a5-4cb6-9c27-2e93210a8da1,PlanExe
03eb2537-8a25-4662-8597-4e6556fcb89f,Research existing ethical guidelines,"Research existing ethical guidelines

Description:
Objective: Identify relevant international and national ethical guidelines for biomedical research, data privacy, and human subject research.
Scope: Review the Belmont Report, GDPR, and Uruguayan regulations.
Steps: Conduct literature review, consult with legal experts, and summarize key principles.
Deliverables: A comprehensive list of relevant ethical guidelines.

Resources needed:
• Ethicists
• Legal counsel
• Research assistants",8/22/2032,9/6/2032,0,8b705eb8-6a1a-4672-ab5a-e14d9e38e0a4,PlanExe
90bd6564-18b6-462e-a413-84bc048fe2a7,Draft initial ethical guidelines,"Draft initial ethical guidelines

Description:
Objective: Develop a draft set of ethical guidelines tailored to the specific context of the connectome project.
Scope: Cover informed consent, data security, data sharing, and potential conflicts of interest.
Steps: Adapt existing guidelines, incorporate stakeholder feedback, and ensure compliance with regulations.
Deliverables: A draft document outlining the project's ethical principles and procedures.

Resources needed:
• Ethicists
• Legal counsel
• Project manager",9/6/2032,9/21/2032,0,03eb2537-8a25-4662-8597-4e6556fcb89f,PlanExe
6f6f293b-e3a4-49be-9542-50eef1ca8ddf,Review guidelines with stakeholders,"Review guidelines with stakeholders

Description:
Objective: Gather feedback on the draft ethical guidelines from key stakeholders, including scientists, ethicists, and community representatives.
Scope: Conduct workshops, interviews, and surveys to solicit input.
Steps: Present the draft guidelines, facilitate discussions, and document feedback.
Deliverables: A summary report of stakeholder feedback and recommendations.

Resources needed:
• Ethicists
• Project manager
• Community liaison",9/21/2032,10/6/2032,0,90bd6564-18b6-462e-a413-84bc048fe2a7,PlanExe
6263d892-e1c4-458a-82e9-c73d41847760,Finalize ethical guidelines and protocols,"Finalize ethical guidelines and protocols

Description:
Objective: Revise the draft ethical guidelines based on stakeholder feedback and finalize the document for implementation.
Scope: Incorporate feedback, address concerns, and ensure clarity and consistency.
Steps: Revise the guidelines, obtain approval from the ethics board, and disseminate the final document.
Deliverables: A finalized set of ethical guidelines and protocols for the connectome project.

Resources needed:
• Ethicists
• Legal counsel
• Ethics board members",10/6/2032,10/21/2032,0,8b705eb8-6a1a-4672-ab5a-e14d9e38e0a4,PlanExe
bb25e56a-4330-496f-a770-10741432b362,Implement Transparent Consent Protocols,,10/21/2032,11/22/2032,0,8b705eb8-6a1a-4672-ab5a-e14d9e38e0a4,PlanExe
701b0113-024a-4a7b-8c8a-bc429017a880,Develop consent form templates,"Develop consent form templates

Description:
Create standardized consent form templates that are easy to understand and compliant with ethical guidelines and legal requirements. These templates will be used as a basis for obtaining informed consent from volunteers.

Resources needed:
• Legal counsel
• Ethicists
• Medical professionals
• Project manager",10/21/2032,10/29/2032,0,bb25e56a-4330-496f-a770-10741432b362,PlanExe
68d6eeb4-808b-4722-9b76-34769deb3fa2,Translate consent forms into Spanish,"Translate consent forms into Spanish

Description:
Translate the consent forms into Spanish to ensure that volunteers fully understand the information being presented to them. This will involve working with professional translators to ensure accuracy and cultural sensitivity.

Resources needed:
• Professional translators
• Linguists
• Project manager",10/29/2032,11/6/2032,0,701b0113-024a-4a7b-8c8a-bc429017a880,PlanExe
59b6b751-15da-4782-a95f-0df01dd10ede,Establish volunteer counseling process,"Establish volunteer counseling process

Description:
Develop a process for providing counseling to potential volunteers and their families to ensure that they are fully informed about the risks and benefits of participating in the project. This will involve training counselors to provide accurate and unbiased information.

Resources needed:
• Counselors
• Ethicists
• Medical professionals
• Project manager",11/6/2032,11/14/2032,0,68d6eeb4-808b-4722-9b76-34769deb3fa2,PlanExe
270a2786-a196-4e11-8f25-7d6b66f5a430,Implement consent documentation system,"Implement consent documentation system

Description:
Establish a secure and confidential system for documenting the consent process and storing signed consent forms. This system will need to comply with data privacy regulations and ensure that consent forms are readily accessible when needed.

Resources needed:
• Data security specialists
• IT professionals
• Project manager
• Legal counsel",11/14/2032,11/22/2032,0,bb25e56a-4330-496f-a770-10741432b362,PlanExe
0e3883f5-168c-4749-b622-83e4b0cdeed6,Engage with Public and Global Ethicists,,11/22/2032,1/21/2033,0,bb25e56a-4330-496f-a770-10741432b362,PlanExe
cac3f737-bd8a-4483-a269-54299e7fffae,Identify Key Global Ethics Experts,"Identify Key Global Ethics Experts

Description:
Objective: Identify and compile a list of leading global ethicists with expertise in areas relevant to the project (e.g., neuroethics, data ethics, AI ethics). Scope: Conduct literature reviews, consult with professional organizations, and leverage existing networks to identify potential experts. Steps: 1. Define selection criteria (expertise, experience, publications). 2. Conduct online research and database searches. 3. Solicit recommendations from colleagues and professional networks. 4. Compile a list of potential experts with contact information. Deliverables: A curated list of at least 10 global ethics experts.

Resources needed:
• Project Manager
• Chief Ethicist
• Research Assistant",11/22/2032,12/4/2032,0,0e3883f5-168c-4749-b622-83e4b0cdeed6,PlanExe
e6afe077-6b2b-4fcf-8529-0c52b391a48b,Schedule Initial Consultation Meetings,"Schedule Initial Consultation Meetings

Description:
Objective: Initiate contact with identified global ethics experts and schedule introductory meetings to discuss the project and potential collaboration. Scope: Reach out to experts via email or phone, provide a brief overview of the project, and propose a meeting time. Steps: 1. Draft a concise and informative introductory email. 2. Send emails to identified experts. 3. Follow up with non-responsive experts. 4. Schedule meetings with interested experts. Deliverables: Scheduled consultation meetings with at least 3 global ethics experts.

Resources needed:
• Project Manager
• Chief Ethicist
• Administrative Assistant",12/4/2032,12/16/2032,0,cac3f737-bd8a-4483-a269-54299e7fffae,PlanExe
f8e72912-a17a-4f8f-806e-97c5e1562668,Prepare Meeting Materials and Agenda,"Prepare Meeting Materials and Agenda

Description:
Objective: Develop comprehensive meeting materials and a structured agenda to ensure productive and informative consultation meetings. Scope: Prepare a presentation outlining the project's goals, methodology, ethical considerations, and potential areas for expert input. Steps: 1. Develop a detailed meeting agenda. 2. Create a presentation summarizing the project. 3. Prepare a list of specific questions for the experts. 4. Compile relevant background materials. Deliverables: A comprehensive meeting package including agenda, presentation, and background materials.

Resources needed:
• Project Manager
• Chief Ethicist
• Data Scientist",12/16/2032,12/28/2032,0,e6afe077-6b2b-4fcf-8529-0c52b391a48b,PlanExe
968758f7-5b83-4f3e-8aa7-4c040e88e4ab,Conduct Consultation Meetings and Document Feedback,"Conduct Consultation Meetings and Document Feedback

Description:
Objective: Conduct consultation meetings with global ethics experts, actively solicit their feedback, and meticulously document their insights and recommendations. Scope: Facilitate engaging discussions, encourage open dialogue, and capture key takeaways. Steps: 1. Conduct scheduled consultation meetings. 2. Actively listen to expert feedback. 3. Take detailed notes during the meetings. 4. Summarize key insights and recommendations. Deliverables: Detailed meeting notes and a summary report of expert feedback.

Resources needed:
• Project Manager
• Chief Ethicist
• Note-taker",12/28/2032,1/9/2033,0,f8e72912-a17a-4f8f-806e-97c5e1562668,PlanExe
c177fd72-c0ed-4cf9-bdd7-3a39b670fc1d,Integrate Feedback into Ethical Protocols,"Integrate Feedback into Ethical Protocols

Description:
Objective: Analyze the feedback received from global ethics experts and integrate their recommendations into the project's ethical guidelines and protocols. Scope: Review the feedback report, identify actionable insights, and revise existing protocols accordingly. Steps: 1. Review the summary report of expert feedback. 2. Identify actionable recommendations. 3. Revise ethical guidelines and protocols. 4. Obtain approval from the Independent Ethics Board. Deliverables: Revised ethical guidelines and protocols incorporating expert feedback.

Resources needed:
• Chief Ethicist
• Legal Counsel
• Independent Ethics Board",1/9/2033,1/21/2033,0,0e3883f5-168c-4749-b622-83e4b0cdeed6,PlanExe
e8c1ed59-851c-4dcb-ac01-0c92b4bd0704,Apply for Biomedical Research Permit,,1/21/2033,7/20/2033,0,21f75b41-2273-4331-a944-4f5af4afd87c,PlanExe
1553b084-5461-4400-b46b-da7b5ed23fc4,Prepare permit application documentation,"Prepare permit application documentation

Description:
Gather all necessary documents, including research protocols, ethical guidelines, and facility plans, to support the biomedical research permit application.

Resources needed:
• Legal Counsel
• Project Manager
• Chief Ethicist
• Regulatory Specialist",1/21/2033,3/7/2033,0,e8c1ed59-851c-4dcb-ac01-0c92b4bd0704,PlanExe
c3d31bd4-a228-4176-b9fe-e76a50b6387d,Submit application to Ministry of Public Health,"Submit application to Ministry of Public Health

Description:
Formally submit the completed biomedical research permit application to the Uruguayan Ministry of Public Health.

Resources needed:
• Regulatory Specialist
• Project Manager
• Legal Counsel",3/7/2033,4/21/2033,0,1553b084-5461-4400-b46b-da7b5ed23fc4,PlanExe
eb5a6427-d7fa-4ee2-9bf5-bddcc4389f91,Address queries from regulatory bodies,"Address queries from regulatory bodies

Description:
Respond to any inquiries or requests for additional information from the Ministry of Public Health or other regulatory bodies regarding the permit application.

Resources needed:
• Legal Counsel
• Project Manager
• Chief Ethicist
• Regulatory Specialist
• Neuroscientists",4/21/2033,6/5/2033,0,c3d31bd4-a228-4176-b9fe-e76a50b6387d,PlanExe
fbb2555b-f253-4901-871f-dc48c096ae10,Monitor application status and timelines,"Monitor application status and timelines

Description:
Track the progress of the permit application through the regulatory review process and proactively address any potential delays.

Resources needed:
• Regulatory Specialist
• Project Manager",6/5/2033,7/20/2033,0,e8c1ed59-851c-4dcb-ac01-0c92b4bd0704,PlanExe
4c22a782-1e23-44b3-8cf1-9f2e1aa69d9d,Data Acquisition and Processing,,7/20/2033,6/19/2037,0,21f75b41-2273-4331-a944-4f5af4afd87c,PlanExe
34ea719c-00db-48bf-9c1a-d73eb4d8474e,Secure Agreements with Hospitals,,7/20/2033,7/23/2034,0,4c22a782-1e23-44b3-8cf1-9f2e1aa69d9d,PlanExe
d0c8e6d4-1e1e-4994-b775-360dd53d547a,Vendor Selection and Due Diligence,"Vendor Selection and Due Diligence

Description:
Objective: Identify and evaluate potential vendors for neural probes and imaging systems.
Scope: Research vendors, assess their capabilities, check references, and ensure compliance with project requirements.
Steps: 1. Create a list of potential vendors. 2. Send out requests for information (RFIs). 3. Evaluate vendor responses. 4. Conduct site visits (if necessary). 5. Select preferred vendors.
Deliverables: Vendor selection report with recommendations.

Resources needed:
• Project Manager
• Procurement Specialist
• Technical Experts",7/20/2033,10/20/2033,0,34ea719c-00db-48bf-9c1a-d73eb4d8474e,PlanExe
80c85a68-f91b-4152-ba89-04cc706d2efb,Negotiate Contracts and Agreements,"Negotiate Contracts and Agreements

Description:
Objective: Secure favorable contracts with selected vendors.
Scope: Negotiate pricing, delivery schedules, warranty terms, and service level agreements.
Steps: 1. Prepare contract drafts. 2. Conduct contract negotiations. 3. Finalize contract terms. 4. Obtain legal review. 5. Execute contracts.
Deliverables: Signed contracts with vendors.

Resources needed:
• Project Manager
• Procurement Specialist
• Legal Counsel",10/20/2033,1/20/2034,0,d0c8e6d4-1e1e-4994-b775-360dd53d547a,PlanExe
cce2e3f0-350f-4c4f-80ca-fda95dd93fdc,Equipment Testing and Validation,"Equipment Testing and Validation

Description:
Objective: Verify that the neural probes and imaging systems meet project specifications.
Scope: Conduct rigorous testing to ensure functionality, accuracy, and reliability.
Steps: 1. Develop testing protocols. 2. Conduct equipment testing. 3. Analyze test results. 4. Identify and resolve any issues. 5. Validate equipment performance.
Deliverables: Test reports and validation certificates.

Resources needed:
• Technical Experts
• Data Scientists
• Quality Assurance Team",1/20/2034,4/22/2034,0,80c85a68-f91b-4152-ba89-04cc706d2efb,PlanExe
d19467d5-3a78-4a4e-a9de-895f87fb82a4,Manage Logistics and Delivery,"Manage Logistics and Delivery

Description:
Objective: Coordinate the shipment and delivery of equipment to the research site in Uruguay.
Scope: Handle customs clearance, transportation, and installation.
Steps: 1. Coordinate shipping arrangements. 2. Manage customs clearance. 3. Oversee transportation to the research site. 4. Supervise equipment installation. 5. Conduct final inspection.
Deliverables: Equipment delivered and installed at the research site.

Resources needed:
• Logistics Coordinator
• Customs Broker
• Installation Technicians",4/22/2034,7/23/2034,0,34ea719c-00db-48bf-9c1a-d73eb4d8474e,PlanExe
68d3f99c-b35f-40dc-9d30-02e663b4de5e,Procure Neural Probes and Imaging Systems,,7/23/2034,11/20/2034,0,34ea719c-00db-48bf-9c1a-d73eb4d8474e,PlanExe
8a3d2358-32b6-4a03-8594-b2472e73fad8,Define Probe and Imaging System Specifications,"Define Probe and Imaging System Specifications

Description:
Clearly define the technical specifications required for the neural probes and imaging systems, including resolution, speed, sensitivity, and compatibility with existing infrastructure. This involves consulting with neuroscientists, engineers, and data scientists to determine the optimal parameters for data acquisition and analysis.

Resources needed:
• Neuroscientists
• Nanotechnology Engineers
• Imaging Specialists
• Data Scientists",7/23/2034,8/22/2034,0,68d3f99c-b35f-40dc-9d30-02e663b4de5e,PlanExe
952ddb6c-a1b9-4b43-9fb2-2fe954c977d6,Identify Potential Vendors and Evaluate Options,"Identify Potential Vendors and Evaluate Options

Description:
Identify potential vendors for neural probes and imaging systems, both domestically and internationally. Evaluate their capabilities, product offerings, pricing, and track record. This involves conducting market research, attending industry conferences, and requesting proposals from vendors.

Resources needed:
• Project Manager
• Procurement Specialist
• Nanotechnology Engineers
• Imaging Specialists",8/22/2034,9/21/2034,0,8a3d2358-32b6-4a03-8594-b2472e73fad8,PlanExe
3ef8f097-1209-4a42-9b7f-f7334de71d2c,Negotiate Contracts and Secure Purchase Agreements,"Negotiate Contracts and Secure Purchase Agreements

Description:
Negotiate contracts with selected vendors, ensuring favorable terms and conditions, including pricing, delivery schedules, warranty provisions, and intellectual property rights. Secure purchase agreements and obtain necessary approvals from legal and financial departments.

Resources needed:
• Project Manager
• Procurement Specialist
• Legal Counsel
• CFO",9/21/2034,10/21/2034,0,952ddb6c-a1b9-4b43-9fb2-2fe954c977d6,PlanExe
8b629ec6-1998-42d6-bcde-d157836f7736,Coordinate Delivery and Installation of Equipment,"Coordinate Delivery and Installation of Equipment

Description:
Coordinate the delivery and installation of neural probes and imaging systems at the research campus in Uruguay. This involves working with vendors, logistics providers, and on-site personnel to ensure timely and efficient delivery, proper installation, and thorough testing of the equipment.

Resources needed:
• Project Manager
• Logistics Coordinator
• Nanotechnology Engineers
• Imaging Specialists
• Technical Support Staff",10/21/2034,11/20/2034,0,68d3f99c-b35f-40dc-9d30-02e663b4de5e,PlanExe
cd825881-4fec-4845-8156-a4a90caf580c,Develop Data Digitization and Storage Pipelines,,11/20/2034,2/20/2035,0,68d3f99c-b35f-40dc-9d30-02e663b4de5e,PlanExe
cbd3ac63-3df4-414e-928d-728198373252,Define Data Digitization Requirements,"Define Data Digitization Requirements

Description:
Objective: Clearly define the requirements for data digitization, including data formats, resolution, and accuracy.
Scope: This includes identifying the specific data elements to be digitized, the required level of detail, and the acceptable error rates.
Steps: 1. Consult with neuroscientists and data scientists to determine data requirements. 2. Research existing data digitization standards and best practices. 3. Document the data digitization requirements in a formal specification.
Deliverables: A detailed data digitization requirements document.

Resources needed:
• Neuroscientists
• Data Scientists
• Data Architects",11/20/2034,12/13/2034,0,cd825881-4fec-4845-8156-a4a90caf580c,PlanExe
b21ae99b-4b67-4e84-9511-c6b855b45afa,Select Data Storage Technology,"Select Data Storage Technology

Description:
Objective: Select the appropriate data storage technology for the digitized neural data.
Scope: This includes evaluating different storage options, such as cloud storage, on-premise storage, and hybrid storage, based on cost, scalability, security, and performance.
Steps: 1. Research different data storage technologies. 2. Evaluate the pros and cons of each option. 3. Select the most appropriate storage technology based on the project's requirements.
Deliverables: A report outlining the selected data storage technology and the rationale for its selection.

Resources needed:
• Data Architects
• IT Specialists
• CFO",12/13/2034,1/5/2035,0,cbd3ac63-3df4-414e-928d-728198373252,PlanExe
b1c88720-a25e-4c10-89c6-39f6164a19e5,Develop Data Processing Pipeline,"Develop Data Processing Pipeline

Description:
Objective: Develop a data processing pipeline for transforming the raw digitized data into a usable format.
Scope: This includes designing the data flow, implementing data cleaning and transformation algorithms, and ensuring data quality.
Steps: 1. Design the data processing pipeline architecture. 2. Implement the data cleaning and transformation algorithms. 3. Test the pipeline to ensure data quality.
Deliverables: A fully functional data processing pipeline.

Resources needed:
• Data Engineers
• Software Developers
• Data Scientists",1/5/2035,1/28/2035,0,b21ae99b-4b67-4e84-9511-c6b855b45afa,PlanExe
08fa9f6f-7862-4edc-a8c8-17896b5e27ab,Implement Data Backup and Recovery,"Implement Data Backup and Recovery

Description:
Objective: Implement a data backup and recovery system to protect against data loss.
Scope: This includes defining backup frequency, selecting backup media, and testing the recovery process.
Steps: 1. Define the backup frequency and retention policy. 2. Select the appropriate backup media. 3. Implement the backup and recovery system. 4. Test the recovery process to ensure data integrity.
Deliverables: A fully functional data backup and recovery system.

Resources needed:
• IT Specialists
• Data Security Architect",1/28/2035,2/20/2035,0,cd825881-4fec-4845-8156-a4a90caf580c,PlanExe
5f446b20-5d09-41d4-a451-0ad4cb6a6137,Implement Data Fidelity Assurance Procedures,,2/20/2035,4/21/2035,0,cd825881-4fec-4845-8156-a4a90caf580c,PlanExe
3aefe197-f7c9-4c67-96db-4b6943877196,Define Data Validation Metrics,"Define Data Validation Metrics

Description:
Establish clear, measurable metrics for assessing data fidelity, including acceptable error rates, completeness thresholds, and consistency checks. This involves identifying key data elements, defining acceptable ranges, and determining appropriate statistical methods for evaluation.

Resources needed:
• Data Quality Control Specialist
• Data Scientists
• Neuroscientists",2/20/2035,3/7/2035,0,5f446b20-5d09-41d4-a451-0ad4cb6a6137,PlanExe
628d3ec4-cd27-4c31-b5fc-c4b201de6e28,Implement Data Validation Software,"Implement Data Validation Software

Description:
Develop or procure software tools to automate data validation processes, including data profiling, anomaly detection, and consistency checks. This involves selecting appropriate software packages, configuring validation rules, and integrating the software with existing data processing pipelines.

Resources needed:
• Data Security Architect
• Data Scientists
• Software Developers",3/7/2035,3/22/2035,0,3aefe197-f7c9-4c67-96db-4b6943877196,PlanExe
48cac5a5-e694-41e7-bccb-1fbcaff431a1,Conduct Regular Data Audits,"Conduct Regular Data Audits

Description:
Perform periodic audits of data quality to identify and correct errors, inconsistencies, and biases. This involves reviewing data validation reports, investigating anomalies, and implementing corrective actions to improve data fidelity.

Resources needed:
• Data Quality Control Specialist
• Data Scientists
• Auditors",3/22/2035,4/6/2035,0,628d3ec4-cd27-4c31-b5fc-c4b201de6e28,PlanExe
52dd1685-8a1b-498f-99b3-288f778e313e,Document Validation Procedures,"Document Validation Procedures

Description:
Create comprehensive documentation of data validation procedures, including data quality metrics, validation rules, software configurations, and audit results. This ensures consistency and transparency in data validation efforts and facilitates knowledge sharing among team members.

Resources needed:
• Data Quality Control Specialist
• Technical Writers",4/6/2035,4/21/2035,0,5f446b20-5d09-41d4-a451-0ad4cb6a6137,PlanExe
53c2d328-84b9-455c-8377-8dc4fc4dc10d,Implement Data Security Protocols,,4/21/2035,6/20/2035,0,5f446b20-5d09-41d4-a451-0ad4cb6a6137,PlanExe
67b655e3-488f-4c10-8e01-c9f3086f434e,Define Data Security Requirements,"Define Data Security Requirements

Description:
Clearly define the data security requirements based on regulatory compliance, ethical considerations, and project-specific needs. This includes identifying sensitive data types, access control policies, and encryption standards.

Resources needed:
• Data Security Architect
• Chief Ethicist
• Legal Counsel",4/21/2035,5/3/2035,0,53c2d328-84b9-455c-8377-8dc4fc4dc10d,PlanExe
749c17a8-0a16-4962-87fb-d1fbd6335eba,Select Security Technologies and Tools,"Select Security Technologies and Tools

Description:
Evaluate and select appropriate security technologies and tools to meet the defined security requirements. This includes considering encryption software, access control systems, intrusion detection systems, and data loss prevention tools.

Resources needed:
• Data Security Architect
• IT Security Specialist
• Procurement Team",5/3/2035,5/15/2035,0,67b655e3-488f-4c10-8e01-c9f3086f434e,PlanExe
9574f306-bee4-450f-8982-1138a9178376,Implement Security Protocols,"Implement Security Protocols

Description:
Implement the selected security protocols across all data acquisition, processing, and storage systems. This includes configuring access controls, enabling encryption, deploying intrusion detection systems, and implementing data loss prevention measures.

Resources needed:
• IT Security Specialist
• Data Engineers
• System Administrators",5/15/2035,5/27/2035,0,749c17a8-0a16-4962-87fb-d1fbd6335eba,PlanExe
ba5bf352-a473-49d9-ad25-a8da40931017,Test and Validate Security Measures,"Test and Validate Security Measures

Description:
Thoroughly test and validate the implemented security measures to ensure their effectiveness. This includes conducting penetration testing, vulnerability assessments, and security audits.

Resources needed:
• IT Security Specialist
• External Security Auditors
• Data Security Architect",5/27/2035,6/8/2035,0,9574f306-bee4-450f-8982-1138a9178376,PlanExe
b84b9d64-96fe-472d-8a25-f1e61d5a6604,Monitor and Maintain Security Systems,"Monitor and Maintain Security Systems

Description:
Continuously monitor and maintain the security systems to detect and respond to potential threats. This includes reviewing security logs, updating security software, and responding to security incidents.

Resources needed:
• IT Security Specialist
• Security Operations Center (SOC)
• System Administrators",6/8/2035,6/20/2035,0,53c2d328-84b9-455c-8377-8dc4fc4dc10d,PlanExe
b8c54075-30af-48fd-8090-7d7de7b32c49,Collect Neural Connectome Data,,6/20/2035,6/19/2037,0,4c22a782-1e23-44b3-8cf1-9f2e1aa69d9d,PlanExe
e4fefb04-651b-42ed-98bd-78c624742db6,Recruit brain donation program participants,"Recruit brain donation program participants

Description:
Objective: Recruit terminally ill volunteers for brain donation.
Scope: Develop recruitment materials, conduct outreach, obtain informed consent.
Steps: Partner with hospitals, create brochures, host information sessions, conduct interviews, secure legal consent.
Deliverables: Signed consent forms from at least 100 potential donors.

Resources needed:
• Project Manager
• Ethicist
• Recruitment Coordinator
• Legal Counsel",6/20/2035,11/13/2035,0,b8c54075-30af-48fd-8090-7d7de7b32c49,PlanExe
bd2862ab-676e-486a-97fb-51cc098ad41b,Coordinate brain harvesting logistics,"Coordinate brain harvesting logistics

Description:
Objective: Establish efficient and ethical brain harvesting procedures.
Scope: Develop protocols, train surgical teams, secure transportation, ensure preservation.
Steps: Create SOPs, train surgeons, coordinate with hospitals, arrange transport, procure cryopreservation equipment.
Deliverables: Documented protocols, trained surgical teams, secure transport arrangements.

Resources needed:
• Project Manager
• Surgical Teams
• Logistics Coordinator
• Cryopreservation Specialist",11/13/2035,4/7/2036,0,e4fefb04-651b-42ed-98bd-78c624742db6,PlanExe
ffb83df0-c9e3-4f9d-ac09-7aa48e5c3372,Perform brain tissue preparation,"Perform brain tissue preparation

Description:
Objective: Prepare brain tissue for nanoscale imaging.
Scope: Sectioning, staining, embedding, quality control.
Steps: Section brain, apply molecular tags, embed in resin, perform quality checks.
Deliverables: Prepared tissue blocks ready for imaging.

Resources needed:
• Histologists
• Lab Technicians
• Molecular Tagging Specialists
• Microscopy Specialist",4/7/2036,8/31/2036,0,bd2862ab-676e-486a-97fb-51cc098ad41b,PlanExe
95aea08b-4f82-4f09-a1f8-ce95ce48c579,Operate nanoscale neural probes,"Operate nanoscale neural probes

Description:
Objective: Acquire high-resolution neural data using nanoscale probes.
Scope: Probe insertion, data acquisition, probe maintenance.
Steps: Insert probes, collect data, monitor probe performance, perform maintenance.
Deliverables: Raw neural data from nanoscale probes.

Resources needed:
• Nanotechnology Engineers
• Imaging Specialists
• Data Acquisition Technicians
• Robotics Technician",8/31/2036,1/24/2037,0,ffb83df0-c9e3-4f9d-ac09-7aa48e5c3372,PlanExe
5505f66e-889a-4f87-889f-bca6be9881ee,Manage mobile brain stabilization units,"Manage mobile brain stabilization units

Description:
Objective: Ensure brain tissue integrity during transport.
Scope: Unit maintenance, power supply, environmental control, security.
Steps: Maintain units, monitor power, control temperature, ensure security.
Deliverables: Functioning mobile brain stabilization units.

Resources needed:
• Logistics Coordinator
• Electrical Engineer
• Security Personnel
• Transportation Specialist",1/24/2037,6/19/2037,0,b8c54075-30af-48fd-8090-7d7de7b32c49,PlanExe
2ec82e33-5cef-421b-9550-17dcf9431d2e,Data Analysis and Validation,,6/19/2037,7/16/2038,0,4c22a782-1e23-44b3-8cf1-9f2e1aa69d9d,PlanExe
b5d17e40-5dc1-4b18-9b98-849087cc8ed8,Analyze Neural Connectome Data,,6/19/2037,10/17/2037,0,2ec82e33-5cef-421b-9550-17dcf9431d2e,PlanExe
ffffe869-5f8f-4ff1-ba44-810a62a4c9e2,Preprocess neural connectome data,"Preprocess neural connectome data

Description:
Objective: Prepare raw neural connectome data for analysis.
Scope: Includes noise reduction, data cleaning, and format standardization.
Steps: 1. Implement noise filtering algorithms. 2. Correct for imaging artifacts. 3. Convert data to a standardized format (e.g., HDF5). 4. Verify data integrity after preprocessing.
Resources: Data scientists, neuroinformaticians, high-performance computing resources.

Resources needed:
• Data scientists
• Neuroinformaticians
• High-performance computing resources",6/19/2037,7/19/2037,0,b5d17e40-5dc1-4b18-9b98-849087cc8ed8,PlanExe
5990cfdf-7c77-4543-894b-b9bcd571c025,Identify neuronal connections and pathways,"Identify neuronal connections and pathways

Description:
Objective: Map neuronal connections and pathways within the connectome.
Scope: Includes identifying synapses, tracing axons, and reconstructing neuronal circuits.
Steps: 1. Implement synapse detection algorithms. 2. Trace axonal pathways using image processing techniques. 3. Reconstruct neuronal circuits based on connectivity data. 4. Validate circuit reconstructions against known anatomical data.
Resources: Neuroscientists, image processing specialists, computational biologists.

Resources needed:
• Neuroscientists
• Image processing specialists
• Computational biologists",7/19/2037,8/18/2037,0,ffffe869-5f8f-4ff1-ba44-810a62a4c9e2,PlanExe
b27c15a1-7adb-4e1d-ae6c-bcda8354a8b8,Quantify synaptic strengths and dynamics,"Quantify synaptic strengths and dynamics

Description:
Objective: Measure synaptic strengths and dynamic firing patterns.
Scope: Includes quantifying synaptic weights, analyzing dendritic spine morphology, and modeling neuronal activity.
Steps: 1. Quantify synaptic weights based on electron microscopy data. 2. Analyze dendritic spine morphology using image analysis techniques. 3. Model neuronal activity using computational models. 4. Validate model predictions against experimental data.
Resources: Biophysicists, computational neuroscientists, data analysts.

Resources needed:
• Biophysicists
• Computational neuroscientists
• Data analysts",8/18/2037,9/17/2037,0,5990cfdf-7c77-4543-894b-b9bcd571c025,PlanExe
f5f570a2-2aab-4614-85fb-1da294b8804d,Integrate multi-modal data sources,"Integrate multi-modal data sources

Description:
Objective: Combine data from different imaging modalities (e.g., electron microscopy, light microscopy).
Scope: Includes aligning data, resolving inconsistencies, and creating a unified connectome dataset.
Steps: 1. Align data from different imaging modalities using registration algorithms. 2. Resolve inconsistencies between data sources using statistical methods. 3. Create a unified connectome dataset with integrated data. 4. Validate data integration against known anatomical and physiological data.
Resources: Data integration specialists, database administrators, neuroscientists.

Resources needed:
• Data integration specialists
• Database administrators
• Neuroscientists",9/17/2037,10/17/2037,0,b5d17e40-5dc1-4b18-9b98-849087cc8ed8,PlanExe
ecef39cc-f68e-4dca-b138-88024884f2ac,Implement Error Correction Algorithms,,10/17/2037,1/17/2038,0,b5d17e40-5dc1-4b18-9b98-849087cc8ed8,PlanExe
1ca5cdff-23bb-41aa-8c40-c7905040343e,Research error correction algorithms,"Research error correction algorithms

Description:
Objective: Identify suitable error correction algorithms for neural connectome data.
Scope: Literature review, algorithm comparison, performance analysis.
Steps: Search for relevant publications, evaluate algorithm complexity, assess computational requirements.
Deliverables: List of potential algorithms with performance metrics.

Resources needed:
• Data scientists
• Neuroinformaticians
• Computational resources",10/17/2037,11/9/2037,0,ecef39cc-f68e-4dca-b138-88024884f2ac,PlanExe
b32325c4-58d2-43b3-8250-d6beeac73dd0,Implement selected algorithms,"Implement selected algorithms

Description:
Objective: Implement the chosen error correction algorithms in a suitable programming environment.
Scope: Code development, testing, integration with data processing pipeline.
Steps: Write code for each algorithm, test on sample datasets, integrate into existing pipeline.
Deliverables: Functional code for error correction algorithms.

Resources needed:
• Software engineers
• Data scientists
• Testing environment",11/9/2037,12/2/2037,0,1ca5cdff-23bb-41aa-8c40-c7905040343e,PlanExe
4917a60f-2a04-4423-bfbd-9cb5e44778d9,Test algorithm performance,"Test algorithm performance

Description:
Objective: Evaluate the performance of the implemented algorithms on real neural connectome data.
Scope: Accuracy assessment, error rate analysis, computational efficiency.
Steps: Run algorithms on test datasets, measure error correction rate, analyze computational time.
Deliverables: Performance report with accuracy metrics and computational costs.

Resources needed:
• Data scientists
• Neuroinformaticians
• Computational resources
• Test datasets",12/2/2037,12/25/2037,0,b32325c4-58d2-43b3-8250-d6beeac73dd0,PlanExe
0a83275b-c635-4b90-9060-362780569a38,Optimize algorithm parameters,"Optimize algorithm parameters

Description:
Objective: Fine-tune algorithm parameters to maximize performance and minimize errors.
Scope: Parameter optimization, sensitivity analysis, performance tuning.
Steps: Adjust algorithm parameters, measure performance changes, identify optimal settings.
Deliverables: Optimized algorithm parameters for each error correction method.

Resources needed:
• Data scientists
• Machine learning specialists
• Computational resources",12/25/2037,1/17/2038,0,ecef39cc-f68e-4dca-b138-88024884f2ac,PlanExe
8cecc092-e40b-4660-b2d4-8c49c63ecf25,Validate Data Accuracy and Completeness,,1/17/2038,3/18/2038,0,ecef39cc-f68e-4dca-b138-88024884f2ac,PlanExe
f9bf82d2-91a6-4b89-9eb4-79d670b20d31,Define Data Accuracy Metrics,"Define Data Accuracy Metrics

Description:
Establish clear, measurable metrics for assessing the accuracy of the neural connectome data. This includes defining acceptable error rates for different data types (e.g., synaptic connections, neuronal locations) and establishing thresholds for data completeness.

Resources needed:
• Data Scientists
• Neuroscientists
• Data Quality Control Specialist",1/17/2038,2/1/2038,0,8cecc092-e40b-4660-b2d4-8c49c63ecf25,PlanExe
9b917916-2c73-47d1-883c-a985a1310a90,Develop Validation Tooling,"Develop Validation Tooling

Description:
Create software tools and scripts to automate the validation process. This includes tools for checking data consistency, identifying outliers, and comparing data against known biological constraints. The tooling should be scalable to handle large datasets and provide clear reports on data quality.

Resources needed:
• Software Engineers
• Data Scientists
• Neuroinformaticians",2/1/2038,2/16/2038,0,f9bf82d2-91a6-4b89-9eb4-79d670b20d31,PlanExe
989a168e-b3f5-41cd-ac1b-94d054f21020,Perform Data Cross-Validation,"Perform Data Cross-Validation

Description:
Compare the neural connectome data against independent datasets or established biological knowledge. This includes comparing data from different imaging modalities, validating neuronal connections against known anatomical pathways, and cross-referencing data with existing brain atlases.

Resources needed:
• Neuroscientists
• Data Scientists
• Imaging Specialists",2/16/2038,3/3/2038,0,9b917916-2c73-47d1-883c-a985a1310a90,PlanExe
932cbfd8-f4fa-4942-96c0-1b7fd64e7ef7,Document Validation Results,"Document Validation Results

Description:
Create detailed reports documenting the validation process, including the metrics used, the tools employed, and the results obtained. The reports should clearly identify any data quality issues and provide recommendations for corrective actions. All validation steps and results should be auditable.

Resources needed:
• Data Quality Control Specialist
• Data Scientists
• Technical Writers",3/3/2038,3/18/2038,0,8cecc092-e40b-4660-b2d4-8c49c63ecf25,PlanExe
ba6ef7aa-3086-428c-be05-b1a3c7c4067e,Create Error-Checked Human Neural Datasets,,3/18/2038,7/16/2038,0,2ec82e33-5cef-421b-9550-17dcf9431d2e,PlanExe
ff96e86e-bd4d-4357-8d87-849cbd04bd76,Refine Error Correction Algorithms,"Refine Error Correction Algorithms

Description:
Optimize algorithms for specific error types. Improve accuracy and efficiency of error correction.

Resources needed:
• Data Scientists
• Neuroinformaticians
• Computational Resources",3/18/2038,4/17/2038,0,ba6ef7aa-3086-428c-be05-b1a3c7c4067e,PlanExe
5f3347ed-7e33-4613-9370-8235cd35cb57,Implement Data Validation Procedures,"Implement Data Validation Procedures

Description:
Establish protocols for validating corrected data. Verify accuracy and consistency of neural datasets.

Resources needed:
• Data Quality Control Specialists
• Data Scientists
• Neuroscientists",4/17/2038,5/17/2038,0,ff96e86e-bd4d-4357-8d87-849cbd04bd76,PlanExe
71bbd989-4d72-49cb-b569-7007d67ec409,Integrate Corrected Data into Datasets,"Integrate Corrected Data into Datasets

Description:
Incorporate validated data into final datasets. Ensure seamless integration and data integrity.

Resources needed:
• Data Engineers
• Data Scientists
• Database Administrators",5/17/2038,6/16/2038,0,5f3347ed-7e33-4613-9370-8235cd35cb57,PlanExe
666b02f2-d23b-4b74-9f9b-35bd5c0fcecb,Document Data Correction Processes,"Document Data Correction Processes

Description:
Create detailed documentation of error correction methods. Ensure reproducibility and transparency.

Resources needed:
• Data Scientists
• Technical Writers
• Project Manager",6/16/2038,7/16/2038,0,ba6ef7aa-3086-428c-be05-b1a3c7c4067e,PlanExe
225615cd-bac1-4eaf-a58a-602d4de3fd08,Risk Management and Contingency Planning,,7/16/2038,3/17/2039,0,2ec82e33-5cef-421b-9550-17dcf9431d2e,PlanExe
d7cd430d-25f1-4ca7-b173-aa56396e31e7,Identify Potential Risks,,7/16/2038,8/17/2038,0,225615cd-bac1-4eaf-a58a-602d4de3fd08,PlanExe
49054635-76d2-4ee4-8dd0-515bfadb709e,Brainstorm potential project risks,"Brainstorm potential project risks

Description:
Objective: Identify all possible risks that could impact the project.
Scope: Consider technical, ethical, financial, regulatory, and logistical risks.
Steps: Conduct brainstorming sessions with project team members, review historical data from similar projects, and consult with external experts.
Deliverables: A comprehensive list of potential project risks.

Resources needed:
• Project Manager
• Risk Management Specialist
• Subject Matter Experts",7/16/2038,7/24/2038,0,d7cd430d-25f1-4ca7-b173-aa56396e31e7,PlanExe
3260276d-c53a-45d1-9f15-fe92abe1a685,Categorize and prioritize identified risks,"Categorize and prioritize identified risks

Description:
Objective: Classify risks based on their likelihood and impact.
Scope: Assess the probability of each risk occurring and the potential consequences if it does.
Steps: Use a risk assessment matrix to categorize risks, assign priority levels based on severity, and document the rationale for each assessment.
Deliverables: A prioritized risk register with risk categories, likelihood scores, impact scores, and overall risk ratings.

Resources needed:
• Risk Management Specialist
• Project Manager
• Subject Matter Experts",7/24/2038,8/1/2038,0,49054635-76d2-4ee4-8dd0-515bfadb709e,PlanExe
fdfe0c51-10bc-4549-ae45-c9ba7fa05908,Research external risk factors,"Research external risk factors

Description:
Objective: Identify potential risks from external sources.
Scope: Analyze political, economic, social, technological, legal, and environmental factors.
Steps: Conduct research on the political and economic climate in Uruguay, analyze potential regulatory changes, and assess the impact of technological advancements.
Deliverables: A report on external risk factors and their potential impact on the project.

Resources needed:
• Research Analyst
• Legal Counsel
• Economist",8/1/2038,8/9/2038,0,3260276d-c53a-45d1-9f15-fe92abe1a685,PlanExe
43186933-e696-4a16-90de-a7817d38d1bd,Document risk identification process,"Document risk identification process

Description:
Objective: Create a record of the risk identification process.
Scope: Document the methods used, the data sources consulted, and the assumptions made.
Steps: Compile all risk identification documentation, including brainstorming notes, risk assessment matrices, and external risk factor reports.
Deliverables: A comprehensive risk identification report.

Resources needed:
• Project Manager
• Risk Management Specialist
• Document Control Specialist",8/9/2038,8/17/2038,0,d7cd430d-25f1-4ca7-b173-aa56396e31e7,PlanExe
ba190099-a060-457e-b76c-fdf437741546,Develop Mitigation Plans,,8/17/2038,9/18/2038,0,d7cd430d-25f1-4ca7-b173-aa56396e31e7,PlanExe
388498a2-9293-4278-a8d3-2bf24be47c8b,Identify Risk Owners and Responsibilities,"Identify Risk Owners and Responsibilities

Description:
Assign specific individuals or teams to be responsible for monitoring and mitigating each identified risk. Define clear roles and responsibilities for risk management activities.

Resources needed:
• Project Manager
• Risk Management Team
• Department Heads",8/17/2038,8/25/2038,0,ba190099-a060-457e-b76c-fdf437741546,PlanExe
8ea3be81-f5f6-4fe3-b854-319218f563fe,Develop Detailed Mitigation Strategies,"Develop Detailed Mitigation Strategies

Description:
For each identified risk, develop a detailed plan outlining the specific actions to be taken to reduce the likelihood or impact of the risk. Include timelines, resource requirements, and success metrics.

Resources needed:
• Risk Management Team
• Subject Matter Experts
• Project Budget",8/25/2038,9/2/2038,0,388498a2-9293-4278-a8d3-2bf24be47c8b,PlanExe
416b222c-79a3-4c6a-9b5c-12250d80ad4e,Document Mitigation Plans in Risk Register,"Document Mitigation Plans in Risk Register

Description:
Ensure all mitigation plans are clearly documented in the risk register, including the risk description, owner, mitigation strategy, timeline, resources, and success metrics. Regularly update the risk register as mitigation plans are implemented and monitored.

Resources needed:
• Risk Management Team
• Project Management Software
• Document Control System",9/2/2038,9/10/2038,0,8ea3be81-f5f6-4fe3-b854-319218f563fe,PlanExe
6200501e-d753-4f0f-8905-24b93cc419d2,Establish Contingency Fund for Unforeseen Risks,"Establish Contingency Fund for Unforeseen Risks

Description:
Allocate a contingency fund within the project budget to address unforeseen risks that may arise during the project lifecycle. Define clear guidelines for accessing and utilizing the contingency fund.

Resources needed:
• CFO
• Project Manager
• Finance Department",9/10/2038,9/18/2038,0,ba190099-a060-457e-b76c-fdf437741546,PlanExe
a4c20886-3625-49bf-90bf-a39066d8f2f5,Establish Backup Facilities,,9/18/2038,1/16/2039,0,ba190099-a060-457e-b76c-fdf437741546,PlanExe
6e518adf-9962-4f98-a964-f904e143f208,Identify potential backup facility locations,"Identify potential backup facility locations

Description:
Research and identify potential locations for backup facilities, considering factors such as geographic location, infrastructure availability, and security.

Resources needed:
• Project Manager
• Real Estate Consultant
• Security Expert",9/18/2038,10/18/2038,0,a4c20886-3625-49bf-90bf-a39066d8f2f5,PlanExe
dfc56e57-f211-4be6-9611-88bff888bc40,Negotiate preliminary agreements,"Negotiate preliminary agreements

Description:
Negotiate preliminary agreements with potential backup facility providers, outlining terms and conditions for facility usage and availability.

Resources needed:
• Project Manager
• Legal Counsel
• Contract Specialist",10/18/2038,11/17/2038,0,6e518adf-9962-4f98-a964-f904e143f208,PlanExe
2e2c2c6a-5422-4fdf-b62e-3764d5ec63df,Develop equipment and data transfer plan,"Develop equipment and data transfer plan

Description:
Create a detailed plan for transferring equipment and data to the backup facilities, including timelines, logistics, and security protocols.

Resources needed:
• IT Specialist
• Logistics Coordinator
• Data Security Architect",11/17/2038,12/17/2038,0,dfc56e57-f211-4be6-9611-88bff888bc40,PlanExe
37e0ba58-d374-4637-972c-4c413c73dbe2,Test backup systems,"Test backup systems

Description:
Regularly test the backup systems to ensure they are functioning correctly and that data can be successfully recovered in the event of a disaster.

Resources needed:
• IT Specialist
• Data Security Architect
• Quality Assurance Tester",12/17/2038,1/16/2039,0,a4c20886-3625-49bf-90bf-a39066d8f2f5,PlanExe
7f2c2c0c-1f1b-4777-8cc6-bccd8413f003,Develop Relocation Plan,,1/16/2039,3/17/2039,0,225615cd-bac1-4eaf-a58a-602d4de3fd08,PlanExe
0639b730-5ac5-4157-ae8f-79db06c45118,Identify potential relocation sites,"Identify potential relocation sites

Description:
Identify and evaluate potential relocation sites based on factors such as infrastructure, accessibility, and political stability. This includes researching available properties, assessing their suitability for research activities, and conducting preliminary site visits.

Resources needed:
• Project Manager
• Real Estate Consultant
• Security Expert",1/16/2039,1/31/2039,0,7f2c2c0c-1f1b-4777-8cc6-bccd8413f003,PlanExe
79826569-039d-4d25-a7fb-35a461b3627a,Negotiate agreements for relocation site,"Negotiate agreements for relocation site

Description:
Negotiate lease or purchase agreements for the selected relocation site. This includes reviewing legal documents, negotiating terms and conditions, and securing necessary approvals from relevant authorities.

Resources needed:
• Legal Counsel
• Project Manager
• Negotiation Specialist",1/31/2039,2/15/2039,0,0639b730-5ac5-4157-ae8f-79db06c45118,PlanExe
effdb72b-764a-4e88-b054-fba706cafe7f,Develop phased relocation plan,"Develop phased relocation plan

Description:
Develop a detailed phased relocation plan that outlines the steps involved in moving equipment, personnel, and data to the new location. This includes prioritizing critical assets, establishing timelines, and coordinating logistics.

Resources needed:
• Project Manager
• Logistics Coordinator
• Department Heads",2/15/2039,3/2/2039,0,79826569-039d-4d25-a7fb-35a461b3627a,PlanExe
6bb68d3d-9723-4a7b-9b5c-9b1cee323a46,Secure permits for relocation,"Secure permits for relocation

Description:
Obtain all necessary permits and approvals for relocating research activities to the new site. This includes preparing permit applications, submitting required documentation, and coordinating with regulatory agencies.

Resources needed:
• Legal Counsel
• Regulatory Affairs Specialist
• Project Manager",3/2/2039,3/17/2039,0,7f2c2c0c-1f1b-4777-8cc6-bccd8413f003,PlanExe
c5506a51-5366-4769-adca-ef580522967c,Public Perception Management,,3/17/2039,11/8/2039,0,c1c8364e-3798-477b-b3b1-03b6879d3a56,PlanExe
5a42d8e1-82fa-493a-bb63-76e1a742bd55,Develop Communication Strategy,,3/17/2039,3/27/2039,0,c5506a51-5366-4769-adca-ef580522967c,PlanExe
eead6f7d-857c-47f1-96ee-6066362d4e77,Define target audiences and key messages,"Define target audiences and key messages

Description:
Identify specific demographics and tailor messaging to resonate with each group. Craft key messages that highlight the project's benefits and address potential concerns.

Resources needed:
• Communication Specialist
• Ethicist
• Project Manager",3/17/2039,3/19/2039,0,5a42d8e1-82fa-493a-bb63-76e1a742bd55,PlanExe
e264b48d-ed47-4e3d-ad29-8c8def698203,Select communication channels and platforms,"Select communication channels and platforms

Description:
Determine the most effective channels (e.g., social media, press releases, community events) to reach target audiences. Choose appropriate platforms for disseminating information.

Resources needed:
• Communication Specialist
• Marketing Analyst",3/19/2039,3/21/2039,0,eead6f7d-857c-47f1-96ee-6066362d4e77,PlanExe
1825b463-cad1-49ab-a654-12d7519df2c3,Develop a crisis communication plan,"Develop a crisis communication plan

Description:
Prepare a plan to address potential negative publicity or ethical concerns that may arise. Outline procedures for responding to media inquiries and managing public perception during a crisis.

Resources needed:
• Communication Specialist
• Legal Counsel
• Ethicist
• Project Manager",3/21/2039,3/23/2039,0,e264b48d-ed47-4e3d-ad29-8c8def698203,PlanExe
0fc856f2-ffa0-4426-a523-0075918d9dd8,Establish media partnerships and relationships,"Establish media partnerships and relationships

Description:
Identify and cultivate relationships with key media outlets and journalists. Secure partnerships to ensure accurate and positive coverage of the project.

Resources needed:
• Communication Specialist
• Public Relations Manager",3/23/2039,3/25/2039,0,1825b463-cad1-49ab-a654-12d7519df2c3,PlanExe
0cc9178c-64b6-420f-b460-aa8a9fb056a0,Create communication materials and content,"Create communication materials and content

Description:
Develop engaging and informative materials, such as press releases, website content, social media posts, and presentations. Ensure all content is accurate, accessible, and aligned with the project's ethical guidelines.

Resources needed:
• Communication Specialist
• Graphic Designer
• Content Writer",3/25/2039,3/27/2039,0,5a42d8e1-82fa-493a-bb63-76e1a742bd55,PlanExe
59799202-03b4-4409-b816-4a922d7eca8c,Proactively Communicate Project Goals,,3/27/2039,4/12/2039,0,5a42d8e1-82fa-493a-bb63-76e1a742bd55,PlanExe
a9ebd2c9-9b4a-4d77-82d2-5efafabb980d,Craft key messages about project goals,"Craft key messages about project goals

Description:
Develop clear, concise, and easily understandable messages that articulate the project's objectives, benefits, and ethical considerations for various audiences.

Resources needed:
• Communication specialist
• Ethicist
• Neuroscientist",3/27/2039,3/31/2039,0,59799202-03b4-4409-b816-4a922d7eca8c,PlanExe
251f67ea-5af5-4bcd-ac82-1428861109f1,Distribute information via multiple channels,"Distribute information via multiple channels

Description:
Utilize a variety of communication channels, including press releases, social media, website updates, and public presentations, to disseminate key messages and project updates.

Resources needed:
• Communication specialist
• Web developer
• Social media manager",3/31/2039,4/4/2039,0,a9ebd2c9-9b4a-4d77-82d2-5efafabb980d,PlanExe
4733f95f-012a-431f-925d-818d243d942a,Engage with media and respond to inquiries,"Engage with media and respond to inquiries

Description:
Proactively engage with media outlets to share project information and address any questions or concerns. Develop a system for responding to public inquiries in a timely and informative manner.

Resources needed:
• Media relations specialist
• Communication specialist",4/4/2039,4/8/2039,0,251f67ea-5af5-4bcd-ac82-1428861109f1,PlanExe
11828829-3944-4aab-b46d-14dd46a8d107,Create educational materials for public,"Create educational materials for public

Description:
Develop educational materials, such as infographics, videos, and FAQs, to explain complex scientific concepts and address common misconceptions about the project.

Resources needed:
• Science communicator
• Graphic designer
• Video editor",4/8/2039,4/12/2039,0,59799202-03b4-4409-b816-4a922d7eca8c,PlanExe
140524f6-0a06-408d-a13b-5a9ce02ad125,Establish Citizen Science Program,,4/12/2039,8/10/2039,0,59799202-03b4-4409-b816-4a922d7eca8c,PlanExe
39f87164-8342-46f5-92d6-0165525df243,Design Citizen Science Program Framework,"Design Citizen Science Program Framework

Description:
Define the program's goals, structure, data collection methods, and participant roles. Establish clear guidelines for data privacy and ethical considerations.

Resources needed:
• Project Manager
• Ethicist
• Data Scientist
• Communication Specialist",4/12/2039,5/6/2039,0,140524f6-0a06-408d-a13b-5a9ce02ad125,PlanExe
d3735601-20a3-49a1-9038-4ffdbe07d3a6,Develop Engaging Educational Materials,"Develop Engaging Educational Materials

Description:
Create accessible and informative materials (e.g., videos, infographics, interactive modules) to educate the public about connectomes and the project's goals. Translate materials into Spanish.

Resources needed:
• Science Communicator
• Graphic Designer
• Translator
• Web Developer",5/6/2039,5/30/2039,0,39f87164-8342-46f5-92d6-0165525df243,PlanExe
dad02643-70f0-4387-a0b5-b6cb72248fd8,Recruit and Onboard Citizen Scientists,"Recruit and Onboard Citizen Scientists

Description:
Implement a recruitment strategy targeting diverse demographics. Develop a streamlined onboarding process, including training on data collection protocols and ethical guidelines.

Resources needed:
• Community Outreach Coordinator
• Recruitment Specialist
• Training Facilitator
• Volunteer Manager",5/30/2039,6/23/2039,0,d3735601-20a3-49a1-9038-4ffdbe07d3a6,PlanExe
d87aa1b1-7bf9-44b7-af45-5fe716e252d8,Establish Data Security and Privacy Protocols,"Establish Data Security and Privacy Protocols

Description:
Implement robust data encryption and anonymization techniques. Develop clear privacy policies and obtain informed consent from participants. Ensure compliance with data protection regulations.

Resources needed:
• Data Security Architect
• Legal Counsel
• Privacy Officer
• IT Specialist",6/23/2039,7/17/2039,0,dad02643-70f0-4387-a0b5-b6cb72248fd8,PlanExe
719ed788-2a46-4dfb-9b91-a7c742ef1119,Manage and Support Citizen Scientists,"Manage and Support Citizen Scientists

Description:
Provide ongoing support and guidance to participants. Monitor data quality and address any issues or concerns. Recognize and reward contributions to maintain engagement.

Resources needed:
• Volunteer Manager
• Data Quality Analyst
• Community Moderator
• Project Manager",7/17/2039,8/10/2039,0,140524f6-0a06-408d-a13b-5a9ce02ad125,PlanExe
634769a7-0e6d-4e88-97c6-a67c4c6bb241,Address Public Concerns,,8/10/2039,11/8/2039,0,c5506a51-5366-4769-adca-ef580522967c,PlanExe
a87459c5-d880-467f-a119-38b44c57aeaf,Monitor public sentiment and media coverage,"Monitor public sentiment and media coverage

Description:
Continuously track public opinion and media reports related to the project to identify emerging concerns and potential misinformation.

Resources needed:
• Public relations team
• Media monitoring tools",8/10/2039,8/28/2039,0,634769a7-0e6d-4e88-97c6-a67c4c6bb241,PlanExe
19509fbd-bde9-4072-bff6-254603e3e680,Identify key concerns and ethical questions,"Identify key concerns and ethical questions

Description:
Analyze public feedback and ethical debates to pinpoint the most pressing concerns and questions surrounding the project.

Resources needed:
• Ethicists
• Community engagement specialists",8/28/2039,9/15/2039,0,a87459c5-d880-467f-a119-38b44c57aeaf,PlanExe
072658da-3ff3-46b3-8ca2-066922333255,Develop responses to address concerns,"Develop responses to address concerns

Description:
Craft clear, accurate, and empathetic responses to address identified concerns, ensuring transparency and building trust.

Resources needed:
• Communication specialists
• Scientists
• Ethicists",9/15/2039,10/3/2039,0,19509fbd-bde9-4072-bff6-254603e3e680,PlanExe
2167f7d2-04ce-4a45-b51c-bb71c65b12df,Engage with community leaders and stakeholders,"Engage with community leaders and stakeholders

Description:
Establish open communication channels with community leaders and relevant stakeholders to foster dialogue and address concerns proactively.

Resources needed:
• Community engagement specialists
• Project manager",10/3/2039,10/21/2039,0,072658da-3ff3-46b3-8ca2-066922333255,PlanExe
acf069b7-df2e-469a-ab03-cace9556b481,Disseminate information through various channels,"Disseminate information through various channels

Description:
Utilize diverse communication channels (e.g., website, social media, public forums) to disseminate accurate information and address public concerns effectively.

Resources needed:
• Communication specialists
• Web developers
• Social media managers",10/21/2039,11/8/2039,0,634769a7-0e6d-4e88-97c6-a67c4c6bb241,PlanExe
