Level 1;Level 2;Level 3;Level 4;Task ID
Roundabout Construction;;;;b4780d71-f310-4d32-908f-214743a2ce86
;Project Initiation & Planning;;;6643da26-5442-47f0-b28a-2094d4cb42df
;;Define Project Scope and Objectives;;56810bd0-21f7-49bb-92c6-c2c39a306027
;;;Identify Stakeholder Needs and Expectations;101d5724-8b71-4fe3-a4a5-25df3603f222
;;;Establish Project Goals and Objectives;5308096c-047f-4a54-b815-d626d63c1fbd
;;;Define Project Scope and Boundaries;671a2379-3285-4879-a63a-bdea0d2cacb5
;;;Document Project Requirements;03dc473a-2ef5-4c92-b853-1f892b80dd18
;;Conduct Initial Risk Assessment;;6654784a-2bc1-49fb-8673-95cb78f7064c
;;;Identify potential project risks;06ca0edf-1b8c-4235-9a55-a5ebe879829c
;;;Assess likelihood and impact of risks;779c9bdf-e5b5-4a86-9056-78c717bd53f5
;;;Prioritize risks for mitigation;002e6d2e-2cf5-436c-b611-2c4cb2c93131
;;;Document initial risk assessment findings;ebb5f951-eaa5-4505-9202-fb3a81554bbf
;;Develop Project Management Plan;;919b7d24-5566-4f1f-acf9-c670c5c3e3cc
;;;Define Project Governance Structure;5ef3200d-2b9d-4bd5-9865-27e6ad2d6251
;;;Develop Detailed Project Schedule;aa6e3b51-c391-43e5-9b30-828b9c46177f
;;;Establish Budget and Cost Control;0d9c6a37-a593-4f03-b9f4-46bbb1170edb
;;;Define Quality Management Plan;19cc3560-f23e-40e0-8ed2-f11e68f6acfe
;;;Create Resource Management Plan;332e3ddb-3a80-477c-ade0-fb42def4ad5a
;;Establish Communication Plan;;4a858d8f-e34c-4d81-88c3-78bf0347ee5f
;;;Identify Key Stakeholders;5834f577-6831-4ebb-9ad4-652713fb0cba
;;;Define Communication Objectives;8ed94470-8bbe-4a0b-a83c-98ecbd3101eb
;;;Select Communication Channels;f315bb18-f8bc-4f7a-8b3e-008950d104c7
;;;Establish Communication Protocols;3e5d0c83-d026-4f06-8f9a-275ee8463204
;;;Document Communication Plan;311ef883-f5f4-4529-aa43-34fe77884d97
;;Stakeholder Identification and Analysis;;571de9b2-2cd2-4b00-9b8e-6931521acea1
;;;Identify Internal Stakeholders;70e09789-8862-4390-9110-7a59d42682e5
;;;Identify External Stakeholders;48c0e761-a5e9-4238-a603-78209cfb99c4
;;;Analyze Stakeholder Interests and Influence;dab90f22-df6f-4f81-a698-543ecf4bde89
;;;Prioritize Stakeholder Engagement;d75463df-a440-47ad-8618-395306bf99db
;;;Document Stakeholder Information;2f806c28-aeaa-482b-a435-cc6ad078a20b
;Data Collection & Analysis;;;a92f3420-0e82-445e-8b82-821ecf552a84
;;Conduct Geotechnical Investigation;;1e11e14b-266d-47b0-a6c2-69698dd278f7
;;;Plan Geotechnical Investigation;0278512c-853a-4cad-9b06-98f03a07b619
;;;Conduct Site Soil Borings;050d106d-3b11-4a38-aa20-3f15e0ad24c6
;;;Perform Laboratory Testing;0dd67f2b-f962-45dc-b267-31de22a43fe8
;;;Analyze Data and Prepare Report;0b162fcb-b5c2-44cf-adb9-f21c6ea8fdf9
;;Assess Funding Availability and Feasibility;;95635687-affb-4046-8062-eda712ef3010
;;;Identify applicable government grant programs;71820dda-77ea-447e-9122-87473150b1fe
;;;Assess grant application success probability;5f56aa4e-9ba0-4ab5-9f37-f1f522ac6fa5
;;;Develop detailed financial model;11c137b2-e9a7-43d8-9d55-83d0d6bffe50
;;;Secure preliminary loan quotes;0ebda59c-83e8-43a0-b709-be9927e71bb0
;;;Create funding shortfall contingency plan;2ec3b4fb-aadd-487a-88a8-a1c10f7092f6
;;Determine Regulatory Compliance and Permitting Requirements;;8ccfb81f-668b-4bc2-a967-d3ac652ec470
;;;Identify applicable regulations and standards;1e630f71-e13b-433f-8550-bf36a0ce55ac
;;;List required permits and approvals;975bb95d-e38c-4691-a37d-64433b8de848
;;;Define permit application requirements;d4940000-2e31-449f-9081-c676b805703d
;;;Establish permitting schedule and timeline;7040fbcf-77df-4b5c-8363-67ce95476957
;;;Consult with regulatory compliance expert;265b41ac-9227-439b-8015-8b3ccf6d80be
;;Assess Community Engagement and Impact;;937671a9-8e35-4200-b077-c329af9af6e3
;;;Identify Key Community Stakeholders;249c9931-34be-4e8b-afa6-428445b42128
;;;Develop Community Engagement Plan;be0f3174-dabc-400a-9929-b78047a2fb6f
;;;Conduct Public Meetings and Gather Feedback;8527b29b-9ae2-41b0-892b-5189999bbf38
;;;Assess Community Impact and Address Concerns;57fd9346-f385-47bd-8e83-414ef835c21c
;;;Establish Ongoing Communication Channels;8110ba7f-a645-4852-88ba-c6cb9a4efeac
;;Perform Traffic Study and Needs Assessment;;e2dd049a-6dd4-413a-a44b-b031e6c31f16
;;;Gather existing traffic data and reports;55b23e70-6bd5-405e-a20a-db072f1c206b
;;;Conduct on-site traffic counts and surveys;ef4ef006-c726-46c0-b050-cbf8af23ec57
;;;Analyze traffic data and identify needs;874f41e2-bea4-49b0-8152-91465eeed434
;;;Simulate roundabout performance;04e39baf-c170-421b-83cd-b39852270fe9
;;;Prepare traffic study report;74c8665c-768e-4fe3-b24d-51f4fe8ce88d
;Strategic Decision Making;;;48703df0-606d-4944-8d64-d0f0caa400c2
;;Determine Long-Term Funding Strategy;;b59d82eb-7256-4ae0-90c1-d9459c23f84f
;;;Analyze current funding sources and gaps;3abdfd47-4fca-4a8c-8408-8cd4a98601ef
;;;Research alternative funding options;f68015e0-c0f3-4a34-bbfb-608839392cc6
;;;Develop financial projections and scenarios;1fbff0ca-7db9-4878-9c18-1510bd0e26cc
;;;Prepare funding proposals and applications;37b06dd2-f314-433c-8d9e-ee786265684b
;;;Negotiate terms with funding providers;da07f307-3aef-41bf-87e3-fef263926c6d
;;Define Material Adaptation Strategy;;5a7fdabc-7160-4473-985a-6d7d2b212ef6
;;;Research alternative construction materials;8cb68ba7-a858-4911-8cbb-26dbec556a96
;;;Assess performance of alternative materials;25b7757e-0ecd-4e8a-a606-31aaf4734b1b
;;;Evaluate cost implications of alternatives;8a2ec2d8-b031-4274-9729-3b9fd306376f
;;;Select optimal material adaptation strategy;c45d912d-314b-4074-b71f-9bf789770d3d
;;Establish Environmental Mitigation Strategy;;009f74eb-4915-4c3d-b5d9-7bb14986556e
;;;Identify Environmental Regulations and Standards;207133a6-1303-4a74-bd43-8215d578885c
;;;Conduct Environmental Impact Assessment (EIA);1492ee82-0d30-4aec-be3d-38605c288f95
;;;Develop Environmental Management Plan (EMP);88bad250-797a-4a3b-9166-439aa07c022a
;;;Obtain Environmental Permits and Approvals;3caaef73-0f65-4dc8-9a43-76418c5c7189
;;;Implement Mitigation Measures and Monitoring;1d49e9ae-2017-4279-abbd-e916a9f7d0e5
;;Develop Community Integration Strategy;;edcdc21e-6c5a-4069-9c02-35a287e92f9d
;;;Identify key community stakeholders;aaa94c4c-90e4-48c8-9c72-550f8b8e05a2
;;;Conduct community needs assessment;aa11bfe5-981a-4f43-89ac-4b52ac602d3c
;;;Develop community engagement plan;b5e1adbc-628a-4ed9-9179-f8148690cc28
;;;Implement community engagement activities;3a947754-d8bc-48da-bb94-899c902ab62e
;;;Evaluate community engagement effectiveness;85b8724d-5e0b-4181-a93a-d7ceeb880fc1
;;Define Future-Proofing Strategy;;47e5bb02-2520-4a88-a9b3-5da68c6f0979
;;;Identify Key Community Stakeholders;358f2538-6ffc-4b0b-ac42-f0b312b3c0e0
;;;Assess Community Needs and Concerns;e2485395-9671-4a36-abb0-88e3350be7cb
;;;Develop Community Engagement Strategies;1ced6f7d-50af-4c81-8f9e-b3dac30bcb31
;;;Implement Feedback Mechanisms;81f06583-e113-4bb3-a0f7-5b3d14c6a75a
;;;Evaluate Community Integration Effectiveness;10e6115b-8093-480c-830f-f611036a3f33
;;Establish Construction Phasing Strategy;;dca1e7c3-3dfb-4fe3-8dae-64ccfa76b083
;;;Identify key community stakeholders;b0d51517-dac5-4158-b48f-f51908c7c37d
;;;Develop engagement materials and channels;b888dda4-375e-42c5-a486-98854ddab527
;;;Conduct community meetings and workshops;3d71eba7-0198-4493-9e87-be4ed3d564a4
;;;Analyze feedback and adjust strategy;fff531ef-3366-4bf6-90f5-22ff65f23a97
;;;Establish feedback mechanisms for ongoing input;1d27205d-23fd-4ce4-89e2-4b3fe176efe4
;;Develop Traffic Management Strategy;;e006bfe5-922d-46e6-9be2-51806e4992ed
;;;Develop initial traffic management plan;7787cba1-d37f-4922-913a-ed8c2adb9b3f
;;;Coordinate with local authorities;95b15cd6-78c1-4f1d-82e5-8e82bf8eb938
;;;Design and install detour routes;6e3beeb4-ab7e-4b38-80ca-eacb87425775
;;;Implement traffic control measures;13e5c9d1-93e3-411f-9b42-ac56cef44aba
;;;Monitor and adjust traffic flow;877ffe1a-851d-4681-8360-25e52e55f66f
;;Establish Stakeholder Engagement Strategy;;8634a8cd-36fb-4546-b588-ca19136cc794
;;;Identify key stakeholders for the project;2eda3f8d-9a9c-47e3-8ea7-d607e25c6eff
;;;Develop a stakeholder communication plan;0ea12403-3761-46d3-bbb7-d6f2ed089a27
;;;Conduct initial stakeholder meetings;dab57d29-8f05-4edd-8b52-4e6cd8845eda
;;;Establish feedback mechanisms and channels;bf7557aa-b345-4d6b-b288-a12c43abd55f
;;;Document and address stakeholder concerns;1003b1c2-a0a4-4f6c-8a0d-3b9d2bf4b7b2
;;Define Construction Methodology Strategy;;5b200e0f-fe9b-46fe-99fa-e83636228cac
;;;Assess local resource availability;33664b6f-59b3-4dce-a646-5f7c65ad59c5
;;;Evaluate standard methodologies adaptability;c023d158-9333-4493-b89f-8ea738c04fe9
;;;Develop alternative construction plans;dd197efd-726d-405e-bd8c-63a38ce0288f
;;;Establish local training partnerships;f5385bc0-5aa4-4ddd-9bc5-b79b968f8388
;;;Conduct pre-construction site assessments;bc529525-5ea8-4dac-80ef-6deda4474326
;;Establish Risk Mitigation Strategy;;f7bfd173-7cc7-4eba-a035-99cf5283593d
;;;Identify Potential Risks;ff6e6613-7ad8-4482-a8dc-2ba588740b11
;;;Assess Risk Probability and Impact;62936dbf-a7fe-44c5-81c4-1de9f4632bf7
;;;Develop Risk Response Plans;5f31c28b-c79c-4d0a-8038-392cee7fc6b6
;;;Establish Contingency Budget;7ef72ec6-c13e-485a-bde6-f375993a1e52
;;;Monitor and Control Risks;5f2ec76b-3bb4-4c55-b3cc-62b4c1ef1889
;Design & Permitting;;;382a8fbb-e0a9-4113-857a-c0099ed34938
;;Develop Detailed Design Plans;;42d34c13-b2c3-4d05-b92f-8e5e44e3d8a8
;;;Create Roundabout Geometry and Layout;3d024067-9b16-454a-9877-87c7a73856e5
;;;Design Drainage and Utility Systems;7d4a94ef-eeef-4218-ab33-ee09c18619b4
;;;Develop Pavement and Structural Design;c395b085-71a0-42b2-a013-412e29cae315
;;;Design Signage and Lighting;af6aa6f7-b0db-4ef7-84b9-ed9806308fa7
;;;Prepare Landscaping and Aesthetic Design;1a18530e-5510-4661-82e6-82801ab1b62d
;;Submit Permit Applications;;e4619613-721d-493e-ad43-db6afe4c063b
;;;Gather all required documents for permits;62068527-922f-4194-875b-fb96ece639e4
;;;Complete permit application forms;f4c97381-0093-445d-b907-98a867aacd41
;;;Submit applications to relevant authorities;23c5aa10-1e10-4211-bdf6-d549229b6156
;;;Pay all required permit fees;c72575bf-d50c-43da-b0c8-012d9eab13b6
;;Address Permit Review Comments;;332085de-5f6d-48d8-88ee-e340c35ea189
;;;Analyze permit review comments;0377e318-aa32-43ce-bd07-0db0f045c9e4
;;;Develop responses to permit comments;fc1c2b3e-ed96-431d-a4b6-33098f73fd0c
;;;Revise design based on comments;42ce5bc1-591d-440e-97f6-870d3417d17c
;;;Resubmit permit applications;e498da86-f88e-41e8-82f3-17c1a31837c5
;;Obtain Required Permits;;eb93b48f-6413-4a2b-8b89-7c7573e6fe6a
;;;Address initial permit review comments;19366514-013c-44ca-b888-a001c20d68e1
;;;Prepare responses to permit comments;bf5379f7-e026-4e37-99b6-b06530df3472
;;;Submit revised permit application package;d76958e4-bddf-4d1d-8892-ca39b6fcc36c
;;;Engage with regulators for clarification;a91b622c-ec9d-4d80-b1b2-146723cdf0ba
;Procurement;;;c0d978e6-c2a5-490b-98f9-5264c9f8c529
;;Develop Procurement Plan;;84cff4c9-64a5-4e63-8176-82c85b349512
;;;Define Scope of Work for Bidders;235a988f-4e29-456f-add2-73b9996576f3
;;;Establish Evaluation Criteria for Bids;372b7cdf-39fc-4d7a-b4b1-38ea8ec68251
;;;Prepare Technical Specifications Document;93ed1d4a-f201-4e35-b018-917aed930877
;;;Draft Contractual Terms and Conditions;c999a0f3-94e7-4642-8808-9f0d559ae127
;;;Compile Complete Bid Document Package;b056bc4c-894c-40d9-8167-33b83a434ca1
;;Prepare Bid Documents;;f92b278c-2664-47a5-96db-1f57fa40c193
;;;Define Bid Requirements and Specifications;e90b2708-719b-4533-b653-881d9f6cfb8f
;;;Prepare Technical Drawings and Plans;59061806-1118-4a08-8b13-266866abc1e2
;;;Develop Contractual Terms and Conditions;961fe73f-3115-4119-9d74-e75961959c20
;;;Create Bid Evaluation Criteria;a17819b4-ade3-4fc0-ae93-be6047870ae1
;;;Compile Bid Document Package;927cac5e-d7e3-4369-b91a-ae067a1c127d
;;Solicit Bids from Contractors;;cfdc0214-b8fc-4ba6-ad09-b4bd1763cce6
;;;Identify Potential Contractors;5635dc21-df45-43fd-abec-506b9d8d2bff
;;;Prepare Invitation to Bid (ITB) Package;87141846-7f25-4764-af0b-774e1dc1e5c3
;;;Advertise Bid Opportunity;68bca449-b680-4b40-8aee-76db800196f0
;;;Manage Bidder Inquiries;c5ad7731-b16a-4000-abe9-8d7a25bff708
;;;Distribute ITB to Pre-Qualified Contractors;0231a421-0ec5-4617-9f2c-02a2d20a33ae
;;Evaluate Bids and Select Contractor;;bdaf24e4-092f-4099-8b6d-c0c993717057
;;;Define bid evaluation criteria;b540764a-a7be-42c3-ab94-05da19072d2c
;;;Establish bid evaluation committee;91187618-6e5c-4912-98e8-159d2c4e71c3
;;;Evaluate bids against criteria;9fcb2670-d1a5-48e0-b8a3-6353608434c1
;;;Conduct due diligence on top bidders;d5101d6c-1fe8-48d7-af62-6f38d195f445
;;;Select contractor based on evaluation;a54d9f1a-99d0-4343-9a5e-10de63553321
;;Negotiate and Award Contract;;58486dff-7fc0-44de-8faf-52d23d62595b
;;;Review bid evaluation results;199e78a4-5aa5-447e-a6bc-fe1bbd4c60d8
;;;Conduct due diligence on top bidders;1f729588-ade9-4b06-96fb-48924589a3c0
;;;Negotiate contract terms and conditions;cafe165b-9c95-4b7a-932e-929445656e42
;;;Prepare contract documents for execution;e1d0cbcd-c89c-4ff8-a0fe-3743c8c87238
;;;Obtain internal approvals and signatures;9ac54213-fe1f-45e9-9133-e50826bab910
;;Secure Material Procurement Contracts;;384c2bbf-e90c-47b0-b35b-e1cc6edaccc0
;;;Identify Material Needs and Specifications;53e3e23d-8e8d-4f6f-8475-ba9a7fcd0205
;;;Research and Identify Potential Suppliers;472b2170-81f3-406e-9f3c-9554c4904084
;;;Prepare and Issue Requests for Quotation (RFQ);6c1ee612-a54e-44c7-a457-da989ac3d0f4
;;;Evaluate Quotations and Select Suppliers;0c57e5f4-612f-479c-b1cc-7aaf1424a928
;;;Negotiate and Finalize Procurement Contracts;fcc97736-f353-43d0-a1e4-30014310ff2c
;Construction;;;831ede7b-c5a7-443b-abfb-2464782949a5
;;Site Preparation;;1e7e4535-fb23-4646-949f-f89996bbcd21
;;;Clear vegetation and debris from site;1529cee9-9e4c-4b94-8d7a-0bae28623566
;;;Topsoil removal and stockpiling;aaffd555-d0d9-4622-9f2f-dc46746d1b0a
;;;Establish erosion and sediment control;1c0260cb-fe26-44b5-a6f2-58c802475dbf
;;;Install temporary site access roads;b6654cd0-b43b-48d8-a0fc-fd6ba780d29d
;;;Set up temporary utilities;183c6508-d99a-4487-908e-b2963581852a
;;Earthwork and Grading;;fc8f84d1-a21f-4125-9874-ff7a41db931b
;;;Clear and Grub Earthwork Area;c5bfb7eb-d7bd-46f2-ab12-ccb8a83d2f39
;;;Rough Grading and Compaction;1e1b324b-91f6-4b53-8310-0843fceb11a3
;;;Fine Grading and Slope Stabilization;2a258bbf-e2d8-4c5e-9f88-bc90b761612e
;;;Erosion and Sediment Control Measures;b9d4f721-ed73-43cd-b4d4-c95f68ecf129
;;Base and Sub-base Installation;;de0ccd1a-0022-47c1-9a8f-4175fdf52498
;;;Excavate for drainage system;67d146dd-b98f-4e20-b0cc-780a8d201d4c
;;;Install drainage pipes and structures;45c56a3d-20c7-41fd-8831-a80971c61a16
;;;Connect drainage to existing systems;5a2e370b-0e76-4f4c-9884-1da6fb2a69eb
;;;Backfill and compact drainage trenches;63efde1a-3a3c-4dcc-a979-87f33a4e8c8b
;;;Inspect and test drainage system;7145d2fe-1da9-4b39-bad5-8bba9696f114
;;Pavement Construction;;bd688e6b-16ad-49e9-b6b6-c196f1c9bb59
;;;Prepare pavement subgrade;80580d16-53d0-4546-a101-78617b35fc88
;;;Install base aggregate layer;7a94448f-da8f-4ae0-8e90-70e682b60fb7
;;;Apply asphalt pavement;24d14705-3452-40ca-b19b-84ffca398f59
;;;Cure and test pavement;ecfefca4-b391-452f-b859-559461686042
;;Drainage System Installation;;bc3abac9-8be5-47d7-8888-1be38a5bd530
;;;Prepare subgrade for pavement construction;b8a7a85d-3adb-4d87-95ee-d408f98ad866
;;;Place and compact base course material;27aa54b6-e412-4a09-85a2-b0b1c7758b65
;;;Apply prime coat to base course;f0cc98b5-1bd7-491e-9f9f-b97c2ed26fbc
;;;Lay and compact asphalt pavement;78123ae3-4e0d-42fd-a04a-d586181fa65a
;;;Cure and test asphalt pavement;6644d91d-e6b9-46e7-a853-0714c6d7a441
;;Signage and Marking Installation;;10fcdefa-806f-462f-8e7d-9b32dd0d904e
;;;Plan signage and marking layout;9029ebd2-d42c-4aa4-9fa1-4bdf054f454d
;;;Prepare sign and marking materials;46763a66-b7bf-4582-9951-77fc4bcf43cf
;;;Install signs and pavement markings;c845dd1d-f101-40df-a21e-541a510f18c1
;;;Inspect signage and marking quality;18e0489b-47e1-4ffc-8a35-df40b80556bf
;;Landscaping;;e4eab818-508f-4734-b690-97e93b9e42ea
;;;Prepare landscaping area and soil;8946932a-833a-413c-837f-76fdbbf524fb
;;;Plant trees, shrubs, and groundcover;48b806ec-899b-410a-b42c-59733d5fa8a0
;;;Install irrigation system;74fa2e86-7068-4ca3-aae6-608c81bf8a9b
;;;Mulch and finish landscaping;ca9d3de2-3371-4501-a38e-8e6fc49f0f1e
;Testing & Commissioning;;;84651ee8-9380-4179-ba99-c32a9ed95aa4
;;Conduct Quality Control Tests;;47f9f596-3bcb-4ec8-8921-edf5dd5a9967
;;;Prepare quality control test plan;a8613ae8-62c3-4093-9a9e-db5d7de77bd1
;;;Gather testing equipment and materials;dd00834f-c558-4b5e-8f91-cfcb84aed01f
;;;Conduct tests and record results;f8f00d62-8098-4832-90a6-e6c8937b01bc
;;;Analyze test data and identify issues;7f7fe450-d4f4-4fe5-bd85-24a508dd8453
;;;Document and report test findings;2827ad64-24d4-49ba-9310-a6ac63c53de5
;;Perform Final Inspection;;673e365a-ce4b-4b19-8d7c-e657065881e0
;;;Review construction documentation for completeness;b4520dc8-9285-40db-8225-7600e7e8f166
;;;Conduct a physical site inspection;65ec12d2-4c94-4052-9727-082160834c2c
;;;Verify compliance with regulations;6657dbdb-038a-4724-b25c-d39bc5d7783d
;;;Prepare final inspection report;d4384f5c-5e5e-4be1-bc7c-9b9cfdf853c4
;;Commission Roundabout;;f55381dc-d93a-4d1f-a61c-1a3407a24f98
;;;Verify system functionality and safety;84214df2-9c73-4128-bc3e-38c9c943687b
;;;Simulate traffic flow and adjust timing;1ebfe890-c10b-4cb7-a055-8ffee77d8e1f
;;;Conduct final safety inspection;55cf980f-0c6f-423e-832a-766b689a6ab3
;;;Train personnel on roundabout operation;78d9fcbf-0ec2-45bd-a276-511098becd0f
;Project Closure;;;5313219f-c320-4eba-8e85-4c569d8d8c7b
;;Finalize Project Documentation;;d94c3794-4b28-435e-abad-7bd584595f5c
;;;Collect all project-related documents;58576d96-30b4-4f67-a7c8-476c51b0a317
;;;Verify document completeness and accuracy;23f4a0a4-3b74-4e56-9046-fd3f11c7e7dd
;;;Organize and index project documentation;28ce941e-f899-48e1-a5a9-28b7ffd4bbd4
;;;Obtain sign-off on final documentation;b7058e40-1aa5-4ca4-98f7-b6d23cbf8c4e
;;Obtain Final Acceptance;;e75c9463-dace-47d8-b7f0-b54dddbb3765
;;;Schedule final inspection with stakeholders;bfd7012b-43c6-4ebd-923e-0190a043351b
;;;Prepare final inspection checklist;c6604b9f-9ca7-456a-8b0c-419c3abd8f01
;;;Conduct final walkthrough and document findings;8f2e81e1-4680-43a1-a7f3-53a358ba8b03
;;;Address any outstanding issues;731e7912-c568-44c1-8f7b-ca24f0a580af
;;;Obtain sign-off from stakeholders;b9594354-68d6-4f6a-91bf-571b2c3bb4fd
;;Conduct Post-Project Review;;59802531-f501-4f83-8cb1-2c9c82322df4
;;;Schedule Post-Project Review Meeting;668898a4-ee64-4879-b03c-6099ba66ebbb
;;;Prepare Post-Project Review Documentation;044f9e30-2585-44b2-9ebe-9689a7f1758d
;;;Facilitate Post-Project Review Meeting;4042b068-c4c9-41fe-b905-2b950d18e56a
;;;Document Lessons Learned and Action Items;52928fae-982c-45a9-bf69-8d60719625a2
;;;Distribute Review Findings and Recommendations;10128283-8a0f-49d7-bdef-e11e9be9cd82
;;Release Resources;;5d950bbd-a6b4-4226-95ca-fbe5b5f35ad7
;;;Identify Resources for Release;27a709d4-7fa4-4be8-b6cb-ee0f3eee8a1c
;;;Document Knowledge Transfer Activities;230806f4-5489-4d7c-acd2-2a713910fdfa
;;;Reassign Personnel to New Projects;579e7c87-35a4-4200-9048-8279a8241194
;;;Return or Reallocate Equipment;b5380bef-7296-42c0-89f0-efa1175f0ccb
;;;Provide Support to New Teams;2d086bb4-59a6-473d-8053-801681d946fc