Level 1;Level 2;Level 3;Level 4;Task ID
Genesis Program;;;;3af6889d-09b2-462f-a6e5-e39d0c93f8d2
;Project Initiation & Planning;;;af47d5f6-2ad4-42a7-8401-758b53ce055f
;;Define Project Scope and Objectives;;1b6d4cba-637b-4f8d-ac71-8a2fe325de3e
;;;Gather Stakeholder Requirements;b875c4db-db9b-4005-b3cd-aea6df06efac
;;;Analyze Existing Legal Frameworks;1018e1da-7fb0-4c98-8bd5-2f056335e7eb
;;;Define Measurable Success Metrics;9aa0637e-0eb8-42d4-937d-cded64cc34d7
;;;Document Project Scope and Boundaries;628c7c48-a901-4fff-882a-e6a85b5dcd59
;;Identify Key Stakeholders;;ab7347cb-38dc-4ce8-913b-d584a9d59279
;;;Identify Government Agencies;d62c9b5c-a8ca-4d4d-b141-fa6b257f19b8
;;;Identify Advocacy Groups;5d8a6ba2-1df0-431d-989e-81754eb0c377
;;;Identify Ethical Experts;9508d9a3-d7af-4aef-bcf0-fd710f95ceab
;;;Assess Stakeholder Influence;759d359a-f5af-4e89-8bd8-2b2bfcfbbc2a
;;;Prioritize Stakeholder Engagement;25b13b54-de0f-4803-abbd-5e863fadd0dc
;;Develop Project Management Plan;;615d3d18-0746-4861-9958-f446aa3513ab
;;;Define Project Management Methodology;3110333f-8ecb-454c-919b-e3309758b15f
;;;Develop Detailed Project Schedule;5fb75cc3-ba48-4c9a-8b2b-c2a070eb57fd
;;;Establish Communication Plan;76695e72-79d9-4de0-b4df-f47f3b0bd545
;;;Create Risk Management Plan;57e9ecca-09b8-40b8-bd42-7e2c13beeab9
;;;Define Quality Assurance Procedures;65cc345a-cd52-4bb4-b76f-23d4c254842a
;;Establish Project Governance Structure;;078e961f-71c5-4003-bae6-04cde104f7c4
;;;Define Roles and Responsibilities;9b9d52f6-466b-44c5-aed3-1f804f3415dc
;;;Establish Decision-Making Processes;708e99c8-6094-4366-8ad4-7be450c86b18
;;;Create Communication Channels;0f16c8f2-fd34-4938-8ab2-9c6dc7af95ac
;;;Develop Conflict Resolution Mechanisms;1c144196-5660-41c9-a61f-2e7f6e0fddc9
;;Secure Initial Funding;;0914eb56-3426-4903-b8aa-c2ded4a16776
;;;Prepare Funding Proposal;b083f9e3-d9d6-4d65-beca-baa3bd0b84e1
;;;Identify Key Political Stakeholders;e3319cb9-84d5-4e2b-b501-efb8a2687dfc
;;;Explore Alternative Funding Sources;eea4a625-b6d7-4394-8940-f07862761db6
;;;Negotiate Funding Agreements;faa8caa0-8c8c-4daf-a985-301ac00c397c
;Legal and Ethical Framework Development;;;8bf57ffd-dd04-494e-aad8-4b3e89ae03bb
;;Engage Legal Experts;;baf3a65d-d636-4c57-bbd4-60c5682b1015
;;;Research existing laws on reproduction;db2de8b8-7fc0-4117-b390-43bbc554f5b8
;;;Analyze constitutionality of mandate;44abe725-1c41-4948-a557-cf70e4b06a1c
;;;Draft initial mandate framework;cc98908e-1422-4cbf-9f57-0e2f82ac4cce
;;;Address ethical and human rights concerns;194d8345-d269-48d2-80e0-36e8f5695b7a
;;Draft Legal Framework for Mandated Reproduction;;bd54580e-604e-4c86-bb0d-09cb5599ed1e
;;;Research existing laws on reproduction;c6f258ad-8ba6-49e8-b797-8b414a91f27d
;;;Analyze constitutionality of mandated reproduction;d932a1ee-9c11-4fc3-b069-91d0d4968eac
;;;Draft initial legal framework proposal;6f6ab7c1-e7d8-4b7e-b8dc-66a20eb1bbd5
;;;Address ethical and human rights concerns;1e055c78-0063-4745-8e6e-8b4a21c45d55
;;;Incorporate genetic selection considerations;b4702705-d106-4614-bc6b-12a3bea34d25
;;Establish Ethics Review Board;;48bf3fa5-d94e-4534-9cba-f6738730b3ed
;;;Define ERB Scope and Responsibilities;567972a7-527e-493c-bdf5-dd463d79d232
;;;Identify and Recruit ERB Members;752ae1b2-15c3-4b40-bfd1-02924ca1a432
;;;Develop ERB Operational Procedures;25b34fae-80be-492d-8eb8-d21a25b0b311
;;;Establish ERB Reporting and Communication Channels;23e7d2b4-c80e-4958-ad6f-e1630bf26086
;;Develop Ethical Guidelines for Genetic Selection;;fe3fb0a7-6dc4-42f8-992f-73854fc54569
;;;Research ethical frameworks for genetics;012a5745-5e69-4116-8cf5-b9e37ac2dd89
;;;Define acceptable genetic traits criteria;60d3a8ec-fdf2-4915-b9f3-1d128bed44cd
;;;Assess public opinion on genetic selection;949f0dbe-b074-47c0-8fe3-0e83dcbc638c
;;;Draft ethical guidelines document;268b9c03-9d4d-4997-80bc-b6a3bc678445
;;Prepare for Potential Litigation;;235182ce-780d-4926-bdac-1fe91a60b126
;;;Identify potential legal arguments against program;6c45c765-2c8c-4f71-936a-d6c38bb82597
;;;Develop legal defense strategies and responses;0946ac2e-e876-4d13-9ade-a0ff843c3882
;;;Secure legal resources and expertise;2dd3f55f-7e50-4ffc-bd82-416026a8f375
;;;Prepare for potential appeals process;f2189a94-38ff-4116-b0e7-0b9f776503bb
;Infrastructure Development;;;8bd206fb-5efd-4b1e-9898-9aeb0fa55cfd
;;Design and Construct IVF Facilities;;938fc61a-d2e9-426d-9c24-881655d5e7bb
;;;Secure Land and Necessary Permits;0f2af676-a705-4c83-a9cc-7afed0a4a00b
;;;Develop Facility Design and Blueprints;4f08d895-39ef-4c4a-ae7d-9fd77ce8930f
;;;Hire Construction Contractors and Manage Build;ac15d62a-748e-4164-bb5d-7ed4067c6f2e
;;;Procure and Install Medical Equipment;d2f3f5a0-7956-4e27-8e91-03f5bfacbdfb
;;;Recruit and Train Medical Staff;d84ec49b-0c0c-4971-a9f9-16ba1c2f7ec9
;;Design and Construct Child-Rearing Facilities;;c49f2bac-ce9f-4d7f-a9e7-3445ad6dc3a5
;;;Secure land and necessary permits;122dba43-b7d2-4983-92dc-a6e8e33e9159
;;;Develop architectural designs and blueprints;19b6212d-ef19-4762-89b2-575eab7f99f2
;;;Hire construction contractors and subcontractors;ceda00c4-d390-46ea-a717-3414cca8e874
;;;Oversee construction and quality control;b9aa7c0f-0e3a-4a51-935b-7b223d4025c7
;;;Install utilities and infrastructure;3cd4f1a9-48cf-4921-8d71-a91721a8f018
;;Establish Genetic Research Laboratories;;8b615290-3041-4a83-9ea3-96c2ba98629b
;;;Design Lab Layout and Specifications;2de1c3f7-4f83-4cf9-ba63-0228e5b8b938
;;;Procure Specialized Lab Equipment;db6856b1-1829-473d-a7fe-ea422a3a037e
;;;Recruit and Train Lab Personnel;36c92565-43b7-403b-8284-c01f2f3e35b2
;;;Establish Lab Safety Protocols;aaf43cbe-43d4-4d24-acfe-42380d2aac6d
;;;Validate Lab Equipment and Procedures;8771ca56-fffb-4e7d-8ae7-e7192bfff7c2
;;Develop AI-Driven Surveillance Infrastructure;;ab1357dc-55ff-4df5-ba3e-f05b1cc4fc4f
;;;Design AI Surveillance System Architecture;5772892e-2124-4460-8637-d396eaf3c931
;;;Develop AI Algorithms for Surveillance;39be5fcd-9477-49b5-a6f2-73229e499a72
;;;Integrate AI with Surveillance Infrastructure;e7c54652-4f06-4481-9ac5-4b75bbece046
;;;Implement Data Security and Privacy Measures;55325699-c6e5-4968-9f0a-a62d2092d8f9
;;;Test and Deploy AI Surveillance System;05048466-3eb7-4fcc-9eae-6a51ad44f48a
;;Procure Virtual Reality Equipment;;40281514-ea26-4cd9-bfa9-eb114885b7c7
;;;Define VR Equipment Specifications;ff7d5efa-5b51-4aee-b7f5-f74e79b0f4f4
;;;Identify Potential VR Equipment Vendors;e5b53a35-d112-41c4-adc8-f8f0a3591ae1
;;;Evaluate and Select VR Equipment;73b37614-8c74-4891-af09-b15e4246a770
;;;Negotiate Contracts and Purchase VR Equipment;926ae62d-bbc3-459c-b8ee-5bd56a0046b4
;;;Install and Configure VR Equipment;8c39bf3f-1407-44ff-ae15-f215526ada5d
;Program Implementation;;;f2e506cc-a543-4836-874f-d0d252fe144e
;;Implement Resource Allocation Strategy;;1d99aa08-5585-4ee5-98b5-5973cb9d1016
;;;Identify Resource Needs;66236687-51aa-439f-bb04-146e4543c2ae
;;;Prioritize Resource Allocation;aee2de1e-cab0-4e44-83ad-10b7fd8e2a1d
;;;Develop Allocation Plan;9aa5eebb-9626-4c38-862d-eac80e082655
;;;Implement Tracking System;0342b203-9167-4951-af2d-c242423b9369
;;;Monitor and Adjust Allocation;13b71e71-74b0-470e-b37a-f0639d978156
;;Implement Reproductive Mandate Enforcement Strategy;;cfd60c51-c092-4c42-8659-18a759f6da8d
;;;Establish Compliance Tracking System;c2a41026-cc4a-46e7-b671-b809a20a7c59
;;;Develop Enforcement Procedures and Penalties;1af5e97f-f9d6-4faa-b865-097b26265207
;;;Implement Public Awareness Campaign;5497aa66-9d67-46dc-acac-edc32256545b
;;;Provide Support Services for Compliance;49c49995-4b38-44a6-b8c3-85b77347a9b9
;;;Monitor and Evaluate Enforcement Effectiveness;0d6214b7-ab55-4818-bca4-14f0cee70813
;;Implement Genetic Selection Protocol;;637de8e9-7dd7-4836-a7b7-a5205489f9b5
;;;Define Genetic Selection Criteria;3084e7f7-1051-4c4c-b118-0733222efb20
;;;Develop Genetic Screening Protocols;1a969669-3cc9-40eb-941d-b373040fad96
;;;Implement Data Management System;1b65e243-620f-4bd6-b9d2-c0552a492ebc
;;;Establish Ethical Oversight Committee;08a85235-e38a-4986-9651-1a65921af664
;;;Conduct Pilot Genetic Selection Program;6a690017-11ed-44d0-a19b-6f84bddcb518
;;Implement Child Rearing Model;;a3c9110b-63dd-4f6e-93f6-d4ee4969c24d
;;;Develop standardized child-rearing protocols;ce039cdd-d71c-4a2f-9023-9bf6cb3dff72
;;;Recruit and train child-rearing facility staff;0ff6a271-fc53-4573-bab0-71d913073e82
;;;Establish monitoring and evaluation system;847467c6-ad2d-4d03-b56a-ed9633cce456
;;;Design facility environment for optimal development;cbc1173c-4ccc-4977-877b-b7c8abbdcdef
;;Manage Public Perception;;259c745f-abcc-424a-81fb-c74d86848790
;;;Analyze Current Public Sentiment;a47e521f-fa3d-48af-983f-15f7d7176c7e
;;;Develop Key Messaging and Narratives;064bb9ac-67c2-4213-a7a6-f49f0218192f
;;;Implement Communication Strategy;36aa5a87-70ab-4176-a358-e5bd0a9f8411
;;;Monitor and Respond to Feedback;9eefc31a-162f-4e84-a863-c3569b1030ba
;Monitoring and Evaluation;;;f0ddae45-5aea-46a2-86f6-7e9b3a49acb2
;;Monitor Population Growth and Gender Ratio;;6b47ac81-8ec1-4649-bcb0-3a4d4ba697ba
;;;Collect birth and death records;80fb5b21-7ab5-40c5-854e-d3c754ddb84e
;;;Analyze population data by gender;f788cf0f-c079-4576-b841-57c184246c93
;;;Model future population projections;f748b0d1-ea30-4f43-bb85-4de8f1fbc2ed
;;;Compare projections to target goals;22118c43-04b5-4255-a484-0f9d36ddefb5
;;;Report findings and recommendations;e93636b8-c6ec-4952-9854-6681b8b677f8
;;Evaluate Child Development Outcomes;;c94d4d29-8492-439c-b49e-31b6dda9fa07
;;;Define Child Development Metrics;cd08f630-f591-4015-9c57-aed9a55ae7c0
;;;Collect Longitudinal Child Development Data;89a2a1c1-b467-4e4e-8e51-95d1c724aec0
;;;Analyze Child Development Data;f4cdf575-4bad-4016-8fb8-113fc74743f9
;;;Compare Outcomes to Control Groups;9d7ceed2-27ec-44d9-83e6-bf2e9f51d36d
;;;Report Child Development Evaluation Findings;2fedfb9f-81ea-4c95-8d3e-e074dd502ca7
;;Assess Public Sentiment and Compliance;;e0822807-8626-4a7b-9e5a-e53dd72f8f6b
;;;Design Public Sentiment Surveys;ac87cd95-3c2e-4000-8c68-30bd378a729e
;;;Conduct Focus Group Sessions;7974e230-c801-40cd-98f6-1b94076491cd
;;;Analyze Social Media Sentiment;e753f78d-9bf9-4978-b631-3172082102a1
;;;Assess Program Compliance Rates;d811adfb-eb86-4de6-9b4b-25d8d8d20c95
;;;Compile and Report Findings;2425b7cb-72c4-45e1-8cdd-69fd51c5e1cf
;;Conduct Regular Security Audits;;abe64037-c3a7-47bd-99a8-698974f45c77
;;;Gather data for stakeholder reports;dc247fc8-6478-4a26-b883-9a13f5dfc3ab
;;;Analyze data and identify key findings;742c5373-49b0-4c40-a914-abbe4e45e60a
;;;Prepare draft progress reports;a42cfb85-71d5-42c4-97ca-2f744aa1d256
;;;Obtain stakeholder feedback on reports;f82c9f32-f166-49b2-bdeb-4e0ed95b44f8
;;;Finalize and distribute reports;bcb8edd7-ab7e-44e9-afff-dc52e7f207e8
;;Report Progress to Stakeholders;;6e98ca1a-7f8e-4489-89a8-df1d0bf0933c
;;;Collect and validate program data;bf0e17ac-875b-4530-98ac-fd7f21f1e7e2
;;;Analyze progress against key metrics;0b4846c2-27d0-4378-9822-cd83bee35ed5
;;;Prepare stakeholder reports;22e84d79-b3ad-4ba5-9402-f13ef8fc60f3
;;;Disseminate reports and gather feedback;387222b9-4817-4940-8153-c464596e28b6