project_key,project_name,project_description,project_start_date,project_end_date,project_progress,project_parent,originating_department
3af6889d-09b2-462f-a6e5-e39d0c93f8d2,Genesis Program,"Genesis Program

Final deliverable:
Population Reshaped",11/11/2025,2/17/2035,0,,PlanExe
af47d5f6-2ad4-42a7-8401-758b53ce055f,Project Initiation & Planning,,11/11/2025,2/19/2026,0,3af6889d-09b2-462f-a6e5-e39d0c93f8d2,PlanExe
1b6d4cba-637b-4f8d-ac71-8a2fe325de3e,Define Project Scope and Objectives,,11/11/2025,11/19/2025,0,af47d5f6-2ad4-42a7-8401-758b53ce055f,PlanExe
b875c4db-db9b-4005-b3cd-aea6df06efac,Gather Stakeholder Requirements,"Gather Stakeholder Requirements

Description:
Conduct interviews and workshops with key stakeholders (government agencies, legal experts, ethics review board, general public representatives) to elicit detailed requirements for the reproduction program. This includes defining acceptable population targets, genetic selection criteria, enforcement mechanisms, and ethical considerations.

Resources needed:
• Project Manager
• Business Analyst
• Stakeholder Representatives
• Facilitator",11/11/2025,11/13/2025,0,1b6d4cba-637b-4f8d-ac71-8a2fe325de3e,PlanExe
1018e1da-7fb0-4c98-8bd5-2f056335e7eb,Analyze Existing Legal Frameworks,"Analyze Existing Legal Frameworks

Description:
Review existing laws and regulations related to reproductive rights, genetic engineering, and population control in the relevant jurisdiction. Identify potential legal obstacles and opportunities for implementing the program. Assess the constitutionality of proposed measures and identify necessary legal amendments.

Resources needed:
• Legal Experts
• Researchers
• Legal Databases",11/13/2025,11/15/2025,0,b875c4db-db9b-4005-b3cd-aea6df06efac,PlanExe
9aa0637e-0eb8-42d4-937d-cded64cc34d7,Define Measurable Success Metrics,"Define Measurable Success Metrics

Description:
Establish clear and measurable success metrics for the reproduction program, including population growth targets, gender ratio targets, genetic diversity metrics, and public acceptance rates. Define specific, measurable, achievable, relevant, and time-bound (SMART) objectives for each metric.

Resources needed:
• Project Manager
• Data Analyst
• Subject Matter Experts",11/15/2025,11/17/2025,0,1018e1da-7fb0-4c98-8bd5-2f056335e7eb,PlanExe
628c7c48-a901-4fff-882a-e6a85b5dcd59,Document Project Scope and Boundaries,"Document Project Scope and Boundaries

Description:
Create a detailed project scope document that clearly defines the boundaries of the reproduction program, including what is included and excluded. This document should outline the specific activities, deliverables, and resources required to achieve the project objectives. It should also identify any assumptions and constraints that may impact the project.

Resources needed:
• Project Manager
• Business Analyst
• Technical Writers",11/17/2025,11/19/2025,0,1b6d4cba-637b-4f8d-ac71-8a2fe325de3e,PlanExe
ab7347cb-38dc-4ce8-913b-d584a9d59279,Identify Key Stakeholders,,11/19/2025,11/24/2025,0,1b6d4cba-637b-4f8d-ac71-8a2fe325de3e,PlanExe
d62c9b5c-a8ca-4d4d-b141-fa6b257f19b8,Identify Government Agencies,"Identify Government Agencies

Description:
Identify all relevant government agencies with authority or influence over the project, including those responsible for health, regulation, and funding.

Resources needed:
• Project Manager
• Legal Team
• Political Analyst",11/19/2025,11/20/2025,0,ab7347cb-38dc-4ce8-913b-d584a9d59279,PlanExe
5d8a6ba2-1df0-431d-989e-81754eb0c377,Identify Advocacy Groups,"Identify Advocacy Groups

Description:
Identify advocacy groups both for and against the program, including those focused on reproductive rights, human rights, and genetic engineering.

Resources needed:
• Public Relations Team
• Research Team
• Political Analyst",11/20/2025,11/21/2025,0,d62c9b5c-a8ca-4d4d-b141-fa6b257f19b8,PlanExe
9508d9a3-d7af-4aef-bcf0-fd710f95ceab,Identify Ethical Experts,"Identify Ethical Experts

Description:
Identify leading ethicists and bioethicists who can provide guidance and address ethical concerns related to the program.

Resources needed:
• Ethics Review Board
• Research Team
• Legal Team",11/21/2025,11/22/2025,0,5d8a6ba2-1df0-431d-989e-81754eb0c377,PlanExe
759d359a-f5af-4e89-8bd8-2b2bfcfbbc2a,Assess Stakeholder Influence,"Assess Stakeholder Influence

Description:
Evaluate the level of influence and potential impact of each stakeholder group on the project's success.

Resources needed:
• Project Manager
• Political Analyst
• Public Relations Team",11/22/2025,11/23/2025,0,9508d9a3-d7af-4aef-bcf0-fd710f95ceab,PlanExe
25b13b54-de0f-4803-abbd-5e863fadd0dc,Prioritize Stakeholder Engagement,"Prioritize Stakeholder Engagement

Description:
Prioritize stakeholder engagement based on their level of influence and potential impact, focusing on those who can significantly affect the project's outcome.

Resources needed:
• Project Manager
• Public Relations Team
• Communication Team",11/23/2025,11/24/2025,0,ab7347cb-38dc-4ce8-913b-d584a9d59279,PlanExe
615d3d18-0746-4861-9958-f446aa3513ab,Develop Project Management Plan,,11/24/2025,12/9/2025,0,ab7347cb-38dc-4ce8-913b-d584a9d59279,PlanExe
3110333f-8ecb-454c-919b-e3309758b15f,Define Project Management Methodology,"Define Project Management Methodology

Description:
Select the appropriate project management methodology (e.g., Agile, Waterfall) based on project requirements and stakeholder preferences. Document the chosen methodology and its key principles.

Resources needed:
• Project Manager
• Stakeholders
• Project Management Experts",11/24/2025,11/27/2025,0,615d3d18-0746-4861-9958-f446aa3513ab,PlanExe
5fb75cc3-ba48-4c9a-8b2b-c2a070eb57fd,Develop Detailed Project Schedule,"Develop Detailed Project Schedule

Description:
Create a comprehensive project schedule outlining all tasks, dependencies, milestones, and timelines. Utilize project management software (e.g., Microsoft Project, Asana) to visualize and manage the schedule.

Resources needed:
• Project Manager
• Project Team
• Project Management Software",11/27/2025,11/30/2025,0,3110333f-8ecb-454c-919b-e3309758b15f,PlanExe
76695e72-79d9-4de0-b4df-f47f3b0bd545,Establish Communication Plan,"Establish Communication Plan

Description:
Define the communication channels, frequency, and protocols for internal and external stakeholders. Create a communication matrix outlining who needs to be informed about what and when.

Resources needed:
• Project Manager
• Communication Specialist
• Stakeholders",11/30/2025,12/3/2025,0,5fb75cc3-ba48-4c9a-8b2b-c2a070eb57fd,PlanExe
57e9ecca-09b8-40b8-bd42-7e2c13beeab9,Create Risk Management Plan,"Create Risk Management Plan

Description:
Identify potential risks and develop mitigation strategies to minimize their impact on the project. Document the risk assessment process, risk register, and contingency plans.

Resources needed:
• Project Manager
• Risk Management Experts
• Project Team",12/3/2025,12/6/2025,0,76695e72-79d9-4de0-b4df-f47f3b0bd545,PlanExe
65cc345a-cd52-4bb4-b76f-23d4c254842a,Define Quality Assurance Procedures,"Define Quality Assurance Procedures

Description:
Establish quality standards and procedures to ensure that project deliverables meet the required quality criteria. Implement quality control measures throughout the project lifecycle.

Resources needed:
• Quality Assurance Manager
• Project Team
• Subject Matter Experts",12/6/2025,12/9/2025,0,615d3d18-0746-4861-9958-f446aa3513ab,PlanExe
078e961f-71c5-4003-bae6-04cde104f7c4,Establish Project Governance Structure,,12/9/2025,12/21/2025,0,615d3d18-0746-4861-9958-f446aa3513ab,PlanExe
9b9d52f6-466b-44c5-aed3-1f804f3415dc,Define Roles and Responsibilities,"Define Roles and Responsibilities

Description:
Clearly define the roles and responsibilities of each stakeholder involved in the project governance structure. This includes government agencies, advisory boards, and project teams. Objective: Ensure accountability and efficient decision-making. Scope: All stakeholders involved in the project. Steps: Identify stakeholders, define roles, document responsibilities, and communicate to all parties. Deliverables: A documented roles and responsibilities matrix.

Resources needed:
• Project Manager
• Legal Counsel
• Stakeholder Representatives",12/9/2025,12/12/2025,0,078e961f-71c5-4003-bae6-04cde104f7c4,PlanExe
708e99c8-6094-4366-8ad4-7be450c86b18,Establish Decision-Making Processes,"Establish Decision-Making Processes

Description:
Establish transparent and efficient decision-making processes for the project governance structure. This includes defining approval workflows, escalation paths, and conflict resolution mechanisms. Objective: Streamline decision-making and avoid delays. Scope: All decision-making processes related to the project. Steps: Identify key decision points, define approval workflows, document escalation paths, and establish conflict resolution mechanisms. Deliverables: A documented decision-making process flowchart.

Resources needed:
• Project Manager
• Legal Counsel
• Stakeholder Representatives",12/12/2025,12/15/2025,0,9b9d52f6-466b-44c5-aed3-1f804f3415dc,PlanExe
0f16c8f2-fd34-4938-8ab2-9c6dc7af95ac,Create Communication Channels,"Create Communication Channels

Description:
Establish clear communication channels between stakeholders to ensure effective information sharing and collaboration. This includes regular meetings, progress reports, and a communication plan. Objective: Facilitate communication and transparency. Scope: All communication related to the project. Steps: Identify communication needs, establish communication channels, develop a communication plan, and implement regular reporting. Deliverables: A documented communication plan.

Resources needed:
• Project Manager
• Communication Specialist
• Stakeholder Representatives",12/15/2025,12/18/2025,0,708e99c8-6094-4366-8ad4-7be450c86b18,PlanExe
1c144196-5660-41c9-a61f-2e7f6e0fddc9,Develop Conflict Resolution Mechanisms,"Develop Conflict Resolution Mechanisms

Description:
Develop mechanisms for resolving conflicts that may arise between stakeholders. This includes mediation, arbitration, and escalation to higher authorities. Objective: Resolve conflicts efficiently and maintain project momentum. Scope: All potential conflicts related to the project. Steps: Identify potential conflicts, establish conflict resolution mechanisms, document the process, and train stakeholders. Deliverables: A documented conflict resolution process.

Resources needed:
• Legal Counsel
• Project Manager
• Mediation Specialist",12/18/2025,12/21/2025,0,078e961f-71c5-4003-bae6-04cde104f7c4,PlanExe
0914eb56-3426-4903-b8aa-c2ded4a16776,Secure Initial Funding,,12/21/2025,2/19/2026,0,af47d5f6-2ad4-42a7-8401-758b53ce055f,PlanExe
b083f9e3-d9d6-4d65-beca-baa3bd0b84e1,Prepare Funding Proposal,"Prepare Funding Proposal

Description:
Develop a detailed funding proposal outlining the project's objectives, budget, and expected outcomes. This includes gathering supporting data, conducting a cost-benefit analysis, and presenting a compelling case for investment.

Resources needed:
• Project Manager
• Financial Analyst
• Grant Writer",12/21/2025,1/5/2026,0,0914eb56-3426-4903-b8aa-c2ded4a16776,PlanExe
e3319cb9-84d5-4e2b-b501-efb8a2687dfc,Identify Key Political Stakeholders,"Identify Key Political Stakeholders

Description:
Identify and engage with key political stakeholders who can influence funding decisions. This involves building relationships, understanding their priorities, and addressing any concerns they may have about the project.

Resources needed:
• Government Relations Specialist
• Lobbyist
• Project Manager",1/5/2026,1/20/2026,0,b083f9e3-d9d6-4d65-beca-baa3bd0b84e1,PlanExe
eea4a625-b6d7-4394-8940-f07862761db6,Explore Alternative Funding Sources,"Explore Alternative Funding Sources

Description:
Research and pursue alternative funding sources, such as private investors, philanthropic organizations, and international aid agencies. This includes preparing grant applications, pitching the project to potential investors, and negotiating funding agreements.

Resources needed:
• Fundraising Specialist
• Financial Analyst
• Legal Counsel",1/20/2026,2/4/2026,0,e3319cb9-84d5-4e2b-b501-efb8a2687dfc,PlanExe
faa8caa0-8c8c-4daf-a985-301ac00c397c,Negotiate Funding Agreements,"Negotiate Funding Agreements

Description:
Negotiate the terms and conditions of funding agreements with various stakeholders, ensuring alignment with project goals and compliance with legal and regulatory requirements. This involves reviewing contracts, addressing concerns, and securing final approval.

Resources needed:
• Legal Counsel
• Project Manager
• Financial Analyst",2/4/2026,2/19/2026,0,0914eb56-3426-4903-b8aa-c2ded4a16776,PlanExe
8bf57ffd-dd04-494e-aad8-4b3e89ae03bb,Legal and Ethical Framework Development,,2/19/2026,1/5/2027,0,af47d5f6-2ad4-42a7-8401-758b53ce055f,PlanExe
baf3a65d-d636-4c57-bbd4-60c5682b1015,Engage Legal Experts,,2/19/2026,4/8/2026,0,8bf57ffd-dd04-494e-aad8-4b3e89ae03bb,PlanExe
db2de8b8-7fc0-4117-b390-43bbc554f5b8,Research existing laws on reproduction (1),"Research existing laws on reproduction

Description:
Objective: Identify relevant laws and precedents related to reproductive rights, bodily autonomy, and state intervention in reproductive decisions.
Scope: Review constitutional law, international human rights law, and relevant case law.
Steps: Conduct legal research using legal databases, analyze court decisions, and summarize key findings.
Deliverables: A comprehensive legal research report.

Resources needed:
• Legal researchers
• Legal databases
• Law library access",2/19/2026,3/3/2026,0,baf3a65d-d636-4c57-bbd4-60c5682b1015,PlanExe
44abe725-1c41-4948-a557-cf70e4b06a1c,Analyze constitutionality of mandate,"Analyze constitutionality of mandate

Description:
Objective: Assess the constitutionality of mandated reproduction under the relevant legal framework.
Scope: Analyze potential challenges based on privacy rights, equal protection, and due process.
Steps: Develop legal arguments for and against the constitutionality of the mandate, conduct legal simulations, and prepare a legal memorandum.
Deliverables: A legal memorandum analyzing the constitutionality of the mandate.

Resources needed:
• Constitutional law experts
• Legal analysts
• Legal research tools",3/3/2026,3/15/2026,0,db2de8b8-7fc0-4117-b390-43bbc554f5b8,PlanExe
cc98908e-1422-4cbf-9f57-0e2f82ac4cce,Draft initial mandate framework,"Draft initial mandate framework

Description:
Objective: Develop a preliminary legal framework outlining the scope, enforcement mechanisms, and penalties for non-compliance with the mandated reproduction program.
Scope: Define eligibility criteria, reporting requirements, and appeal processes.
Steps: Draft legal language, review existing legislation, and consult with legal experts.
Deliverables: A draft legal framework for mandated reproduction.

Resources needed:
• Legislative drafters
• Legal experts
• Policy analysts",3/15/2026,3/27/2026,0,44abe725-1c41-4948-a557-cf70e4b06a1c,PlanExe
194d8345-d269-48d2-80e0-36e8f5695b7a,Address ethical and human rights concerns (1),"Address ethical and human rights concerns

Description:
Objective: Identify and address potential ethical and human rights concerns associated with the legal framework.
Scope: Analyze potential violations of bodily autonomy, reproductive rights, and informed consent.
Steps: Consult with ethicists, human rights lawyers, and advocacy groups, and incorporate safeguards into the legal framework.
Deliverables: A report outlining ethical and human rights considerations and proposed mitigation strategies.

Resources needed:
• Ethicists
• Human rights lawyers
• Advocacy groups",3/27/2026,4/8/2026,0,baf3a65d-d636-4c57-bbd4-60c5682b1015,PlanExe
bd54580e-604e-4c86-bb0d-09cb5599ed1e,Draft Legal Framework for Mandated Reproduction,,4/8/2026,6/7/2026,0,baf3a65d-d636-4c57-bbd4-60c5682b1015,PlanExe
c6f258ad-8ba6-49e8-b797-8b414a91f27d,Research existing laws on reproduction (2),"Research existing laws on reproduction

Description:
Objective: Identify relevant laws and precedents related to reproductive rights, bodily autonomy, and state intervention in reproductive decisions.
Scope: Review constitutional law, family law, and international human rights law.
Steps: Conduct legal research using online databases and legal libraries. Analyze relevant court cases and legal scholarship.
Deliverables: A comprehensive report summarizing existing laws and precedents.

Resources needed:
• Legal researchers
• Legal databases
• Law library access",4/8/2026,4/20/2026,0,bd54580e-604e-4c86-bb0d-09cb5599ed1e,PlanExe
d932a1ee-9c11-4fc3-b069-91d0d4968eac,Analyze constitutionality of mandated reproduction,"Analyze constitutionality of mandated reproduction

Description:
Objective: Assess the constitutionality of mandated reproduction under relevant constitutional provisions.
Scope: Analyze potential challenges based on privacy rights, equal protection, and due process.
Steps: Conduct legal analysis and prepare legal memoranda outlining potential constitutional issues.
Deliverables: A legal opinion on the constitutionality of mandated reproduction.

Resources needed:
• Constitutional law experts
• Legal analysts",4/20/2026,5/2/2026,0,c6f258ad-8ba6-49e8-b797-8b414a91f27d,PlanExe
6f6ab7c1-e7d8-4b7e-b8dc-66a20eb1bbd5,Draft initial legal framework proposal,"Draft initial legal framework proposal

Description:
Objective: Develop a draft legal framework for mandated reproduction, including eligibility criteria, enforcement mechanisms, and appeals processes.
Scope: Define the scope of the mandate, including age limits, medical exemptions, and penalties for non-compliance.
Steps: Draft legal language and prepare supporting documentation.
Deliverables: A draft legal framework for mandated reproduction.

Resources needed:
• Legislative drafters
• Legal writers",5/2/2026,5/14/2026,0,d932a1ee-9c11-4fc3-b069-91d0d4968eac,PlanExe
1e055c78-0063-4745-8e6e-8b4a21c45d55,Address ethical and human rights concerns (2),"Address ethical and human rights concerns

Description:
Objective: Identify and address potential ethical and human rights concerns related to mandated reproduction.
Scope: Analyze potential violations of bodily autonomy, reproductive rights, and informed consent.
Steps: Consult with ethicists and human rights experts. Develop mitigation strategies to address potential concerns.
Deliverables: A report outlining ethical and human rights considerations and proposed mitigation strategies.

Resources needed:
• Ethicists
• Human rights lawyers",5/14/2026,5/26/2026,0,6f6ab7c1-e7d8-4b7e-b8dc-66a20eb1bbd5,PlanExe
b4702705-d106-4614-bc6b-12a3bea34d25,Incorporate genetic selection considerations,"Incorporate genetic selection considerations

Description:
Objective: Integrate genetic selection considerations into the legal framework, including criteria for genetic screening and selection.
Scope: Define the scope of genetic selection, including permissible traits and limitations.
Steps: Consult with geneticists and bioethicists. Draft legal language to address genetic selection issues.
Deliverables: Legal provisions addressing genetic selection within the mandated reproduction framework.

Resources needed:
• Geneticists
• Bioethicists
• Legal drafters",5/26/2026,6/7/2026,0,bd54580e-604e-4c86-bb0d-09cb5599ed1e,PlanExe
48bf3fa5-d94e-4534-9cba-f6738730b3ed,Establish Ethics Review Board,,6/7/2026,7/9/2026,0,bd54580e-604e-4c86-bb0d-09cb5599ed1e,PlanExe
567972a7-527e-493c-bdf5-dd463d79d232,Define ERB Scope and Responsibilities,"Define ERB Scope and Responsibilities

Description:
Clearly define the Ethics Review Board's (ERB) scope of authority, responsibilities, and decision-making processes within the project. This includes outlining the types of ethical issues the ERB will review, the criteria for ethical evaluation, and the procedures for making recommendations.

Resources needed:
• Legal Experts
• Bioethicists
• Project Manager",6/7/2026,6/15/2026,0,48bf3fa5-d94e-4534-9cba-f6738730b3ed,PlanExe
752ae1b2-15c3-4b40-bfd1-02924ca1a432,Identify and Recruit ERB Members,"Identify and Recruit ERB Members

Description:
Identify and recruit qualified individuals with expertise in relevant fields such as ethics, law, medicine, genetics, and public policy to serve as members of the Ethics Review Board. Ensure a diverse representation of perspectives and backgrounds.

Resources needed:
• HR Personnel
• Ethics Consultants
• Legal Counsel",6/15/2026,6/23/2026,0,567972a7-527e-493c-bdf5-dd463d79d232,PlanExe
25b34fae-80be-492d-8eb8-d21a25b0b311,Develop ERB Operational Procedures,"Develop ERB Operational Procedures

Description:
Establish detailed operational procedures for the Ethics Review Board, including meeting schedules, agenda preparation, document submission guidelines, review processes, voting procedures, and conflict of interest management.

Resources needed:
• Legal Experts
• Ethics Consultants
• Administrative Staff",6/23/2026,7/1/2026,0,752ae1b2-15c3-4b40-bfd1-02924ca1a432,PlanExe
23e7d2b4-c80e-4958-ad6f-e1630bf26086,Establish ERB Reporting and Communication Channels,"Establish ERB Reporting and Communication Channels

Description:
Define clear reporting and communication channels between the Ethics Review Board and other project stakeholders, including government agencies, research teams, and the public. Establish protocols for disseminating ERB findings and recommendations.

Resources needed:
• Communications Team
• Project Manager
• Legal Counsel",7/1/2026,7/9/2026,0,48bf3fa5-d94e-4534-9cba-f6738730b3ed,PlanExe
fe3fb0a7-6dc4-42f8-992f-73854fc54569,Develop Ethical Guidelines for Genetic Selection,,7/9/2026,9/7/2026,0,48bf3fa5-d94e-4534-9cba-f6738730b3ed,PlanExe
012a5745-5e69-4116-8cf5-b9e37ac2dd89,Research ethical frameworks for genetics,"Research ethical frameworks for genetics

Description:
Objective: Identify existing ethical frameworks related to genetic selection. Scope: Review literature, consult databases, and analyze case studies. Steps: 1. Conduct literature review. 2. Analyze relevant ethical guidelines. 3. Summarize findings. Deliverables: A report summarizing ethical frameworks.

Resources needed:
• Bioethicists
• Research assistants
• Legal databases
• Academic journals",7/9/2026,7/24/2026,0,fe3fb0a7-6dc4-42f8-992f-73854fc54569,PlanExe
60d3a8ec-fdf2-4915-b9f3-1d128bed44cd,Define acceptable genetic traits criteria,"Define acceptable genetic traits criteria

Description:
Objective: Establish criteria for acceptable genetic traits. Scope: Define traits based on societal needs and scientific feasibility. Steps: 1. Consult with geneticists. 2. Define trait categories. 3. Establish selection criteria. Deliverables: A document outlining acceptable genetic traits.

Resources needed:
• Geneticists
• Sociologists
• Medical experts
• Data analysts",7/24/2026,8/8/2026,0,012a5745-5e69-4116-8cf5-b9e37ac2dd89,PlanExe
949f0dbe-b074-47c0-8fe3-0e83dcbc638c,Assess public opinion on genetic selection,"Assess public opinion on genetic selection

Description:
Objective: Gauge public opinion on genetic selection. Scope: Conduct surveys and focus groups. Steps: 1. Design survey questions. 2. Conduct focus groups. 3. Analyze data. Deliverables: A report summarizing public opinion.

Resources needed:
• Survey specialists
• Focus group facilitators
• Data analysts
• Public relations team",8/8/2026,8/23/2026,0,60d3a8ec-fdf2-4915-b9f3-1d128bed44cd,PlanExe
268b9c03-9d4d-4997-80bc-b6a3bc678445,Draft ethical guidelines document,"Draft ethical guidelines document

Description:
Objective: Create a comprehensive ethical guidelines document. Scope: Integrate research, trait criteria, and public opinion. Steps: 1. Compile research findings. 2. Draft guidelines. 3. Review and revise. Deliverables: Final ethical guidelines document.

Resources needed:
• Bioethicists
• Legal experts
• Technical writers
• Ethics Review Board",8/23/2026,9/7/2026,0,fe3fb0a7-6dc4-42f8-992f-73854fc54569,PlanExe
235182ce-780d-4926-bdac-1fe91a60b126,Prepare for Potential Litigation,,9/7/2026,1/5/2027,0,8bf57ffd-dd04-494e-aad8-4b3e89ae03bb,PlanExe
6c45c765-2c8c-4f71-936a-d6c38bb82597,Identify potential legal arguments against program,"Identify potential legal arguments against program

Description:
Objective: Anticipate legal challenges. Scope: Research potential legal arguments from civil rights groups and other organizations. Steps: Review relevant case law, consult with legal experts, and analyze potential constitutional challenges. Deliverables: A comprehensive list of potential legal arguments.

Resources needed:
• Legal researchers
• Constitutional law experts
• Legal databases",9/7/2026,10/7/2026,0,235182ce-780d-4926-bdac-1fe91a60b126,PlanExe
0946ac2e-e876-4d13-9ade-a0ff843c3882,Develop legal defense strategies and responses,"Develop legal defense strategies and responses

Description:
Objective: Prepare responses to anticipated legal challenges. Scope: Develop legal strategies to defend the program against potential lawsuits. Steps: Draft legal briefs, prepare expert witness testimony, and develop counter-arguments to potential legal challenges. Deliverables: A comprehensive legal defense strategy document.

Resources needed:
• Experienced litigators
• Legal researchers
• Expert witnesses",10/7/2026,11/6/2026,0,6c45c765-2c8c-4f71-936a-d6c38bb82597,PlanExe
2dd3f55f-7e50-4ffc-bd82-416026a8f375,Secure legal resources and expertise,"Secure legal resources and expertise

Description:
Objective: Ensure access to necessary legal support. Scope: Identify and secure legal resources and expertise to defend the program. Steps: Engage a team of experienced lawyers, allocate budget for legal fees, and establish a communication plan with legal counsel. Deliverables: A legal team and budget allocated for legal defense.

Resources needed:
• Project manager
• Legal procurement specialist
• Budget allocation",11/6/2026,12/6/2026,0,0946ac2e-e876-4d13-9ade-a0ff843c3882,PlanExe
f2189a94-38ff-4116-b0e7-0b9f776503bb,Prepare for potential appeals process,"Prepare for potential appeals process

Description:
Objective: Plan for potential appeals. Scope: Develop a strategy for handling potential appeals to higher courts. Steps: Research appellate court procedures, identify potential appellate arguments, and prepare for potential appeals. Deliverables: An appeals strategy document.

Resources needed:
• Appellate lawyers
• Legal researchers
• Legal strategists",12/6/2026,1/5/2027,0,235182ce-780d-4926-bdac-1fe91a60b126,PlanExe
8bd206fb-5efd-4b1e-9898-9aeb0fa55cfd,Infrastructure Development,,1/5/2027,12/5/2031,0,8bf57ffd-dd04-494e-aad8-4b3e89ae03bb,PlanExe
938fc61a-d2e9-426d-9c24-881655d5e7bb,Design and Construct IVF Facilities,,1/5/2027,7/8/2028,0,8bd206fb-5efd-4b1e-9898-9aeb0fa55cfd,PlanExe
0f2af676-a705-4c83-a9cc-7afed0a4a00b,Secure Land and Necessary Permits (1),"Secure Land and Necessary Permits

Description:
Objective: Acquire suitable land and obtain all required permits for IVF facility construction.
Scope: Includes site selection, environmental impact assessments, zoning approvals, and building permits.
Steps: Conduct site surveys, prepare permit applications, liaise with regulatory agencies, and address any community concerns.
Deliverables: Land deed and all necessary construction permits.

Resources needed:
• Real Estate Lawyer
• Environmental Consultant
• Permitting Specialist
• Project Manager",1/5/2027,4/25/2027,0,938fc61a-d2e9-426d-9c24-881655d5e7bb,PlanExe
4f08d895-39ef-4c4a-ae7d-9fd77ce8930f,Develop Facility Design and Blueprints,"Develop Facility Design and Blueprints

Description:
Objective: Create detailed architectural and engineering plans for the IVF facility.
Scope: Includes layout design, HVAC systems, electrical systems, plumbing, and specialized laboratory requirements.
Steps: Engage architects and engineers, conduct design reviews, ensure compliance with building codes, and finalize blueprints.
Deliverables: Approved architectural and engineering blueprints.

Resources needed:
• Architect
• Structural Engineer
• Mechanical Engineer
• Electrical Engineer
• Lab Design Consultant",4/25/2027,8/13/2027,0,0f2af676-a705-4c83-a9cc-7afed0a4a00b,PlanExe
ac15d62a-748e-4164-bb5d-7ed4067c6f2e,Hire Construction Contractors and Manage Build,"Hire Construction Contractors and Manage Build

Description:
Objective: Select qualified contractors and oversee the construction of the IVF facility.
Scope: Includes contractor bidding, contract negotiation, construction supervision, quality control, and adherence to timelines and budget.
Steps: Issue requests for proposals, evaluate bids, award contracts, conduct site inspections, and manage change orders.
Deliverables: Completed IVF facility construction.

Resources needed:
• Construction Manager
• General Contractor
• Subcontractors (plumbing, electrical, HVAC)
• Quality Control Inspector",8/13/2027,12/1/2027,0,4f08d895-39ef-4c4a-ae7d-9fd77ce8930f,PlanExe
d2f3f5a0-7956-4e27-8e91-03f5bfacbdfb,Procure and Install Medical Equipment,"Procure and Install Medical Equipment

Description:
Objective: Acquire and install all necessary medical equipment for the IVF facility.
Scope: Includes IVF incubators, microscopes, centrifuges, cryopreservation equipment, and monitoring systems.
Steps: Research equipment options, obtain quotes, place orders, coordinate delivery, and oversee installation and calibration.
Deliverables: Fully operational medical equipment.

Resources needed:
• Medical Equipment Specialist
• Biomedical Engineer
• Procurement Officer
• IT Support",12/1/2027,3/20/2028,0,ac15d62a-748e-4164-bb5d-7ed4067c6f2e,PlanExe
d84ec49b-0c0c-4971-a9f9-16ba1c2f7ec9,Recruit and Train Medical Staff,"Recruit and Train Medical Staff

Description:
Objective: Hire and train qualified medical personnel to operate the IVF facility.
Scope: Includes recruiting embryologists, reproductive endocrinologists, nurses, and lab technicians. Training covers IVF procedures, equipment operation, and patient care.
Steps: Post job openings, conduct interviews, verify credentials, develop training programs, and provide ongoing professional development.
Deliverables: Fully staffed and trained medical team.

Resources needed:
• Human Resources Manager
• Medical Director
• Training Coordinator
• Experienced IVF Professionals",3/20/2028,7/8/2028,0,938fc61a-d2e9-426d-9c24-881655d5e7bb,PlanExe
c49f2bac-ce9f-4d7f-a9e7-3445ad6dc3a5,Design and Construct Child-Rearing Facilities,,7/8/2028,1/9/2030,0,938fc61a-d2e9-426d-9c24-881655d5e7bb,PlanExe
122dba43-b7d2-4983-92dc-a6e8e33e9159,Secure land and necessary permits (2),"Secure land and necessary permits

Description:
Objective: Acquire suitable land parcels and obtain all required construction permits.
Scope: Identify potential sites, conduct environmental impact assessments, and navigate the permitting process with local authorities.
Steps: Research zoning regulations, negotiate land purchase agreements, prepare permit applications, and attend public hearings.
Deliverables: Land deeds and approved construction permits.

Resources needed:
• Real estate lawyer
• Environmental consultant
• Permitting specialist
• Land surveyor",7/8/2028,10/26/2028,0,c49f2bac-ce9f-4d7f-a9e7-3445ad6dc3a5,PlanExe
19b6212d-ef19-4762-89b2-575eab7f99f2,Develop architectural designs and blueprints,"Develop architectural designs and blueprints

Description:
Objective: Create detailed architectural designs and blueprints for the child-rearing facilities.
Scope: Design functional and aesthetically pleasing facilities that meet the needs of children and staff, while adhering to safety and building codes.
Steps: Conduct needs assessments, develop preliminary designs, refine designs based on feedback, and create detailed blueprints.
Deliverables: Approved architectural designs and blueprints.

Resources needed:
• Architect
• Structural engineer
• MEP engineer
• Interior designer",10/26/2028,2/13/2029,0,122dba43-b7d2-4983-92dc-a6e8e33e9159,PlanExe
ceda00c4-d390-46ea-a717-3414cca8e874,Hire construction contractors and subcontractors,"Hire construction contractors and subcontractors

Description:
Objective: Select qualified construction contractors and subcontractors to build the child-rearing facilities.
Scope: Identify potential contractors, evaluate their qualifications and experience, negotiate contracts, and ensure compliance with safety regulations.
Steps: Develop a request for proposal (RFP), review proposals, conduct interviews, and select contractors.
Deliverables: Signed construction contracts.

Resources needed:
• Project manager
• Construction manager
• Legal counsel
• Procurement specialist",2/13/2029,6/3/2029,0,19b6212d-ef19-4762-89b2-575eab7f99f2,PlanExe
b9aa7c0f-0e3a-4a51-935b-7b223d4025c7,Oversee construction and quality control,"Oversee construction and quality control

Description:
Objective: Manage the construction process and ensure that the facilities are built according to the approved designs and specifications.
Scope: Monitor construction progress, conduct regular inspections, address any issues or delays, and ensure quality control.
Steps: Conduct site visits, review progress reports, resolve conflicts, and approve change orders.
Deliverables: Completed child-rearing facilities.

Resources needed:
• Construction manager
• Site supervisor
• Quality control inspector
• Safety officer",6/3/2029,9/21/2029,0,ceda00c4-d390-46ea-a717-3414cca8e874,PlanExe
3cd4f1a9-48cf-4921-8d71-a91721a8f018,Install utilities and infrastructure,"Install utilities and infrastructure

Description:
Objective: Install all necessary utilities and infrastructure, including water, electricity, gas, and telecommunications.
Scope: Coordinate with utility companies, obtain necessary permits, and ensure that the infrastructure meets all safety and regulatory requirements.
Steps: Submit utility applications, schedule installations, and conduct inspections.
Deliverables: Operational utilities and infrastructure.

Resources needed:
• Utility companies
• Electrical contractor
• Plumbing contractor
• Telecommunications contractor",9/21/2029,1/9/2030,0,c49f2bac-ce9f-4d7f-a9e7-3445ad6dc3a5,PlanExe
8b615290-3041-4a83-9ea3-96c2ba98629b,Establish Genetic Research Laboratories,,1/9/2030,10/6/2030,0,c49f2bac-ce9f-4d7f-a9e7-3445ad6dc3a5,PlanExe
2de1c3f7-4f83-4cf9-ba63-0228e5b8b938,Design Lab Layout and Specifications,"Design Lab Layout and Specifications

Description:
Develop detailed blueprints and technical specifications for the genetic research laboratories, including equipment placement, safety protocols, and workflow optimization. This includes defining space requirements, ventilation systems, and specialized infrastructure needs.

Resources needed:
• Architect
• Lab Planner
• Safety Officer
• Geneticists",1/9/2030,3/4/2030,0,8b615290-3041-4a83-9ea3-96c2ba98629b,PlanExe
db6856b1-1829-473d-a7fe-ea422a3a037e,Procure Specialized Lab Equipment,"Procure Specialized Lab Equipment

Description:
Identify, evaluate, and purchase specialized equipment required for genetic research, such as DNA sequencers, PCR machines, centrifuges, microscopes, and robotic liquid handling systems. This includes obtaining quotes, negotiating contracts, and managing equipment delivery and installation.

Resources needed:
• Procurement Specialist
• Lab Manager
• Geneticists
• Equipment Vendors",3/4/2030,4/27/2030,0,2de1c3f7-4f83-4cf9-ba63-0228e5b8b938,PlanExe
36c92565-43b7-403b-8284-c01f2f3e35b2,Recruit and Train Lab Personnel,"Recruit and Train Lab Personnel

Description:
Recruit and hire qualified personnel to staff the genetic research laboratories, including geneticists, lab technicians, data analysts, and bioinformaticians. Develop and implement comprehensive training programs to ensure personnel are proficient in using lab equipment and following established protocols.

Resources needed:
• Human Resources
• Lab Manager
• Senior Geneticists
• Training Specialists",4/27/2030,6/20/2030,0,db6856b1-1829-473d-a7fe-ea422a3a037e,PlanExe
aaf43cbe-43d4-4d24-acfe-42380d2aac6d,Establish Lab Safety Protocols,"Establish Lab Safety Protocols

Description:
Develop and implement comprehensive safety protocols for the genetic research laboratories, including procedures for handling hazardous materials, managing biological waste, and responding to emergencies. This includes conducting risk assessments, providing safety training, and ensuring compliance with relevant regulations.

Resources needed:
• Safety Officer
• Lab Manager
• Regulatory Compliance Specialist
• Bioethicist",6/20/2030,8/13/2030,0,36c92565-43b7-403b-8284-c01f2f3e35b2,PlanExe
8771ca56-fffb-4e7d-8ae7-e7192bfff7c2,Validate Lab Equipment and Procedures,"Validate Lab Equipment and Procedures

Description:
Conduct thorough validation testing of all lab equipment and procedures to ensure accuracy, reliability, and reproducibility of results. This includes calibrating equipment, performing quality control checks, and documenting validation results.

Resources needed:
• Lab Manager
• Quality Control Specialist
• Geneticists
• Lab Technicians",8/13/2030,10/6/2030,0,8b615290-3041-4a83-9ea3-96c2ba98629b,PlanExe
ab1357dc-55ff-4df5-ba3e-f05b1cc4fc4f,Develop AI-Driven Surveillance Infrastructure,,10/6/2030,10/6/2031,0,8b615290-3041-4a83-9ea3-96c2ba98629b,PlanExe
5772892e-2124-4460-8637-d396eaf3c931,Design AI Surveillance System Architecture,"Design AI Surveillance System Architecture

Description:
Define the overall architecture of the AI-driven surveillance system, including hardware and software components, data storage, and communication protocols.  Specify system requirements, scalability needs, and security considerations. Deliverable: System architecture document.

Resources needed:
• AI Architects
• Software Engineers
• Security Experts
• Data Scientists",10/6/2030,12/18/2030,0,ab1357dc-55ff-4df5-ba3e-f05b1cc4fc4f,PlanExe
39be5fcd-9477-49b5-a6f2-73229e499a72,Develop AI Algorithms for Surveillance,"Develop AI Algorithms for Surveillance

Description:
Develop and train AI algorithms for facial recognition, behavior analysis, and anomaly detection.  Implement machine learning models and optimize them for performance and accuracy. Deliverable: Trained AI models and performance reports.

Resources needed:
• AI Engineers
• Machine Learning Specialists
• Data Scientists
• High-Performance Computing Clusters",12/18/2030,3/1/2031,0,5772892e-2124-4460-8637-d396eaf3c931,PlanExe
e7c54652-4f06-4481-9ac5-4b75bbece046,Integrate AI with Surveillance Infrastructure,"Integrate AI with Surveillance Infrastructure

Description:
Integrate the developed AI algorithms with existing surveillance infrastructure, including cameras, sensors, and data storage systems. Ensure seamless data flow and real-time processing capabilities. Deliverable: Integrated surveillance system.

Resources needed:
• Software Engineers
• Systems Integrators
• Network Engineers
• Security Experts",3/1/2031,5/13/2031,0,39be5fcd-9477-49b5-a6f2-73229e499a72,PlanExe
55325699-c6e5-4968-9f0a-a62d2092d8f9,Implement Data Security and Privacy Measures,"Implement Data Security and Privacy Measures

Description:
Implement robust data security and privacy measures to protect sensitive information collected by the surveillance system.  Implement encryption, access controls, and audit trails. Deliverable: Security and privacy compliance documentation.

Resources needed:
• Security Experts
• Data Privacy Specialists
• Compliance Officers
• Software Engineers",5/13/2031,7/25/2031,0,e7c54652-4f06-4481-9ac5-4b75bbece046,PlanExe
05048466-3eb7-4fcc-9eae-6a51ad44f48a,Test and Deploy AI Surveillance System,"Test and Deploy AI Surveillance System

Description:
Conduct thorough testing of the AI-driven surveillance system to ensure its functionality, performance, and security. Deploy the system in designated areas and monitor its performance. Deliverable: Deployed and operational surveillance system.

Resources needed:
• Software Engineers
• Testing Team
• Deployment Team
• Security Experts",7/25/2031,10/6/2031,0,ab1357dc-55ff-4df5-ba3e-f05b1cc4fc4f,PlanExe
40281514-ea26-4cd9-bfa9-eb114885b7c7,Procure Virtual Reality Equipment,,10/6/2031,12/5/2031,0,8bd206fb-5efd-4b1e-9898-9aeb0fa55cfd,PlanExe
ff7d5efa-5b51-4aee-b7f5-f74e79b0f4f4,Define VR Equipment Specifications,"Define VR Equipment Specifications

Description:
Determine the specific technical requirements and features needed for the virtual reality equipment, including resolution, refresh rate, tracking accuracy, and compatibility with existing systems.

Resources needed:
• VR Specialists
• Technical Consultants
• Project Manager",10/6/2031,10/18/2031,0,40281514-ea26-4cd9-bfa9-eb114885b7c7,PlanExe
e5b53a35-d112-41c4-adc8-f8f0a3591ae1,Identify Potential VR Equipment Vendors,"Identify Potential VR Equipment Vendors

Description:
Research and identify potential vendors that can supply the required virtual reality equipment, considering factors such as product quality, pricing, delivery timelines, and vendor reputation.

Resources needed:
• Procurement Team
• VR Specialists
• Research Analysts",10/18/2031,10/30/2031,0,ff7d5efa-5b51-4aee-b7f5-f74e79b0f4f4,PlanExe
73b37614-8c74-4891-af09-b15e4246a770,Evaluate and Select VR Equipment,"Evaluate and Select VR Equipment

Description:
Evaluate the virtual reality equipment offered by different vendors based on the defined specifications and vendor capabilities. Conduct testing and demonstrations to assess performance and usability before making a final selection.

Resources needed:
• VR Specialists
• Technical Consultants
• Evaluation Team",10/30/2031,11/11/2031,0,e5b53a35-d112-41c4-adc8-f8f0a3591ae1,PlanExe
926ae62d-bbc3-459c-b8ee-5bd56a0046b4,Negotiate Contracts and Purchase VR Equipment,"Negotiate Contracts and Purchase VR Equipment

Description:
Negotiate contracts with the selected vendors to secure favorable pricing, delivery terms, and warranty conditions. Finalize purchase orders and arrange for the delivery of the virtual reality equipment.

Resources needed:
• Procurement Team
• Legal Team
• Finance Team",11/11/2031,11/23/2031,0,73b37614-8c74-4891-af09-b15e4246a770,PlanExe
8c39bf3f-1407-44ff-ae15-f215526ada5d,Install and Configure VR Equipment,"Install and Configure VR Equipment

Description:
Install and configure the virtual reality equipment in the designated facilities, ensuring proper setup, calibration, and integration with existing systems. Conduct testing to verify functionality and performance.

Resources needed:
• Technical Support Team
• VR Specialists
• IT Personnel",11/23/2031,12/5/2031,0,40281514-ea26-4cd9-bfa9-eb114885b7c7,PlanExe
f2e506cc-a543-4836-874f-d0d252fe144e,Program Implementation,,12/5/2031,7/29/2034,0,8bd206fb-5efd-4b1e-9898-9aeb0fa55cfd,PlanExe
1d99aa08-5585-4ee5-98b5-5973cb9d1016,Implement Resource Allocation Strategy,,12/5/2031,1/4/2032,0,f2e506cc-a543-4836-874f-d0d252fe144e,PlanExe
66236687-51aa-439f-bb04-146e4543c2ae,Identify Resource Needs,"Identify Resource Needs

Description:
Determine the specific resources (personnel, equipment, funding) required for each aspect of the program, including IVF facilities, child-rearing facilities, genetic research labs, and AI surveillance infrastructure.

Resources needed:
• Project Manager
• Department Heads
• Financial Analyst",12/5/2031,12/11/2031,0,1d99aa08-5585-4ee5-98b5-5973cb9d1016,PlanExe
aee2de1e-cab0-4e44-83ad-10b7fd8e2a1d,Prioritize Resource Allocation,"Prioritize Resource Allocation

Description:
Establish a prioritization framework for resource allocation based on program goals, legal requirements, and ethical considerations. Consider factors such as population growth targets, gender ratio objectives, and child development outcomes.

Resources needed:
• Project Manager
• Ethics Review Board
• Legal Team",12/11/2031,12/17/2031,0,66236687-51aa-439f-bb04-146e4543c2ae,PlanExe
9aa5eebb-9626-4c38-862d-eac80e082655,Develop Allocation Plan,"Develop Allocation Plan

Description:
Create a detailed resource allocation plan that outlines how resources will be distributed across different program components, including timelines, budgets, and performance metrics. Address potential bottlenecks and resource constraints.

Resources needed:
• Project Manager
• Financial Analyst
• Operations Team",12/17/2031,12/23/2031,0,aee2de1e-cab0-4e44-83ad-10b7fd8e2a1d,PlanExe
0342b203-9167-4951-af2d-c242423b9369,Implement Tracking System,"Implement Tracking System

Description:
Establish a robust tracking and auditing system to monitor resource utilization, identify inefficiencies, and prevent misuse of funds. Implement clear accountability measures for resource management and conduct regular performance reviews.

Resources needed:
• IT Team
• Auditing Team
• Project Manager",12/23/2031,12/29/2031,0,9aa5eebb-9626-4c38-862d-eac80e082655,PlanExe
13b71e71-74b0-470e-b37a-f0639d978156,Monitor and Adjust Allocation,"Monitor and Adjust Allocation

Description:
Continuously monitor the effectiveness of the resource allocation plan and make adjustments as needed based on program performance, changing priorities, and emerging challenges. Regularly evaluate the impact of resource allocation decisions on program outcomes.

Resources needed:
• Project Manager
• Data Analysis Team
• Department Heads",12/29/2031,1/4/2032,0,1d99aa08-5585-4ee5-98b5-5973cb9d1016,PlanExe
cfd60c51-c092-4c42-8659-18a759f6da8d,Implement Reproductive Mandate Enforcement Strategy,,1/4/2032,5/3/2032,0,1d99aa08-5585-4ee5-98b5-5973cb9d1016,PlanExe
c2a41026-cc4a-46e7-b671-b809a20a7c59,Establish Compliance Tracking System,"Establish Compliance Tracking System

Description:
Develop a system to monitor and track compliance with the reproductive mandate, including data collection methods, reporting mechanisms, and data security protocols. This involves defining key performance indicators (KPIs) and establishing a baseline for measuring progress.

Resources needed:
• Data analysts
• IT specialists
• Database administrators
• Legal counsel",1/4/2032,1/28/2032,0,cfd60c51-c092-4c42-8659-18a759f6da8d,PlanExe
1af5e97f-f9d6-4faa-b865-097b26265207,Develop Enforcement Procedures and Penalties,"Develop Enforcement Procedures and Penalties

Description:
Define clear enforcement procedures for non-compliance with the reproductive mandate, including warnings, fines, and other penalties. Ensure that these procedures are legally sound and ethically justifiable, and that they are consistently applied across the population.

Resources needed:
• Legal experts
• Policy analysts
• Ethics review board
• Law enforcement personnel",1/28/2032,2/21/2032,0,c2a41026-cc4a-46e7-b671-b809a20a7c59,PlanExe
5497aa66-9d67-46dc-acac-edc32256545b,Implement Public Awareness Campaign,"Implement Public Awareness Campaign

Description:
Launch a public awareness campaign to educate the population about the reproductive mandate, its rationale, and the consequences of non-compliance. This campaign should utilize various communication channels, including social media, traditional media, and community outreach programs.

Resources needed:
• Public relations specialists
• Marketing professionals
• Communication experts
• Community organizers",2/21/2032,3/16/2032,0,1af5e97f-f9d6-4faa-b865-097b26265207,PlanExe
49c49995-4b38-44a6-b8c3-85b77347a9b9,Provide Support Services for Compliance,"Provide Support Services for Compliance

Description:
Offer support services to help individuals comply with the reproductive mandate, such as access to fertility treatments, childcare assistance, and financial incentives. These services should be readily available and accessible to all members of the population.

Resources needed:
• Healthcare providers
• Social workers
• Financial advisors
• Childcare professionals",3/16/2032,4/9/2032,0,5497aa66-9d67-46dc-acac-edc32256545b,PlanExe
0d6214b7-ab55-4818-bca4-14f0cee70813,Monitor and Evaluate Enforcement Effectiveness,"Monitor and Evaluate Enforcement Effectiveness

Description:
Continuously monitor and evaluate the effectiveness of the enforcement strategy, including compliance rates, public sentiment, and any unintended consequences. Use this data to refine the strategy and ensure that it is achieving its intended goals.

Resources needed:
• Data analysts
• Evaluation specialists
• Sociologists
• Public health experts",4/9/2032,5/3/2032,0,cfd60c51-c092-4c42-8659-18a759f6da8d,PlanExe
637de8e9-7dd7-4836-a7b7-a5205489f9b5,Implement Genetic Selection Protocol,,5/3/2032,5/3/2033,0,cfd60c51-c092-4c42-8659-18a759f6da8d,PlanExe
3084e7f7-1051-4c4c-b118-0733222efb20,Define Genetic Selection Criteria,"Define Genetic Selection Criteria

Description:
Establish specific, measurable, achievable, relevant, and time-bound criteria for genetic selection, considering ethical and societal implications. This includes defining the traits to be selected for or against, the acceptable range for each trait, and the methods for assessing these traits.

Resources needed:
• Geneticists
• Bioethicists
• Sociologists
• Legal Experts",5/3/2032,7/15/2032,0,637de8e9-7dd7-4836-a7b7-a5205489f9b5,PlanExe
1a969669-3cc9-40eb-941d-b373040fad96,Develop Genetic Screening Protocols,"Develop Genetic Screening Protocols

Description:
Create detailed protocols for genetic screening, including sample collection, DNA extraction, sequencing, and analysis. Ensure the protocols are accurate, reliable, and compliant with ethical and legal standards. This includes selecting appropriate technologies and equipment, establishing quality control measures, and training personnel.

Resources needed:
• Geneticists
• Lab Technicians
• Bioinformaticians
• Medical Equipment",7/15/2032,9/26/2032,0,3084e7f7-1051-4c4c-b118-0733222efb20,PlanExe
1b65e243-620f-4bd6-b9d2-c0552a492ebc,Implement Data Management System,"Implement Data Management System

Description:
Establish a secure and confidential data management system for storing and managing genetic information. Ensure the system complies with data privacy regulations and protects against unauthorized access. This includes selecting appropriate database software, implementing security protocols, and training personnel on data management procedures.

Resources needed:
• Data Scientists
• IT Security Specialists
• Database Administrators
• Secure Servers",9/26/2032,12/8/2032,0,1a969669-3cc9-40eb-941d-b373040fad96,PlanExe
08a85235-e38a-4986-9651-1a65921af664,Establish Ethical Oversight Committee,"Establish Ethical Oversight Committee

Description:
Form an independent ethical oversight committee to review and approve all aspects of the genetic selection program. Ensure the committee has the expertise and authority to address ethical concerns and protect the rights of individuals. This includes recruiting committee members, developing ethical guidelines, and establishing procedures for reviewing and approving research proposals.

Resources needed:
• Bioethicists
• Legal Experts
• Public Representatives
• Committee Administrator",12/8/2032,2/19/2033,0,1b65e243-620f-4bd6-b9d2-c0552a492ebc,PlanExe
6a690017-11ed-44d0-a19b-6f84bddcb518,Conduct Pilot Genetic Selection Program,"Conduct Pilot Genetic Selection Program

Description:
Implement a pilot genetic selection program to test the feasibility and effectiveness of the protocols and criteria. Monitor the outcomes of the pilot program and make adjustments as needed. This includes recruiting participants, collecting data, analyzing results, and evaluating the program's impact.

Resources needed:
• Geneticists
• Lab Technicians
• Data Analysts
• Medical Professionals",2/19/2033,5/3/2033,0,637de8e9-7dd7-4836-a7b7-a5205489f9b5,PlanExe
a3c9110b-63dd-4f6e-93f6-d4ee4969c24d,Implement Child Rearing Model,,5/3/2033,1/30/2034,0,637de8e9-7dd7-4836-a7b7-a5205489f9b5,PlanExe
ce039cdd-d71c-4a2f-9023-9bf6cb3dff72,Develop standardized child-rearing protocols,"Develop standardized child-rearing protocols

Description:
Establish detailed guidelines for daily routines, educational activities, and social interactions within the child-rearing facilities. This includes defining age-appropriate milestones and developmental goals.

Resources needed:
• Child development specialists
• Educators
• Psychologists
• Sociologists",5/3/2033,7/10/2033,0,a3c9110b-63dd-4f6e-93f6-d4ee4969c24d,PlanExe
0ff6a271-fc53-4573-bab0-71d913073e82,Recruit and train child-rearing facility staff,"Recruit and train child-rearing facility staff

Description:
Implement a comprehensive recruitment process to identify qualified caregivers, educators, and support staff. Develop a rigorous training program covering child development, psychology, first aid, and emergency response.

Resources needed:
• HR personnel
• Training specialists
• Childcare experts
• Facility managers",7/10/2033,9/16/2033,0,ce039cdd-d71c-4a2f-9023-9bf6cb3dff72,PlanExe
847467c6-ad2d-4d03-b56a-ed9633cce456,Establish monitoring and evaluation system,"Establish monitoring and evaluation system

Description:
Create a system for tracking child development outcomes, assessing the effectiveness of the child-rearing model, and identifying areas for improvement. This includes defining key performance indicators (KPIs) and developing data collection methods.

Resources needed:
• Data analysts
• Child development specialists
• Evaluation experts
• IT support",9/16/2033,11/23/2033,0,0ff6a271-fc53-4573-bab0-71d913073e82,PlanExe
cbc1173c-4ccc-4977-877b-b7c8abbdcdef,Design facility environment for optimal development,"Design facility environment for optimal development

Description:
Plan the physical layout and design of the child-rearing facilities to promote healthy development, safety, and well-being. This includes selecting appropriate furniture, toys, and educational materials.

Resources needed:
• Architects
• Interior designers
• Child development specialists
• Safety experts",11/23/2033,1/30/2034,0,a3c9110b-63dd-4f6e-93f6-d4ee4969c24d,PlanExe
259c745f-abcc-424a-81fb-c74d86848790,Manage Public Perception,,1/30/2034,7/29/2034,0,f2e506cc-a543-4836-874f-d0d252fe144e,PlanExe
a47e521f-fa3d-48af-983f-15f7d7176c7e,Analyze Current Public Sentiment,"Analyze Current Public Sentiment

Description:
Objective: Understand current public perception of the program. Scope: Analyze social media, news articles, and public opinion surveys. Steps: Collect data, analyze sentiment, identify key concerns. Deliverables: Sentiment analysis report.

Resources needed:
• Social media analytics tools
• Public relations team
• Data analysts",1/30/2034,3/16/2034,0,259c745f-abcc-424a-81fb-c74d86848790,PlanExe
064bb9ac-67c2-4213-a7a6-f49f0218192f,Develop Key Messaging and Narratives,"Develop Key Messaging and Narratives

Description:
Objective: Craft compelling messages to address public concerns and promote program benefits. Scope: Develop narratives for different target audiences. Steps: Identify key messages, create content, test messaging. Deliverables: Messaging framework and content library.

Resources needed:
• Public relations experts
• Marketing team
• Communication specialists",3/16/2034,4/30/2034,0,a47e521f-fa3d-48af-983f-15f7d7176c7e,PlanExe
36aa5a87-70ab-4176-a358-e5bd0a9f8411,Implement Communication Strategy,"Implement Communication Strategy

Description:
Objective: Disseminate key messages through various channels. Scope: Utilize media outlets, social media, and community engagement. Steps: Plan communication activities, execute campaigns, monitor reach. Deliverables: Communication plan and campaign reports.

Resources needed:
• Public relations team
• Marketing team
• Media relations specialists",4/30/2034,6/14/2034,0,064bb9ac-67c2-4213-a7a6-f49f0218192f,PlanExe
9eefc31a-162f-4e84-a863-c3569b1030ba,Monitor and Respond to Feedback,"Monitor and Respond to Feedback

Description:
Objective: Track public reaction and address concerns promptly. Scope: Monitor social media, news, and community forums. Steps: Collect feedback, analyze trends, develop responses. Deliverables: Feedback analysis reports and response strategies.

Resources needed:
• Social media monitoring tools
• Public relations team
• Communication specialists",6/14/2034,7/29/2034,0,259c745f-abcc-424a-81fb-c74d86848790,PlanExe
f0ddae45-5aea-46a2-86f6-7e9b3a49acb2,Monitoring and Evaluation,,7/29/2034,2/17/2035,0,3af6889d-09b2-462f-a6e5-e39d0c93f8d2,PlanExe
6b47ac81-8ec1-4649-bcb0-3a4d4ba697ba,Monitor Population Growth and Gender Ratio,,7/29/2034,9/27/2034,0,f0ddae45-5aea-46a2-86f6-7e9b3a49acb2,PlanExe
80fb5b21-7ab5-40c5-854e-d3c754ddb84e,Collect birth and death records,"Collect birth and death records

Description:
Gather data on births and deaths from national databases and local registries. Ensure data includes gender information.

Resources needed:
• Data analysts
• Database administrators
• Government liaisons",7/29/2034,8/10/2034,0,6b47ac81-8ec1-4649-bcb0-3a4d4ba697ba,PlanExe
f788cf0f-c079-4576-b841-57c184246c93,Analyze population data by gender,"Analyze population data by gender

Description:
Process raw birth and death data to determine current population size and gender distribution. Identify trends and anomalies.

Resources needed:
• Statisticians
• Data scientists
• High-performance computing clusters",8/10/2034,8/22/2034,0,80fb5b21-7ab5-40c5-854e-d3c754ddb84e,PlanExe
f748b0d1-ea30-4f43-bb85-4de8f1fbc2ed,Model future population projections,"Model future population projections

Description:
Develop predictive models to forecast population growth and gender ratio based on current trends and program interventions.

Resources needed:
• Demographers
• Mathematical modelers
• Simulation software",8/22/2034,9/3/2034,0,f788cf0f-c079-4576-b841-57c184246c93,PlanExe
22118c43-04b5-4255-a484-0f9d36ddefb5,Compare projections to target goals,"Compare projections to target goals

Description:
Compare modeled population projections with the target 75/25 female/male ratio. Identify gaps and areas needing adjustment.

Resources needed:
• Project managers
• Data analysts
• Demographers",9/3/2034,9/15/2034,0,f748b0d1-ea30-4f43-bb85-4de8f1fbc2ed,PlanExe
e93636b8-c6ec-4952-9854-6681b8b677f8,Report findings and recommendations,"Report findings and recommendations

Description:
Prepare reports summarizing population data, projections, and recommendations for program adjustments to achieve target goals.

Resources needed:
• Report writers
• Data visualization specialists
• Project managers",9/15/2034,9/27/2034,0,6b47ac81-8ec1-4649-bcb0-3a4d4ba697ba,PlanExe
c94d4d29-8492-439c-b49e-31b6dda9fa07,Evaluate Child Development Outcomes,,9/27/2034,12/26/2034,0,6b47ac81-8ec1-4649-bcb0-3a4d4ba697ba,PlanExe
cd08f630-f591-4015-9c57-aed9a55ae7c0,Define Child Development Metrics,"Define Child Development Metrics

Description:
Establish specific, measurable, achievable, relevant, and time-bound (SMART) metrics for assessing child development across physical, cognitive, social, and emotional domains. This includes selecting appropriate assessment tools and establishing baseline data.

Resources needed:
• Child Development Specialists
• Psychologists
• Educational Assessment Experts
• Data Analysts",9/27/2034,10/15/2034,0,c94d4d29-8492-439c-b49e-31b6dda9fa07,PlanExe
89a2a1c1-b467-4e4e-8e51-95d1c724aec0,Collect Longitudinal Child Development Data,"Collect Longitudinal Child Development Data

Description:
Implement a system for collecting longitudinal data on child development metrics from infancy through adolescence. This includes establishing data collection protocols, training data collectors, and ensuring data privacy and security.

Resources needed:
• Data Collectors
• Childcare Facility Staff
• Data Management System
• IT Support",10/15/2034,11/2/2034,0,cd08f630-f591-4015-9c57-aed9a55ae7c0,PlanExe
f4cdf575-4bad-4016-8fb8-113fc74743f9,Analyze Child Development Data,"Analyze Child Development Data

Description:
Analyze the collected child development data to identify trends, patterns, and potential areas of concern. This includes using statistical methods to compare outcomes across different groups and identify factors that may influence development.

Resources needed:
• Data Analysts
• Statistical Software
• Child Development Specialists
• Research Scientists",11/2/2034,11/20/2034,0,89a2a1c1-b467-4e4e-8e51-95d1c724aec0,PlanExe
9d7ceed2-27ec-44d9-83e6-bf2e9f51d36d,Compare Outcomes to Control Groups,"Compare Outcomes to Control Groups

Description:
Compare child development outcomes in the program to those of control groups (e.g., children raised in traditional family settings) to assess the effectiveness of the child-rearing model. This includes controlling for confounding variables and ensuring the comparability of the groups.

Resources needed:
• Data Analysts
• Statistical Software
• Child Development Specialists
• Research Scientists
• Access to Control Group Data",11/20/2034,12/8/2034,0,f4cdf575-4bad-4016-8fb8-113fc74743f9,PlanExe
2fedfb9f-81ea-4c95-8d3e-e074dd502ca7,Report Child Development Evaluation Findings,"Report Child Development Evaluation Findings

Description:
Prepare and disseminate reports on the child development evaluation findings to stakeholders, including government agencies, ethics review boards, and the public. This includes summarizing key findings, highlighting areas of success and concern, and making recommendations for program improvement.

Resources needed:
• Report Writers
• Data Visualization Tools
• Communication Specialists
• Stakeholder Engagement Team",12/8/2034,12/26/2034,0,c94d4d29-8492-439c-b49e-31b6dda9fa07,PlanExe
e0822807-8626-4a7b-9e5a-e53dd72f8f6b,Assess Public Sentiment and Compliance,,12/26/2034,1/25/2035,0,c94d4d29-8492-439c-b49e-31b6dda9fa07,PlanExe
ac87cd95-3c2e-4000-8c68-30bd378a729e,Design Public Sentiment Surveys,"Design Public Sentiment Surveys

Description:
Develop survey questions to gauge public opinion on the program. Define target demographics and sample sizes. Ensure questions are unbiased and ethically sound.

Resources needed:
• Survey designers
• Statisticians
• Ethics review board",12/26/2034,1/1/2035,0,e0822807-8626-4a7b-9e5a-e53dd72f8f6b,PlanExe
7974e230-c801-40cd-98f6-1b94076491cd,Conduct Focus Group Sessions,"Conduct Focus Group Sessions

Description:
Organize and conduct focus group sessions with diverse segments of the population. Gather qualitative data on public perceptions, concerns, and suggestions regarding the program.

Resources needed:
• Focus group facilitators
• Recruiters
• Transcription services",1/1/2035,1/7/2035,0,ac87cd95-3c2e-4000-8c68-30bd378a729e,PlanExe
e753f78d-9bf9-4978-b631-3172082102a1,Analyze Social Media Sentiment,"Analyze Social Media Sentiment

Description:
Utilize social media analytics tools to monitor public sentiment and identify emerging trends. Track mentions, hashtags, and keywords related to the program. Identify key influencers and potential sources of misinformation.

Resources needed:
• Social media analysts
• Data scientists
• Sentiment analysis software",1/7/2035,1/13/2035,0,7974e230-c801-40cd-98f6-1b94076491cd,PlanExe
d811adfb-eb86-4de6-9b4b-25d8d8d20c95,Assess Program Compliance Rates,"Assess Program Compliance Rates

Description:
Collect and analyze data on program compliance rates across different demographics and regions. Identify factors influencing compliance and non-compliance. Develop strategies to improve compliance rates.

Resources needed:
• Data analysts
• Compliance officers
• Statistical software",1/13/2035,1/19/2035,0,e753f78d-9bf9-4978-b631-3172082102a1,PlanExe
2425b7cb-72c4-45e1-8cdd-69fd51c5e1cf,Compile and Report Findings,"Compile and Report Findings

Description:
Compile all data collected from surveys, focus groups, social media analysis, and compliance assessments. Prepare comprehensive reports summarizing key findings and recommendations for program improvement.

Resources needed:
• Report writers
• Data visualization specialists
• Project manager",1/19/2035,1/25/2035,0,e0822807-8626-4a7b-9e5a-e53dd72f8f6b,PlanExe
abe64037-c3a7-47bd-99a8-698974f45c77,Conduct Regular Security Audits,,1/25/2035,2/9/2035,0,e0822807-8626-4a7b-9e5a-e53dd72f8f6b,PlanExe
dc247fc8-6478-4a26-b883-9a13f5dfc3ab,Gather data for stakeholder reports,"Gather data for stakeholder reports

Description:
Collect and compile all relevant data points needed for the progress reports, including key performance indicators (KPIs), milestones achieved, budget expenditures, and risk assessments.

Resources needed:
• Project Manager
• Data Analyst
• Reporting Tools",1/25/2035,1/28/2035,0,abe64037-c3a7-47bd-99a8-698974f45c77,PlanExe
742c5373-49b0-4c40-a914-abbe4e45e60a,Analyze data and identify key findings,"Analyze data and identify key findings

Description:
Analyze the collected data to identify key trends, insights, and areas of concern. Prepare summaries of the findings for inclusion in the stakeholder reports.

Resources needed:
• Data Analyst
• Subject Matter Experts
• Statistical Software",1/28/2035,1/31/2035,0,dc247fc8-6478-4a26-b883-9a13f5dfc3ab,PlanExe
a42cfb85-71d5-42c4-97ca-2f744aa1d256,Prepare draft progress reports,"Prepare draft progress reports

Description:
Develop draft progress reports tailored to the specific needs and interests of each stakeholder group. Ensure the reports are clear, concise, and visually appealing.

Resources needed:
• Project Manager
• Communication Specialist
• Graphic Designer",1/31/2035,2/3/2035,0,742c5373-49b0-4c40-a914-abbe4e45e60a,PlanExe
f82c9f32-f166-49b2-bdeb-4e0ed95b44f8,Obtain stakeholder feedback on reports,"Obtain stakeholder feedback on reports

Description:
Circulate the draft progress reports to key stakeholders for review and feedback. Incorporate their comments and suggestions into the final reports.

Resources needed:
• Project Manager
• Stakeholders
• Communication Channels",2/3/2035,2/6/2035,0,a42cfb85-71d5-42c4-97ca-2f744aa1d256,PlanExe
bcb8edd7-ab7e-44e9-afff-dc52e7f207e8,Finalize and distribute reports,"Finalize and distribute reports

Description:
Finalize the progress reports based on stakeholder feedback and distribute them through the appropriate channels (e.g., email, online portal, presentations).

Resources needed:
• Project Manager
• Communication Specialist
• Distribution Platform",2/6/2035,2/9/2035,0,abe64037-c3a7-47bd-99a8-698974f45c77,PlanExe
6e98ca1a-7f8e-4489-89a8-df1d0bf0933c,Report Progress to Stakeholders,,2/9/2035,2/17/2035,0,f0ddae45-5aea-46a2-86f6-7e9b3a49acb2,PlanExe
bf0e17ac-875b-4530-98ac-fd7f21f1e7e2,Collect and validate program data,"Collect and validate program data

Description:
Gather data from various sources (population growth, child development, public sentiment, security audits) and ensure its accuracy and completeness.

Resources needed:
• Data analysts
• Database administrators
• Data validation tools",2/9/2035,2/11/2035,0,6e98ca1a-7f8e-4489-89a8-df1d0bf0933c,PlanExe
0b4846c2-27d0-4378-9822-cd83bee35ed5,Analyze progress against key metrics,"Analyze progress against key metrics

Description:
Compare collected data against established targets and benchmarks to assess program performance and identify areas for improvement.

Resources needed:
• Data analysts
• Statistical software
• Performance dashboards",2/11/2035,2/13/2035,0,bf0e17ac-875b-4530-98ac-fd7f21f1e7e2,PlanExe
22e84d79-b3ad-4ba5-9402-f13ef8fc60f3,Prepare stakeholder reports,"Prepare stakeholder reports

Description:
Compile analyzed data into clear, concise reports tailored to the specific needs and interests of different stakeholder groups.

Resources needed:
• Report writers
• Data visualization tools
• Communication specialists",2/13/2035,2/15/2035,0,0b4846c2-27d0-4378-9822-cd83bee35ed5,PlanExe
387222b9-4817-4940-8153-c464596e28b6,Disseminate reports and gather feedback,"Disseminate reports and gather feedback

Description:
Distribute reports to stakeholders through appropriate channels and solicit feedback to improve future reporting and program effectiveness.

Resources needed:
• Communication specialists
• Project manager
• Feedback collection tools",2/15/2035,2/17/2035,0,6e98ca1a-7f8e-4489-89a8-df1d0bf0933c,PlanExe
