Level 1;Level 2;Level 3;Level 4;Task ID
Eurovision Austria;;;;f0f0b977-9076-4021-bf58-80002ad4c675
;Project Initiation & Planning;;;9329d115-557a-446f-aaac-b96ac6c8583c
;;Establish Project Management Team;;35c5095c-22a1-4462-9b87-efb62d435caa
;;;Define Team Roles and Responsibilities;2de5486f-3ee2-47c3-bd4a-31f74489d5b9
;;;Develop Recruitment Plan and Timeline;326a1d58-979f-4ccb-ab8c-a2b13a7a7c96
;;;Conduct Interviews and Select Candidates;f320922a-3cb0-4fc5-8920-8decb0dd7f31
;;;Onboard New Team Members;56d489fa-78e6-4929-a2f5-420ee7c8b866
;;Secure Host City and Venue;;040e4952-babb-4ddb-bc0b-64f3b1660e5d
;;;Define Host City Selection Criteria;bd93dcb3-7146-4341-a60a-7def604d9ca5
;;;Engage with Potential Host Cities;2e1568dc-b02b-4822-ba95-ef69870f3607
;;;Evaluate Host City Proposals;8d0a7b8c-5e0c-4d87-906d-4c4f2a1d1c8d
;;;Negotiate Terms with Selected Host City;4289fd78-fc5c-4498-b3d5-f7d00e504742
;;;Finalize Host City Agreement;ea854954-8f97-4a11-8e4a-53a567d214d2
;;Develop Comprehensive Budget and Financial Plan;;bfa7be81-4e94-43f3-8149-1379da17f7fa
;;;Estimate Event Costs;698babac-5bcd-460f-90e3-b60de8441bdf
;;;Secure Funding Commitments;198d6f1b-6698-4923-af18-7a32b49beffd
;;;Create Budget Breakdown;efc064b4-2893-4c0e-9e76-17e4bd0273b7
;;;Develop Financial Control Procedures;277c4020-6c5e-416b-ab18-ae4e137d5339
;;;Establish Contingency Fund;5b511251-6c29-4740-b070-6c5705683474
;;Conduct Stakeholder Analysis;;37c6b504-29bb-4718-9926-7f9915ed8900
;;;Identify Key Stakeholders;4e5a77d2-5522-44a1-a254-2210e2af9cbb
;;;Assess Stakeholder Interests and Influence;e5147c93-5fa5-4811-a30b-40058cbb5304
;;;Develop Stakeholder Engagement Plan;37cc6ee7-daea-4529-ab7c-95f82f4346f7
;;;Document Stakeholder Analysis Findings;7b4ff7be-4304-44d7-804e-94dae0311219
;;Develop Risk Assessment and Mitigation Strategies;;8fe4ac64-aa30-4e40-b5fa-9925fd0b03ef
;;;Identify potential risks and categorize them;fe51ed17-deb1-4b4d-90be-54ed88b897bd
;;;Assess likelihood and impact of each risk;34c9b285-49c4-4c0c-a316-55e6f741e7f4
;;;Develop mitigation strategies for high-priority risks;07a3a881-fb17-43dc-8698-5f4024dbbdec
;;;Document risk assessment and mitigation strategies;4081615d-3b8f-415a-b5f3-486de4f908f5
;;;Regularly review and update risk assessment;79a4997d-acfc-46b9-94f9-d4d3feecfc87
;;Create Detailed Project Timeline;;37b249ec-3749-4491-842f-b519507a5a64
;;;Identify Key Project Stakeholders;e3570cdd-7073-4e6e-bd17-62158a4b0e81
;;;Assess Stakeholder Needs and Expectations;bcebd363-61f7-438b-8942-21c6a44922f0
;;;Develop Stakeholder Communication Plan;769e51a3-e59a-407f-8e06-c8043f3ebee8
;;;Establish Stakeholder Engagement Strategies;d0435361-bb3f-45c2-8a2c-65e4e48d4685
;Venue Preparation & Infrastructure;;;db3ad142-6b51-4fb2-939e-cd3111cd43dd
;;Assess Venue Technical Requirements;;2bdf63f7-5ada-4a2d-a920-046fc71b21ee
;;;Define Broadcasting Equipment Specifications;6a5e9dfa-c095-4d0c-80ce-c8e5bf32db0a
;;;Assess Power and Cooling Requirements;f5951f3b-9e01-470b-ad01-657e65658f23
;;;Evaluate Network Infrastructure Needs;467c4762-1b4b-4677-a724-36c5233a9193
;;;Determine Cabling and Connectivity Requirements;487d62b6-cf2e-4b20-a52f-4ed3cfda4c18
;;;Analyze Audio and Video Routing;e5dc76ee-c49f-422e-a15b-6cfff4c0f676
;;Develop Technical Infrastructure Plan;;76d76d90-5101-49bd-997a-2e505649448e
;;;Define Broadcasting Equipment Specifications;93c85b06-0803-45e7-9dc4-9a54c0cea485
;;;Design Redundant Power and Network Systems;231a1ed5-64e1-4c7b-bcb1-b5b4d41f8d7f
;;;Establish Cybersecurity Protocols;36abe006-7769-4a99-8220-b2e8fd3caa83
;;;Secure Vendor Contracts and Service Agreements;f90702bf-1deb-48b7-be87-990a068ad0b4
;;;Create Testing and Validation Procedures;ace9460f-b601-4ae6-8bc8-31121b7fdbce
;;Secure Necessary Permits and Approvals;;d8250dd6-fee9-44bf-9f07-efb946114489
;;;Identify all required permits;9469e6a5-d2f8-45b6-af9a-d12788eedec2
;;;Prepare permit application documentation;9ddd4bc5-ffac-47fb-b4e4-706efb4ee992
;;;Submit permit applications;5df5d116-f2ef-41ae-9986-e1621db93db1
;;;Track permit application progress;ee1808d5-86aa-48c7-aab1-68921553631a
;;;Secure final permit approvals;51b52c0c-b85d-47a0-9be5-a10e56942716
;;Implement Venue Security Plan;;ce7bd52c-eb15-4a0e-86ac-c2d38f5268fe
;;;Conduct Security Risk Assessment;8964e560-6ee1-4e08-ad20-1ffaf757bc9e
;;;Develop Detailed Security Protocols;bd8a3269-d0ef-46fd-a262-3d87ff59e4a1
;;;Coordinate with Law Enforcement Agencies;60c4b24b-6125-46c1-aeee-e57bbaed2188
;;;Procure Security Equipment and Technology;2544771c-405b-41ba-a009-9b5f86b9d873
;;;Train Security Personnel;839f4390-e7fd-4e2b-a7c9-9f62c44eabf8
;;Install Broadcasting Equipment;;c1934eea-cc34-4a92-b37a-cc89d431298a
;;;Prepare site for equipment installation;8f8695d1-801b-46e8-bb14-79b40b700dac
;;;Install and test power distribution units;a1cb1d0e-575f-4f13-882d-e52d01838abc
;;;Connect and configure broadcasting equipment;469c4981-c0b9-47c3-a43e-47292d5b8497
;;;Conduct end-to-end system testing;752fbb19-825d-4bc4-8557-b9ce58cfa918
;;Set up Staging and Production Areas;;50195c83-dada-4794-b0ea-456d71f3f5d9
;;;Design Stage Layout and Technical Specs;6f3ed46a-7e6f-417b-bd39-6607607df3ef
;;;Procure Staging Materials and Equipment;ecdd7064-bc15-491c-b0cf-44e83157e072
;;;Construct Stage Structure and Set Pieces;c1ed88d0-439c-4882-beaf-648fab5b9de8
;;;Install Lighting, Sound, and Video Systems;e8b6525b-3954-42aa-9ec2-5d796b32df97
;;;Conduct Technical Rehearsals and Adjustments;56a716f4-4d05-4748-95e8-cb008841dfab
;Contestant & Show Management;;;417f0e96-74c4-45fa-90be-01ce344f63df
;;Coordinate with Participating Countries;;fed2589a-fa7a-4a0c-9fb2-2d7ff118a5bb
;;;Establish Country Liaison Assignments;856a678b-5c8d-4b03-86c1-5c90de19edcc
;;;Develop Country Communication Protocols;d1532e2d-17b1-430e-bce0-457148e958cc
;;;Collect Country Participation Requirements;7d71608f-0d2e-4165-9426-accd09b57529
;;;Manage Country Material Submissions;44b5e2e0-67d3-467f-9330-e5456419f008
;;;Address Country-Specific Concerns;5edc2719-1517-4a60-b287-ff8cae11d8cf
;;Manage Contestant Accommodation and Transportation;;95c73579-3b1a-40e0-be68-d79f8eee051f
;;;Negotiate Hotel Contracts;4b8b3103-ce52-48ac-9bff-786ae4a8e12e
;;;Arrange Airport Transfers;b9c1cffe-b1aa-440d-a7dd-3e0d8cff1648
;;;Manage Local Transportation;93ab7f12-35ae-4d84-8d07-659c122d6a0b
;;;Provide Visa Support;edd4d593-d32c-4406-bcee-2616b3c4ffa7
;;Schedule Rehearsals and Performances;;ff0277ff-eb5a-44e9-ae82-4df0104d49bc
;;;Finalize Rehearsal Schedule;3b3aab6f-65f1-4ff6-8bca-aadc06c59b1a
;;;Coordinate Technical Rehearsals;43deae07-c954-4023-9b9e-8c8a0f787040
;;;Manage Contestant Rehearsal Logistics;89dc393b-fbe7-4e2b-8e51-f15b418732b7
;;;Address Performance Change Requests;28eb05b1-17b4-4456-be4a-cfb739752d08
;;Organize Opening and Interval Acts;;6a64b39c-fbc5-406e-9e1e-6f619451b4d4
;;;Identify potential opening/interval acts;d71d4aaa-8438-40ff-8614-c4d52af52624
;;;Negotiate contracts with selected acts;70cbd7d4-3a24-460c-b489-a73bc355a6cf
;;;Coordinate technical requirements and logistics;e0428b40-76a0-4d34-9e50-418246a29cfb
;;;Rehearse opening and interval performances;dddce866-1501-4faa-ad02-1203c0bd0ff6
;;;Finalize performance details and run-throughs;19de717b-d1e1-4c54-9597-9fb2a9764f1a
;;Manage Voting Process;;dac638c2-1d9d-4d6b-8802-c799f557dc9d
;;;Select and Test Voting System;61f9e8d4-1130-4fcf-8f4a-bdb477ce1a8f
;;;Establish Voting Rules and Procedures;d7f51237-bb2b-46dc-b547-d60c6e8644e3
;;;Implement Vote Monitoring and Verification;3694a614-c02a-4877-8382-f255d4482b44
;;;Communicate Voting Process to Public;2fb05153-7313-43f1-afb0-f8d42e2bee3f
;Marketing & Promotion;;;e878ff30-7abc-4a05-b849-f2cddea24ab9
;;Develop Marketing and Promotion Strategy;;7c10abee-1214-4911-8c46-14bbbbe50bc5
;;;Define Target Audiences and Personas;4db2a895-d9b4-478a-99ed-9bac8723cbdc
;;;Establish Brand Guidelines and Messaging;97da9f07-a40f-4828-8132-414f21ef71d1
;;;Research Marketing Channels and Tactics;484b167a-5b6e-44ff-a8c6-f7d95c2e0d1a
;;;Set Measurable Marketing Objectives and KPIs;287c51a7-07a5-4a15-8d57-37aa8f8c99ef
;;;Develop Content Strategy and Calendar;c561d9c6-35e2-42b5-b704-43df7713d7dd
;;Design and Produce Promotional Materials;;1cda173d-aa12-47da-b953-5ab8935f94db
;;;Finalize Brand Guidelines;e8bc6ff8-9f55-4419-88d3-51033ca2b0bd
;;;Design Key Visuals;a5c08789-9004-4bce-afe1-d4ab89b5afdc
;;;Produce Print Materials;4cb4443a-da41-44fb-ab6c-86eda1c1a89f
;;;Create Digital Assets;2fe43d24-46cf-4f50-b589-8f42be6fa350
;;Manage Media Relations;;86d1bec7-7a45-4260-97ac-f6cec513c9c4
;;;Identify Key Media Contacts;a8d829d5-27cc-4358-9d9a-0de976cda0ea
;;;Develop Media Relations Plan;bda86cb6-89bd-472a-831e-e5aefa8ba064
;;;Draft Press Releases and Media Kits;79b45565-8dbf-43fe-ad9e-44dd27a24958
;;;Pitch Stories to Media Outlets;60f51030-be05-4a4f-8930-20b129cfa903
;;;Manage Media Inquiries and Interviews;04d67026-4774-4479-8d3f-23c775b22e2d
;;Promote Ticket Sales;;c93fcae2-ef53-4b91-b084-44cbf87de464
;;;Plan advertising campaign;e91e1de5-036f-499b-9ca8-92e532fb8d72
;;;Design advertising creatives;85a282da-4b47-45dd-8076-cca615234fc3
;;;Secure advertising slots;13d2f273-025c-4738-ade0-b65bd3f8df47
;;;Monitor campaign performance;d9473bc8-142c-4122-bdce-f26dab34b322
;;;Optimize advertising spend;53378ae5-e3dd-43b9-83b1-ac3ea861339e
;;Manage Social Media Engagement;;64945bc6-e270-4a04-b6f5-6b247b3b46bf
;;;Develop Social Media Content Calendar;15654c76-47ed-4fef-9152-3fb327adc12c
;;;Create Engaging Content Formats;68f49413-8e1d-4ba0-9f69-abb16b398160
;;;Monitor Social Media Channels;2d9e2f16-9259-4ed2-99f4-a5f675751647
;;;Analyze Social Media Performance;4229f9ef-6936-4f61-a226-681e3cbec8a8
;;;Engage with Influencers and Partners;96e7d353-e356-41b3-8e7d-42b74664e83c
;Logistics & Operations;;;e754d15f-6227-4a29-aa74-096845772700
;;Coordinate Accommodation and Transportation for Attendees;;e161fc8b-8d79-4d3d-8a99-0f78afe5724a
;;;Negotiate Hotel Contracts and Room Blocks;0472770b-0e22-4a81-8163-b46102d476c8
;;;Arrange Airport Transfers and Local Transportation;8a1707a0-97f1-4c9f-9199-c73e35bb1a92
;;;Communicate Travel Information to Attendees;67d2dedf-8ba3-42aa-aa03-ab229a810c30
;;;Manage On-Site Transportation Logistics;a4ef550d-ccd2-4824-8897-f0039a6a328c
;;Manage Security Personnel and Operations;;8f7fd82b-2660-48d7-8ea1-8bdc3bf930f8
;;;Define Security Personnel Requirements;3b2ff36d-71a5-447a-b433-2c329b8db567
;;;Recruit and Vet Security Personnel;aa57ee86-48a4-476c-b5fa-d9109b767019
;;;Develop Security Operations Plan;8f6ac3d0-f3f6-4d7b-bf75-5bc31f1ca16a
;;;Conduct Security Personnel Training;e8265236-4371-4fc1-97d1-21c22be58a12
;;;Establish Communication Protocols;6e0f4633-95d0-4804-8975-c7e9ad08505b
;;Manage Volunteer Recruitment and Training;;24080b5f-00dc-46b2-8c35-47401e09496a
;;;Define Volunteer Roles and Responsibilities;72ccd89c-4f0d-4882-8144-faa972b43ca7
;;;Develop Volunteer Recruitment Strategy;f2aacd34-e6c9-4978-8fa1-e0495f816e63
;;;Design and Implement Training Program;8fa4dd05-a51b-4ae8-a9af-bd8c954c22c7
;;;Manage Volunteer Application and Selection;26a39ca6-f861-4dd9-9089-06c5ff8fe669
;;;Schedule and Coordinate Volunteer Shifts;63c2ee67-e1ba-4903-9bd1-0c9bae02dc1a
;;Implement Waste Management and Sustainability Plan;;d1673b7c-75a1-472f-9cd4-489b7331c36d
;;;Assess current waste management practices;ac8b9bfc-68eb-46af-b050-23366f4ecf2d
;;;Source sustainable materials and vendors;e86f51e1-786c-4d28-834a-0542693cf91f
;;;Develop waste reduction and recycling program;c853a09c-4ac3-4b45-bcb7-a3f718861ed5
;;;Train volunteers on waste management protocols;b55ada64-315d-47ff-89cd-94a3fa91330f
;;;Monitor and report waste management performance;41fc4d36-f7e0-4925-9dec-d6375365dcfd
;;Manage Catering and Hospitality Services;;ad587ad0-70d9-4249-927e-32c26d5b9acb
;;;Finalize Catering Menu;019da78b-d409-4d75-b7e8-801af969ddef
;;;Confirm Supplier Contracts;d7a81f9f-042c-4c2c-a213-a8ca4971a9a8
;;;Coordinate Logistics for Food Delivery;2f711e51-1e48-4baa-945e-8e4144c65129
;;;Train Hospitality Staff;c9082984-805c-42d6-aa20-775877f258d1
;;;Manage On-Site Catering Operations;e4bdccdd-86b3-4b77-afca-7b6e1c7585ff
;Post-Event Activities;;;d14eaed8-694a-4a13-8964-9e48ca69e07b
;;Venue Dismantling and Cleanup;;d7b092dc-eead-4875-8ece-03a48b913aa4
;;;Coordinate dismantling vendor arrival;68089622-3755-45b4-988e-9042ae4aed1b
;;;Supervise equipment and material removal;ddb63ca1-05d4-4305-8f80-93513ef1cf7f
;;;Inspect venue for damages post-dismantling;42594f90-6386-4690-9d21-8fb95afd2a83
;;;Manage waste disposal and recycling;bc4a9cab-fef6-444a-b5b0-7c3eb9085ef1
;;;Document dismantling process and findings;a0e1d0f3-9a71-4c52-a9a4-6ce536df3c09
;;Finalize Financial Reporting;;c6d86dd4-f6b7-4f80-a86d-61dc352e4441
;;;Gather all financial documents and records;ce8f97e0-57d7-40cf-88ae-81f3b2f1c056
;;;Reconcile all income and expenses;ae6064ab-c5f1-47dd-90ff-95f5a757a263
;;;Prepare draft financial statements;d3c0d0fc-88f4-4ac5-9c69-f79fd2ce523d
;;;Obtain internal review and approval;cf1877ce-abc9-4d33-b65b-270718959fac
;;;Finalize and submit financial reports;e1ea5f71-d11b-4e56-b52e-f50ff1b42617
;;Conduct Post-Event Evaluation;;eb2c893e-c1f2-4b57-874f-4b6eae59b7ca
;;;Gather Stakeholder Feedback;c504a51f-f262-418e-96f5-a2cae9accd04
;;;Analyze Quantitative Data;70ebb271-7774-4280-8012-810176593903
;;;Analyze Qualitative Data;25fe697e-2f3d-494c-a831-6abf3c64c702
;;;Synthesize Findings and Recommendations;03b898ea-c817-464f-83d0-f927508db98b
;;;Prepare Evaluation Report;c2fd3925-6b3f-4f63-924d-423eafd9381c
;;Disseminate Lessons Learned;;54a311e0-b949-43ef-91b4-c28df929eff6
;;;Gather feedback from all departments;813b4c49-e97f-49a9-99f8-9084fab51b10
;;;Analyze qualitative and quantitative data;4c94f327-e419-4eb4-848a-9f154c3b7572
;;;Identify key lessons learned;a26a270f-c763-42b8-8f3f-ebca7dd21f7e
;;;Document and share lessons learned;b349a6ee-47ed-4e1c-8209-aa8cf5ef8c4f
;;Acknowledge and Thank Stakeholders;;e5ddb79a-5df1-4c6a-a8e4-25dbbaa5266f
;;;Identify all stakeholders for acknowledgement;32fb8974-abe7-49eb-8f2d-f85dbbbc5bca
;;;Draft personalized thank-you messages;092539d0-d699-4e57-9d1b-b677b6a23e48
;;;Prepare and distribute acknowledgement gifts;98c9c0fb-7fe0-4d71-ab7b-ba5b02915cc1
;;;Organize a thank-you event;dbfe9e4f-f47d-4301-a52d-ba867ede327f