Level 1;Level 2;Level 3;Level 4;Task ID
4DWW India;;;;96be04ad-83bb-4373-bfc0-809a4ebd87a9
;Project Initiation & Planning;;;2db0896d-3f13-4765-96c3-0e8b7e16fdc6
;;Establish Program Management Office (PMO);;f2fe522f-85e3-4ae1-b16c-f57f8f05e372
;;;Secure office space for PMO operations;31f31e66-1413-49c7-aa94-40f228054598
;;;Procure IT infrastructure for PMO;5c00f8cd-1954-46f8-aaee-13d3714585fa
;;;Recruit and onboard PMO staff;aaaa8298-2e76-4477-b704-5907a9bf8c69
;;;Establish PMO governance structure;612d3475-4b4c-498b-8228-509bc4695d14
;;;Develop PMO communication plan;d82bfffb-d2c2-48e1-b79e-33d584626f78
;;Secure Stakeholder Buy-in;;f44493b6-3549-4f97-88c5-c40a3dfcb990
;;;Identify Key Stakeholders and Their Interests;4efd7b5f-cc06-41f0-a568-eb1f0df222f0
;;;Develop Stakeholder Engagement Strategy;9544408b-3bb8-4a2f-a120-fe1069f28a3e
;;;Conduct Stakeholder Consultations and Workshops;eb7b7002-d6b8-4e60-b483-abdbdc2998a0
;;;Address Stakeholder Concerns and Objections;c6637ed9-e77a-47d6-a71f-3cffd5dcbc08
;;Finalize Legal Options Memo;;16a79efd-4628-44e7-84fd-ed36670a2201
;;;Research Central and State Labor Laws;4c0bdad8-82b2-4eff-a516-0963ebadc6c9
;;;Draft Model Notifications (Central/State);e293995a-435d-4cb1-85b2-a2cd3aceec5d
;;;Assess Legal Feasibility of 4DWW;92fe64ed-2d35-4fda-80d9-277981c794f3
;;;Consult with Labor Departments;66a7cc84-d192-494e-9e73-1779c884644b
;;Define Unified Measurement Framework;;190d95a7-04d9-496e-9a7f-61724f0b5170
;;;Identify Key Productivity and Equity Indicators;3732eefa-0a44-4155-9a12-f33d02d31253
;;;Develop Standardized Data Collection Templates;f96e9258-9780-465d-ba14-0f8c959f1e8d
;;;Establish Data Validation and Audit Procedures;281e9395-b2dc-4091-9fd5-b9436802d247
;;;Create Reporting and Visualization Framework;bec8f54d-7bc7-4c3c-b1a2-2d87c881c042
;;Develop Detailed Budget and Resource Allocation;;cd852047-8376-4be9-981b-fc15625af717
;;;Define Budget Line Items and Categories;9059f305-f477-43d6-8d59-0eed4e1180fe
;;;Estimate Resource Needs for Each Phase;3df3a817-692d-4cdf-ac91-187eeb7abe73
;;;Develop Contingency Plans for Cost Overruns;1e819450-b392-4d00-ae78-a94adc20fb56
;;;Establish Budget Approval Process;1d8d07b4-2345-4bbb-8aa6-3fe07ea1b268
;;;Create Resource Allocation Schedule;b0805339-8514-4eff-9d50-68b248f2eb7a
;;Conduct Initial Risk Assessment;;7b9c9ee6-61d4-4a33-9c44-63bda1d511ef
;;;Identify potential project risks;50648fc8-8800-49ea-9c92-9017b027d9c8
;;;Assess likelihood and impact of risks;340d92a5-391c-4b85-922f-c0e57629b143
;;;Prioritize risks based on severity;7708b9bd-6d46-4779-9827-6c406c9c177b
;;;Document risk assessment findings;f5c440d0-a015-405f-85fa-360a6aa4333e
;Strategic Decision Making;;;a5f16c3a-36c3-4aae-9a95-523fa278750d
;;Determine Informal Sector Integration Strategy;;ad13c4f9-cf17-4456-9dee-97ac97a8bbb4
;;;Research Informal Sector Characteristics;c7eb7bf4-788a-484d-b7c8-969b33d0c2fe
;;;Identify Relevant Informal Sector Policies;cad31172-b06f-4038-8b25-e2d866b1fbed
;;;Develop Integration Framework Options;88097f29-4ea0-4eb5-b5a8-8a86fd29e688
;;;Assess Feasibility and Impact of Options;f8a085c7-ca36-4719-b403-488e0f72862e
;;Define Program Scope Strategy;;328cec1f-21a7-4fa7-ba19-d952dd86d5cf
;;;Analyze current workforce dynamics;3b451b74-bf05-4ca8-9836-7c046ee438e4
;;;Research productivity levels;c65ff61b-2bd0-4796-b596-5e7ac4458f42
;;;Identify stakeholder priorities;57173c85-6433-4b96-8de1-ba4b55738648
;;;Define decision-making process;a5369016-c9b8-4fdf-8523-a93be32fc5d5
;;Develop Legal Amendment Strategy;;bd5fb4b7-2f97-4e58-86ac-2204e1a481a1
;;;Research existing labor laws and regulations;db3b0ccf-6b5c-4c56-b612-ca12b5244bd0
;;;Analyze legal implications of 4DWW;e0494cf0-d782-49ec-bbef-0923a075c947
;;;Develop amendment options for labor laws;a4c19140-d20a-4b2a-be03-fcbd6cb3b4d4
;;;Consult with state labor departments;929a6bc0-9ef2-4e35-9bd2-153d73c045f8
;;Establish Data & Audit Strategy;;ed0c857e-3d29-44c1-b2ed-5bf3e3fc6123
;;;Identify key data elements and sources;dfa288e8-cf21-4122-ba51-f2f6b9122f2d
;;;Assess current data privacy laws;6fc046dd-9df3-42ce-8892-6df2d6f2d264
;;;Design data security architecture;0f8a5488-1800-4d07-b85c-da32d85a882b
;;;Create data breach response plan;82b444a2-70f8-4969-9e06-e28ed1e2ec5a
;;;Implement data minimization principles;9a52b3f9-7dbe-432a-bc0f-0f32bc711f79
;;Formulate Adaptive Implementation Strategy;;55c284c1-2fa8-4390-b43d-f0544feffdb1
;;;Define Key Incentive Metrics and Targets;27728c68-31cd-493a-ae31-d0e84fffc445
;;;Research Incentive Models and Best Practices;766d2d95-7fcd-41c9-a109-b141eeb30b73
;;;Design Incentive Structure and Payout Mechanism;7deada4d-f968-4cf5-b2db-5eb75da1c0ec
;;;Pilot Test Incentive Strategy and Gather Feedback;ff225ae0-91c1-4c4c-bc84-a14caf9f4980
;;;Refine Incentive Strategy Based on Pilot Results;e4a50c0a-76dc-44dc-8f30-bf1551edc09c
;;Design Incentive Strategy;;87d7bb51-6ed7-4ffa-aa63-2a2d1d37e70c
;;;Research existing incentive programs in India;c78f2126-e982-4713-8f43-8f9d13211882
;;;Research incentive design best practices;169d2434-0161-4762-9822-d0fa06f3c4f9
;;;Pilot test different incentive structures;10ba5deb-3556-460f-926b-bf8e5ce1c28a
;;;Analyze incentive impact on productivity and equity;05f4dfab-055f-4179-901c-ef4f235d544b
;Pilot Program Implementation;;;01c77018-5028-494d-8117-0e53fed3c736
;;Recruit Pilot Cohorts (Formal and Informal Sectors);;bf16266a-9a90-4d66-b7ea-61c840871ab8
;;;Define Pilot Company Selection Criteria;3b224161-f1ce-4945-a138-965a45b1edc4
;;;Develop Recruitment Materials and Outreach Strategy;fb0fa9dc-1006-4dee-9c95-b114c1436e64
;;;Conduct Company Outreach and Application Review;98f185f6-ca08-42a3-8f11-98adbb47265b
;;;Negotiate and Finalize Agreements with Pilot Companies;99b4179a-234b-4736-9beb-783945a647ed
;;;Obtain Ethical Approvals for Human Subject Research;4352bb3b-519b-4813-8ffc-e5f895b4da78
;;Develop Pilot Program Training Materials;;4c354309-e9a0-41de-81e9-46e906ffd05f
;;;Identify Training Needs for Pilot Companies;7b575022-5457-43c1-a834-b39aa48debbf
;;;Adapt Existing Training Materials;92726ee8-d607-48cc-be15-0cdda64fe0f9
;;;Develop New Training Modules;ad457611-fed7-47cb-9291-7a215b2bd378
;;;Translate Training Materials;72b6eb73-dc6a-48b8-9cc6-8f7540c9bbb1
;;;Design Training Delivery Methods;56168913-783d-4cbc-9d0a-967006e732d2
;;Implement 4DWW in Pilot Companies;;4ee53e0b-c8fb-42ce-8043-c3ce3d5e187d
;;;Establish baseline productivity metrics;871c4c31-c85c-412e-92a2-98ef9309e47e
;;;Implement revised work schedules;afcc3ab1-1a0a-4824-a66d-678f74421b64
;;;Monitor employee well-being and feedback;b8138d33-b642-4a6d-ae4c-61b2abb3d55e
;;;Track productivity and operational changes;a67cf4a9-689d-4f3f-9d39-ec2b89350641
;;Collect and Analyze Pilot Data;;b70e5297-0b15-4f27-93b8-23b5cc19733b
;;;Define data collection methods and tools;0cf21884-9e6f-4a4a-a0a0-17496bdc4368
;;;Collect productivity and well-being data;1fc0b962-d279-4897-bc2c-fb253ab5a38e
;;;Clean and validate collected data;6fa3f3d9-81c4-4c05-80f0-c381f859e809
;;;Analyze data for productivity and equity;af295738-d974-46c1-9cf1-702167598e2b
;;;Prepare data analysis report and findings;121f6af8-854b-4b3c-a3ad-8bcb32f2fdab
;;Conduct Pilot Program Audits;;8fcd2957-b853-49b9-aadf-5347b11e6a6b
;;;Prepare audit plan and checklist;9d714edd-a2bc-43af-8f65-df47162d5292
;;;Schedule audits with pilot companies;88a94451-1ef0-4076-9a67-021a8ae8f50f
;;;Conduct on-site audits and data verification;df5e3870-7ba8-45fc-8c43-3e8d4c17460d
;;;Document audit findings and recommendations;ebc79a16-4b42-4b91-afb0-7051b775c4a1
;;;Present audit results to stakeholders;7ebeffb9-e8cb-4975-a618-88624ccd2a43
;Data Collection and Validation;;;d23c6355-a96b-42fb-8abd-ed67da47cdc0
;;Develop Informal Sector Productivity Metrics;;6d1747bd-225c-41e1-99b7-4305829cbb3c
;;;Identify key informal sector segments;2c749406-b42f-4154-b996-1ae1192dfb23
;;;Develop sector-specific productivity indicators;ddb7e13f-cd62-48a0-a2a3-eb42c09435ce
;;;Design data collection methods;630c2dea-3e0f-4959-a8df-4fd69e60e7be
;;;Pilot test metrics and methods;98860894-ac68-4028-b9fa-33d797cc6197
;;;Validate metrics with experts;dbcf8883-a93f-4d09-8c83-22df961cbf6a
;;Analyze Regional Variations and State-Level Autonomy;;af72a9e2-6e56-48b5-9f5e-6534835b19fe
;;;Identify key regional variations in labor laws;39afe969-6208-47eb-b5ef-164559920b8b
;;;Analyze state economic conditions and labor markets;6905f01d-c60c-4b69-9d39-442d8ef0318d
;;;Engage state labor departments for feedback;aa27b0bb-73fc-4740-8cd5-037d882c2a33
;;;Develop flexible implementation framework;ed6653dc-e0dd-46c8-9c4f-eaacaea8b4da
;;Establish Data Privacy and Security Plan;;79a9be73-2915-4503-8cb0-b2854c643fa6
;;;Identify applicable data privacy laws;7dd67dc6-7239-44d7-8b33-2c8ec61f944a
;;;Define data minimization and retention policies;cd68ef78-1656-4ad8-a238-1818a529ccb9
;;;Implement data encryption and access controls;c95dc5f7-b387-4307-afaf-edd8c349c003
;;;Create data breach response plan;0c0a9875-526e-44fd-aa60-6900f1f92a8a
;;;Conduct security audit and penetration testing;a58daa27-64db-43f4-99f8-cb44825a4d53
;;Assess Energy Consumption and Carbon Emissions Impact;;a8b42dda-958d-45fc-a2ed-fe765db1228e
;;;Gather energy consumption data from companies;50597b29-ed59-4316-9e8c-af60851c1d05
;;;Analyze employee commute patterns;2a1f6f43-6d08-4a7b-b5e5-10eead7d07c4
;;;Calculate carbon emissions impact;e0f634ec-62f2-482f-98ac-0d77cf2cdace
;;;Develop mitigation strategies;8021ea80-f663-436e-bf0c-1b1a722eae68
;Adaptive Implementation and Refinement;;;60f732b1-8f29-4303-a70a-71cb08b35b6e
;;Conduct Quarterly Decision Gate Reviews;;22f30f4d-0fbf-4b94-bf90-8901baa2f16a
;;;Prepare Decision Gate Review Materials;48ece07b-0302-4836-a334-1c1797552a23
;;;Schedule Decision Gate Review Meeting;fe626a3d-80d5-49f0-83ad-295da1864b5b
;;;Facilitate Decision Gate Review Meeting;1a5c1ce6-f150-4e1a-a9bd-4ce946c56fac
;;;Document and Communicate Review Outcomes;1d9a2c86-9459-4dc2-aa90-405aed92be28
;;Implement Adaptive Rollback Procedures (if necessary);;5ddf1aad-d19f-40c2-9de9-b8e0db337548
;;;Define Rollback Criteria and Triggers;9f0dcdba-6031-47ef-9e96-323fcbb103b1
;;;Develop Detailed Technical Rollback Plan;ee3d8f3b-914c-4cd3-adbb-df1a043dec37
;;;Communicate Rollback Plan to Stakeholders;f68c4765-2d1d-4554-84fa-a37d3ab7490f
;;;Execute and Monitor Rollback Procedures;3758d014-68ef-4dd9-9fe4-9bfb9e66be95
;;Address Emerging Challenges with Rapid-Response Team;;e2b19e79-afb6-4abc-905c-c1d888636156
;;;Define challenge escalation process;6f7b331f-91dd-450a-a918-3a815af8bb28
;;;Staff rapid-response team;81affce4-48ba-48be-9617-d4fa2b773bc5
;;;Develop challenge response protocols;85442fd1-3788-4750-9340-d0d062baceb4
;;;Establish communication channels;3650e037-0b5b-478b-a084-dd4718166811
;;Share Best Practices through Learning Network;;13aa7168-5269-4cf9-a358-375e18247e6a
;;;Identify key learning network participants;40820b57-66fb-4018-ab8c-4926593aa290
;;;Develop learning network platform and resources;240425a4-e9a4-4d07-a99e-e293944228e2
;;;Facilitate knowledge sharing activities;66043530-de26-47c6-a4fa-ee9814e6fdb9
;;;Document and disseminate best practices;aad37e5d-dff6-4e6c-8a25-055f799b7aa0
;;Refine Program Based on Pilot Results and Data Analysis;;3627794c-36c3-496b-80c8-0b1247d2f21c
;;;Analyze pilot data for key insights;92940ef6-9f84-4cd7-a230-13470e7c34c0
;;;Synthesize stakeholder feedback and insights;d05c49e4-493c-41d7-9191-e1966ac758c1
;;;Identify program strengths and weaknesses;d4197153-2f8d-455a-bef2-8bbddc3c2fb9
;;;Develop refined program design and guidelines;6a495e0c-2db0-4d8a-9581-ad0907477124
;National Rollout Planning;;;f3e42ec2-69c0-4bb1-815c-315a9cac251e
;;Develop Scaled Implementation Plan;;d50d9aa8-3fde-4e10-9b88-dab33e9d25b8
;;;Define Scaled Program Objectives and Scope;9780e7bb-e9c2-4b03-a190-a2aa55c98c3f
;;;Develop Scaled Implementation Timeline and Budget;2b20ea1a-341f-40f8-9221-df167241abf5
;;;Design Scaled Data Collection and Monitoring System;7713abf6-686d-4c0d-a90e-ebfbf6980820
;;;Outline Scaled Risk Management and Mitigation Strategies;4baa7f63-240f-4e83-9d90-1925c3f477e3
;;;Document Scaled Implementation Plan Details;9e8611f0-5935-40dc-8bc0-cf6d977f4154
;;Secure Additional Funding (if needed);;f18322ad-3455-42c3-aaeb-fe1cceaa5679
;;;Identify Potential Funding Sources;ad5f6e4c-0a90-4f5e-b679-f4f1f8a474ab
;;;Prepare Funding Proposal and ROI Metrics;7953aaeb-2306-4960-aec0-3643b4e45ed4
;;;Engage with Potential Funders;452a1368-9de5-4e7e-9635-f432574c362f
;;;Negotiate Funding Agreements;ddeb8c9c-781f-45bf-9ad9-ec9fb0764621
;;Develop National Communication and Awareness Campaign;;18135d0a-ddaf-46c4-a828-993379b852c6
;;;Define Target Audiences and Key Messages;d764cc7c-0275-4167-b97c-5fa84573df32
;;;Select Communication Channels and Platforms;c56cb45d-2f7c-488b-a263-f44b8fcf1896
;;;Develop Campaign Content and Materials;f6c65aa8-5590-4dd7-b5c9-b857139e1387
;;;Execute Communication Campaign and Monitor Results;4a2260bd-1821-40cd-b898-ff34122db601
;;;Evaluate Campaign Effectiveness and Refine Strategy;917ab40a-4f26-4772-93db-69339b066286
;;Finalize Implementation Plan Deliverable;;5e870e3a-18d2-4e3f-b621-e42bcc4c89ce
;;;Outline Implementation Plan Structure;40dab02c-09e7-4ca8-8f9b-021ea17bc334
;;;Incorporate Pilot Program Findings;edb53261-90ec-441c-823e-28e1f2e7bb37
;;;Refine Scaled Implementation Strategy;95aba95b-4de2-4b27-a627-8ae0131f4665
;;;Develop Risk Mitigation Strategies;519cac46-6c31-42f3-93df-761ae33108cc
;;;Finalize and Review Implementation Plan;2d4a179f-2cd4-4a4d-aed5-cc03d915df45