project_key,project_name,project_description,project_start_date,project_end_date,project_progress,project_parent,originating_department
96be04ad-83bb-4373-bfc0-809a4ebd87a9,4DWW India,"4DWW India

Final deliverable:
Implementation Plan",11/10/2025,8/19/2027,0,,PlanExe
2db0896d-3f13-4765-96c3-0e8b7e16fdc6,Project Initiation & Planning,,11/10/2025,1/18/2026,0,96be04ad-83bb-4373-bfc0-809a4ebd87a9,PlanExe
f2fe522f-85e3-4ae1-b16c-f57f8f05e372,Establish Program Management Office (PMO),,11/10/2025,11/25/2025,0,2db0896d-3f13-4765-96c3-0e8b7e16fdc6,PlanExe
31f31e66-1413-49c7-aa94-40f228054598,Secure office space for PMO operations,"Secure office space for PMO operations

Description:
Identify, evaluate, and secure suitable office space for the Program Management Office (PMO). This includes assessing location, size, accessibility, and cost-effectiveness. Negotiate lease terms and finalize the agreement.

Resources needed:
• Real estate agent
• Legal counsel
• Administrative staff
• Negotiator",11/10/2025,11/13/2025,0,f2fe522f-85e3-4ae1-b16c-f57f8f05e372,PlanExe
5c00f8cd-1954-46f8-aaee-13d3714585fa,Procure IT infrastructure for PMO,"Procure IT infrastructure for PMO

Description:
Procure necessary IT infrastructure, including computers, servers, software, and network equipment, to support PMO operations. Ensure compatibility, security, and scalability. Install and configure the infrastructure.

Resources needed:
• IT specialist
• Procurement officer
• Network engineer
• Cybersecurity expert",11/13/2025,11/16/2025,0,31f31e66-1413-49c7-aa94-40f228054598,PlanExe
aaaa8298-2e76-4477-b704-5907a9bf8c69,Recruit and onboard PMO staff,"Recruit and onboard PMO staff

Description:
Recruit qualified personnel for key PMO roles, including project managers, data analysts, and administrative staff. Conduct interviews, assess skills and experience, and make hiring decisions. Onboard new staff and provide necessary training.

Resources needed:
• HR manager
• Recruitment specialist
• Interview panel
• Training materials",11/16/2025,11/19/2025,0,5c00f8cd-1954-46f8-aaee-13d3714585fa,PlanExe
612d3475-4b4c-498b-8228-509bc4695d14,Establish PMO governance structure,"Establish PMO governance structure

Description:
Define the governance structure for the PMO, including roles and responsibilities, decision-making processes, and reporting lines. Develop standard operating procedures (SOPs) for PMO activities. Document the governance structure and SOPs.

Resources needed:
• Project management consultant
• Legal counsel
• Senior management
• Process analyst",11/19/2025,11/22/2025,0,aaaa8298-2e76-4477-b704-5907a9bf8c69,PlanExe
d82bfffb-d2c2-48e1-b79e-33d584626f78,Develop PMO communication plan,"Develop PMO communication plan

Description:
Create a communication plan for the PMO to ensure effective communication with stakeholders. Identify key stakeholders, communication channels, and frequency of communication. Develop templates for reports and presentations.

Resources needed:
• Communication specialist
• Stakeholder engagement officer
• Project manager
• Graphic designer",11/22/2025,11/25/2025,0,f2fe522f-85e3-4ae1-b16c-f57f8f05e372,PlanExe
f44493b6-3549-4f97-88c5-c40a3dfcb990,Secure Stakeholder Buy-in,,11/25/2025,12/3/2025,0,f2fe522f-85e3-4ae1-b16c-f57f8f05e372,PlanExe
4efd7b5f-cc06-41f0-a568-eb1f0df222f0,Identify Key Stakeholders and Their Interests,"Identify Key Stakeholders and Their Interests

Description:
Objective: Identify all relevant stakeholders (industry bodies, unions, state labor departments, etc.) and understand their interests, concerns, and potential influence on the 4DWW program.

Scope: Conduct stakeholder mapping and analysis to identify key players and their perspectives.

Steps:
1.  Compile a list of potential stakeholders.
2.  Research each stakeholder's position on the 4DWW concept.
3.  Assess their potential impact on the program's success.
4.  Document findings in a stakeholder analysis report.

Deliverables: Stakeholder analysis report.

Resources needed:
• Stakeholder Engagement Officer
• Research Analyst",11/25/2025,11/27/2025,0,f44493b6-3549-4f97-88c5-c40a3dfcb990,PlanExe
9544408b-3bb8-4a2f-a120-fe1069f28a3e,Develop Stakeholder Engagement Strategy,"Develop Stakeholder Engagement Strategy

Description:
Objective: Create a comprehensive engagement strategy to build relationships with key stakeholders and secure their buy-in for the 4DWW program.

Scope: Define engagement methods, communication channels, and messaging tailored to each stakeholder group.

Steps:
1.  Determine appropriate engagement methods for each stakeholder (e.g., meetings, workshops, consultations).
2.  Develop key messages that address their specific concerns and highlight the benefits of the program.
3.  Establish communication channels for ongoing dialogue and feedback.
4.  Document the engagement strategy in a stakeholder engagement plan.

Deliverables: Stakeholder engagement plan.

Resources needed:
• Stakeholder Engagement Officer
• Communications Specialist
• Program Director",11/27/2025,11/29/2025,0,4efd7b5f-cc06-41f0-a568-eb1f0df222f0,PlanExe
eb7b7002-d6b8-4e60-b483-abdbdc2998a0,Conduct Stakeholder Consultations and Workshops,"Conduct Stakeholder Consultations and Workshops

Description:
Objective: Engage stakeholders in open dialogue to address their concerns, gather feedback, and build consensus around the 4DWW program.

Scope: Organize consultations and workshops with key stakeholders to discuss the program's objectives, implementation plan, and potential impact.

Steps:
1.  Schedule and facilitate stakeholder consultations and workshops.
2.  Present the 4DWW program and address stakeholder concerns.
3.  Gather feedback and incorporate it into the program design.
4.  Document the outcomes of the consultations and workshops.

Deliverables: Consultation and workshop reports.

Resources needed:
• Stakeholder Engagement Officer
• Facilitator
• Subject Matter Experts",11/29/2025,12/1/2025,0,9544408b-3bb8-4a2f-a120-fe1069f28a3e,PlanExe
c6637ed9-e77a-47d6-a71f-3cffd5dcbc08,Address Stakeholder Concerns and Objections,"Address Stakeholder Concerns and Objections

Description:
Objective: Proactively address stakeholder concerns and objections to the 4DWW program to mitigate potential resistance and build support.

Scope: Develop responses to common concerns and objections, and tailor communication to address specific stakeholder needs.

Steps:
1.  Identify common stakeholder concerns and objections.
2.  Develop clear and concise responses to address these concerns.
3.  Communicate these responses to stakeholders through various channels.
4.  Monitor stakeholder sentiment and adjust the engagement strategy as needed.

Deliverables: Stakeholder communication materials.

Resources needed:
• Stakeholder Engagement Officer
• Communications Specialist
• Legal Counsel",12/1/2025,12/3/2025,0,f44493b6-3549-4f97-88c5-c40a3dfcb990,PlanExe
16a79efd-4628-44e7-84fd-ed36670a2201,Finalize Legal Options Memo,,12/3/2025,12/19/2025,0,f44493b6-3549-4f97-88c5-c40a3dfcb990,PlanExe
4c0bdad8-82b2-4eff-a516-0963ebadc6c9,Research Central and State Labor Laws,"Research Central and State Labor Laws

Description:
Objective: Identify relevant labor laws at both the central and state levels that may impact the 4DWW implementation.
Scope: Review existing legislation, amendments, and court rulings related to working hours, wages, and employee benefits.
Steps: 1. Compile a list of relevant central labor laws. 2. Identify state-specific labor laws for key pilot states. 3. Analyze the potential conflicts or synergies between central and state laws.
Deliverables: A comprehensive report summarizing relevant labor laws and their potential impact on the 4DWW program.

Resources needed:
• Legal Counsel
• Labor Law Experts
• Research Assistants",12/3/2025,12/7/2025,0,16a79efd-4628-44e7-84fd-ed36670a2201,PlanExe
e293995a-435d-4cb1-85b2-a2cd3aceec5d,Draft Model Notifications (Central/State),"Draft Model Notifications (Central/State)

Description:
Objective: Develop model notifications that can be adapted by both the central and state governments to implement the 4DWW program.
Scope: Draft notifications covering key aspects such as working hours, overtime pay, and employee benefits.
Steps: 1. Develop a template for model notifications. 2. Draft notifications for central government. 3. Draft notifications adaptable for state governments. 4. Obtain legal review and feedback on the draft notifications.
Deliverables: Model notifications for central and state governments, reviewed and approved by legal counsel.

Resources needed:
• Legal Counsel
• Policy Experts
• Drafting Team",12/7/2025,12/11/2025,0,4c0bdad8-82b2-4eff-a516-0963ebadc6c9,PlanExe
92fe64ed-2d35-4fda-80d9-277981c794f3,Assess Legal Feasibility of 4DWW,"Assess Legal Feasibility of 4DWW

Description:
Objective: Evaluate the legal feasibility of implementing the 4DWW program under existing labor laws.
Scope: Analyze potential legal challenges and identify necessary legal amendments or clarifications.
Steps: 1. Conduct a legal risk assessment. 2. Identify potential legal obstacles to 4DWW implementation. 3. Develop recommendations for addressing legal challenges.
Deliverables: A legal feasibility report outlining potential legal challenges and recommendations for mitigation.

Resources needed:
• Legal Counsel
• Labor Law Experts
• Research Assistants",12/11/2025,12/15/2025,0,e293995a-435d-4cb1-85b2-a2cd3aceec5d,PlanExe
66a7cc84-d192-494e-9e73-1779c884644b,Consult with Labor Departments,"Consult with Labor Departments

Description:
Objective: Engage with central and state labor departments to gather feedback and ensure alignment on the legal options memo.
Scope: Conduct consultations to address concerns and incorporate feedback into the memo.
Steps: 1. Schedule meetings with labor department officials. 2. Present the draft legal options memo. 3. Gather feedback and address concerns. 4. Incorporate feedback into the final memo.
Deliverables: A revised legal options memo incorporating feedback from labor departments.

Resources needed:
• Stakeholder Engagement Officer
• Legal Counsel
• Policy Experts",12/15/2025,12/19/2025,0,16a79efd-4628-44e7-84fd-ed36670a2201,PlanExe
190d95a7-04d9-496e-9a7f-61724f0b5170,Define Unified Measurement Framework,,12/19/2025,12/31/2025,0,16a79efd-4628-44e7-84fd-ed36670a2201,PlanExe
3732eefa-0a44-4155-9a12-f33d02d31253,Identify Key Productivity and Equity Indicators,"Identify Key Productivity and Equity Indicators

Description:
Define specific, measurable, achievable, relevant, and time-bound (SMART) indicators for productivity and equity gains to be tracked during the 4DWW program. This includes researching existing metrics and adapting them to the Indian context.

Resources needed:
• Labor Economist
• Data Analyst
• Equity Specialist",12/19/2025,12/22/2025,0,190d95a7-04d9-496e-9a7f-61724f0b5170,PlanExe
f96e9258-9780-465d-ba14-0f8c959f1e8d,Develop Standardized Data Collection Templates,"Develop Standardized Data Collection Templates

Description:
Create user-friendly templates for pilot companies to collect and report data on the identified productivity and equity indicators. Ensure templates are compatible with IT infrastructure and address data privacy concerns.

Resources needed:
• Data Analyst
• IT Specialist
• Legal Counsel",12/22/2025,12/25/2025,0,3732eefa-0a44-4155-9a12-f33d02d31253,PlanExe
281e9395-b2dc-4091-9fd5-b9436802d247,Establish Data Validation and Audit Procedures,"Establish Data Validation and Audit Procedures

Description:
Define procedures for validating the accuracy and completeness of data submitted by pilot companies. Develop audit protocols to ensure compliance with data collection standards and identify potential data quality issues.

Resources needed:
• Data Auditor
• Data Analyst
• Quality Assurance Specialist",12/25/2025,12/28/2025,0,f96e9258-9780-465d-ba14-0f8c959f1e8d,PlanExe
bec8f54d-7bc7-4c3c-b1a2-2d87c881c042,Create Reporting and Visualization Framework,"Create Reporting and Visualization Framework

Description:
Design a framework for reporting and visualizing the collected data to track progress towards productivity and equity goals. This includes developing dashboards and reports that are accessible to stakeholders and facilitate data-driven decision-making.

Resources needed:
• Data Analyst
• Visualization Specialist
• Reporting Specialist",12/28/2025,12/31/2025,0,190d95a7-04d9-496e-9a7f-61724f0b5170,PlanExe
cd852047-8376-4be9-981b-fc15625af717,Develop Detailed Budget and Resource Allocation,,12/31/2025,1/10/2026,0,190d95a7-04d9-496e-9a7f-61724f0b5170,PlanExe
9059f305-f477-43d6-8d59-0eed4e1180fe,Define Budget Line Items and Categories,"Define Budget Line Items and Categories

Description:
Establish a detailed breakdown of all anticipated project costs, categorized by type (e.g., personnel, equipment, travel, consulting). This includes defining specific line items for each category and estimating the cost for each item.

Resources needed:
• Project Manager
• Finance Officer
• Cost Estimator",12/31/2025,1/2/2026,0,cd852047-8376-4be9-981b-fc15625af717,PlanExe
3df3a817-692d-4cdf-ac91-187eeb7abe73,Estimate Resource Needs for Each Phase,"Estimate Resource Needs for Each Phase

Description:
Determine the specific resources (personnel, equipment, materials) required for each phase of the 4DWW implementation project. This involves identifying the quantity and type of resources needed and estimating their associated costs.

Resources needed:
• Project Manager
• Resource Planning Specialist
• Subject Matter Experts",1/2/2026,1/4/2026,0,9059f305-f477-43d6-8d59-0eed4e1180fe,PlanExe
1e819450-b392-4d00-ae78-a94adc20fb56,Develop Contingency Plans for Cost Overruns,"Develop Contingency Plans for Cost Overruns

Description:
Identify potential risks that could lead to cost overruns and develop contingency plans to mitigate these risks. This includes establishing reserve funds, identifying alternative resources, and developing strategies for cost reduction.

Resources needed:
• Risk Management Specialist
• Finance Officer
• Project Manager",1/4/2026,1/6/2026,0,3df3a817-692d-4cdf-ac91-187eeb7abe73,PlanExe
1d8d07b4-2345-4bbb-8aa6-3fe07ea1b268,Establish Budget Approval Process,"Establish Budget Approval Process

Description:
Define a clear and transparent process for requesting and approving budget allocations. This includes identifying the individuals or committees responsible for budget approval, establishing approval criteria, and documenting the approval process.

Resources needed:
• Project Manager
• Finance Officer
• Legal Counsel",1/6/2026,1/8/2026,0,1e819450-b392-4d00-ae78-a94adc20fb56,PlanExe
b0805339-8514-4eff-9d50-68b248f2eb7a,Create Resource Allocation Schedule,"Create Resource Allocation Schedule

Description:
Develop a schedule for allocating resources to different project activities, ensuring that resources are available when needed and that resource utilization is optimized. This includes identifying resource dependencies and resolving resource conflicts.

Resources needed:
• Project Scheduler
• Resource Planning Specialist
• Project Manager",1/8/2026,1/10/2026,0,cd852047-8376-4be9-981b-fc15625af717,PlanExe
7b9c9ee6-61d4-4a33-9c44-63bda1d511ef,Conduct Initial Risk Assessment,,1/10/2026,1/18/2026,0,2db0896d-3f13-4765-96c3-0e8b7e16fdc6,PlanExe
50648fc8-8800-49ea-9c92-9017b027d9c8,Identify potential project risks,"Identify potential project risks

Description:
Brainstorm and document all potential risks that could impact the project's success. This includes regulatory, financial, operational, and technical risks.

Resources needed:
• Project Manager
• Subject Matter Experts
• Risk Management Specialist",1/10/2026,1/12/2026,0,7b9c9ee6-61d4-4a33-9c44-63bda1d511ef,PlanExe
340d92a5-391c-4b85-922f-c0e57629b143,Assess likelihood and impact of risks,"Assess likelihood and impact of risks

Description:
Evaluate the probability of each identified risk occurring and the potential impact on the project's timeline, budget, and objectives.

Resources needed:
• Project Manager
• Risk Management Specialist
• Data Analyst",1/12/2026,1/14/2026,0,50648fc8-8800-49ea-9c92-9017b027d9c8,PlanExe
7708b9bd-6d46-4779-9827-6c406c9c177b,Prioritize risks based on severity,"Prioritize risks based on severity

Description:
Rank the identified risks based on their overall severity, considering both likelihood and impact. This will help focus mitigation efforts on the most critical risks.

Resources needed:
• Project Manager
• Risk Management Specialist",1/14/2026,1/16/2026,0,340d92a5-391c-4b85-922f-c0e57629b143,PlanExe
f5c440d0-a015-405f-85fa-360a6aa4333e,Document risk assessment findings,"Document risk assessment findings

Description:
Create a comprehensive risk register that includes a description of each risk, its likelihood, impact, severity, and proposed mitigation strategies.

Resources needed:
• Project Manager
• Risk Management Specialist",1/16/2026,1/18/2026,0,7b9c9ee6-61d4-4a33-9c44-63bda1d511ef,PlanExe
a5f16c3a-36c3-4aae-9a95-523fa278750d,Strategic Decision Making,,1/18/2026,4/10/2026,0,2db0896d-3f13-4765-96c3-0e8b7e16fdc6,PlanExe
ad13c4f9-cf17-4456-9dee-97ac97a8bbb4,Determine Informal Sector Integration Strategy,,1/18/2026,1/26/2026,0,a5f16c3a-36c3-4aae-9a95-523fa278750d,PlanExe
c7eb7bf4-788a-484d-b7c8-969b33d0c2fe,Research Informal Sector Characteristics,"Research Informal Sector Characteristics

Description:
Objective: Understand the diverse characteristics of the informal sector in India.
Scope: Identify key segments, employment types, income levels, and working conditions.
Steps: Conduct literature review, analyze existing datasets, and consult with experts.
Deliverables: Report summarizing key characteristics of the informal sector.

Resources needed:
• Labor Economist
• Data Analyst
• Research Assistant",1/18/2026,1/20/2026,0,ad13c4f9-cf17-4456-9dee-97ac97a8bbb4,PlanExe
cad31172-b06f-4038-8b25-e2d866b1fbed,Identify Relevant Informal Sector Policies,"Identify Relevant Informal Sector Policies

Description:
Objective: Identify existing policies and programs that impact the informal sector.
Scope: Review government schemes, labor laws, and social security programs.
Steps: Conduct policy analysis, consult with government officials, and review program evaluations.
Deliverables: Inventory of relevant policies and programs.

Resources needed:
• Policy Analyst
• Legal Counsel
• Government Liaison",1/20/2026,1/22/2026,0,c7eb7bf4-788a-484d-b7c8-969b33d0c2fe,PlanExe
88097f29-4ea0-4eb5-b5a8-8a86fd29e688,Develop Integration Framework Options,"Develop Integration Framework Options

Description:
Objective: Develop different options for integrating the informal sector into the 4DWW program.
Scope: Explore various models, including incentives, training, and regulatory adjustments.
Steps: Brainstorming sessions, stakeholder consultations, and feasibility analysis.
Deliverables: Report outlining integration framework options.

Resources needed:
• Program Manager
• Informal Sector Specialist
• Stakeholder Engagement Officer",1/22/2026,1/24/2026,0,cad31172-b06f-4038-8b25-e2d866b1fbed,PlanExe
f8a085c7-ca36-4719-b403-488e0f72862e,Assess Feasibility and Impact of Options,"Assess Feasibility and Impact of Options

Description:
Objective: Assess the feasibility and potential impact of each integration option.
Scope: Evaluate economic, social, and political considerations.
Steps: Conduct cost-benefit analysis, risk assessment, and stakeholder feedback sessions.
Deliverables: Report summarizing feasibility and impact assessment.

Resources needed:
• Economist
• Social Impact Analyst
• Risk Management Specialist",1/24/2026,1/26/2026,0,ad13c4f9-cf17-4456-9dee-97ac97a8bbb4,PlanExe
328cec1f-21a7-4fa7-ba19-d952dd86d5cf,Define Program Scope Strategy,,1/26/2026,2/7/2026,0,ad13c4f9-cf17-4456-9dee-97ac97a8bbb4,PlanExe
3b451b74-bf05-4ca8-9836-7c046ee438e4,Analyze current workforce dynamics,"Analyze current workforce dynamics

Description:
Objective: Understand the current workforce composition, skills, and productivity levels.
Scope: Review existing workforce data, conduct surveys, and analyze industry trends.
Steps: Gather data from HR systems, conduct employee surveys, analyze productivity reports, and identify key workforce characteristics.
Deliverables: A comprehensive report on current workforce dynamics.

Resources needed:
• HR Analyst
• Data Analyst
• Industry Expert",1/26/2026,1/29/2026,0,328cec1f-21a7-4fa7-ba19-d952dd86d5cf,PlanExe
c65ff61b-2bd0-4796-b596-5e7ac4458f42,Research productivity levels,"Research productivity levels

Description:
Objective: Determine current productivity benchmarks across different sectors and roles.
Scope: Review industry reports, conduct benchmarking studies, and analyze internal data.
Steps: Identify relevant industry reports, conduct benchmarking studies with similar organizations, analyze internal productivity data, and establish baseline productivity levels.
Deliverables: A report on current productivity levels and benchmarks.

Resources needed:
• Research Analyst
• Data Analyst
• Industry Expert",1/29/2026,2/1/2026,0,3b451b74-bf05-4ca8-9836-7c046ee438e4,PlanExe
57173c85-6433-4b96-8de1-ba4b55738648,Identify stakeholder priorities,"Identify stakeholder priorities

Description:
Objective: Understand the priorities and concerns of key stakeholders regarding the program scope.
Scope: Conduct stakeholder interviews, facilitate workshops, and analyze feedback.
Steps: Identify key stakeholders, conduct individual interviews, facilitate group workshops, and analyze feedback to identify common priorities and concerns.
Deliverables: A summary of stakeholder priorities and concerns.

Resources needed:
• Stakeholder Engagement Officer
• Facilitator
• Communication Specialist",2/1/2026,2/4/2026,0,c65ff61b-2bd0-4796-b596-5e7ac4458f42,PlanExe
a5369016-c9b8-4fdf-8523-a93be32fc5d5,Define decision-making process,"Define decision-making process

Description:
Objective: Establish a clear and transparent decision-making process for scope-related decisions.
Scope: Define roles and responsibilities, establish decision-making criteria, and document the process.
Steps: Identify key decision-makers, define their roles and responsibilities, establish clear decision-making criteria, and document the process in a formal document.
Deliverables: A documented decision-making process.

Resources needed:
• Project Manager
• Legal Counsel
• Senior Management",2/4/2026,2/7/2026,0,328cec1f-21a7-4fa7-ba19-d952dd86d5cf,PlanExe
bd5fb4b7-2f97-4e58-86ac-2204e1a481a1,Develop Legal Amendment Strategy,,2/7/2026,2/27/2026,0,328cec1f-21a7-4fa7-ba19-d952dd86d5cf,PlanExe
db3b0ccf-6b5c-4c56-b612-ca12b5244bd0,Research existing labor laws and regulations,"Research existing labor laws and regulations

Description:
Objective: Identify all relevant labor laws and regulations across different states in India that may impact the implementation of the 4DWW program.
Scope: Review central and state-level labor laws, including those related to working hours, wages, and employee benefits.
Steps: 1. Conduct legal research using online databases and legal resources. 2. Consult with legal experts to identify potential conflicts or ambiguities. 3. Document findings in a comprehensive report.
Deliverables: A detailed report summarizing relevant labor laws and regulations.

Resources needed:
• Legal experts
• Legal research databases
• Research assistants",2/7/2026,2/12/2026,0,bd5fb4b7-2f97-4e58-86ac-2204e1a481a1,PlanExe
e0494cf0-d782-49ec-bbef-0923a075c947,Analyze legal implications of 4DWW,"Analyze legal implications of 4DWW

Description:
Objective: Assess the legal implications of implementing a 4DWW program in India, including potential challenges and opportunities.
Scope: Analyze the impact of 4DWW on existing labor laws, employee contracts, and collective bargaining agreements.
Steps: 1. Conduct legal analysis of the 4DWW concept in the context of Indian labor laws. 2. Identify potential legal risks and liabilities. 3. Develop recommendations for mitigating legal risks.
Deliverables: A legal opinion outlining the legal implications of 4DWW and recommendations for addressing potential legal issues.

Resources needed:
• Legal experts
• Labor law specialists
• Policy analysts",2/12/2026,2/17/2026,0,db3b0ccf-6b5c-4c56-b612-ca12b5244bd0,PlanExe
a4c19140-d20a-4b2a-be03-fcbd6cb3b4d4,Develop amendment options for labor laws,"Develop amendment options for labor laws

Description:
Objective: Develop a range of amendment options for existing labor laws to facilitate the implementation of the 4DWW program.
Scope: Draft potential amendments to labor laws related to working hours, wages, and employee benefits.
Steps: 1. Identify specific provisions of labor laws that need to be amended. 2. Draft alternative amendment options with varying degrees of flexibility. 3. Consult with stakeholders to gather feedback on the proposed amendments.
Deliverables: A set of proposed amendments to labor laws, along with supporting documentation and stakeholder feedback.

Resources needed:
• Legal experts
• Legislative drafters
• Stakeholder engagement officers",2/17/2026,2/22/2026,0,e0494cf0-d782-49ec-bbef-0923a075c947,PlanExe
929a6bc0-9ef2-4e35-9bd2-153d73c045f8,Consult with state labor departments,"Consult with state labor departments

Description:
Objective: Engage with state labor departments to gather feedback on the proposed legal amendment strategy and ensure compliance with local regulations.
Scope: Conduct consultations with state labor departments to discuss the legal implications of 4DWW and the proposed amendment options.
Steps: 1. Schedule meetings with state labor department officials. 2. Present the proposed legal amendment strategy and gather feedback. 3. Address concerns and incorporate feedback into the strategy.
Deliverables: A summary of feedback from state labor departments and a revised legal amendment strategy.

Resources needed:
• Stakeholder engagement officers
• Legal experts
• Communication specialists",2/22/2026,2/27/2026,0,bd5fb4b7-2f97-4e58-86ac-2204e1a481a1,PlanExe
ed0c857e-3d29-44c1-b2ed-5bf3e3fc6123,Establish Data & Audit Strategy,,2/27/2026,3/14/2026,0,bd5fb4b7-2f97-4e58-86ac-2204e1a481a1,PlanExe
dfa288e8-cf21-4122-ba51-f2f6b9122f2d,Identify key data elements and sources,"Identify key data elements and sources

Description:
Determine the specific data elements required for the 4DWW program, including employee demographics, work hours, productivity metrics, and other relevant information. Identify potential data sources, such as company HR systems, time tracking software, and employee surveys.

Resources needed:
• Data Analyst
• HR Specialist
• IT Specialist",2/27/2026,3/2/2026,0,ed0c857e-3d29-44c1-b2ed-5bf3e3fc6123,PlanExe
6fc046dd-9df3-42ce-8892-6df2d6f2d264,Assess current data privacy laws,"Assess current data privacy laws

Description:
Conduct a thorough review of existing data privacy laws and regulations in India, including the Information Technology Act, 2000, and any relevant sectoral regulations. Identify potential compliance requirements and develop a plan to address them.

Resources needed:
• Legal Counsel
• Data Privacy Expert",3/2/2026,3/5/2026,0,dfa288e8-cf21-4122-ba51-f2f6b9122f2d,PlanExe
0f8a5488-1800-4d07-b85c-da32d85a882b,Design data security architecture,"Design data security architecture

Description:
Develop a robust data security architecture that protects sensitive employee data from unauthorized access, use, or disclosure. This includes implementing appropriate access controls, encryption techniques, and data loss prevention measures.

Resources needed:
• Cybersecurity Expert
• IT Architect
• Data Security Engineer",3/5/2026,3/8/2026,0,6fc046dd-9df3-42ce-8892-6df2d6f2d264,PlanExe
82b444a2-70f8-4969-9e06-e28ed1e2ec5a,Create data breach response plan (1),"Create data breach response plan

Description:
Develop a comprehensive data breach response plan that outlines the steps to be taken in the event of a data breach. This includes identifying key stakeholders, establishing communication protocols, and implementing procedures for containing the breach and notifying affected individuals.

Resources needed:
• Risk Management Officer
• Legal Counsel
• IT Security Team",3/8/2026,3/11/2026,0,0f8a5488-1800-4d07-b85c-da32d85a882b,PlanExe
9a52b3f9-7dbe-432a-bc0f-0f32bc711f79,Implement data minimization principles,"Implement data minimization principles

Description:
Apply data minimization principles to ensure that only the minimum amount of personal data necessary for the 4DWW program is collected and processed. This includes limiting the scope of data collection, anonymizing data where possible, and securely deleting data when it is no longer needed.

Resources needed:
• Data Analyst
• Data Privacy Expert
• Program Manager",3/11/2026,3/14/2026,0,ed0c857e-3d29-44c1-b2ed-5bf3e3fc6123,PlanExe
55c284c1-2fa8-4390-b43d-f0544feffdb1,Formulate Adaptive Implementation Strategy,,3/14/2026,3/29/2026,0,ed0c857e-3d29-44c1-b2ed-5bf3e3fc6123,PlanExe
27728c68-31cd-493a-ae31-d0e84fffc445,Define Key Incentive Metrics and Targets,"Define Key Incentive Metrics and Targets

Description:
Establish specific, measurable, achievable, relevant, and time-bound (SMART) metrics for productivity, equity, and employee well-being to be incentivized within the 4DWW program. Define target levels for each metric to guide incentive payouts.

Resources needed:
• Economist
• Data Analyst
• HR Specialist",3/14/2026,3/17/2026,0,55c284c1-2fa8-4390-b43d-f0544feffdb1,PlanExe
766d2d95-7fcd-41c9-a109-b141eeb30b73,Research Incentive Models and Best Practices,"Research Incentive Models and Best Practices

Description:
Conduct a comprehensive review of existing incentive programs in India and internationally, focusing on those that promote productivity, equity, and employee well-being. Identify best practices and lessons learned to inform the design of the 4DWW incentive strategy.

Resources needed:
• Research Analyst
• HR Specialist
• Industry Expert",3/17/2026,3/20/2026,0,27728c68-31cd-493a-ae31-d0e84fffc445,PlanExe
7deada4d-f968-4cf5-b2db-5eb75da1c0ec,Design Incentive Structure and Payout Mechanism,"Design Incentive Structure and Payout Mechanism

Description:
Develop a detailed incentive structure that aligns with the defined metrics and targets. Determine the payout mechanism, including the frequency of payouts, the eligibility criteria, and the method of distribution. Ensure the incentive structure is transparent, fair, and easy to understand.

Resources needed:
• Compensation Specialist
• Legal Counsel
• Finance Manager",3/20/2026,3/23/2026,0,766d2d95-7fcd-41c9-a109-b141eeb30b73,PlanExe
ff225ae0-91c1-4c4c-bc84-a14caf9f4980,Pilot Test Incentive Strategy and Gather Feedback,"Pilot Test Incentive Strategy and Gather Feedback

Description:
Implement the designed incentive strategy in a pilot program and collect data on its effectiveness in achieving the desired outcomes. Gather feedback from employees, employers, and other stakeholders to identify areas for improvement.

Resources needed:
• Pilot Program Participants
• Data Analyst
• Stakeholder Engagement Officer",3/23/2026,3/26/2026,0,7deada4d-f968-4cf5-b2db-5eb75da1c0ec,PlanExe
e4a50c0a-76dc-44dc-8f30-bf1551edc09c,Refine Incentive Strategy Based on Pilot Results,"Refine Incentive Strategy Based on Pilot Results

Description:
Analyze the data and feedback collected during the pilot program to identify areas where the incentive strategy can be improved. Make necessary adjustments to the metrics, targets, payout mechanism, or other elements of the strategy to maximize its effectiveness.

Resources needed:
• Economist
• Data Analyst
• HR Specialist",3/26/2026,3/29/2026,0,55c284c1-2fa8-4390-b43d-f0544feffdb1,PlanExe
87d7bb51-6ed7-4ffa-aa63-2a2d1d37e70c,Design Incentive Strategy,,3/29/2026,4/10/2026,0,a5f16c3a-36c3-4aae-9a95-523fa278750d,PlanExe
c78f2126-e982-4713-8f43-8f9d13211882,Research existing incentive programs in India,"Research existing incentive programs in India

Description:
Objective: Identify successful and unsuccessful incentive programs in India.
Scope: Review government schemes, private sector initiatives, and academic studies.
Steps: Conduct literature review, interview program managers, analyze program data.
Deliverables: Report summarizing key findings and recommendations.

Resources needed:
• Researcher
• Data analyst
• Subject matter expert",3/29/2026,4/1/2026,0,87d7bb51-6ed7-4ffa-aa63-2a2d1d37e70c,PlanExe
169d2434-0161-4762-9822-d0fa06f3c4f9,Research incentive design best practices,"Research incentive design best practices

Description:
Objective: Identify best practices in incentive design from other countries.
Scope: Review international case studies, academic literature, and industry reports.
Steps: Conduct literature review, interview international experts, analyze case studies.
Deliverables: Report summarizing key findings and recommendations.

Resources needed:
• Researcher
• International expert
• Subject matter expert",4/1/2026,4/4/2026,0,c78f2126-e982-4713-8f43-8f9d13211882,PlanExe
10ba5deb-3556-460f-926b-bf8e5ce1c28a,Pilot test different incentive structures,"Pilot test different incentive structures

Description:
Objective: Assess the effectiveness of different incentive structures in the pilot program.
Scope: Design and implement pilot tests with different incentive models.
Steps: Develop pilot protocols, recruit participants, collect data, analyze results.
Deliverables: Report summarizing pilot test results and recommendations.

Resources needed:
• Pilot program participants
• Data analyst
• Program manager",4/4/2026,4/7/2026,0,169d2434-0161-4762-9822-d0fa06f3c4f9,PlanExe
05f4dfab-055f-4179-901c-ef4f235d544b,Analyze incentive impact on productivity and equity,"Analyze incentive impact on productivity and equity

Description:
Objective: Determine the impact of different incentives on productivity and equity.
Scope: Analyze data from the pilot program to assess the impact of incentives.
Steps: Conduct statistical analysis, qualitative analysis, and cost-benefit analysis.
Deliverables: Report summarizing the impact of incentives on productivity and equity.

Resources needed:
• Data analyst
• Economist
• Subject matter expert",4/7/2026,4/10/2026,0,87d7bb51-6ed7-4ffa-aa63-2a2d1d37e70c,PlanExe
01c77018-5028-494d-8117-0e53fed3c736,Pilot Program Implementation,,4/10/2026,11/6/2026,0,a5f16c3a-36c3-4aae-9a95-523fa278750d,PlanExe
bf16266a-9a90-4d66-b7ea-61c840871ab8,Recruit Pilot Cohorts (Formal and Informal Sectors),,4/10/2026,5/10/2026,0,01c77018-5028-494d-8117-0e53fed3c736,PlanExe
3b224161-f1ce-4945-a138-965a45b1edc4,Define Pilot Company Selection Criteria,"Define Pilot Company Selection Criteria

Description:
Establish clear criteria for selecting pilot companies, considering factors such as industry, size, location, and commitment to the 4DWW program. This includes defining eligibility requirements and scoring mechanisms.

Resources needed:
• Program Director
• Industry Specialist
• Data Analyst",4/10/2026,4/16/2026,0,bf16266a-9a90-4d66-b7ea-61c840871ab8,PlanExe
fb0fa9dc-1006-4dee-9c95-b114c1436e64,Develop Recruitment Materials and Outreach Strategy,"Develop Recruitment Materials and Outreach Strategy

Description:
Create compelling recruitment materials (e.g., brochures, website content, presentations) that highlight the benefits of participating in the pilot program. Develop an outreach strategy to target potential pilot companies in both the formal and informal sectors.

Resources needed:
• Marketing Specialist
• Communications Officer
• Stakeholder Engagement Officer",4/16/2026,4/22/2026,0,3b224161-f1ce-4945-a138-965a45b1edc4,PlanExe
98f185f6-ca08-42a3-8f11-98adbb47265b,Conduct Company Outreach and Application Review,"Conduct Company Outreach and Application Review

Description:
Actively reach out to potential pilot companies through various channels (e.g., industry events, online platforms, direct contact). Review applications based on the defined selection criteria and conduct interviews with shortlisted companies.

Resources needed:
• Stakeholder Engagement Officer
• Industry Specialist
• Program Coordinator",4/22/2026,4/28/2026,0,fb0fa9dc-1006-4dee-9c95-b114c1436e64,PlanExe
99b4179a-234b-4736-9beb-783945a647ed,Negotiate and Finalize Agreements with Pilot Companies,"Negotiate and Finalize Agreements with Pilot Companies

Description:
Negotiate the terms of participation with selected pilot companies, including data sharing agreements, implementation timelines, and reporting requirements. Finalize formal agreements (MOUs) with each pilot company.

Resources needed:
• Legal Counsel
• Program Director
• Stakeholder Engagement Officer",4/28/2026,5/4/2026,0,98f185f6-ca08-42a3-8f11-98adbb47265b,PlanExe
4352bb3b-519b-4813-8ffc-e5f895b4da78,Obtain Ethical Approvals for Human Subject Research,"Obtain Ethical Approvals for Human Subject Research

Description:
Prepare and submit necessary documentation to relevant ethics review boards to obtain ethical approvals for conducting human subject research within the pilot program. Ensure compliance with all applicable ethical guidelines and regulations.

Resources needed:
• Research Ethics Specialist
• Legal Counsel
• Program Coordinator",5/4/2026,5/10/2026,0,bf16266a-9a90-4d66-b7ea-61c840871ab8,PlanExe
4c354309-e9a0-41de-81e9-46e906ffd05f,Develop Pilot Program Training Materials,,5/10/2026,5/25/2026,0,bf16266a-9a90-4d66-b7ea-61c840871ab8,PlanExe
7b575022-5457-43c1-a834-b39aa48debbf,Identify Training Needs for Pilot Companies,"Identify Training Needs for Pilot Companies

Description:
Objective: Determine the specific training requirements of pilot companies based on their sector, size, and existing employee skills.
Scope: Conduct surveys and interviews with pilot company representatives to assess their training needs. Analyze existing training materials and identify gaps.
Steps: 1. Develop a survey questionnaire to assess training needs. 2. Conduct interviews with pilot company representatives. 3. Analyze survey and interview data. 4. Identify specific training topics and skill gaps.
Deliverables: A report outlining the training needs of pilot companies.

Resources needed:
• Training Specialist
• Survey Designer
• Data Analyst",5/10/2026,5/13/2026,0,4c354309-e9a0-41de-81e9-46e906ffd05f,PlanExe
92726ee8-d607-48cc-be15-0cdda64fe0f9,Adapt Existing Training Materials,"Adapt Existing Training Materials

Description:
Objective: Modify existing training materials to suit the specific context of the 4DWW program in India, considering cultural nuances and local regulations.
Scope: Review existing training materials from similar programs and adapt them to the Indian context. Ensure materials are accessible and culturally appropriate.
Steps: 1. Review existing training materials. 2. Identify areas for adaptation. 3. Modify materials to suit the Indian context. 4. Ensure materials are accessible and culturally appropriate.
Deliverables: Adapted training materials for the 4DWW program.

Resources needed:
• Training Specialist
• Content Writer
• Cultural Consultant",5/13/2026,5/16/2026,0,7b575022-5457-43c1-a834-b39aa48debbf,PlanExe
ad457611-fed7-47cb-9291-7a215b2bd378,Develop New Training Modules,"Develop New Training Modules

Description:
Objective: Create new training modules to address specific skill gaps and knowledge areas not covered by existing materials.
Scope: Design and develop new training modules on topics such as time management, productivity enhancement, and work-life balance.
Steps: 1. Identify topics for new training modules. 2. Design and develop new training modules. 3. Review and refine the modules. 4. Ensure modules are engaging and effective.
Deliverables: New training modules for the 4DWW program.

Resources needed:
• Training Specialist
• Instructional Designer
• Subject Matter Expert",5/16/2026,5/19/2026,0,92726ee8-d607-48cc-be15-0cdda64fe0f9,PlanExe
72b6eb73-dc6a-48b8-9cc6-8f7540c9bbb1,Translate Training Materials,"Translate Training Materials

Description:
Objective: Translate all training materials into relevant regional languages to ensure accessibility for all pilot company employees.
Scope: Translate training materials into Hindi and other relevant regional languages.
Steps: 1. Identify relevant regional languages. 2. Translate training materials. 3. Review and proofread translations. 4. Ensure translations are accurate and culturally appropriate.
Deliverables: Translated training materials for the 4DWW program.

Resources needed:
• Translator
• Proofreader
• Language Expert",5/19/2026,5/22/2026,0,ad457611-fed7-47cb-9291-7a215b2bd378,PlanExe
56168913-783d-4cbc-9d0a-967006e732d2,Design Training Delivery Methods,"Design Training Delivery Methods

Description:
Objective: Determine the most effective methods for delivering training to pilot company employees, considering their diverse backgrounds and learning styles.
Scope: Design a mix of online and in-person training sessions, workshops, and coaching programs.
Steps: 1. Identify suitable training delivery methods. 2. Design training sessions and workshops. 3. Develop coaching programs. 4. Ensure delivery methods are engaging and effective.
Deliverables: A plan for delivering training to pilot company employees.

Resources needed:
• Training Specialist
• Instructional Designer
• Facilitator",5/22/2026,5/25/2026,0,4c354309-e9a0-41de-81e9-46e906ffd05f,PlanExe
4ee53e0b-c8fb-42ce-8043-c3ce3d5e187d,Implement 4DWW in Pilot Companies,,5/25/2026,9/22/2026,0,4c354309-e9a0-41de-81e9-46e906ffd05f,PlanExe
871c4c31-c85c-412e-92a2-98ef9309e47e,Establish baseline productivity metrics,"Establish baseline productivity metrics

Description:
Objective: Measure pre-4DWW productivity. Scope: All pilot companies. Steps: Define metrics, collect data, analyze. Deliverables: Baseline report.

Resources needed:
• Data analysts
• Project managers
• HR representatives from pilot companies",5/25/2026,6/24/2026,0,4ee53e0b-c8fb-42ce-8043-c3ce3d5e187d,PlanExe
afcc3ab1-1a0a-4824-a66d-678f74421b64,Implement revised work schedules,"Implement revised work schedules

Description:
Objective: Transition to 4DWW. Scope: All pilot companies. Steps: Communicate changes, adjust schedules, monitor. Deliverables: Updated schedules.

Resources needed:
• Project managers
• HR representatives
• IT support",6/24/2026,7/24/2026,0,871c4c31-c85c-412e-92a2-98ef9309e47e,PlanExe
b8138d33-b642-4a6d-ae4c-61b2abb3d55e,Monitor employee well-being and feedback,"Monitor employee well-being and feedback

Description:
Objective: Track employee satisfaction. Scope: All pilot companies. Steps: Conduct surveys, hold focus groups, analyze feedback. Deliverables: Feedback reports.

Resources needed:
• HR representatives
• Survey specialists
• Data analysts",7/24/2026,8/23/2026,0,afcc3ab1-1a0a-4824-a66d-678f74421b64,PlanExe
a67cf4a9-689d-4f3f-9d39-ec2b89350641,Track productivity and operational changes,"Track productivity and operational changes

Description:
Objective: Measure post-4DWW productivity. Scope: All pilot companies. Steps: Collect data, analyze changes, identify trends. Deliverables: Productivity reports.

Resources needed:
• Data analysts
• Project managers
• Operational managers from pilot companies",8/23/2026,9/22/2026,0,4ee53e0b-c8fb-42ce-8043-c3ce3d5e187d,PlanExe
b70e5297-0b15-4f27-93b8-23b5cc19733b,Collect and Analyze Pilot Data,,9/22/2026,10/22/2026,0,4ee53e0b-c8fb-42ce-8043-c3ce3d5e187d,PlanExe
0cf21884-9e6f-4a4a-a0a0-17496bdc4368,Define data collection methods and tools,"Define data collection methods and tools

Description:
Determine the specific methods (surveys, interviews, data extraction) and tools (software, platforms) to be used for collecting pilot data. This includes designing survey instruments, developing data extraction scripts, and selecting appropriate data storage solutions.

Resources needed:
• Data Analyst
• M&E Specialist
• IT Specialist",9/22/2026,9/28/2026,0,b70e5297-0b15-4f27-93b8-23b5cc19733b,PlanExe
1fc0b962-d279-4897-bc2c-fb253ab5a38e,Collect productivity and well-being data,"Collect productivity and well-being data

Description:
Gather data related to productivity metrics (output, efficiency, revenue) and employee well-being (satisfaction, stress levels, work-life balance) from participating pilot companies. Ensure data is collected consistently across all companies and time periods.

Resources needed:
• Data Collectors
• Project Coordinators
• Pilot Company Representatives",9/28/2026,10/4/2026,0,0cf21884-9e6f-4a4a-a0a0-17496bdc4368,PlanExe
6fa3f3d9-81c4-4c05-80f0-c381f859e809,Clean and validate collected data,"Clean and validate collected data

Description:
Process the raw data collected from pilot companies to identify and correct errors, inconsistencies, and missing values. Implement data validation procedures to ensure data quality and reliability.

Resources needed:
• Data Analyst
• Data Quality Specialist",10/4/2026,10/10/2026,0,1fc0b962-d279-4897-bc2c-fb253ab5a38e,PlanExe
af295738-d974-46c1-9cf1-702167598e2b,Analyze data for productivity and equity,"Analyze data for productivity and equity

Description:
Perform statistical analysis on the cleaned and validated data to assess the impact of the 4DWW program on productivity, equity, and other key performance indicators. Identify trends, patterns, and statistically significant differences between the pre- and post-implementation periods.

Resources needed:
• Data Analyst
• Statistician
• Economist",10/10/2026,10/16/2026,0,6fa3f3d9-81c4-4c05-80f0-c381f859e809,PlanExe
121f6af8-854b-4b3c-a3ad-8bcb32f2fdab,Prepare data analysis report and findings,"Prepare data analysis report and findings

Description:
Document the data collection and analysis process, including the methods used, the results obtained, and the key findings. Present the findings in a clear and concise report that can be used to inform decision-making and program refinement.

Resources needed:
• Data Analyst
• Report Writer
• Program Director",10/16/2026,10/22/2026,0,b70e5297-0b15-4f27-93b8-23b5cc19733b,PlanExe
8fcd2957-b853-49b9-aadf-5347b11e6a6b,Conduct Pilot Program Audits,,10/22/2026,11/6/2026,0,01c77018-5028-494d-8117-0e53fed3c736,PlanExe
9d714edd-a2bc-43af-8f65-df47162d5292,Prepare audit plan and checklist,"Prepare audit plan and checklist

Description:
Develop a detailed audit plan outlining the scope, objectives, and methodology for the pilot program audits. Create a comprehensive audit checklist to ensure consistent and thorough evaluation across all pilot companies.

Resources needed:
• Audit Manager
• Senior Auditor
• Industry Expert",10/22/2026,10/25/2026,0,8fcd2957-b853-49b9-aadf-5347b11e6a6b,PlanExe
88a94451-1ef0-4076-9a67-021a8ae8f50f,Schedule audits with pilot companies,"Schedule audits with pilot companies

Description:
Coordinate with pilot companies to schedule audit dates and times, taking into account their operational constraints and availability. Communicate audit requirements and expectations clearly to ensure smooth execution.

Resources needed:
• Audit Coordinator
• Project Manager",10/25/2026,10/28/2026,0,9d714edd-a2bc-43af-8f65-df47162d5292,PlanExe
df5e3870-7ba8-45fc-8c43-3e8d4c17460d,Conduct on-site audits and data verification,"Conduct on-site audits and data verification

Description:
Visit pilot company locations to conduct on-site audits, verifying data accuracy and compliance with program guidelines. Review relevant documentation, interview employees, and observe operational processes to gather evidence.

Resources needed:
• Auditors
• Data Analysts",10/28/2026,10/31/2026,0,88a94451-1ef0-4076-9a67-021a8ae8f50f,PlanExe
ebc79a16-4b42-4b91-afb0-7051b775c4a1,Document audit findings and recommendations,"Document audit findings and recommendations

Description:
Prepare detailed audit reports summarizing key findings, including areas of compliance and non-compliance. Provide specific recommendations for improvement and corrective actions to address identified issues.

Resources needed:
• Auditors
• Report Writers",10/31/2026,11/3/2026,0,df5e3870-7ba8-45fc-8c43-3e8d4c17460d,PlanExe
7ebeffb9-e8cb-4975-a618-88624ccd2a43,Present audit results to stakeholders,"Present audit results to stakeholders

Description:
Present audit findings and recommendations to relevant stakeholders, including pilot company management, PMO representatives, and advisory board members. Facilitate discussions and address any concerns or questions.

Resources needed:
• Audit Manager
• Senior Auditor
• Stakeholder Engagement Officer",11/3/2026,11/6/2026,0,8fcd2957-b853-49b9-aadf-5347b11e6a6b,PlanExe
d23c6355-a96b-42fb-8abd-ed67da47cdc0,Data Collection and Validation,,11/6/2026,12/29/2026,0,01c77018-5028-494d-8117-0e53fed3c736,PlanExe
6d1747bd-225c-41e1-99b7-4305829cbb3c,Develop Informal Sector Productivity Metrics,,11/6/2026,11/21/2026,0,d23c6355-a96b-42fb-8abd-ed67da47cdc0,PlanExe
2c749406-b42f-4154-b996-1ae1192dfb23,Identify key informal sector segments,"Identify key informal sector segments

Description:
Objective: Define the scope of the informal sector for productivity measurement.
Scope: Identify relevant segments based on economic activity and data availability.
Steps: Review existing literature, consult with experts, and analyze available data.
Deliverables: A list of key informal sector segments.

Resources needed:
• Informal Sector Specialist
• Data Analyst
• Economist",11/6/2026,11/9/2026,0,6d1747bd-225c-41e1-99b7-4305829cbb3c,PlanExe
ddb7e13f-cd62-48a0-a2a3-eb42c09435ce,Develop sector-specific productivity indicators,"Develop sector-specific productivity indicators

Description:
Objective: Create metrics tailored to each identified segment.
Scope: Define measurable indicators reflecting productivity in each segment.
Steps: Brainstorm potential indicators, research existing metrics, and adapt them to the informal sector.
Deliverables: A set of productivity indicators for each segment.

Resources needed:
• Informal Sector Specialist
• Data Analyst
• Economist
• M&E Specialist",11/9/2026,11/12/2026,0,2c749406-b42f-4154-b996-1ae1192dfb23,PlanExe
630c2dea-3e0f-4959-a8df-4fd69e60e7be,Design data collection methods,"Design data collection methods

Description:
Objective: Determine how to collect data for the defined indicators.
Scope: Develop practical and reliable data collection methods.
Steps: Explore different methods (surveys, interviews, observations), design data collection tools, and pilot test them.
Deliverables: Data collection tools and protocols.

Resources needed:
• Data Analyst
• Survey Specialist
• Field Researchers",11/12/2026,11/15/2026,0,ddb7e13f-cd62-48a0-a2a3-eb42c09435ce,PlanExe
98860894-ac68-4028-b9fa-33d797cc6197,Pilot test metrics and methods,"Pilot test metrics and methods

Description:
Objective: Evaluate the feasibility and validity of the metrics and methods.
Scope: Conduct pilot studies in selected informal sector segments.
Steps: Recruit participants, collect data, analyze results, and refine metrics and methods.
Deliverables: Pilot study report with recommendations.

Resources needed:
• Field Researchers
• Data Analyst
• M&E Specialist",11/15/2026,11/18/2026,0,630c2dea-3e0f-4959-a8df-4fd69e60e7be,PlanExe
dbcf8883-a93f-4d09-8c83-22df961cbf6a,Validate metrics with experts,"Validate metrics with experts

Description:
Objective: Ensure the credibility and relevance of the metrics.
Scope: Obtain feedback from experts in the field.
Steps: Consult with labor economists, statisticians, and informal sector specialists.
Deliverables: Expert validation report.

Resources needed:
• Program Director
• Informal Sector Specialist",11/18/2026,11/21/2026,0,6d1747bd-225c-41e1-99b7-4305829cbb3c,PlanExe
af72a9e2-6e56-48b5-9f5e-6534835b19fe,Analyze Regional Variations and State-Level Autonomy,,11/21/2026,12/7/2026,0,6d1747bd-225c-41e1-99b7-4305829cbb3c,PlanExe
39afe969-6208-47eb-b5ef-164559920b8b,Identify key regional variations in labor laws,"Identify key regional variations in labor laws

Description:
Objective: Identify and document the key differences in labor laws across major states in India.
Scope: Review and analyze relevant state-level labor legislation.
Steps: 1. Compile a list of major states. 2. Research labor laws in each state. 3. Document key variations.
Deliverables: A report summarizing the key regional variations in labor laws.

Resources needed:
• Legal Counsel
• Research Assistant",11/21/2026,11/25/2026,0,af72a9e2-6e56-48b5-9f5e-6534835b19fe,PlanExe
6905f01d-c60c-4b69-9d39-442d8ef0318d,Analyze state economic conditions and labor markets,"Analyze state economic conditions and labor markets

Description:
Objective: Analyze the economic conditions and labor market characteristics of different states.
Scope: Gather and analyze economic and labor market data for each state.
Steps: 1. Collect economic data (GDP, unemployment rate, etc.). 2. Collect labor market data (employment rates, wage levels, etc.). 3. Analyze the data to identify key trends and differences.
Deliverables: A report summarizing the economic conditions and labor market characteristics of each state.

Resources needed:
• Economist
• Data Analyst",11/25/2026,11/29/2026,0,39afe969-6208-47eb-b5ef-164559920b8b,PlanExe
aa27b0bb-73fc-4740-8cd5-037d882c2a33,Engage state labor departments for feedback,"Engage state labor departments for feedback

Description:
Objective: Solicit feedback from state labor departments on the proposed 4DWW program.
Scope: Conduct consultations with state labor departments to gather their input and address their concerns.
Steps: 1. Schedule meetings with state labor department officials. 2. Present the proposed 4DWW program. 3. Gather feedback and address concerns.
Deliverables: A summary of the feedback received from state labor departments.

Resources needed:
• Stakeholder Engagement Officer
• Program Director",11/29/2026,12/3/2026,0,6905f01d-c60c-4b69-9d39-442d8ef0318d,PlanExe
ed6653dc-e0dd-46c8-9c4f-eaacaea8b4da,Develop flexible implementation framework,"Develop flexible implementation framework

Description:
Objective: Develop a flexible implementation framework that accommodates state-level variations.
Scope: Design a framework that allows for customization based on the specific needs and circumstances of each state.
Steps: 1. Identify key areas where flexibility is needed. 2. Develop options for customization. 3. Document the framework.
Deliverables: A document outlining the flexible implementation framework.

Resources needed:
• Policy Analyst
• Legal Counsel",12/3/2026,12/7/2026,0,af72a9e2-6e56-48b5-9f5e-6534835b19fe,PlanExe
79a9be73-2915-4503-8cb0-b2854c643fa6,Establish Data Privacy and Security Plan,,12/7/2026,12/17/2026,0,af72a9e2-6e56-48b5-9f5e-6534835b19fe,PlanExe
7dd67dc6-7239-44d7-8b33-2c8ec61f944a,Identify applicable data privacy laws,"Identify applicable data privacy laws

Description:
Objective: Determine all relevant data privacy laws and regulations in India (e.g., IT Act, potential GDPR-like legislation). Scope: Research and document all applicable laws. Steps: Legal research, consultation with legal experts. Deliverables: List of applicable laws.

Resources needed:
• Legal Counsel
• Data Analyst",12/7/2026,12/9/2026,0,79a9be73-2915-4503-8cb0-b2854c643fa6,PlanExe
cd68ef78-1656-4ad8-a238-1818a529ccb9,Define data minimization and retention policies,"Define data minimization and retention policies

Description:
Objective: Establish clear policies for data minimization (collecting only necessary data) and data retention (how long data is stored). Scope: Develop policies aligned with legal requirements and best practices. Steps: Policy drafting, stakeholder review. Deliverables: Data minimization and retention policies.

Resources needed:
• Risk Management & Compliance Officer
• Legal Counsel",12/9/2026,12/11/2026,0,7dd67dc6-7239-44d7-8b33-2c8ec61f944a,PlanExe
c95dc5f7-b387-4307-afaf-edd8c349c003,Implement data encryption and access controls,"Implement data encryption and access controls

Description:
Objective: Implement technical measures to protect data from unauthorized access and breaches. Scope: Encrypt data at rest and in transit, implement role-based access controls. Steps: System configuration, security testing. Deliverables: Encrypted data storage, access control system.

Resources needed:
• Data Analyst
• IT Security Architect",12/11/2026,12/13/2026,0,cd68ef78-1656-4ad8-a238-1818a529ccb9,PlanExe
0c0a9875-526e-44fd-aa60-6900f1f92a8a,Create data breach response plan (2),"Create data breach response plan

Description:
Objective: Develop a plan for responding to data breaches, including notification procedures and remediation steps. Scope: Define roles and responsibilities, establish communication protocols. Steps: Plan drafting, simulation exercises. Deliverables: Data breach response plan.

Resources needed:
• Risk Management & Compliance Officer
• Legal Counsel
• IT Security Architect",12/13/2026,12/15/2026,0,c95dc5f7-b387-4307-afaf-edd8c349c003,PlanExe
a58daa27-64db-43f4-99f8-cb44825a4d53,Conduct security audit and penetration testing,"Conduct security audit and penetration testing

Description:
Objective: Identify vulnerabilities in data security systems and processes. Scope: Conduct regular security audits and penetration testing. Steps: Audit planning, testing execution, report generation. Deliverables: Security audit report, penetration testing report.

Resources needed:
• IT Security Architect
• External Security Auditors",12/15/2026,12/17/2026,0,79a9be73-2915-4503-8cb0-b2854c643fa6,PlanExe
a8b42dda-958d-45fc-a2ed-fe765db1228e,Assess Energy Consumption and Carbon Emissions Impact,,12/17/2026,12/29/2026,0,d23c6355-a96b-42fb-8abd-ed67da47cdc0,PlanExe
50597b29-ed59-4316-9e8c-af60851c1d05,Gather energy consumption data from companies,"Gather energy consumption data from companies

Description:
Collect energy usage data (electricity, gas, etc.) from participating companies before and after the 4DWW implementation. This includes obtaining historical data and establishing a system for ongoing data collection.

Resources needed:
• Data Analyst
• Energy Consultant
• Participating Companies",12/17/2026,12/20/2026,0,a8b42dda-958d-45fc-a2ed-fe765db1228e,PlanExe
2a1f6f43-6d08-4a7b-b5e5-10eead7d07c4,Analyze employee commute patterns,"Analyze employee commute patterns

Description:
Assess changes in employee commuting habits due to the 4DWW program. This involves surveying employees about their commute modes, distances, and frequency before and after the implementation.

Resources needed:
• Survey Specialist
• Data Analyst
• Transportation Planner",12/20/2026,12/23/2026,0,50597b29-ed59-4316-9e8c-af60851c1d05,PlanExe
e0f634ec-62f2-482f-98ac-0d77cf2cdace,Calculate carbon emissions impact,"Calculate carbon emissions impact

Description:
Use collected data and emission factors to calculate the overall carbon emissions impact of the 4DWW program. This includes considering both direct emissions (e.g., from commuting) and indirect emissions (e.g., from energy consumption).

Resources needed:
• Environmental Scientist
• Data Analyst
• Carbon Accounting Specialist",12/23/2026,12/26/2026,0,2a1f6f43-6d08-4a7b-b5e5-10eead7d07c4,PlanExe
8021ea80-f663-436e-bf0c-1b1a722eae68,Develop mitigation strategies,"Develop mitigation strategies

Description:
Identify and develop strategies to mitigate any negative environmental impacts identified during the assessment. This may include promoting sustainable transportation options, encouraging energy efficiency measures, and offsetting carbon emissions.

Resources needed:
• Sustainability Expert
• Policy Analyst
• Environmental Economist",12/26/2026,12/29/2026,0,a8b42dda-958d-45fc-a2ed-fe765db1228e,PlanExe
60f732b1-8f29-4303-a70a-71cb08b35b6e,Adaptive Implementation and Refinement,,12/29/2026,2/15/2027,0,d23c6355-a96b-42fb-8abd-ed67da47cdc0,PlanExe
22f30f4d-0fbf-4b94-bf90-8901baa2f16a,Conduct Quarterly Decision Gate Reviews,,12/29/2026,1/6/2027,0,60f732b1-8f29-4303-a70a-71cb08b35b6e,PlanExe
48ece07b-0302-4836-a334-1c1797552a23,Prepare Decision Gate Review Materials,"Prepare Decision Gate Review Materials

Description:
Objective: Compile all necessary data, reports, and presentations for the quarterly decision gate review.
Scope: Includes gathering pilot program performance metrics, financial reports, risk assessments, and stakeholder feedback.
Steps: 1. Identify required materials. 2. Collect data from relevant sources. 3. Prepare reports and presentations. 4. Distribute materials to decision-makers.
Deliverables: Complete set of review materials.

Resources needed:
• Project Manager
• Data Analyst
• Financial Analyst
• Stakeholder Engagement Officer",12/29/2026,12/31/2026,0,22f30f4d-0fbf-4b94-bf90-8901baa2f16a,PlanExe
fe626a3d-80d5-49f0-83ad-295da1864b5b,Schedule Decision Gate Review Meeting,"Schedule Decision Gate Review Meeting

Description:
Objective: Coordinate and schedule the quarterly decision gate review meeting with all key stakeholders.
Scope: Includes identifying available dates, sending out meeting invitations, and confirming attendance.
Steps: 1. Identify key stakeholders. 2. Determine available dates. 3. Send out meeting invitations. 4. Confirm attendance. 5. Book meeting room/virtual meeting platform.
Deliverables: Confirmed meeting schedule with all key stakeholders.

Resources needed:
• Project Manager
• Administrative Assistant",12/31/2026,1/2/2027,0,48ece07b-0302-4836-a334-1c1797552a23,PlanExe
1a5c1ce6-f150-4e1a-a9bd-4ce946c56fac,Facilitate Decision Gate Review Meeting,"Facilitate Decision Gate Review Meeting

Description:
Objective: Conduct the quarterly decision gate review meeting, ensuring all agenda items are covered and decisions are documented.
Scope: Includes presenting review materials, facilitating discussion, and documenting decisions.
Steps: 1. Present review materials. 2. Facilitate discussion. 3. Document decisions. 4. Assign action items.
Deliverables: Meeting minutes and action items.

Resources needed:
• Project Manager
• Subject Matter Experts",1/2/2027,1/4/2027,0,fe626a3d-80d5-49f0-83ad-295da1864b5b,PlanExe
1d9a2c86-9459-4dc2-aa90-405aed92be28,Document and Communicate Review Outcomes,"Document and Communicate Review Outcomes

Description:
Objective: Document the outcomes of the decision gate review and communicate them to relevant stakeholders.
Scope: Includes preparing meeting minutes, distributing action items, and updating project documentation.
Steps: 1. Prepare meeting minutes. 2. Distribute action items. 3. Update project documentation. 4. Communicate outcomes to stakeholders.
Deliverables: Meeting minutes, updated action items, and updated project documentation.

Resources needed:
• Project Manager
• Administrative Assistant",1/4/2027,1/6/2027,0,22f30f4d-0fbf-4b94-bf90-8901baa2f16a,PlanExe
5ddf1aad-d19f-40c2-9de9-b8e0db337548,Implement Adaptive Rollback Procedures (if necessary),,1/6/2027,1/14/2027,0,22f30f4d-0fbf-4b94-bf90-8901baa2f16a,PlanExe
9f0dcdba-6031-47ef-9e96-323fcbb103b1,Define Rollback Criteria and Triggers,"Define Rollback Criteria and Triggers

Description:
Establish specific, measurable criteria that will trigger the implementation of rollback procedures. This includes defining acceptable thresholds for key performance indicators (KPIs) such as productivity, employee satisfaction, and cost savings. Identify potential events or circumstances that would necessitate a rollback, such as significant operational disruptions or negative impacts on employee well-being.

Resources needed:
• Project Manager
• Data Analyst
• Stakeholder Representatives",1/6/2027,1/8/2027,0,5ddf1aad-d19f-40c2-9de9-b8e0db337548,PlanExe
ee3d8f3b-914c-4cd3-adbb-df1a043dec37,Develop Detailed Technical Rollback Plan,"Develop Detailed Technical Rollback Plan

Description:
Create a step-by-step plan outlining the technical procedures required to revert any changes implemented as part of the 4DWW program. This includes identifying all systems and processes that need to be modified, developing scripts or tools to automate the rollback process, and establishing a testing environment to validate the rollback plan.

Resources needed:
• IT Specialists
• System Administrators
• Software Developers",1/8/2027,1/10/2027,0,9f0dcdba-6031-47ef-9e96-323fcbb103b1,PlanExe
f68c4765-2d1d-4554-84fa-a37d3ab7490f,Communicate Rollback Plan to Stakeholders,"Communicate Rollback Plan to Stakeholders

Description:
Clearly communicate the rollback plan to all relevant stakeholders, including pilot companies, employees, unions, and government agencies. This includes explaining the rationale for the rollback, the steps involved, and the potential impact on their operations or employment. Address any concerns or questions raised by stakeholders and ensure they are fully informed throughout the process.

Resources needed:
• Communication Specialist
• Project Manager
• Stakeholder Representatives",1/10/2027,1/12/2027,0,ee3d8f3b-914c-4cd3-adbb-df1a043dec37,PlanExe
3758d014-68ef-4dd9-9fe4-9bfb9e66be95,Execute and Monitor Rollback Procedures,"Execute and Monitor Rollback Procedures

Description:
Implement the technical rollback plan according to the established procedures. Closely monitor the rollback process to ensure it is executed smoothly and efficiently. Track key metrics to assess the effectiveness of the rollback and identify any unforeseen issues. Document all steps taken and any lessons learned for future reference.

Resources needed:
• IT Specialists
• System Administrators
• Project Manager",1/12/2027,1/14/2027,0,5ddf1aad-d19f-40c2-9de9-b8e0db337548,PlanExe
e2b19e79-afb6-4abc-905c-c1d888636156,Address Emerging Challenges with Rapid-Response Team,,1/14/2027,1/26/2027,0,5ddf1aad-d19f-40c2-9de9-b8e0db337548,PlanExe
6f7b331f-91dd-450a-a918-3a815af8bb28,Define challenge escalation process,"Define challenge escalation process

Description:
Establish a clear, documented process for escalating emerging challenges from pilot companies to the rapid-response team. This includes defining escalation triggers, communication channels, and response time expectations.

Resources needed:
• Project Manager
• Stakeholder Engagement Officer
• Communication Specialist",1/14/2027,1/17/2027,0,e2b19e79-afb6-4abc-905c-c1d888636156,PlanExe
81affce4-48ba-48be-9617-d4fa2b773bc5,Staff rapid-response team,"Staff rapid-response team

Description:
Identify and assign personnel with diverse expertise (e.g., legal, technical, operational) to the rapid-response team. Ensure adequate staffing levels to handle potential workload.

Resources needed:
• HR Manager
• Technical Lead
• Legal Counsel
• Operational Expert",1/17/2027,1/20/2027,0,6f7b331f-91dd-450a-a918-3a815af8bb28,PlanExe
85442fd1-3788-4750-9340-d0d062baceb4,Develop challenge response protocols,"Develop challenge response protocols

Description:
Create standardized protocols and templates for addressing common challenges encountered during pilot program implementation. This includes pre-approved solutions, communication scripts, and escalation procedures.

Resources needed:
• Project Manager
• Technical Lead
• Legal Counsel
• Operational Expert",1/20/2027,1/23/2027,0,81affce4-48ba-48be-9617-d4fa2b773bc5,PlanExe
3650e037-0b5b-478b-a084-dd4718166811,Establish communication channels,"Establish communication channels

Description:
Set up dedicated communication channels (e.g., email, phone hotline, online forum) for pilot companies to report emerging challenges and receive timely support from the rapid-response team.

Resources needed:
• IT Support
• Communication Specialist
• Project Manager",1/23/2027,1/26/2027,0,e2b19e79-afb6-4abc-905c-c1d888636156,PlanExe
13aa7168-5269-4cf9-a358-375e18247e6a,Share Best Practices through Learning Network,,1/26/2027,1/30/2027,0,e2b19e79-afb6-4abc-905c-c1d888636156,PlanExe
40820b57-66fb-4018-ab8c-4926593aa290,Identify key learning network participants,"Identify key learning network participants

Description:
Identify individuals and teams from pilot companies who can contribute valuable insights and best practices to the learning network. This involves assessing their expertise, communication skills, and willingness to share their experiences.

Resources needed:
• Project Manager
• Pilot Company Representatives
• Communication Specialist",1/26/2027,1/27/2027,0,13aa7168-5269-4cf9-a358-375e18247e6a,PlanExe
240425a4-e9a4-4d07-a99e-e293944228e2,Develop learning network platform and resources,"Develop learning network platform and resources

Description:
Create a user-friendly online platform for sharing best practices, lessons learned, and relevant resources. This includes developing templates for documenting best practices, creating discussion forums, and curating relevant articles and reports.

Resources needed:
• Web Developer
• Content Writer
• Knowledge Management Specialist",1/27/2027,1/28/2027,0,40820b57-66fb-4018-ab8c-4926593aa290,PlanExe
66043530-de26-47c6-a4fa-ee9814e6fdb9,Facilitate knowledge sharing activities,"Facilitate knowledge sharing activities

Description:
Organize regular webinars, workshops, and online discussions to facilitate knowledge sharing among learning network participants. This includes developing agendas, inviting guest speakers, and moderating discussions.

Resources needed:
• Facilitator
• Subject Matter Experts
• Communication Specialist",1/28/2027,1/29/2027,0,240425a4-e9a4-4d07-a99e-e293944228e2,PlanExe
aad37e5d-dff6-4e6c-8a25-055f799b7aa0,Document and disseminate best practices,"Document and disseminate best practices

Description:
Capture and document best practices identified through the learning network. Disseminate these best practices through various channels, such as newsletters, case studies, and presentations.

Resources needed:
• Content Writer
• Editor
• Communication Specialist",1/29/2027,1/30/2027,0,13aa7168-5269-4cf9-a358-375e18247e6a,PlanExe
3627794c-36c3-496b-80c8-0b1247d2f21c,Refine Program Based on Pilot Results and Data Analysis,,1/30/2027,2/15/2027,0,60f732b1-8f29-4303-a70a-71cb08b35b6e,PlanExe
92940ef6-9f84-4cd7-a230-13470e7c34c0,Analyze pilot data for key insights,"Analyze pilot data for key insights

Description:
Objective: Extract actionable insights from pilot program data.
Scope: Analyze quantitative and qualitative data to identify trends, patterns, and correlations related to productivity, equity, and other key metrics.
Steps: Clean and prepare data, conduct statistical analysis, perform qualitative data coding, and synthesize findings.
Deliverables: Data analysis report with key findings and recommendations.

Resources needed:
• Data Analyst
• M&E Specialist
• Statistical Software (R, Python)",1/30/2027,2/3/2027,0,3627794c-36c3-496b-80c8-0b1247d2f21c,PlanExe
d05c49e4-493c-41d7-9191-e1966ac758c1,Synthesize stakeholder feedback and insights,"Synthesize stakeholder feedback and insights

Description:
Objective: Integrate stakeholder perspectives into program refinement.
Scope: Collect and analyze feedback from pilot companies, employees, unions, and other stakeholders to identify areas for improvement and address concerns.
Steps: Conduct surveys, interviews, and focus groups; analyze feedback data; and synthesize findings.
Deliverables: Stakeholder feedback report with key themes and recommendations.

Resources needed:
• Stakeholder Engagement Officer
• Program Manager
• Communication Specialist",2/3/2027,2/7/2027,0,92940ef6-9f84-4cd7-a230-13470e7c34c0,PlanExe
d4197153-2f8d-455a-bef2-8bbddc3c2fb9,Identify program strengths and weaknesses,"Identify program strengths and weaknesses

Description:
Objective: Determine what worked well and what needs improvement.
Scope: Evaluate the pilot program's performance against its objectives and identify areas of strength and weakness.
Steps: Review data analysis reports, stakeholder feedback reports, and other relevant documentation; conduct SWOT analysis; and identify key findings.
Deliverables: SWOT analysis report with key strengths, weaknesses, opportunities, and threats.

Resources needed:
• Program Manager
• Data Analyst
• M&E Specialist",2/7/2027,2/11/2027,0,d05c49e4-493c-41d7-9191-e1966ac758c1,PlanExe
6a495e0c-2db0-4d8a-9581-ad0907477124,Develop refined program design and guidelines,"Develop refined program design and guidelines

Description:
Objective: Create an improved program based on pilot results.
Scope: Develop a refined program design and guidelines that address the weaknesses identified in the pilot program and leverage its strengths.
Steps: Develop revised program design, create updated guidelines, and obtain stakeholder approval.
Deliverables: Refined program design document and updated program guidelines.

Resources needed:
• Program Manager
• Policy Analyst
• Legal Counsel",2/11/2027,2/15/2027,0,3627794c-36c3-496b-80c8-0b1247d2f21c,PlanExe
f3e42ec2-69c0-4bb1-815c-315a9cac251e,National Rollout Planning,,2/15/2027,8/19/2027,0,96be04ad-83bb-4373-bfc0-809a4ebd87a9,PlanExe
d50d9aa8-3fde-4e10-9b88-dab33e9d25b8,Develop Scaled Implementation Plan,,2/15/2027,3/7/2027,0,f3e42ec2-69c0-4bb1-815c-315a9cac251e,PlanExe
9780e7bb-e9c2-4b03-a190-a2aa55c98c3f,Define Scaled Program Objectives and Scope,"Define Scaled Program Objectives and Scope

Description:
Clearly define the objectives and scope of the 4DWW program at a national level, considering the pilot program results and stakeholder feedback. This includes specifying target sectors, geographic regions, and key performance indicators (KPIs).

Resources needed:
• Program Director
• Strategic Planning Team
• Data Analyst
• Stakeholder Engagement Officer",2/15/2027,2/19/2027,0,d50d9aa8-3fde-4e10-9b88-dab33e9d25b8,PlanExe
2b20ea1a-341f-40f8-9221-df167241abf5,Develop Scaled Implementation Timeline and Budget,"Develop Scaled Implementation Timeline and Budget

Description:
Create a detailed timeline for the national rollout, outlining key milestones, activities, and dependencies. Develop a comprehensive budget that includes personnel costs, technology infrastructure, training programs, and marketing expenses.

Resources needed:
• Project Manager
• Financial Analyst
• Operations Team
• Procurement Specialist",2/19/2027,2/23/2027,0,9780e7bb-e9c2-4b03-a190-a2aa55c98c3f,PlanExe
7713abf6-686d-4c0d-a90e-ebfbf6980820,Design Scaled Data Collection and Monitoring System,"Design Scaled Data Collection and Monitoring System

Description:
Design a robust data collection and monitoring system to track the progress and impact of the 4DWW program at a national level. This includes identifying relevant data sources, developing data collection protocols, and establishing data analysis procedures.

Resources needed:
• Data Architect
• M&E Specialist
• IT Infrastructure Team
• Data Security Expert",2/23/2027,2/27/2027,0,2b20ea1a-341f-40f8-9221-df167241abf5,PlanExe
4baa7f63-240f-4e83-9d90-1925c3f477e3,Outline Scaled Risk Management and Mitigation Strategies,"Outline Scaled Risk Management and Mitigation Strategies

Description:
Identify potential risks and challenges associated with the national rollout, such as regulatory hurdles, resistance from employers or employees, and economic uncertainties. Develop mitigation strategies to address these risks and ensure the successful implementation of the program.

Resources needed:
• Risk Management Officer
• Legal Counsel
• Stakeholder Engagement Officer
• Operations Team",2/27/2027,3/3/2027,0,7713abf6-686d-4c0d-a90e-ebfbf6980820,PlanExe
9e8611f0-5935-40dc-8bc0-cf6d977f4154,Document Scaled Implementation Plan Details,"Document Scaled Implementation Plan Details

Description:
Compile all the information gathered and decisions made into a comprehensive and well-documented scaled implementation plan. This document should serve as a roadmap for the national rollout and provide clear guidance to all stakeholders involved.

Resources needed:
• Project Manager
• Technical Writer
• Program Director
• Stakeholder Engagement Officer",3/3/2027,3/7/2027,0,d50d9aa8-3fde-4e10-9b88-dab33e9d25b8,PlanExe
f18322ad-3455-42c3-aaeb-fe1cceaa5679,Secure Additional Funding (if needed),,3/7/2027,5/6/2027,0,d50d9aa8-3fde-4e10-9b88-dab33e9d25b8,PlanExe
ad5f6e4c-0a90-4f5e-b679-f4f1f8a474ab,Identify Potential Funding Sources,"Identify Potential Funding Sources

Description:
Research and identify potential funding sources, including government grants, private investors, and philanthropic organizations. This involves analyzing their investment criteria, application processes, and funding priorities.

Resources needed:
• Financial Analyst
• Grant Writer
• Research Assistant",3/7/2027,3/22/2027,0,f18322ad-3455-42c3-aaeb-fe1cceaa5679,PlanExe
7953aaeb-2306-4960-aec0-3643b4e45ed4,Prepare Funding Proposal and ROI Metrics,"Prepare Funding Proposal and ROI Metrics

Description:
Develop a comprehensive funding proposal that clearly articulates the project's goals, objectives, and expected outcomes. Define key performance indicators (KPIs) and return on investment (ROI) metrics to demonstrate the project's value and potential impact.

Resources needed:
• Project Manager
• Financial Analyst
• Data Analyst",3/22/2027,4/6/2027,0,ad5f6e4c-0a90-4f5e-b679-f4f1f8a474ab,PlanExe
452a1368-9de5-4e7e-9635-f432574c362f,Engage with Potential Funders,"Engage with Potential Funders

Description:
Establish communication channels with potential funders, present the funding proposal, and address any questions or concerns they may have. This involves attending meetings, delivering presentations, and providing additional information as needed.

Resources needed:
• Project Manager
• Stakeholder Engagement Officer
• Subject Matter Experts",4/6/2027,4/21/2027,0,7953aaeb-2306-4960-aec0-3643b4e45ed4,PlanExe
ddeb8c9c-781f-45bf-9ad9-ec9fb0764621,Negotiate Funding Agreements,"Negotiate Funding Agreements

Description:
Negotiate the terms and conditions of funding agreements with selected funders, ensuring that the agreements align with the project's goals and objectives. This involves reviewing legal documents, addressing potential risks, and reaching mutually acceptable terms.

Resources needed:
• Legal Counsel
• Project Manager
• Financial Analyst",4/21/2027,5/6/2027,0,f18322ad-3455-42c3-aaeb-fe1cceaa5679,PlanExe
18135d0a-ddaf-46c4-a828-993379b852c6,Develop National Communication and Awareness Campaign,,5/6/2027,7/20/2027,0,f18322ad-3455-42c3-aaeb-fe1cceaa5679,PlanExe
d764cc7c-0275-4167-b97c-5fa84573df32,Define Target Audiences and Key Messages,"Define Target Audiences and Key Messages

Description:
Identify specific demographic and professional groups to target with the 4DWW campaign. Develop tailored messaging that resonates with each audience, highlighting the benefits of the program for them.

Resources needed:
• Marketing Specialist
• Communication Strategist
• Demographic Analyst",5/6/2027,5/21/2027,0,18135d0a-ddaf-46c4-a828-993379b852c6,PlanExe
c56cb45d-2f7c-488b-a263-f44b8fcf1896,Select Communication Channels and Platforms,"Select Communication Channels and Platforms

Description:
Determine the most effective channels to reach target audiences, including social media, traditional media (print, radio, TV), online advertising, and community outreach events. Evaluate the suitability of different platforms for delivering key messages.

Resources needed:
• Media Planner
• Digital Marketing Expert
• Public Relations Officer",5/21/2027,6/5/2027,0,d764cc7c-0275-4167-b97c-5fa84573df32,PlanExe
f6c65aa8-5590-4dd7-b5c9-b857139e1387,Develop Campaign Content and Materials,"Develop Campaign Content and Materials

Description:
Create engaging and informative content for each communication channel, including website copy, social media posts, videos, infographics, press releases, and brochures. Ensure all materials are accessible and culturally appropriate.

Resources needed:
• Content Writer
• Graphic Designer
• Video Editor
• Translator",6/5/2027,6/20/2027,0,c56cb45d-2f7c-488b-a263-f44b8fcf1896,PlanExe
4a2260bd-1821-40cd-b898-ff34122db601,Execute Communication Campaign and Monitor Results,"Execute Communication Campaign and Monitor Results

Description:
Launch the communication campaign across selected channels and platforms. Track key metrics such as website traffic, social media engagement, media coverage, and public sentiment. Adjust the campaign strategy based on performance data.

Resources needed:
• Marketing Manager
• Social Media Manager
• Data Analyst
• Public Relations Officer",6/20/2027,7/5/2027,0,f6c65aa8-5590-4dd7-b5c9-b857139e1387,PlanExe
917ab40a-4f26-4772-93db-69339b066286,Evaluate Campaign Effectiveness and Refine Strategy,"Evaluate Campaign Effectiveness and Refine Strategy

Description:
Assess the overall impact of the communication campaign on public awareness, acceptance, and support for the 4DWW program. Identify areas for improvement and refine the campaign strategy for future iterations.

Resources needed:
• Marketing Manager
• Data Analyst
• Communication Strategist",7/5/2027,7/20/2027,0,18135d0a-ddaf-46c4-a828-993379b852c6,PlanExe
5e870e3a-18d2-4e3f-b621-e42bcc4c89ce,Finalize Implementation Plan Deliverable,,7/20/2027,8/19/2027,0,f3e42ec2-69c0-4bb1-815c-315a9cac251e,PlanExe
40dab02c-09e7-4ca8-8f9b-021ea17bc334,Outline Implementation Plan Structure,"Outline Implementation Plan Structure

Description:
Define the sections and content of the final implementation plan, including executive summary, program overview, pilot results, scaled implementation strategy, risk assessment, and financial projections.

Resources needed:
• Project Manager
• Policy Analyst
• Data Analyst",7/20/2027,7/26/2027,0,5e870e3a-18d2-4e3f-b621-e42bcc4c89ce,PlanExe
edb53261-90ec-441c-823e-28e1f2e7bb37,Incorporate Pilot Program Findings,"Incorporate Pilot Program Findings

Description:
Integrate key findings and lessons learned from the pilot program into the implementation plan, including successes, challenges, and areas for improvement.

Resources needed:
• Data Analyst
• Pilot Program Lead
• Stakeholder Engagement Officer",7/26/2027,8/1/2027,0,40dab02c-09e7-4ca8-8f9b-021ea17bc334,PlanExe
95aba95b-4de2-4b27-a627-8ae0131f4665,Refine Scaled Implementation Strategy,"Refine Scaled Implementation Strategy

Description:
Detail the strategy for scaling the 4DWW program nationally, including target sectors, geographic regions, implementation timelines, and resource requirements.

Resources needed:
• Policy Analyst
• Economist
• Legal Counsel",8/1/2027,8/7/2027,0,edb53261-90ec-441c-823e-28e1f2e7bb37,PlanExe
519cac46-6c31-42f3-93df-761ae33108cc,Develop Risk Mitigation Strategies,"Develop Risk Mitigation Strategies

Description:
Identify potential risks and challenges associated with national rollout and develop mitigation strategies to address them, including regulatory hurdles, political opposition, and economic uncertainties.

Resources needed:
• Risk Management Officer
• Legal Counsel
• Policy Analyst",8/7/2027,8/13/2027,0,95aba95b-4de2-4b27-a627-8ae0131f4665,PlanExe
2d4a179f-2cd4-4a4d-aed5-cc03d915df45,Finalize and Review Implementation Plan,"Finalize and Review Implementation Plan

Description:
Conduct a final review of the implementation plan to ensure accuracy, completeness, and alignment with program goals. Obtain sign-off from key stakeholders.

Resources needed:
• Project Manager
• NITI Aayog Representative
• Stakeholder Representatives",8/13/2027,8/19/2027,0,5e870e3a-18d2-4e3f-b621-e42bcc4c89ce,PlanExe
