Level 1;Level 2;Level 3;Level 4;Task ID
CDC Restructure;;;;5441c047-2570-4a37-aa12-5b6fff800aea
;Project Initiation & Planning;;;f9ee1657-33bc-4e9c-a6b1-9879e7dd5e3a
;;Define Project Scope and Objectives;;97ab6d4e-694d-4610-a361-d0dcd6e3c91f
;;;Gather government directives and CDC goals;389e35f1-e9b0-40b5-97be-04484384901a
;;;Analyze current CDC structure and operations;3e3c1deb-8a0b-4465-b287-b430e3e1e47c
;;;Identify key stakeholders and their needs;d0aac6ef-1619-42a7-9c5d-490b0f2b8ccc
;;;Define measurable objectives for restructuring;a6cc4689-a82b-4276-b452-d28c8cb198a4
;;Establish Restructuring Team;;9bb0133a-a89e-4fdf-8248-3db4106c4bb8
;;;Define team roles and responsibilities;2dba2b17-df52-439f-819d-3462f6ece40a
;;;Identify potential team members;ffc669d6-b412-4903-842d-5635bd189e07
;;;Recruit and onboard team members;0f482f02-880c-4e6a-9c77-353c438b7cbc
;;;Establish communication protocols;29c43ad3-f14e-4a15-aeb2-d407e2fa3a11
;;Secure Government Support;;274a529d-5184-4f74-a32d-7dd71192c59e
;;;Identify Key Government Stakeholders;6e4c0d72-7f8b-441f-bc10-78c9669b5a0d
;;;Schedule Initial Meetings with Stakeholders;16ac549b-6959-4caf-b71f-b767fd7483c1
;;;Address Stakeholder Concerns and Feedback;75eceac4-a19b-4586-8e0e-a376cb443a65
;;;Obtain Formal Endorsement of Restructuring Plan;d0e8a3ce-335f-4278-84d5-7ce99dd6ee54
;;;Establish Ongoing Communication Channels;74419d72-54e6-4753-9064-c2e1ab797135
;;Develop Detailed Project Plan;;d87ebc02-4bf9-4d86-a9d7-5359d656ab75
;;;Define Restructuring Objectives and Scope;a7e7fbb7-82c8-4328-aac5-a707f6ea2929
;;;Identify Key Stakeholders and Communication Plan;1e01b3d9-89b2-4039-9ae2-f2f9540362ef
;;;Develop Detailed Timeline and Milestones;5e523e1c-a728-4771-8b1d-cf3c40dea584
;;;Allocate Resources and Budget;46d6f451-f543-4881-8877-d69802505f91
;;;Establish Risk Management Plan;ef417f02-9e76-4f93-aa02-5df3a2e99a08
;;Conduct Initial Risk Assessment;;79ea746f-15b4-4fb5-a666-e015e74a7433
;;;Identify Potential Risks;d22c4950-86a7-4aa2-b826-2cbff6a58719
;;;Assess Risk Impact and Probability;3ae3d063-c5bf-4a1d-bb98-b509a8137e36
;;;Develop Risk Mitigation Strategies;caec7d60-cefc-46e2-a182-26f87d07d898
;;;Document Risk Assessment Findings;4b227378-a24f-4999-8a48-0486e2e9bede
;Legal and Regulatory Compliance;;;f0d5acdb-7e8e-4bcd-b5ff-399cea6199ba
;;Conduct Legal Review of Mandate;;40e6b039-7f44-419b-b022-4f599fa7db02
;;;Gather relevant legal documents;0ff382b1-f9b0-44fb-93b8-4dc2a339e812
;;;Analyze mandate for compliance requirements;004c87cb-1566-4f88-9017-843cd35f4d9d
;;;Identify potential legal challenges;bb7dd0c4-061d-47b7-bf43-1b7126b7efcc
;;;Document legal review findings;2f6fdc50-9027-46f9-91cd-26f201607532
;;Develop Compliance Checklists;;86d0ed43-86d7-4004-874f-0e81b103a134
;;;Identify Applicable Regulations;9db82504-20de-49d4-a36e-f285a52194ea
;;;Create Initial Checklist Draft;3cb4aafe-fcbe-411c-b4e4-f599fec18ee7
;;;Review Checklist with Stakeholders;07638cd2-1fdf-4a72-ab17-6e2134f77531
;;;Finalize and Distribute Checklist;c5eaa681-0c37-41ab-b0da-d2ae78354494
;;;Update Checklist Regularly;7d691486-1261-4900-8dd5-b0c5db24350b
;;Address Employment Law Compliance;;98c1f52b-9a10-4815-ad99-5970199b54a8
;;;Review employment laws and regulations;f3c5b073-6425-4939-8c8c-d2219d50a197
;;;Develop standardized compliance templates;c27bc59d-4170-4699-9a36-541432bfe8a1
;;;Establish employee grievance process;31bafdb6-b48a-4c5d-b5c7-44629001d9f2
;;;Provide compliance training to HR staff;0f4ffe52-7d06-4f6f-80e9-0f417bcd0d8e
;;Ensure Data Security Compliance;;9a0a9414-715a-4c99-a5fe-8285ee4640e8
;;;Implement data encryption protocols;5ba1dfe5-d84a-473e-9d30-20914606f7fb
;;;Conduct regular security audits;88c42f3d-5a29-4191-a1c3-51ddd6dd89d5
;;;Provide data security training;900b7e0a-769a-4876-bcfc-c10ebb0a4178
;;;Establish data breach response plan;870b47b1-a354-4037-8be2-d81d787cfc9f
;;;Secure IT infrastructure during restructuring;31138840-2350-4e80-8188-d197f0100eab
;;Address Environmental Regulations;;bf9e641c-58ae-4195-b1df-a220155c97db
;;;Identify Hazardous Materials and Waste;6355d541-c84e-422e-963e-9c0c452941ae
;;;Review Environmental Regulations and Permits;e0a456a9-6a98-41df-908a-4342a7d3db40
;;;Develop Waste Disposal Protocols;302bb3ef-ce8b-45db-bfa9-3eac61045409
;;;Provide Employee Training on Regulations;408d5e47-2dd9-4c4b-a4b2-61a864766cc1
;;;Implement Monitoring and Reporting System;0d0ad0df-cf56-455b-bb14-5c6ac2327c2f
;Leadership Changes and Appointments;;;0ff96f6c-63a0-412a-93eb-062075e16ba9
;;Identify New Leadership Candidates;;31234710-c83b-4a54-be04-98a18b78707b
;;;Define Leadership Candidate Requirements;0f0d5f39-94c4-49f3-bbaa-4c68455598fd
;;;Source Potential Leadership Candidates;6702ef94-9a30-4e58-8e39-8f505eb64d66
;;;Evaluate Candidate Qualifications;160688a6-3b5b-4065-8409-b105e1f34a13
;;;Conduct Candidate Interviews;7d6b8552-b91a-4642-9539-b569e1fff460
;;;Finalize Leadership Candidate Selection;c4381e10-3f4a-44e0-8292-f23794941cef
;;Appoint Science Skeptics to Advisory Panel;;8b4af71e-d28d-4007-9f19-65f2994efc8f
;;;Identify potential science skeptic candidates;2127366b-aab9-4c6c-9862-a566935445dd
;;;Vet candidates for qualifications and alignment;bcc10ca0-b9cb-46c5-914e-bace367c1e45
;;;Extend offers and finalize appointments;9ef3ab4c-af72-4989-8610-1894c7daa0c2
;;;Prepare public justification for appointments;34608d73-1e50-42fd-9c2b-7f0b96ef3b28
;;Manage Transition of Leadership Roles;;ef2b13df-6f2c-4440-99bf-f7b0fa29b022
;;;Develop transition plan for leadership roles;64055332-808d-4ea8-a7c7-22b0fcd837a7
;;;Identify knowledge transfer requirements;26f9ca3e-d7ae-45bd-8eb6-f6c8b3bb0792
;;;Execute knowledge transfer activities;e0e86c7d-62fe-4a6e-bac4-89222fb8aa07
;;;Onboard new leadership team members;9d57bd1c-3338-47b0-93a5-351d16a7fd38
;;Communicate Leadership Changes;;62620ab7-88fb-47fd-958d-4c6aa0b314d9
;;;Develop key messaging for leadership changes;fb25694b-8209-4440-addb-e308d5c76238
;;;Prepare internal communication materials;c939c3c9-6d37-4036-b211-4815bc2f9e7a
;;;Draft external press release and media kit;2b722f3c-4d3b-49d6-88bd-149de12675ab
;;;Coordinate media outreach and interviews;a9eea996-6af9-4468-b4a9-6f227e0904e9
;;;Monitor media coverage and public sentiment;eb47ee98-59a4-4665-b55c-23d77e770c71
;Budget Cuts and Resource Reallocation;;;56084e09-5b70-41c9-b606-4e37205e9349
;;Conduct Zero-Based Budgeting Review;;789ebf38-483c-4bf5-ae8c-21cb32ac130e
;;;Gather historical budget data;e9e5432a-4a42-4658-853f-636561e0b982
;;;Define zero-based budgeting methodology;b6efa6a3-fec6-4bb9-a391-d89415b05304
;;;Train departments on ZBB process;57a8f8f2-fb93-4cfb-b00e-430b20e226c9
;;;Review and validate departmental budgets;3e4fcd27-52d1-45d3-8934-0370b93e6be2
;;;Consolidate and analyze budget requests;08330d9b-8182-4ec8-ac4c-30eef9b2f772
;;Prioritize Funding for Politically Aligned Initiatives;;176ec2d2-2427-432f-9668-4dfb40aa2d42
;;;Define Politically Aligned Initiatives;67058cd1-ca0d-47bf-85b9-790a2416f36d
;;;Establish Prioritization Criteria;4c9c7022-f7e6-41d5-929a-50a50b409eda
;;;Assess Current Initiative Alignment;effafa71-d968-4a6d-b883-09a14d8ddaa5
;;;Document Funding Prioritization Decisions;9084696d-f419-44b9-acb0-c96eef5ca172
;;Implement Budget Cuts Across Departments;;def31950-782e-407a-aeaa-11c3015b3198
;;;Identify potential budget cut areas;227d9526-e8fd-4d13-abfb-7d793caa90c4
;;;Assess impact of proposed budget cuts;1146edde-a33d-453d-ace9-e49fbc3f0d70
;;;Negotiate budget reductions with departments;f8ee2a58-a7b4-45ce-abcf-b659e0386564
;;;Document and communicate budget cuts;236e53df-bf6c-4c5d-b11f-8e7afcc2b845
;;Reallocate Resources to High-Priority Areas;;bbccc962-01a6-4c9e-902a-82959f7ac510
;;;Identify High-Priority Resource Needs;c5be7a3d-47cc-496a-bc67-6d7b20e7ba34
;;;Assess Resource Availability and Gaps;b4d547c5-c0c8-41db-934c-56aee45a830f
;;;Develop Resource Reallocation Plan;9480040e-4465-4ab4-a7f0-bb21a3061c3b
;;;Execute Resource Transfers and Acquisitions;e3f27487-98f0-4b0d-bfa3-65c96a8546c4
;;;Monitor and Adjust Reallocation Plan;d9a62c3c-73f1-4d3f-9499-a61a2e2268ef
;Restructuring Implementation;;;5351ff6c-dc6f-4599-a545-656f4f1b0ecb
;;Implement Restructuring Phasing Strategy;;792dddaf-2ffc-4af2-8a21-378912741cd9
;;;Define Restructuring Phases and Milestones;04416897-7397-4c8f-93fe-6a028015281b
;;;Assess Department Readiness for Restructuring;bb262221-31de-4781-9d58-dbba511b686b
;;;Develop Communication Plan for Each Phase;af9babcc-2512-4bc2-8fa6-c1e819798ee7
;;;Establish Monitoring and Evaluation Metrics;0423e9c0-23f2-462f-962a-7e474aa50e3c
;;Execute Knowledge Retention Protocol;;a066f9f3-8c87-450c-81d9-28007dec48dd
;;;Identify critical knowledge areas;51bd1f8e-1515-49fb-a885-dd48d8b5d63d
;;;Develop knowledge transfer plan;f2fdaad4-4836-44d7-ab70-918e8dc261fa
;;;Implement knowledge management system;3ba288a8-fa92-43c1-9526-92f69a4d9ce8
;;;Conduct knowledge transfer sessions;4ee79e56-9074-4751-afae-e900118654e1
;;;Evaluate knowledge retention effectiveness;7bd8fbab-cfa9-4f67-916d-8d75f12558d2
;;Implement IT Infrastructure Changes;;1035a584-2d13-474d-ab20-a5eb033e8f5a
;;;Assess Current IT Infrastructure;cdacd561-f592-48de-9dc2-7058abc25217
;;;Plan IT Infrastructure Changes;0cdb0110-429a-4852-8462-18a8c5e73b1d
;;;Procure New Hardware and Software;f8841720-816c-4912-880c-761bfefd102e
;;;Implement and Test IT Changes;9dfd3c65-93e6-44ee-82e2-e9473c9fff1e
;;;Train Staff on New Systems;501239c3-04b2-450b-b0ac-5d66a09ce1e3
;;Manage Employee Transitions and Layoffs;;3a4b5f4c-909f-41e7-8d18-4154f7fb7310
;;;Develop layoff communication plan;032285d4-cb61-432f-aad0-fca99072c657
;;;Prepare severance packages and outplacement;80212312-2dad-4829-b60c-5c668788cf87
;;;Conduct layoff notifications;22ffae43-f911-4fa6-a6de-6da0b6ead836
;;;Provide Employee Assistance Program (EAP);eadf8fe1-f3c8-4af0-80d6-e85bc5310a2c
;;;Manage transition of remaining employees;86152a25-a30d-49ab-b4df-e67d81f17992
;Public Communication and Stakeholder Engagement;;;ae3d7b25-fdc1-4353-ba61-4e02245b59b4
;;Develop Public Communication Approach;;8e16e4aa-178b-4943-a869-b8008e3ef9ee
;;;Define Key Messaging Points;47f97979-1ab6-4089-a40d-e6253056549b
;;;Develop Communication Protocol;fb0adb59-437c-4a5b-aef7-350366b26169
;;;Prepare Anticipated Questions and Answers;a27edf12-88c2-4284-b25f-1a8e528b8ece
;;;Train Internal Staff on Communication;a08a90ac-0d4a-4a69-a109-def0132ea6c5
;;Communicate Restructuring Plans to Employees;;0d1d5676-43ed-486a-b88b-8ba7e9a65f42
;;;Prepare employee communication materials;deff3a61-64fe-44fb-98f5-77d59035dd7a
;;;Schedule employee town hall meetings;72868be1-c81c-4d0a-8a26-cf599b703317
;;;Develop internal communication channels;375bf066-e336-4e95-bc97-eb59123275e6
;;;Conduct Q&A sessions with leadership;576042c7-3ab5-4c14-983f-7165d8097b35
;;Engage with Public Health Organizations;;e532daf5-ffa4-4af7-b408-d1dde52290f4
;;;Identify key public health organizations;72d67333-1b8a-4a3a-81e6-7c21436fc5bb
;;;Schedule initial meetings with organizations;887c74ca-a53a-4316-9376-2f508689deec
;;;Address concerns about science skeptics;7c4bddc0-9bed-4083-b1db-fba45b465f69
;;;Establish ongoing communication channels;1596c99d-0c24-4d71-bd92-5dc3ca3e695b
;;;Gather feedback on restructuring impact;07b807f5-47fa-4444-be26-22d7204e8cd2
;;Address Public Concerns and Misinformation;;e4f0e8c4-dad7-4a98-9744-47453fff1200
;;;Identify key public concerns and misinformation;0114898a-8d49-4057-aba0-4740a4784112
;;;Develop targeted messaging to address concerns;2e1d1dd7-0952-4a7f-b077-13ca309a9883
;;;Disseminate accurate information proactively;ea4dc55f-66b8-4b32-82b0-4c99e1e2163f
;;;Monitor and respond to public inquiries;c80b750a-5efb-45f8-8da6-78b516325294
;Monitoring and Evaluation;;;d57c38e6-36c5-42da-836d-16a6e91c5a95
;;Assess Employee Morale;;51dd1c4d-5a06-4a84-b8c4-329d217f7230
;;;Design Employee Morale Survey;cd5c4894-fd27-4599-b2b6-71f2c2a66ed2
;;;Distribute and Collect Surveys;d7b87aa6-76bd-4faa-8445-1fa9776edad1
;;;Analyze Survey Data and Feedback;65a249fc-34b4-4708-9557-a6dbfd36ccd4
;;;Conduct Employee Focus Groups;ce176888-82d9-4ebe-9bc4-e944ab2d99bd
;;;Interpret and Report Morale Assessment;0d788279-d3d6-4e68-918e-379b213912be
;;Monitor Knowledge Retention Metrics;;aff015db-1ff6-4069-9c39-8d7211093ab5
;;;Define Knowledge Retention Metrics;77131be8-d19f-4084-a0ea-4fbe020e7dec
;;;Track Knowledge Transfer Activities;d6f341d6-5780-4e26-9864-a298340e5ad8
;;;Analyze Knowledge Retention Data;d18dce12-6c03-4ba9-b52f-ed86c9d372a8
;;;Report on Knowledge Retention Progress;c5b906ac-70c0-4c34-b3fe-ab4cee209287
;;Track Legal Compliance;;caababcc-b8e7-441f-9838-76f0d63738ec
;;;Monitor Employment Law Changes;69b5eb81-9c3f-488c-bab5-9e69e3e91c99
;;;Conduct Data Security Audits;e15261f8-6b58-47c5-a176-cbab808c728f
;;;Inspect Hazardous Material Disposal;d82c7562-1bf6-4d89-98b0-c017e7e10529
;;;Review Employee Contracts and Agreements;8fecb345-55ee-425b-a30c-0392418d0d22
;;;Document Compliance Procedures;0ff22788-3bbe-4efa-b3d0-85439d258a90
;;Assess Public Trust;;93af8e9a-d2ba-48b6-b06f-1ee12d91e39c
;;;Design Public Trust Survey;932aa568-2ee7-4b7c-be2f-a613d72aa0a8
;;;Conduct Public Opinion Surveys;ac1b11cf-0601-4562-8b1f-5a6ba01a0d8a
;;;Analyze Social Media Sentiment;24fd3b73-7b20-4584-b598-677adec0feb6
;;;Hold Focus Groups;9acd9133-e7c0-4d23-b348-1152fa025dc0
;;;Synthesize Data and Report Findings;7e514fa0-92e4-407e-b760-513bfc3c9af2
;;Evaluate Project Performance and Adjustments;;7112fd99-b5c7-4323-a24f-db30d84d8b38
;;;Collect performance data from departments;49e7f51f-4bdd-4c23-8040-412119325908
;;;Analyze restructuring impact on performance;1bfdd82b-076f-484a-8998-1071da0eae4d
;;;Identify areas needing adjustments;b324c8c2-7263-48a2-9f77-c9cc63a95f0b
;;;Implement and monitor plan adjustments;514c52e7-1563-4db3-91d9-eae4fff883e7