project_key,project_name,project_description,project_start_date,project_end_date,project_progress,project_parent,originating_department
5441c047-2570-4a37-aa12-5b6fff800aea,CDC Restructure,"CDC Restructure

Final deliverable:
Agency Realigned",9/17/2025,10/5/2026,0,,PlanExe
f9ee1657-33bc-4e9c-a6b1-9879e7dd5e3a,Project Initiation & Planning,,9/17/2025,10/23/2025,0,5441c047-2570-4a37-aa12-5b6fff800aea,PlanExe
97ab6d4e-694d-4610-a361-d0dcd6e3c91f,Define Project Scope and Objectives,,9/17/2025,9/21/2025,0,f9ee1657-33bc-4e9c-a6b1-9879e7dd5e3a,PlanExe
389e35f1-e9b0-40b5-97be-04484384901a,Gather government directives and CDC goals,"Gather government directives and CDC goals

Description:
Collect all relevant government mandates and CDC strategic goals to ensure alignment.

Resources needed:
• Project Manager
• Government Liaison
• CDC Leadership",9/17/2025,9/18/2025,0,97ab6d4e-694d-4610-a361-d0dcd6e3c91f,PlanExe
3e3c1deb-8a0b-4465-b287-b430e3e1e47c,Analyze current CDC structure and operations,"Analyze current CDC structure and operations

Description:
Evaluate the existing CDC organizational chart, workflows, and key processes to identify areas for restructuring.

Resources needed:
• Organizational Consultant
• Process Analyst
• Department Heads",9/18/2025,9/19/2025,0,389e35f1-e9b0-40b5-97be-04484384901a,PlanExe
d0aac6ef-1619-42a7-9c5d-490b0f2b8ccc,Identify key stakeholders and their needs,"Identify key stakeholders and their needs

Description:
Determine the key stakeholders affected by the restructuring and assess their needs and concerns.

Resources needed:
• Stakeholder Engagement Specialist
• Communication Team
• HR Department",9/19/2025,9/20/2025,0,3e3c1deb-8a0b-4465-b287-b430e3e1e47c,PlanExe
a6cc4689-a82b-4276-b452-d28c8cb198a4,Define measurable objectives for restructuring,"Define measurable objectives for restructuring

Description:
Establish specific, measurable, achievable, relevant, and time-bound (SMART) objectives for the restructuring project.

Resources needed:
• Project Manager
• CDC Leadership
• Data Analyst",9/20/2025,9/21/2025,0,97ab6d4e-694d-4610-a361-d0dcd6e3c91f,PlanExe
9bb0133a-a89e-4fdf-8248-3db4106c4bb8,Establish Restructuring Team,,9/21/2025,9/25/2025,0,97ab6d4e-694d-4610-a361-d0dcd6e3c91f,PlanExe
2dba2b17-df52-439f-819d-3462f6ece40a,Define team roles and responsibilities,"Define team roles and responsibilities

Description:
Clearly outline the roles and responsibilities for each member of the restructuring team to ensure accountability and efficient workflow.

Resources needed:
• Project Manager
• HR Specialist
• Legal Counsel",9/21/2025,9/22/2025,0,9bb0133a-a89e-4fdf-8248-3db4106c4bb8,PlanExe
ffc669d6-b412-4903-842d-5635bd189e07,Identify potential team members,"Identify potential team members

Description:
Identify individuals with the necessary skills and expertise to contribute to the restructuring effort, considering both internal and external candidates.

Resources needed:
• HR Specialist
• Department Heads
• Recruitment Platform",9/22/2025,9/23/2025,0,2dba2b17-df52-439f-819d-3462f6ece40a,PlanExe
0f482f02-880c-4e6a-9c77-353c438b7cbc,Recruit and onboard team members,"Recruit and onboard team members

Description:
Recruit identified candidates and onboard them into the restructuring team, providing necessary training and resources to effectively perform their roles.

Resources needed:
• HR Specialist
• IT Support
• Training Materials",9/23/2025,9/24/2025,0,ffc669d6-b412-4903-842d-5635bd189e07,PlanExe
29c43ad3-f14e-4a15-aeb2-d407e2fa3a11,Establish communication protocols,"Establish communication protocols

Description:
Establish clear communication channels and protocols within the restructuring team to facilitate effective collaboration and information sharing.

Resources needed:
• Project Manager
• Communication Specialist
• Collaboration Tools",9/24/2025,9/25/2025,0,9bb0133a-a89e-4fdf-8248-3db4106c4bb8,PlanExe
274a529d-5184-4f74-a32d-7dd71192c59e,Secure Government Support,,9/25/2025,10/5/2025,0,9bb0133a-a89e-4fdf-8248-3db4106c4bb8,PlanExe
6e4c0d72-7f8b-441f-bc10-78c9669b5a0d,Identify Key Government Stakeholders,"Identify Key Government Stakeholders

Description:
Identify individuals and departments within the government who have influence over the CDC restructuring and whose support is crucial for success. This includes understanding their priorities, concerns, and decision-making processes.

Resources needed:
• Project Director
• Government Liaison
• Political Analyst",9/25/2025,9/27/2025,0,274a529d-5184-4f74-a32d-7dd71192c59e,PlanExe
16ac549b-6959-4caf-b71f-b767fd7483c1,Schedule Initial Meetings with Stakeholders,"Schedule Initial Meetings with Stakeholders

Description:
Arrange introductory meetings with key government stakeholders to present the restructuring plan, address their initial concerns, and establish open lines of communication. Prepare tailored presentations for each stakeholder group.

Resources needed:
• Project Director
• Government Liaison
• Communication Specialist",9/27/2025,9/29/2025,0,6e4c0d72-7f8b-441f-bc10-78c9669b5a0d,PlanExe
75eceac4-a19b-4586-8e0e-a376cb443a65,Address Stakeholder Concerns and Feedback,"Address Stakeholder Concerns and Feedback

Description:
Actively listen to and document the concerns and feedback provided by government stakeholders. Develop responses and adjustments to the restructuring plan to address these concerns and build consensus.

Resources needed:
• Project Director
• Government Liaison
• Legal Counsel",9/29/2025,10/1/2025,0,16ac549b-6959-4caf-b71f-b767fd7483c1,PlanExe
d0e8a3ce-335f-4278-84d5-7ce99dd6ee54,Obtain Formal Endorsement of Restructuring Plan,"Obtain Formal Endorsement of Restructuring Plan

Description:
Work with government stakeholders to secure formal endorsement of the restructuring plan. This may involve submitting revised plans, providing additional information, and negotiating compromises.

Resources needed:
• Project Director
• Government Liaison
• Legal Counsel",10/1/2025,10/3/2025,0,75eceac4-a19b-4586-8e0e-a376cb443a65,PlanExe
74419d72-54e6-4753-9064-c2e1ab797135,Establish Ongoing Communication Channels (1),"Establish Ongoing Communication Channels

Description:
Establish regular communication channels with government stakeholders to provide updates on the restructuring progress, address emerging issues, and maintain their continued support throughout the implementation process.

Resources needed:
• Communication Specialist
• Government Liaison
• Project Manager",10/3/2025,10/5/2025,0,274a529d-5184-4f74-a32d-7dd71192c59e,PlanExe
d87ebc02-4bf9-4d86-a9d7-5359d656ab75,Develop Detailed Project Plan,,10/5/2025,10/15/2025,0,274a529d-5184-4f74-a32d-7dd71192c59e,PlanExe
a7e7fbb7-82c8-4328-aac5-a707f6ea2929,Define Restructuring Objectives and Scope,"Define Restructuring Objectives and Scope

Description:
Clearly define the objectives of the restructuring, including specific goals for budget cuts, leadership changes, and the appointment of science skeptics. Define the scope of the project, including which departments and functions will be affected.

Resources needed:
• Project Manager
• Government Mandates Document
• CDC Organizational Chart
• Stakeholder Input",10/5/2025,10/7/2025,0,d87ebc02-4bf9-4d86-a9d7-5359d656ab75,PlanExe
1e01b3d9-89b2-4039-9ae2-f2f9540362ef,Identify Key Stakeholders and Communication Plan,"Identify Key Stakeholders and Communication Plan

Description:
Identify all key stakeholders, including government officials, CDC leadership, employees, and the public. Develop a communication plan to keep stakeholders informed throughout the restructuring process.

Resources needed:
• Communication Specialist
• Stakeholder List
• Communication Channels
• Public Relations Team",10/7/2025,10/9/2025,0,a7e7fbb7-82c8-4328-aac5-a707f6ea2929,PlanExe
5e523e1c-a728-4771-8b1d-cf3c40dea584,Develop Detailed Timeline and Milestones,"Develop Detailed Timeline and Milestones

Description:
Create a detailed timeline for the restructuring project, including specific milestones for each phase. Identify critical dependencies and potential roadblocks.

Resources needed:
• Project Management Software
• Gantt Chart Template
• Task Breakdown Structure
• Risk Assessment Report",10/9/2025,10/11/2025,0,1e01b3d9-89b2-4039-9ae2-f2f9540362ef,PlanExe
46d6f451-f543-4881-8877-d69802505f91,Allocate Resources and Budget,"Allocate Resources and Budget

Description:
Allocate resources and budget to each phase of the restructuring project. Identify potential funding sources and develop a plan for managing budget cuts.

Resources needed:
• Budget Allocation Spreadsheet
• Financial Analyst
• Resource Allocation Plan
• Funding Source Information",10/11/2025,10/13/2025,0,5e523e1c-a728-4771-8b1d-cf3c40dea584,PlanExe
ef417f02-9e76-4f93-aa02-5df3a2e99a08,Establish Risk Management Plan,"Establish Risk Management Plan

Description:
Identify potential risks to the restructuring project, including legal challenges, employee resistance, and public opposition. Develop a risk management plan to mitigate these risks.

Resources needed:
• Risk Assessment Template
• Legal Counsel
• Risk Management Software
• Contingency Plans",10/13/2025,10/15/2025,0,d87ebc02-4bf9-4d86-a9d7-5359d656ab75,PlanExe
79ea746f-15b4-4fb5-a666-e015e74a7433,Conduct Initial Risk Assessment,,10/15/2025,10/23/2025,0,f9ee1657-33bc-4e9c-a6b1-9879e7dd5e3a,PlanExe
d22c4950-86a7-4aa2-b826-2cbff6a58719,Identify Potential Risks,"Identify Potential Risks

Description:
Objective: Identify all potential risks associated with the CDC restructuring.
Scope: Include legal, financial, operational, reputational, and ethical risks.
Steps: Brainstorming sessions with key stakeholders, review of historical data, analysis of similar restructuring projects.
Deliverables: A comprehensive list of potential risks.

Resources needed:
• Risk Management Specialist
• Legal Counsel
• Project Manager
• Subject Matter Experts",10/15/2025,10/17/2025,0,79ea746f-15b4-4fb5-a666-e015e74a7433,PlanExe
3ae3d063-c5bf-4a1d-bb98-b509a8137e36,Assess Risk Impact and Probability,"Assess Risk Impact and Probability

Description:
Objective: Evaluate the potential impact and probability of each identified risk.
Scope: Determine the severity of the impact and the likelihood of occurrence for each risk.
Steps: Conduct risk assessment workshops, use a risk matrix to prioritize risks, assign risk scores.
Deliverables: A prioritized list of risks with impact and probability ratings.

Resources needed:
• Risk Management Specialist
• Financial Analyst
• Operational Experts",10/17/2025,10/19/2025,0,d22c4950-86a7-4aa2-b826-2cbff6a58719,PlanExe
caec7d60-cefc-46e2-a182-26f87d07d898,Develop Risk Mitigation Strategies,"Develop Risk Mitigation Strategies

Description:
Objective: Create mitigation strategies for the highest-priority risks.
Scope: Develop plans to reduce the impact or probability of each risk, or to transfer the risk to another party.
Steps: Brainstorming sessions, research best practices, develop contingency plans.
Deliverables: A risk mitigation plan with specific actions, responsible parties, and timelines.

Resources needed:
• Risk Management Specialist
• Project Manager
• Subject Matter Experts
• Legal Counsel",10/19/2025,10/21/2025,0,3ae3d063-c5bf-4a1d-bb98-b509a8137e36,PlanExe
4b227378-a24f-4999-8a48-0486e2e9bede,Document Risk Assessment Findings,"Document Risk Assessment Findings

Description:
Objective: Document the entire risk assessment process and findings.
Scope: Create a comprehensive report that includes the identified risks, impact and probability assessments, mitigation strategies, and responsible parties.
Steps: Compile data, write the report, review and approve the report.
Deliverables: A complete risk assessment report.

Resources needed:
• Risk Management Specialist
• Technical Writer
• Project Manager",10/21/2025,10/23/2025,0,79ea746f-15b4-4fb5-a666-e015e74a7433,PlanExe
f0d5acdb-7e8e-4bcd-b5ff-399cea6199ba,Legal and Regulatory Compliance,,10/23/2025,12/8/2025,0,f9ee1657-33bc-4e9c-a6b1-9879e7dd5e3a,PlanExe
40e6b039-7f44-419b-b022-4f599fa7db02,Conduct Legal Review of Mandate,,10/23/2025,10/27/2025,0,f0d5acdb-7e8e-4bcd-b5ff-399cea6199ba,PlanExe
0ff382b1-f9b0-44fb-93b8-4dc2a339e812,Gather relevant legal documents,"Gather relevant legal documents

Description:
Collect all applicable laws, regulations, and government mandates related to the CDC restructuring.

Resources needed:
• Legal counsel
• Legal researchers
• Document management system",10/23/2025,10/24/2025,0,40e6b039-7f44-419b-b022-4f599fa7db02,PlanExe
004c87cb-1566-4f88-9017-843cd35f4d9d,Analyze mandate for compliance requirements,"Analyze mandate for compliance requirements

Description:
Thoroughly examine the government mandate to identify specific legal and regulatory obligations.

Resources needed:
• Legal counsel
• Compliance officers",10/24/2025,10/25/2025,0,0ff382b1-f9b0-44fb-93b8-4dc2a339e812,PlanExe
bb7dd0c4-061d-47b7-bf43-1b7126b7efcc,Identify potential legal challenges,"Identify potential legal challenges

Description:
Assess the mandate for potential conflicts with existing laws or legal precedents.

Resources needed:
• Legal counsel
• Legal researchers",10/25/2025,10/26/2025,0,004c87cb-1566-4f88-9017-843cd35f4d9d,PlanExe
2f6fdc50-9027-46f9-91cd-26f201607532,Document legal review findings,"Document legal review findings

Description:
Prepare a comprehensive report summarizing the legal review process, findings, and recommendations.

Resources needed:
• Legal counsel
• Report writers",10/26/2025,10/27/2025,0,40e6b039-7f44-419b-b022-4f599fa7db02,PlanExe
86d0ed43-86d7-4004-874f-0e81b103a134,Develop Compliance Checklists,,10/27/2025,11/1/2025,0,40e6b039-7f44-419b-b022-4f599fa7db02,PlanExe
9db82504-20de-49d4-a36e-f285a52194ea,Identify Applicable Regulations,"Identify Applicable Regulations

Description:
Determine all relevant legal and regulatory requirements for the CDC restructuring.

Resources needed:
• Legal Counsel
• Regulatory Specialists",10/27/2025,10/28/2025,0,86d0ed43-86d7-4004-874f-0e81b103a134,PlanExe
3cb4aafe-fcbe-411c-b4e4-f599fec18ee7,Create Initial Checklist Draft,"Create Initial Checklist Draft

Description:
Develop a preliminary compliance checklist based on identified regulations.

Resources needed:
• Legal Counsel
• Compliance Officers",10/28/2025,10/29/2025,0,9db82504-20de-49d4-a36e-f285a52194ea,PlanExe
07638cd2-1fdf-4a72-ab17-6e2134f77531,Review Checklist with Stakeholders,"Review Checklist with Stakeholders

Description:
Present the draft checklist to relevant stakeholders for feedback and revisions.

Resources needed:
• Legal Counsel
• Department Heads
• Project Director",10/29/2025,10/30/2025,0,3cb4aafe-fcbe-411c-b4e4-f599fec18ee7,PlanExe
c5eaa681-0c37-41ab-b0da-d2ae78354494,Finalize and Distribute Checklist,"Finalize and Distribute Checklist

Description:
Incorporate feedback, finalize the compliance checklist, and distribute it to relevant personnel.

Resources needed:
• Legal Counsel
• Communication Specialists",10/30/2025,10/31/2025,0,07638cd2-1fdf-4a72-ab17-6e2134f77531,PlanExe
7d691486-1261-4900-8dd5-b0c5db24350b,Update Checklist Regularly,"Update Checklist Regularly

Description:
Establish a process for regularly updating the compliance checklist to reflect changes in regulations.

Resources needed:
• Legal Counsel
• Compliance Officers",10/31/2025,11/1/2025,0,86d0ed43-86d7-4004-874f-0e81b103a134,PlanExe
98c1f52b-9a10-4815-ad99-5970199b54a8,Address Employment Law Compliance,,11/1/2025,11/13/2025,0,86d0ed43-86d7-4004-874f-0e81b103a134,PlanExe
f3c5b073-6425-4939-8c8c-d2219d50a197,Review employment laws and regulations,"Review employment laws and regulations

Description:
Objective: Ensure compliance with all applicable employment laws during the restructuring process.
Scope: Review federal, state, and local employment laws related to layoffs, terminations, and employee rights.
Steps: Research relevant laws, consult with legal counsel, and document findings.
Deliverables: Legal review report summarizing applicable employment laws.

Resources needed:
• Legal counsel
• HR professionals
• Legal research databases",11/1/2025,11/4/2025,0,98c1f52b-9a10-4815-ad99-5970199b54a8,PlanExe
c27bc59d-4170-4699-9a36-541432bfe8a1,Develop standardized compliance templates,"Develop standardized compliance templates

Description:
Objective: Create standardized templates for compliance documentation to ensure consistency and accuracy.
Scope: Develop templates for termination letters, severance agreements, and other relevant documents.
Steps: Design templates, obtain legal review, and distribute to HR personnel.
Deliverables: Standardized compliance templates.

Resources needed:
• HR professionals
• Legal counsel
• Document management software",11/4/2025,11/7/2025,0,f3c5b073-6425-4939-8c8c-d2219d50a197,PlanExe
31bafdb6-b48a-4c5d-b5c7-44629001d9f2,Establish employee grievance process,"Establish employee grievance process

Description:
Objective: Establish a clear and accessible process for employees to voice concerns and grievances related to the restructuring.
Scope: Define the steps for submitting grievances, investigating complaints, and resolving disputes.
Steps: Develop grievance process, communicate to employees, and train HR personnel.
Deliverables: Documented employee grievance process.

Resources needed:
• HR professionals
• Legal counsel
• Communication specialists",11/7/2025,11/10/2025,0,c27bc59d-4170-4699-9a36-541432bfe8a1,PlanExe
0f4ffe52-7d06-4f6f-80e9-0f417bcd0d8e,Provide compliance training to HR staff,"Provide compliance training to HR staff

Description:
Objective: Train HR staff on employment law compliance to ensure they are equipped to handle employee transitions and layoffs.
Scope: Conduct training sessions on relevant employment laws and compliance procedures.
Steps: Develop training materials, schedule training sessions, and track attendance.
Deliverables: Completed compliance training for HR staff.

Resources needed:
• HR professionals
• Legal counsel
• Training facilities",11/10/2025,11/13/2025,0,98c1f52b-9a10-4815-ad99-5970199b54a8,PlanExe
9a0a9414-715a-4c99-a5fe-8285ee4640e8,Ensure Data Security Compliance,,11/13/2025,11/28/2025,0,98c1f52b-9a10-4815-ad99-5970199b54a8,PlanExe
5ba1dfe5-d84a-473e-9d30-20914606f7fb,Implement data encryption protocols,"Implement data encryption protocols

Description:
Encrypt all sensitive data at rest and in transit using strong encryption algorithms. This includes databases, file servers, and communication channels.

Resources needed:
• IT Security Specialists
• Encryption Software
• Data Governance Team",11/13/2025,11/16/2025,0,9a0a9414-715a-4c99-a5fe-8285ee4640e8,PlanExe
88c42f3d-5a29-4191-a1c3-51ddd6dd89d5,Conduct regular security audits,"Conduct regular security audits

Description:
Perform periodic security audits to identify vulnerabilities and ensure compliance with data security regulations. This includes penetration testing, vulnerability scanning, and security code reviews.

Resources needed:
• IT Security Auditors
• Penetration Testers
• Security Assessment Tools",11/16/2025,11/19/2025,0,5ba1dfe5-d84a-473e-9d30-20914606f7fb,PlanExe
900b7e0a-769a-4876-bcfc-c10ebb0a4178,Provide data security training,"Provide data security training

Description:
Train all employees on data security best practices and policies. This includes awareness training, phishing simulations, and role-based security training.

Resources needed:
• Training Specialists
• Security Awareness Materials
• Learning Management System",11/19/2025,11/22/2025,0,88c42f3d-5a29-4191-a1c3-51ddd6dd89d5,PlanExe
870b47b1-a354-4037-8be2-d81d787cfc9f,Establish data breach response plan,"Establish data breach response plan

Description:
Develop and implement a comprehensive data breach response plan. This includes incident response procedures, communication protocols, and legal reporting requirements.

Resources needed:
• Incident Response Team
• Legal Counsel
• Communication Team",11/22/2025,11/25/2025,0,900b7e0a-769a-4876-bcfc-c10ebb0a4178,PlanExe
31138840-2350-4e80-8188-d197f0100eab,Secure IT infrastructure during restructuring,"Secure IT infrastructure during restructuring

Description:
Implement security measures to protect IT infrastructure during restructuring, including access controls, monitoring, and data loss prevention.

Resources needed:
• IT Security Specialists
• Network Engineers
• System Administrators",11/25/2025,11/28/2025,0,9a0a9414-715a-4c99-a5fe-8285ee4640e8,PlanExe
bf9e641c-58ae-4195-b1df-a220155c97db,Address Environmental Regulations,,11/28/2025,12/8/2025,0,f0d5acdb-7e8e-4bcd-b5ff-399cea6199ba,PlanExe
6355d541-c84e-422e-963e-9c0c452941ae,Identify Hazardous Materials and Waste,"Identify Hazardous Materials and Waste

Description:
Objective: Identify all hazardous materials and waste streams generated by CDC operations. Scope: Includes all laboratories, storage facilities, and administrative areas. Steps: Conduct a comprehensive inventory, review safety data sheets (SDS), and consult with environmental health and safety personnel. Deliverables: A detailed list of hazardous materials and waste streams.

Resources needed:
• Environmental Health and Safety Officer
• Laboratory Managers
• Chemical Inventory Database
• SDS Database",11/28/2025,11/30/2025,0,bf9e641c-58ae-4195-b1df-a220155c97db,PlanExe
e0a456a9-6a98-41df-908a-4342a7d3db40,Review Environmental Regulations and Permits,"Review Environmental Regulations and Permits

Description:
Objective: Determine all applicable federal, state, and local environmental regulations and permit requirements. Scope: Includes regulations related to hazardous waste disposal, air emissions, water discharge, and storage tank management. Steps: Consult with legal counsel, review regulatory databases, and contact regulatory agencies. Deliverables: A comprehensive list of applicable regulations and permit requirements.

Resources needed:
• Legal Counsel
• Environmental Consultant
• Regulatory Databases
• Permitting Specialists",11/30/2025,12/2/2025,0,6355d541-c84e-422e-963e-9c0c452941ae,PlanExe
302bb3ef-ce8b-45db-bfa9-3eac61045409,Develop Waste Disposal Protocols,"Develop Waste Disposal Protocols

Description:
Objective: Establish detailed protocols for the proper handling, storage, and disposal of hazardous waste. Scope: Includes procedures for waste segregation, labeling, packaging, transportation, and disposal. Steps: Consult with waste disposal vendors, review best management practices, and develop written procedures. Deliverables: A written waste disposal protocol manual.

Resources needed:
• Waste Disposal Vendor
• Environmental Engineer
• Safety Officer
• Training Materials",12/2/2025,12/4/2025,0,e0a456a9-6a98-41df-908a-4342a7d3db40,PlanExe
408d5e47-2dd9-4c4b-a4b2-61a864766cc1,Provide Employee Training on Regulations,"Provide Employee Training on Regulations

Description:
Objective: Train all employees on the proper handling, storage, and disposal of hazardous materials and waste. Scope: Includes training on regulatory requirements, waste disposal protocols, and emergency response procedures. Steps: Develop training materials, conduct training sessions, and document employee training. Deliverables: Trained employees and training records.

Resources needed:
• Training Specialist
• Environmental Health and Safety Officer
• Training Materials
• Training Facilities",12/4/2025,12/6/2025,0,302bb3ef-ce8b-45db-bfa9-3eac61045409,PlanExe
0d0ad0df-cf56-455b-bb14-5c6ac2327c2f,Implement Monitoring and Reporting System,"Implement Monitoring and Reporting System

Description:
Objective: Establish a system for monitoring compliance with environmental regulations and reporting any violations. Scope: Includes regular inspections, waste tracking, and reporting to regulatory agencies. Steps: Develop a monitoring plan, implement a tracking system, and establish reporting procedures. Deliverables: A monitoring and reporting system and compliance reports.

Resources needed:
• Environmental Health and Safety Officer
• Data Management System
• Reporting Templates
• Inspection Checklist",12/6/2025,12/8/2025,0,bf9e641c-58ae-4195-b1df-a220155c97db,PlanExe
0ff96f6c-63a0-412a-93eb-062075e16ba9,Leadership Changes and Appointments,,12/8/2025,2/11/2026,0,f0d5acdb-7e8e-4bcd-b5ff-399cea6199ba,PlanExe
31234710-c83b-4a54-be04-98a18b78707b,Identify New Leadership Candidates,,12/8/2025,12/23/2025,0,0ff96f6c-63a0-412a-93eb-062075e16ba9,PlanExe
0f0d5f39-94c4-49f3-bbaa-4c68455598fd,Define Leadership Candidate Requirements,"Define Leadership Candidate Requirements

Description:
Establish clear criteria for new leadership roles, including skills, experience, and alignment with government mandates. This involves reviewing the government's directives and identifying the specific qualifications needed for each position.

Resources needed:
• Government Mandates Document
• HR Specialist
• Legal Counsel",12/8/2025,12/11/2025,0,31234710-c83b-4a54-be04-98a18b78707b,PlanExe
6702ef94-9a30-4e58-8e39-8f505eb64d66,Source Potential Leadership Candidates,"Source Potential Leadership Candidates

Description:
Identify potential candidates through various channels, including executive search firms, professional networks, and internal talent pools. This involves creating a candidate profile and actively searching for individuals who meet the defined requirements.

Resources needed:
• Executive Search Firm
• HR Database
• Networking Platforms",12/11/2025,12/14/2025,0,0f0d5f39-94c4-49f3-bbaa-4c68455598fd,PlanExe
160688a6-3b5b-4065-8409-b105e1f34a13,Evaluate Candidate Qualifications,"Evaluate Candidate Qualifications

Description:
Assess the qualifications of potential candidates through resume reviews, interviews, and background checks. This involves verifying their skills, experience, and alignment with the government's mandates.

Resources needed:
• Interview Panel
• Background Check Service
• Candidate Resumes",12/14/2025,12/17/2025,0,6702ef94-9a30-4e58-8e39-8f505eb64d66,PlanExe
7d6b8552-b91a-4642-9539-b569e1fff460,Conduct Candidate Interviews,"Conduct Candidate Interviews

Description:
Conduct structured interviews with shortlisted candidates to assess their suitability for the leadership roles. This involves preparing interview questions, conducting the interviews, and evaluating the candidates' responses.

Resources needed:
• Interview Panel
• Interview Questions
• Interview Schedule",12/17/2025,12/20/2025,0,160688a6-3b5b-4065-8409-b105e1f34a13,PlanExe
c4381e10-3f4a-44e0-8292-f23794941cef,Finalize Leadership Candidate Selection,"Finalize Leadership Candidate Selection

Description:
Select the final candidates for the leadership roles based on the evaluation results and alignment with the government's mandates. This involves making the final decision and preparing the offer letters.

Resources needed:
• Selection Committee
• Offer Letter Template
• Government Approval",12/20/2025,12/23/2025,0,31234710-c83b-4a54-be04-98a18b78707b,PlanExe
8b4af71e-d28d-4007-9f19-65f2994efc8f,Appoint Science Skeptics to Advisory Panel,,12/23/2025,12/31/2025,0,31234710-c83b-4a54-be04-98a18b78707b,PlanExe
2127366b-aab9-4c6c-9862-a566935445dd,Identify potential science skeptic candidates,"Identify potential science skeptic candidates

Description:
Research and identify individuals with views skeptical of established scientific consensus, particularly regarding vaccines, who could be considered for appointment to the advisory panel. Consider individuals with relevant expertise or experience, even if their views are controversial.

Resources needed:
• Research staff
• Internet access
• Database of experts
• Political analysts",12/23/2025,12/25/2025,0,8b4af71e-d28d-4007-9f19-65f2994efc8f,PlanExe
bcc10ca0-b9cb-46c5-914e-bace367c1e45,Vet candidates for qualifications and alignment,"Vet candidates for qualifications and alignment

Description:
Thoroughly vet potential candidates to ensure they meet minimum qualifications for the advisory panel and that their views, while skeptical, align with the government's broader policy objectives. Assess their public communication skills and potential for causing controversy.

Resources needed:
• Legal counsel
• Background check services
• Interview panel
• Communication specialists",12/25/2025,12/27/2025,0,2127366b-aab9-4c6c-9862-a566935445dd,PlanExe
9ef3ab4c-af72-4989-8610-1894c7daa0c2,Extend offers and finalize appointments,"Extend offers and finalize appointments

Description:
Extend formal offers to selected candidates, negotiate terms of appointment, and finalize the appointments in accordance with government procedures. Prepare necessary documentation and announcements.

Resources needed:
• HR personnel
• Legal counsel
• Government officials
• Communication team",12/27/2025,12/29/2025,0,bcc10ca0-b9cb-46c5-914e-bace367c1e45,PlanExe
34608d73-1e50-42fd-9c2b-7f0b96ef3b28,Prepare public justification for appointments,"Prepare public justification for appointments

Description:
Develop a public relations strategy to justify the appointment of science skeptics to the advisory panel. Frame the appointments as promoting diverse perspectives and encouraging critical evaluation of scientific evidence. Anticipate and address potential public criticism.

Resources needed:
• Public relations team
• Communication specialists
• Government spokespersons
• Media monitoring tools",12/29/2025,12/31/2025,0,8b4af71e-d28d-4007-9f19-65f2994efc8f,PlanExe
ef2b13df-6f2c-4440-99bf-f7b0fa29b022,Manage Transition of Leadership Roles,,12/31/2025,2/1/2026,0,8b4af71e-d28d-4007-9f19-65f2994efc8f,PlanExe
64055332-808d-4ea8-a7c7-22b0fcd837a7,Develop transition plan for leadership roles,"Develop transition plan for leadership roles

Description:
Create a detailed plan outlining the steps for transitioning leadership responsibilities, including timelines, key milestones, and communication strategies.

Resources needed:
• Project Manager
• HR Representatives
• Legal Counsel",12/31/2025,1/8/2026,0,ef2b13df-6f2c-4440-99bf-f7b0fa29b022,PlanExe
26f9ca3e-d7ae-45bd-8eb6-f6c8b3bb0792,Identify knowledge transfer requirements,"Identify knowledge transfer requirements

Description:
Determine the critical knowledge and skills that need to be transferred from outgoing leaders to their replacements to ensure continuity of operations.

Resources needed:
• Subject Matter Experts
• Knowledge Management Specialist
• Outgoing Leaders",1/8/2026,1/16/2026,0,64055332-808d-4ea8-a7c7-22b0fcd837a7,PlanExe
e0e86c7d-62fe-4a6e-bac4-89222fb8aa07,Execute knowledge transfer activities,"Execute knowledge transfer activities

Description:
Implement the knowledge transfer plan, including documentation, training sessions, and mentoring programs, to facilitate the transfer of critical knowledge and skills.

Resources needed:
• Trainers
• Mentors
• IT Support",1/16/2026,1/24/2026,0,26f9ca3e-d7ae-45bd-8eb6-f6c8b3bb0792,PlanExe
9d57bd1c-3338-47b0-93a5-351d16a7fd38,Onboard new leadership team members,"Onboard new leadership team members

Description:
Provide new leaders with the necessary resources, training, and support to effectively assume their roles and responsibilities.

Resources needed:
• HR Representatives
• IT Support
• Department Heads",1/24/2026,2/1/2026,0,ef2b13df-6f2c-4440-99bf-f7b0fa29b022,PlanExe
62620ab7-88fb-47fd-958d-4c6aa0b314d9,Communicate Leadership Changes,,2/1/2026,2/11/2026,0,0ff96f6c-63a0-412a-93eb-062075e16ba9,PlanExe
fb25694b-8209-4440-addb-e308d5c76238,Develop key messaging for leadership changes,"Develop key messaging for leadership changes

Description:
Craft clear, concise, and consistent messaging regarding the leadership changes, addressing the rationale, impact, and future direction of the CDC. This includes preparing talking points for internal and external communications.

Resources needed:
• Communication specialists
• Public relations team
• Legal counsel
• CDC leadership",2/1/2026,2/3/2026,0,62620ab7-88fb-47fd-958d-4c6aa0b314d9,PlanExe
c939c3c9-6d37-4036-b211-4815bc2f9e7a,Prepare internal communication materials,"Prepare internal communication materials

Description:
Create internal communication materials, such as emails, memos, intranet posts, and FAQs, to inform CDC employees about the leadership changes and address their concerns. This includes scheduling town hall meetings and Q&A sessions.

Resources needed:
• Communication specialists
• HR professionals
• Internal communications team
• Change management specialist",2/3/2026,2/5/2026,0,fb25694b-8209-4440-addb-e308d5c76238,PlanExe
2b722f3c-4d3b-49d6-88bd-149de12675ab,Draft external press release and media kit,"Draft external press release and media kit

Description:
Develop a press release and media kit to announce the leadership changes to the public and media outlets. This includes preparing background information on the new leaders and addressing potential questions or criticisms.

Resources needed:
• Public relations team
• Media relations specialist
• Communication specialists
• Legal counsel",2/5/2026,2/7/2026,0,c939c3c9-6d37-4036-b211-4815bc2f9e7a,PlanExe
a9eea996-6af9-4468-b4a9-6f227e0904e9,Coordinate media outreach and interviews,"Coordinate media outreach and interviews

Description:
Proactively reach out to media outlets to share the press release and offer interviews with CDC leadership. This includes preparing leaders for interviews and managing media inquiries.

Resources needed:
• Media relations specialist
• Public relations team
• CDC leadership
• Communication specialists",2/7/2026,2/9/2026,0,2b722f3c-4d3b-49d6-88bd-149de12675ab,PlanExe
eb47ee98-59a4-4665-b55c-23d77e770c71,Monitor media coverage and public sentiment,"Monitor media coverage and public sentiment

Description:
Track media coverage and public sentiment regarding the leadership changes to identify potential issues and address misinformation. This includes using social media monitoring tools and analyzing media reports.

Resources needed:
• Social media analyst
• Public relations team
• Communication specialists
• Media monitoring tools",2/9/2026,2/11/2026,0,62620ab7-88fb-47fd-958d-4c6aa0b314d9,PlanExe
56084e09-5b70-41c9-b606-4e37205e9349,Budget Cuts and Resource Reallocation,,2/11/2026,4/1/2026,0,0ff96f6c-63a0-412a-93eb-062075e16ba9,PlanExe
789ebf38-483c-4bf5-ae8c-21cb32ac130e,Conduct Zero-Based Budgeting Review,,2/11/2026,2/21/2026,0,56084e09-5b70-41c9-b606-4e37205e9349,PlanExe
e9e5432a-4a42-4658-853f-636561e0b982,Gather historical budget data,"Gather historical budget data

Description:
Collect all available budget data from previous years to establish a baseline for comparison.

Resources needed:
• Financial analysts
• Data entry clerks
• IT support",2/11/2026,2/13/2026,0,789ebf38-483c-4bf5-ae8c-21cb32ac130e,PlanExe
b6efa6a3-fec6-4bb9-a391-d89415b05304,Define zero-based budgeting methodology,"Define zero-based budgeting methodology

Description:
Establish the specific methodology to be used for zero-based budgeting, including criteria for evaluating budget requests.

Resources needed:
• Budgeting experts
• Consultants
• Legal counsel",2/13/2026,2/15/2026,0,e9e5432a-4a42-4658-853f-636561e0b982,PlanExe
57a8f8f2-fb93-4cfb-b00e-430b20e226c9,Train departments on ZBB process,"Train departments on ZBB process

Description:
Provide training to all departments on the zero-based budgeting process and requirements.

Resources needed:
• Training specialists
• Communication team
• Department heads",2/15/2026,2/17/2026,0,b6efa6a3-fec6-4bb9-a391-d89415b05304,PlanExe
3e4fcd27-52d1-45d3-8934-0370b93e6be2,Review and validate departmental budgets,"Review and validate departmental budgets

Description:
Thoroughly review and validate all departmental budget submissions to ensure accuracy and compliance with the ZBB methodology.

Resources needed:
• Financial analysts
• Auditors
• Budgeting experts",2/17/2026,2/19/2026,0,57a8f8f2-fb93-4cfb-b00e-430b20e226c9,PlanExe
08330d9b-8182-4ec8-ac4c-30eef9b2f772,Consolidate and analyze budget requests,"Consolidate and analyze budget requests

Description:
Consolidate all departmental budget requests and analyze them to identify potential cost savings and areas for reallocation.

Resources needed:
• Financial analysts
• Budgeting experts
• Data visualization tools",2/19/2026,2/21/2026,0,789ebf38-483c-4bf5-ae8c-21cb32ac130e,PlanExe
176ec2d2-2427-432f-9668-4dfb40aa2d42,Prioritize Funding for Politically Aligned Initiatives,,2/21/2026,3/1/2026,0,789ebf38-483c-4bf5-ae8c-21cb32ac130e,PlanExe
67058cd1-ca0d-47bf-85b9-790a2416f36d,Define Politically Aligned Initiatives,"Define Politically Aligned Initiatives

Description:
Clearly define the initiatives that align with the government's political agenda. This includes specifying the objectives, scope, and expected outcomes of each initiative.

Resources needed:
• Government liaison
• Policy analysts",2/21/2026,2/23/2026,0,176ec2d2-2427-432f-9668-4dfb40aa2d42,PlanExe
4c9c7022-f7e6-41d5-929a-50a50b409eda,Establish Prioritization Criteria,"Establish Prioritization Criteria

Description:
Develop objective criteria for prioritizing funding based on alignment with political objectives. This includes defining metrics for evaluating the political impact and strategic importance of each initiative.

Resources needed:
• Financial analysts
• Policy experts",2/23/2026,2/25/2026,0,67058cd1-ca0d-47bf-85b9-790a2416f36d,PlanExe
effafa71-d968-4a6d-b883-09a14d8ddaa5,Assess Current Initiative Alignment,"Assess Current Initiative Alignment

Description:
Evaluate existing CDC initiatives to determine their alignment with the government's political objectives. This includes reviewing project plans, budgets, and performance metrics to identify areas for potential realignment.

Resources needed:
• Project managers
• Data analysts",2/25/2026,2/27/2026,0,4c9c7022-f7e6-41d5-929a-50a50b409eda,PlanExe
9084696d-f419-44b9-acb0-c96eef5ca172,Document Funding Prioritization Decisions,"Document Funding Prioritization Decisions

Description:
Maintain a detailed record of all funding prioritization decisions, including the rationale behind each decision and the supporting documentation. This ensures transparency and accountability in the allocation of resources.

Resources needed:
• Legal counsel
• Project administrators",2/27/2026,3/1/2026,0,176ec2d2-2427-432f-9668-4dfb40aa2d42,PlanExe
def31950-782e-407a-aeaa-11c3015b3198,Implement Budget Cuts Across Departments,,3/1/2026,3/17/2026,0,176ec2d2-2427-432f-9668-4dfb40aa2d42,PlanExe
227d9526-e8fd-4d13-abfb-7d793caa90c4,Identify potential budget cut areas,"Identify potential budget cut areas

Description:
Analyze departmental budgets to identify areas where cuts can be made with minimal impact on essential services. Consider program effectiveness, redundancy, and alignment with government priorities.

Resources needed:
• Budget analysts
• Department heads
• Financial data",3/1/2026,3/5/2026,0,def31950-782e-407a-aeaa-11c3015b3198,PlanExe
1146edde-a33d-453d-ace9-e49fbc3f0d70,Assess impact of proposed budget cuts,"Assess impact of proposed budget cuts

Description:
Evaluate the potential consequences of each proposed budget cut on departmental operations, employee morale, and public health outcomes. Consider both short-term and long-term effects.

Resources needed:
• Impact assessment team
• Stakeholder feedback
• Performance metrics",3/5/2026,3/9/2026,0,227d9526-e8fd-4d13-abfb-7d793caa90c4,PlanExe
f8ee2a58-a7b4-45ce-abcf-b659e0386564,Negotiate budget reductions with departments,"Negotiate budget reductions with departments

Description:
Meet with department heads to discuss proposed budget cuts and negotiate mutually acceptable reductions. Consider alternative cost-saving measures and potential trade-offs.

Resources needed:
• Negotiation team
• Department heads
• Budget proposals",3/9/2026,3/13/2026,0,1146edde-a33d-453d-ace9-e49fbc3f0d70,PlanExe
236e53df-bf6c-4c5d-b11f-8e7afcc2b845,Document and communicate budget cuts,"Document and communicate budget cuts

Description:
Prepare detailed documentation of all approved budget cuts, including the rationale, impact assessment, and implementation plan. Communicate the changes to affected employees and stakeholders.

Resources needed:
• Communication team
• Documentation specialists
• Budget reports",3/13/2026,3/17/2026,0,def31950-782e-407a-aeaa-11c3015b3198,PlanExe
bbccc962-01a6-4c9e-902a-82959f7ac510,Reallocate Resources to High-Priority Areas,,3/17/2026,4/1/2026,0,56084e09-5b70-41c9-b606-4e37205e9349,PlanExe
c5be7a3d-47cc-496a-bc67-6d7b20e7ba34,Identify High-Priority Resource Needs,"Identify High-Priority Resource Needs

Description:
Determine which areas are most critical for resource reallocation to align with new priorities. This involves assessing current resource allocation, identifying gaps, and forecasting future needs based on the restructured CDC's objectives.

Resources needed:
• Budget analysts
• Department heads
• Strategic planning team",3/17/2026,3/20/2026,0,bbccc962-01a6-4c9e-902a-82959f7ac510,PlanExe
b4d547c5-c0c8-41db-934c-56aee45a830f,Assess Resource Availability and Gaps,"Assess Resource Availability and Gaps

Description:
Evaluate existing resources across all departments to identify potential surpluses and deficits. This includes analyzing personnel, equipment, funding, and infrastructure to determine what can be reallocated and what needs to be acquired.

Resources needed:
• HR personnel
• Financial analysts
• Inventory management team",3/20/2026,3/23/2026,0,c5be7a3d-47cc-496a-bc67-6d7b20e7ba34,PlanExe
9480040e-4465-4ab4-a7f0-bb21a3061c3b,Develop Resource Reallocation Plan,"Develop Resource Reallocation Plan

Description:
Create a detailed plan outlining the specific steps for reallocating resources from lower-priority areas to high-priority initiatives. This includes timelines, responsibilities, and metrics for tracking progress and success.

Resources needed:
• Project manager
• Department heads
• Strategic planning team
• Communication specialists",3/23/2026,3/26/2026,0,b4d547c5-c0c8-41db-934c-56aee45a830f,PlanExe
e3f27487-98f0-4b0d-bfa3-65c96a8546c4,Execute Resource Transfers and Acquisitions,"Execute Resource Transfers and Acquisitions

Description:
Implement the resource reallocation plan by transferring personnel, equipment, and funding to the designated high-priority areas. This may involve internal transfers, external procurements, and training programs to ensure effective utilization of resources.

Resources needed:
• HR personnel
• Procurement specialists
• Training staff
• IT support",3/26/2026,3/29/2026,0,9480040e-4465-4ab4-a7f0-bb21a3061c3b,PlanExe
d9a62c3c-73f1-4d3f-9499-a61a2e2268ef,Monitor and Adjust Reallocation Plan,"Monitor and Adjust Reallocation Plan

Description:
Continuously monitor the effectiveness of the resource reallocation plan and make adjustments as needed based on performance data and feedback from stakeholders. This ensures that resources are being utilized efficiently and effectively to achieve the restructured CDC's objectives.

Resources needed:
• Data analysts
• Project manager
• Department heads
• Strategic planning team",3/29/2026,4/1/2026,0,bbccc962-01a6-4c9e-902a-82959f7ac510,PlanExe
5351ff6c-dc6f-4599-a545-656f4f1b0ecb,Restructuring Implementation,,4/1/2026,6/21/2026,0,56084e09-5b70-41c9-b606-4e37205e9349,PlanExe
792dddaf-2ffc-4af2-8a21-378912741cd9,Implement Restructuring Phasing Strategy,,4/1/2026,4/17/2026,0,5351ff6c-dc6f-4599-a545-656f4f1b0ecb,PlanExe
04416897-7397-4c8f-93fe-6a028015281b,Define Restructuring Phases and Milestones,"Define Restructuring Phases and Milestones

Description:
Clearly outline the different phases of the restructuring process, including specific milestones for each phase. This involves identifying key activities, timelines, and dependencies for each phase to ensure a smooth and organized transition.

Resources needed:
• Project Manager
• Restructuring Team
• Department Heads",4/1/2026,4/5/2026,0,792dddaf-2ffc-4af2-8a21-378912741cd9,PlanExe
bb262221-31de-4781-9d58-dbba511b686b,Assess Department Readiness for Restructuring,"Assess Department Readiness for Restructuring

Description:
Evaluate each department's preparedness for the restructuring process. This includes assessing their understanding of the changes, their capacity to adapt to new workflows, and their potential resistance to the restructuring plan. Identify potential challenges and develop strategies to address them.

Resources needed:
• Change Management Specialist
• HR Representatives
• Department Heads",4/5/2026,4/9/2026,0,04416897-7397-4c8f-93fe-6a028015281b,PlanExe
af9babcc-2512-4bc2-8fa6-c1e819798ee7,Develop Communication Plan for Each Phase,"Develop Communication Plan for Each Phase

Description:
Create a detailed communication plan for each phase of the restructuring process. This involves identifying key stakeholders, determining the appropriate communication channels, and crafting clear and consistent messaging to keep everyone informed and engaged throughout the transition.

Resources needed:
• Communication Specialists
• Public Relations Team
• Project Manager",4/9/2026,4/13/2026,0,bb262221-31de-4781-9d58-dbba511b686b,PlanExe
0423e9c0-23f2-462f-962a-7e474aa50e3c,Establish Monitoring and Evaluation Metrics,"Establish Monitoring and Evaluation Metrics

Description:
Define specific metrics to monitor the progress and effectiveness of each restructuring phase. This includes identifying key performance indicators (KPIs) to track, establishing data collection methods, and setting targets for success. Regularly evaluate the data to identify areas for improvement and make necessary adjustments to the phasing strategy.

Resources needed:
• Data Analysts
• Project Manager
• Restructuring Team",4/13/2026,4/17/2026,0,792dddaf-2ffc-4af2-8a21-378912741cd9,PlanExe
a066f9f3-8c87-450c-81d9-28007dec48dd,Execute Knowledge Retention Protocol,,4/17/2026,5/7/2026,0,792dddaf-2ffc-4af2-8a21-378912741cd9,PlanExe
51bd1f8e-1515-49fb-a885-dd48d8b5d63d,Identify critical knowledge areas,"Identify critical knowledge areas

Description:
Determine the key areas of expertise and processes that are essential for the CDC's continued operation and mission success.

Resources needed:
• Subject matter experts
• Department heads
• Knowledge management specialist",4/17/2026,4/21/2026,0,a066f9f3-8c87-450c-81d9-28007dec48dd,PlanExe
f2fdaad4-4836-44d7-ab70-918e8dc261fa,Develop knowledge transfer plan,"Develop knowledge transfer plan

Description:
Create a detailed plan outlining the methods, tools, and timelines for transferring knowledge from departing employees to remaining staff or documented resources.

Resources needed:
• Training specialists
• IT support
• Communication team",4/21/2026,4/25/2026,0,51bd1f8e-1515-49fb-a885-dd48d8b5d63d,PlanExe
3ba288a8-fa92-43c1-9526-92f69a4d9ce8,Implement knowledge management system,"Implement knowledge management system

Description:
Set up and configure an AI-powered knowledge management system to capture, organize, and disseminate critical information.

Resources needed:
• IT specialists
• Data analysts
• Knowledge management software",4/25/2026,4/29/2026,0,f2fdaad4-4836-44d7-ab70-918e8dc261fa,PlanExe
4ee79e56-9074-4751-afae-e900118654e1,Conduct knowledge transfer sessions,"Conduct knowledge transfer sessions

Description:
Organize and facilitate training sessions, workshops, and mentoring programs to transfer knowledge effectively.

Resources needed:
• Subject matter experts
• Training facilities
• Communication tools",4/29/2026,5/3/2026,0,3ba288a8-fa92-43c1-9526-92f69a4d9ce8,PlanExe
7bd8fbab-cfa9-4f67-916d-8d75f12558d2,Evaluate knowledge retention effectiveness,"Evaluate knowledge retention effectiveness

Description:
Assess the success of knowledge transfer efforts through surveys, tests, and performance reviews to identify gaps and areas for improvement.

Resources needed:
• HR analysts
• Training specialists
• Department managers",5/3/2026,5/7/2026,0,a066f9f3-8c87-450c-81d9-28007dec48dd,PlanExe
1035a584-2d13-474d-ab20-a5eb033e8f5a,Implement IT Infrastructure Changes,,5/7/2026,6/6/2026,0,a066f9f3-8c87-450c-81d9-28007dec48dd,PlanExe
cdacd561-f592-48de-9dc2-7058abc25217,Assess Current IT Infrastructure,"Assess Current IT Infrastructure

Description:
Evaluate existing hardware, software, and network infrastructure to identify areas for improvement and potential compatibility issues.

Resources needed:
• IT Specialists
• Network Engineers
• System Administrators",5/7/2026,5/13/2026,0,1035a584-2d13-474d-ab20-a5eb033e8f5a,PlanExe
0cdb0110-429a-4852-8462-18a8c5e73b1d,Plan IT Infrastructure Changes,"Plan IT Infrastructure Changes

Description:
Develop a detailed plan for implementing IT infrastructure changes, including timelines, resource allocation, and risk mitigation strategies.

Resources needed:
• IT Project Manager
• IT Architects
• Security Experts",5/13/2026,5/19/2026,0,cdacd561-f592-48de-9dc2-7058abc25217,PlanExe
f8841720-816c-4912-880c-761bfefd102e,Procure New Hardware and Software,"Procure New Hardware and Software

Description:
Acquire necessary hardware and software components, ensuring compatibility with existing systems and compliance with security standards.

Resources needed:
• Procurement Specialists
• IT Specialists
• Legal Counsel",5/19/2026,5/25/2026,0,0cdb0110-429a-4852-8462-18a8c5e73b1d,PlanExe
9dfd3c65-93e6-44ee-82e2-e9473c9fff1e,Implement and Test IT Changes,"Implement and Test IT Changes

Description:
Deploy new hardware and software, configure network settings, and conduct thorough testing to ensure proper functionality and security.

Resources needed:
• IT Specialists
• Network Engineers
• System Administrators
• Security Experts",5/25/2026,5/31/2026,0,f8841720-816c-4912-880c-761bfefd102e,PlanExe
501239c3-04b2-450b-b0ac-5d66a09ce1e3,Train Staff on New Systems,"Train Staff on New Systems

Description:
Provide comprehensive training to CDC staff on the use of new IT systems and software applications.

Resources needed:
• IT Trainers
• Training Materials Developers
• IT Support Staff",5/31/2026,6/6/2026,0,1035a584-2d13-474d-ab20-a5eb033e8f5a,PlanExe
3a4b5f4c-909f-41e7-8d18-4154f7fb7310,Manage Employee Transitions and Layoffs,,6/6/2026,6/21/2026,0,5351ff6c-dc6f-4599-a545-656f4f1b0ecb,PlanExe
032285d4-cb61-432f-aad0-fca99072c657,Develop layoff communication plan,"Develop layoff communication plan

Description:
Create a detailed plan for communicating layoff decisions to affected employees, including key messages, timing, and channels.

Resources needed:
• HR professionals
• Communication specialists
• Legal counsel",6/6/2026,6/9/2026,0,3a4b5f4c-909f-41e7-8d18-4154f7fb7310,PlanExe
80212312-2dad-4829-b60c-5c668788cf87,Prepare severance packages and outplacement,"Prepare severance packages and outplacement

Description:
Design severance packages that comply with legal requirements and provide adequate support for transitioning employees. Secure outplacement services.

Resources needed:
• HR professionals
• Legal counsel
• Outplacement service providers",6/9/2026,6/12/2026,0,032285d4-cb61-432f-aad0-fca99072c657,PlanExe
22ffae43-f911-4fa6-a6de-6da0b6ead836,Conduct layoff notifications,"Conduct layoff notifications

Description:
Execute layoff notifications in a respectful and legally compliant manner, providing affected employees with necessary information and support.

Resources needed:
• HR professionals
• Managers
• Legal counsel",6/12/2026,6/15/2026,0,80212312-2dad-4829-b60c-5c668788cf87,PlanExe
eadf8fe1-f3c8-4af0-80d6-e85bc5310a2c,Provide Employee Assistance Program (EAP),"Provide Employee Assistance Program (EAP)

Description:
Offer EAP resources to all employees, including counseling and support services, to help them cope with the stress and uncertainty of the restructuring.

Resources needed:
• EAP provider
• HR professionals",6/15/2026,6/18/2026,0,22ffae43-f911-4fa6-a6de-6da0b6ead836,PlanExe
86152a25-a30d-49ab-b4df-e67d81f17992,Manage transition of remaining employees,"Manage transition of remaining employees

Description:
Support remaining employees through the transition, addressing their concerns and providing training on new roles and responsibilities.

Resources needed:
• HR professionals
• Managers
• Training specialists",6/18/2026,6/21/2026,0,3a4b5f4c-909f-41e7-8d18-4154f7fb7310,PlanExe
ae3d7b25-fdc1-4353-ba61-4e02245b59b4,Public Communication and Stakeholder Engagement,,6/21/2026,7/25/2026,0,5351ff6c-dc6f-4599-a545-656f4f1b0ecb,PlanExe
8e16e4aa-178b-4943-a869-b8008e3ef9ee,Develop Public Communication Approach,,6/21/2026,6/25/2026,0,ae3d7b25-fdc1-4353-ba61-4e02245b59b4,PlanExe
47f97979-1ab6-4089-a40d-e6253056549b,Define Key Messaging Points,"Define Key Messaging Points

Description:
Establish the core messages to be communicated to the public regarding the CDC restructuring. This includes addressing the reasons for the changes, the expected outcomes, and the impact on public health. Identify key audiences and tailor messaging accordingly.

Resources needed:
• Public Relations Lead
• Communication Specialists
• Government Affairs Liaison",6/21/2026,6/22/2026,0,8e16e4aa-178b-4943-a869-b8008e3ef9ee,PlanExe
fb0adb59-437c-4a5b-aef7-350366b26169,Develop Communication Protocol,"Develop Communication Protocol

Description:
Create a clear protocol for all public communications, including approval processes, designated spokespersons, and guidelines for responding to media inquiries. Ensure consistency and accuracy in all messaging.

Resources needed:
• Communication Specialists
• Legal Counsel
• Project Director",6/22/2026,6/23/2026,0,47f97979-1ab6-4089-a40d-e6253056549b,PlanExe
a27edf12-88c2-4284-b25f-1a8e528b8ece,Prepare Anticipated Questions and Answers,"Prepare Anticipated Questions and Answers

Description:
Anticipate potential questions from the media and the public regarding the restructuring, leadership changes, budget cuts, and appointment of science skeptics. Develop clear and concise answers that address concerns and provide accurate information.

Resources needed:
• Public Relations Lead
• Communication Specialists
• Subject Matter Experts",6/23/2026,6/24/2026,0,fb0adb59-437c-4a5b-aef7-350366b26169,PlanExe
a08a90ac-0d4a-4a69-a109-def0132ea6c5,Train Internal Staff on Communication,"Train Internal Staff on Communication

Description:
Provide training to all relevant CDC staff on communication best practices, including how to handle media inquiries, address public concerns, and maintain consistent messaging. Emphasize the importance of transparency and accuracy.

Resources needed:
• Communication Specialists
• Training Coordinator
• HR Department",6/24/2026,6/25/2026,0,8e16e4aa-178b-4943-a869-b8008e3ef9ee,PlanExe
0d1d5676-43ed-486a-b88b-8ba7e9a65f42,Communicate Restructuring Plans to Employees,,6/25/2026,7/3/2026,0,8e16e4aa-178b-4943-a869-b8008e3ef9ee,PlanExe
deff3a61-64fe-44fb-98f5-77d59035dd7a,Prepare employee communication materials,"Prepare employee communication materials

Description:
Develop talking points, FAQs, and presentations to explain the restructuring plans to employees. Ensure consistent messaging across all communication channels.

Resources needed:
• Communication specialists
• HR professionals
• Legal counsel",6/25/2026,6/27/2026,0,0d1d5676-43ed-486a-b88b-8ba7e9a65f42,PlanExe
72868be1-c81c-4d0a-8a26-cf599b703317,Schedule employee town hall meetings,"Schedule employee town hall meetings

Description:
Organize and schedule town hall meetings to provide employees with an opportunity to ask questions and voice their concerns about the restructuring. Ensure representation from leadership and HR.

Resources needed:
• HR professionals
• Communication specialists
• Facilities staff",6/27/2026,6/29/2026,0,deff3a61-64fe-44fb-98f5-77d59035dd7a,PlanExe
375bf066-e336-4e95-bc97-eb59123275e6,Develop internal communication channels,"Develop internal communication channels

Description:
Establish internal communication channels (e.g., intranet, email updates) to keep employees informed about the progress of the restructuring and address any emerging concerns.

Resources needed:
• IT specialists
• Communication specialists",6/29/2026,7/1/2026,0,72868be1-c81c-4d0a-8a26-cf599b703317,PlanExe
576042c7-3ab5-4c14-983f-7165d8097b35,Conduct Q&A sessions with leadership,"Conduct Q&A sessions with leadership

Description:
Facilitate Q&A sessions with leadership to address employee questions and concerns in a transparent and open manner. Prepare leadership with anticipated questions and responses.

Resources needed:
• Communication specialists
• HR professionals
• Leadership team",7/1/2026,7/3/2026,0,0d1d5676-43ed-486a-b88b-8ba7e9a65f42,PlanExe
e532daf5-ffa4-4af7-b408-d1dde52290f4,Engage with Public Health Organizations,,7/3/2026,7/13/2026,0,0d1d5676-43ed-486a-b88b-8ba7e9a65f42,PlanExe
72d67333-1b8a-4a3a-81e6-7c21436fc5bb,Identify key public health organizations,"Identify key public health organizations

Description:
Identify and prioritize public health organizations for engagement based on relevance to CDC's mission and potential impact on public health outcomes. Consider organizations at the national, state, and local levels.

Resources needed:
• Public Relations & Communications Lead
• Stakeholder Engagement Specialist
• Research Analyst",7/3/2026,7/5/2026,0,e532daf5-ffa4-4af7-b408-d1dde52290f4,PlanExe
887c74ca-a53a-4316-9376-2f508689deec,Schedule initial meetings with organizations,"Schedule initial meetings with organizations

Description:
Reach out to identified public health organizations to schedule introductory meetings. Prepare meeting agendas focused on understanding their concerns and establishing open communication channels.

Resources needed:
• Public Relations & Communications Lead
• Stakeholder Engagement Specialist
• Executive Assistant",7/5/2026,7/7/2026,0,72d67333-1b8a-4a3a-81e6-7c21436fc5bb,PlanExe
7c4bddc0-9bed-4083-b1db-fba45b465f69,Address concerns about science skeptics,"Address concerns about science skeptics

Description:
Develop talking points and communication strategies to address concerns about the appointment of science skeptics to the vaccine advisory panel. Emphasize the CDC's commitment to evidence-based decision-making.

Resources needed:
• Public Relations & Communications Lead
• Legal Counsel
• Science Communication Specialist",7/7/2026,7/9/2026,0,887c74ca-a53a-4316-9376-2f508689deec,PlanExe
1596c99d-0c24-4d71-bd92-5dc3ca3e695b,Establish ongoing communication channels (2),"Establish ongoing communication channels

Description:
Create a system for regular communication with public health organizations, including newsletters, webinars, and dedicated contact points. Ensure timely responses to inquiries and feedback.

Resources needed:
• Public Relations & Communications Lead
• Communication Specialist
• IT Support",7/9/2026,7/11/2026,0,7c4bddc0-9bed-4083-b1db-fba45b465f69,PlanExe
07b807f5-47fa-4444-be26-22d7204e8cd2,Gather feedback on restructuring impact,"Gather feedback on restructuring impact

Description:
Solicit feedback from public health organizations on the impact of the CDC restructuring on their operations and ability to collaborate with the agency. Use this feedback to inform adjustments to the restructuring plan.

Resources needed:
• Stakeholder Engagement Specialist
• Research Analyst
• Project Manager",7/11/2026,7/13/2026,0,e532daf5-ffa4-4af7-b408-d1dde52290f4,PlanExe
e4f0e8c4-dad7-4a98-9744-47453fff1200,Address Public Concerns and Misinformation,,7/13/2026,7/25/2026,0,ae3d7b25-fdc1-4353-ba61-4e02245b59b4,PlanExe
0114898a-8d49-4057-aba0-4740a4784112,Identify key public concerns and misinformation,"Identify key public concerns and misinformation

Description:
Objective: Identify the most prevalent public concerns and misinformation narratives related to the CDC restructuring. Scope: Monitor social media, news outlets, and community forums to identify key themes and sentiments. Steps: 1. Utilize social listening tools to track relevant keywords and hashtags. 2. Analyze media coverage to identify recurring narratives and biases. 3. Conduct surveys and focus groups to gather direct feedback from the public. Deliverables: A report summarizing key public concerns and misinformation narratives.

Resources needed:
• Social media monitoring tools
• Media analysis software
• Survey platform
• Focus group facilitators
• Data analysts",7/13/2026,7/16/2026,0,e4f0e8c4-dad7-4a98-9744-47453fff1200,PlanExe
2e1d1dd7-0952-4a7f-b077-13ca309a9883,Develop targeted messaging to address concerns,"Develop targeted messaging to address concerns

Description:
Objective: Craft targeted messaging to address identified public concerns and correct misinformation. Scope: Develop clear, concise, and accurate messages tailored to different audience segments. Steps: 1. Develop key messaging points based on identified concerns. 2. Create different versions of the messaging for various communication channels (e.g., social media, press releases, website). 3. Test messaging with focus groups to ensure effectiveness. Deliverables: A set of targeted messaging points and communication materials.

Resources needed:
• Communication strategists
• Public relations specialists
• Content writers
• Graphic designers
• Focus group participants",7/16/2026,7/19/2026,0,0114898a-8d49-4057-aba0-4740a4784112,PlanExe
ea4dc55f-66b8-4b32-82b0-4c99e1e2163f,Disseminate accurate information proactively,"Disseminate accurate information proactively

Description:
Objective: Proactively disseminate accurate information through various communication channels. Scope: Utilize a multi-channel approach to reach a broad audience. Steps: 1. Publish fact sheets and FAQs on the CDC website. 2. Share information through social media channels. 3. Issue press releases to correct misinformation. 4. Engage with community leaders and influencers to amplify messaging. Deliverables: A coordinated communication campaign to disseminate accurate information.

Resources needed:
• Social media managers
• Public relations specialists
• Website content managers
• Community outreach coordinators",7/19/2026,7/22/2026,0,2e1d1dd7-0952-4a7f-b077-13ca309a9883,PlanExe
c80b750a-5efb-45f8-8da6-78b516325294,Monitor and respond to public inquiries,"Monitor and respond to public inquiries

Description:
Objective: Monitor public inquiries and provide timely and accurate responses. Scope: Establish a system for tracking and responding to inquiries from the public and the media. Steps: 1. Set up a dedicated email address and phone line for inquiries. 2. Monitor social media for questions and comments. 3. Develop a process for routing inquiries to the appropriate subject matter experts. 4. Track response times and customer satisfaction. Deliverables: A system for managing and responding to public inquiries.

Resources needed:
• Customer service representatives
• Subject matter experts
• Social media managers
• Communication specialists",7/22/2026,7/25/2026,0,e4f0e8c4-dad7-4a98-9744-47453fff1200,PlanExe
d57c38e6-36c5-42da-836d-16a6e91c5a95,Monitoring and Evaluation,,7/25/2026,10/5/2026,0,5441c047-2570-4a37-aa12-5b6fff800aea,PlanExe
51dd1c4d-5a06-4a84-b8c4-329d217f7230,Assess Employee Morale,,7/25/2026,8/4/2026,0,d57c38e6-36c5-42da-836d-16a6e91c5a95,PlanExe
cd5c4894-fd27-4599-b2b6-71f2c2a66ed2,Design Employee Morale Survey,"Design Employee Morale Survey

Description:
Develop a comprehensive survey to assess employee morale, covering key areas such as job satisfaction, work-life balance, and perceptions of the restructuring process. Ensure questions are unbiased and designed to elicit honest feedback.

Resources needed:
• Organizational Psychologist
• HR Specialist
• Survey Software (e.g., SurveyMonkey)",7/25/2026,7/27/2026,0,51dd1c4d-5a06-4a84-b8c4-329d217f7230,PlanExe
d7b87aa6-76bd-4faa-8445-1fa9776edad1,Distribute and Collect Surveys,"Distribute and Collect Surveys

Description:
Distribute the employee morale survey to all CDC employees, ensuring anonymity and confidentiality. Collect responses within a defined timeframe and monitor response rates to ensure adequate representation.

Resources needed:
• HR Department
• Communication Specialist
• Survey Software (e.g., SurveyMonkey)",7/27/2026,7/29/2026,0,cd5c4894-fd27-4599-b2b6-71f2c2a66ed2,PlanExe
65a249fc-34b4-4708-9557-a6dbfd36ccd4,Analyze Survey Data and Feedback,"Analyze Survey Data and Feedback

Description:
Analyze the collected survey data to identify trends and patterns in employee morale. Review open-ended feedback for qualitative insights and identify key areas of concern.

Resources needed:
• Data Analyst
• Organizational Psychologist
• Statistical Software (e.g., SPSS)",7/29/2026,7/31/2026,0,d7b87aa6-76bd-4faa-8445-1fa9776edad1,PlanExe
ce176888-82d9-4ebe-9bc4-e944ab2d99bd,Conduct Employee Focus Groups,"Conduct Employee Focus Groups

Description:
Organize and conduct focus groups with representative samples of CDC employees to gather in-depth qualitative feedback on morale and the impact of the restructuring. Ensure a safe and confidential environment for open discussion.

Resources needed:
• Facilitator
• Note-taker
• Zoom (or similar platform)
• HR Specialist",7/31/2026,8/2/2026,0,65a249fc-34b4-4708-9557-a6dbfd36ccd4,PlanExe
0d788279-d3d6-4e68-918e-379b213912be,Interpret and Report Morale Assessment,"Interpret and Report Morale Assessment

Description:
Synthesize the findings from the survey data and focus group feedback to create a comprehensive assessment of employee morale. Prepare a report summarizing key findings, identifying areas of concern, and recommending actions to improve morale.

Resources needed:
• Organizational Psychologist
• Data Analyst
• Report Writer",8/2/2026,8/4/2026,0,51dd1c4d-5a06-4a84-b8c4-329d217f7230,PlanExe
aff015db-1ff6-4069-9c39-8d7211093ab5,Monitor Knowledge Retention Metrics,,8/4/2026,8/20/2026,0,51dd1c4d-5a06-4a84-b8c4-329d217f7230,PlanExe
77131be8-d19f-4084-a0ea-4fbe020e7dec,Define Knowledge Retention Metrics,"Define Knowledge Retention Metrics

Description:
Establish specific, measurable, achievable, relevant, and time-bound (SMART) metrics for evaluating the effectiveness of knowledge retention efforts during the CDC restructuring.

Resources needed:
• Knowledge Management Specialist
• Data Analyst
• Department Heads",8/4/2026,8/8/2026,0,aff015db-1ff6-4069-9c39-8d7211093ab5,PlanExe
d6f341d6-5780-4e26-9864-a298340e5ad8,Track Knowledge Transfer Activities,"Track Knowledge Transfer Activities

Description:
Implement a system for tracking participation in knowledge transfer programs, documentation of key processes, and other knowledge-sharing activities.

Resources needed:
• IT Support
• Training Coordinator
• Database Administrator",8/8/2026,8/12/2026,0,77131be8-d19f-4084-a0ea-4fbe020e7dec,PlanExe
d18dce12-6c03-4ba9-b52f-ed86c9d372a8,Analyze Knowledge Retention Data,"Analyze Knowledge Retention Data

Description:
Collect and analyze data related to knowledge retention metrics to identify trends, gaps, and areas for improvement.

Resources needed:
• Data Analyst
• Knowledge Management Specialist",8/12/2026,8/16/2026,0,d6f341d6-5780-4e26-9864-a298340e5ad8,PlanExe
c5b906ac-70c0-4c34-b3fe-ab4cee209287,Report on Knowledge Retention Progress,"Report on Knowledge Retention Progress

Description:
Prepare regular reports on knowledge retention progress, highlighting key findings, challenges, and recommendations for action.

Resources needed:
• Knowledge Management Specialist
• Communication Specialist",8/16/2026,8/20/2026,0,aff015db-1ff6-4069-9c39-8d7211093ab5,PlanExe
caababcc-b8e7-441f-9838-76f0d63738ec,Track Legal Compliance,,8/20/2026,9/9/2026,0,aff015db-1ff6-4069-9c39-8d7211093ab5,PlanExe
69b5eb81-9c3f-488c-bab5-9e69e3e91c99,Monitor Employment Law Changes,"Monitor Employment Law Changes

Description:
Track updates to employment laws and regulations to ensure compliance during restructuring.

Resources needed:
• Legal counsel
• HR professionals",8/20/2026,8/24/2026,0,caababcc-b8e7-441f-9838-76f0d63738ec,PlanExe
e15261f8-6b58-47c5-a176-cbab808c728f,Conduct Data Security Audits,"Conduct Data Security Audits

Description:
Regularly audit data security measures to identify and address vulnerabilities.

Resources needed:
• IT specialists
• Data security experts
• Auditors",8/24/2026,8/28/2026,0,69b5eb81-9c3f-488c-bab5-9e69e3e91c99,PlanExe
d82c7562-1bf6-4d89-98b0-c017e7e10529,Inspect Hazardous Material Disposal,"Inspect Hazardous Material Disposal

Description:
Verify proper disposal of hazardous materials to comply with environmental regulations.

Resources needed:
• Environmental safety officers
• Waste management specialists",8/28/2026,9/1/2026,0,e15261f8-6b58-47c5-a176-cbab808c728f,PlanExe
8fecb345-55ee-425b-a30c-0392418d0d22,Review Employee Contracts and Agreements,"Review Employee Contracts and Agreements

Description:
Ensure all employee contracts and agreements are compliant with current laws.

Resources needed:
• Legal counsel
• HR professionals",9/1/2026,9/5/2026,0,d82c7562-1bf6-4d89-98b0-c017e7e10529,PlanExe
0ff22788-3bbe-4efa-b3d0-85439d258a90,Document Compliance Procedures,"Document Compliance Procedures

Description:
Maintain detailed documentation of all compliance procedures and actions taken.

Resources needed:
• Compliance officers
• Legal counsel",9/5/2026,9/9/2026,0,caababcc-b8e7-441f-9838-76f0d63738ec,PlanExe
93af8e9a-d2ba-48b6-b06f-1ee12d91e39c,Assess Public Trust,,9/9/2026,9/19/2026,0,caababcc-b8e7-441f-9838-76f0d63738ec,PlanExe
932aa568-2ee7-4b7c-be2f-a613d72aa0a8,Design Public Trust Survey,"Design Public Trust Survey

Description:
Develop a survey instrument to gauge public perception of the CDC, ensuring questions are unbiased and relevant to the restructuring.

Resources needed:
• Survey methodologist
• Public relations specialist
• Data analyst",9/9/2026,9/11/2026,0,93af8e9a-d2ba-48b6-b06f-1ee12d91e39c,PlanExe
ac1b11cf-0601-4562-8b1f-5a6ba01a0d8a,Conduct Public Opinion Surveys,"Conduct Public Opinion Surveys

Description:
Administer the survey to a representative sample of the population to collect data on public trust levels.

Resources needed:
• Survey platform (e.g., YouGov)
• Data collection team
• Statistical software",9/11/2026,9/13/2026,0,932aa568-2ee7-4b7c-be2f-a613d72aa0a8,PlanExe
24fd3b73-7b20-4584-b598-677adec0feb6,Analyze Social Media Sentiment,"Analyze Social Media Sentiment

Description:
Utilize social media monitoring tools to track public sentiment towards the CDC and identify key themes and concerns.

Resources needed:
• Social media monitoring tools (e.g., Meltwater)
• Sentiment analysis software
• Social media analyst",9/13/2026,9/15/2026,0,ac1b11cf-0601-4562-8b1f-5a6ba01a0d8a,PlanExe
9acd9133-e7c0-4d23-b348-1152fa025dc0,Hold Focus Groups,"Hold Focus Groups

Description:
Organize focus groups with diverse segments of the population to gather qualitative data on public perceptions and concerns.

Resources needed:
• Focus group facilitator
• Recruitment specialist
• Meeting space",9/15/2026,9/17/2026,0,24fd3b73-7b20-4584-b598-677adec0feb6,PlanExe
7e514fa0-92e4-407e-b760-513bfc3c9af2,Synthesize Data and Report Findings,"Synthesize Data and Report Findings

Description:
Integrate data from surveys, social media analysis, and focus groups to develop a comprehensive assessment of public trust and identify areas for improvement.

Resources needed:
• Data analyst
• Report writer
• Public relations specialist",9/17/2026,9/19/2026,0,93af8e9a-d2ba-48b6-b06f-1ee12d91e39c,PlanExe
7112fd99-b5c7-4323-a24f-db30d84d8b38,Evaluate Project Performance and Adjustments,,9/19/2026,10/5/2026,0,d57c38e6-36c5-42da-836d-16a6e91c5a95,PlanExe
49e7f51f-4bdd-4c23-8040-412119325908,Collect performance data from departments,"Collect performance data from departments

Description:
Gather data on key performance indicators (KPIs) from each department affected by the restructuring. This includes financial data, operational metrics, and employee feedback.

Resources needed:
• Department heads
• Data analysts
• Reporting tools",9/19/2026,9/23/2026,0,7112fd99-b5c7-4323-a24f-db30d84d8b38,PlanExe
1bfdd82b-076f-484a-8998-1071da0eae4d,Analyze restructuring impact on performance,"Analyze restructuring impact on performance

Description:
Analyze the collected data to assess the impact of the restructuring on departmental performance. Identify areas where performance has improved, declined, or remained unchanged.

Resources needed:
• Data analysts
• Statistical software
• Project manager",9/23/2026,9/27/2026,0,49e7f51f-4bdd-4c23-8040-412119325908,PlanExe
b324c8c2-7263-48a2-9f77-c9cc63a95f0b,Identify areas needing adjustments,"Identify areas needing adjustments

Description:
Based on the performance analysis, identify specific areas where adjustments to the restructuring plan are needed. This may include changes to resource allocation, workflow processes, or communication strategies.

Resources needed:
• Project manager
• Department heads
• Stakeholders",9/27/2026,10/1/2026,0,1bfdd82b-076f-484a-8998-1071da0eae4d,PlanExe
514c52e7-1563-4db3-91d9-eae4fff883e7,Implement and monitor plan adjustments,"Implement and monitor plan adjustments

Description:
Implement the identified adjustments to the restructuring plan. Continuously monitor performance to ensure that the adjustments are effective and make further changes as needed.

Resources needed:
• Project team
• Department heads
• Monitoring tools",10/1/2026,10/5/2026,0,7112fd99-b5c7-4323-a24f-db30d84d8b38,PlanExe
