Level 1;Level 2;Level 3;Level 4;Task ID
AI Resistance;;;;2a766047-b826-44b5-8289-1eca3a4ec1b4
;Legal Entity Establishment;;;1389a2e4-2d3e-4705-832f-50ae7ea09827
;;Engage Swiss Legal Counsel;;727600c1-f4fe-498f-aea4-9ce3d0106450
;;;Identify Legal Counsel Candidates;4800c0e4-05c7-4945-885c-e7892b47f970
;;;Review Candidate Credentials and Experience;2a11400e-2288-433d-bb64-8929d36da46f
;;;Conduct Initial Consultations;1d000d5f-aee7-44b4-864c-cf18d9248c93
;;;Negotiate Contract and Scope of Work;f2eb9011-ed8a-4b1e-a8fb-d9ed07efd34b
;;Conduct Legal Audit;;a42569c7-1339-4bb7-86ed-d3d14e932f5c
;;;Gather relevant legal documentation;edfa258a-e9f0-411e-b435-340d0137ca02
;;;Review current compliance status;3177b7c8-2ed7-4af6-8831-b046773a8e0a
;;;Identify potential legal risks;4f05ca16-8a73-4532-9b49-870112dda8ac
;;;Prepare audit report and recommendations;3f802abe-ec43-44d4-8daa-cc6900343b33
;;Establish 'Verein' Legal Entity;;61914ebd-f12a-4506-b2dc-8d50d5cd95ef
;;;Prepare Verein Formation Documents;234939b3-5380-4899-a37c-2dc4592a427f
;;;Submit Verein Application to Authorities;848411ec-8e69-4ac1-a661-c2622edc076c
;;;Attend Notarization Appointment;c59edefb-1e4f-4f6a-ab64-8cf56291a0ba
;;;Receive Official Verein Registration;0370fa04-a567-44e4-aa8f-f4c65d41b01c
;;Obtain Necessary Permits and Licenses;;81ed936f-7829-4ec8-8bd0-f7efa3c78f79
;;;Identify Required Permits and Licenses;a1bac339-d1cb-4c05-823f-eadd004fd818
;;;Prepare Permit Application Documentation;d89eae83-57fd-4de6-a1c9-95fe97a87083
;;;Submit Permit Applications;6c6b2a44-d9e8-4c09-9b01-5c90c382ae4a
;;;Follow Up on Permit Applications;343eb713-e8eb-41cf-b884-a1b241b0ea1a
;;Open EUR-Denominated Bank Account;;27929c16-c581-4e05-a956-6e6ecbb5d0d9
;;;Research Swiss Banking Options;66830795-fd52-4a53-a88a-abd2f1806403
;;;Gather Required Documentation;b0427fa5-1fc4-4a22-a0ee-1cd19f8a1bdc
;;;Submit Application and KYC Information;eed140e9-c6c0-4d66-a29a-bbe90eb43a7b
;;;Follow Up and Address Queries;47dc45cc-a821-41bd-9511-ec3514b21125
;Online Platform Development;;;013abf30-c2e2-4135-8efe-b25c1c381eeb
;;Define Platform Requirements;;be7d8dbb-2ac4-4dd6-b2ee-d7eefb7e1361
;;;Define Core Platform Functionality;3c36bc29-8f91-49e7-a7a5-ca1da913c150
;;;Determine Technology Stack and Infrastructure;108e9fcd-8903-4483-93ee-4fafe6235c35
;;;Design User Interface (UI) and User Experience (UX);6f3c39a0-c4a1-4e73-b3eb-33b86384ae0d
;;;Establish Data Model and Database Schema;472995f4-17c2-4623-8607-65cee2180bce
;;Design Platform Architecture;;cddcee16-163a-4087-9187-c334e6ceaead
;;;Define Core Platform Components;8ec00d4c-a0bb-4701-aa51-146d95a22485
;;;Select Technology Stack and Frameworks;aab2ea68-7f3b-4501-a2f3-f3121a9d0528
;;;Design Database Schema;9a20154d-41fb-4913-bcdc-69f1901a92fe
;;;Plan API Integrations;ede99e18-d7ac-473c-8509-20823a49e546
;;;Document Architecture Design;aa81d2e2-ce87-43e0-843b-dbe4d1ed603d
;;Develop Platform V1.0;;ff2d8996-cc7b-4e8d-85bc-610bed24ef6d
;;;Code Core Platform Features;667dbdfa-5465-4b29-8378-86cdfb99ad74
;;;Implement User Interface (UI);58b83978-2935-41ce-99b9-1e764c8ede2f
;;;Integrate Third-Party Services;04760f81-71c2-4142-8540-e748896a643e
;;;Conduct Code Reviews and Testing;8a228a4f-acd1-4fc5-9080-5b2f2fbc49ce
;;Implement Security Measures;;ebb6dae7-794d-4297-9882-76817e2e22e7
;;;Implement Authentication and Authorization;db6f469f-430a-4c92-8597-fe25ca54e010
;;;Encrypt Sensitive Data at Rest/Transit;75957a43-3bfb-4173-b53e-73b43e93223c
;;;Implement Input Validation and Sanitization;643ef049-cbe3-4c9e-aeb7-8c5ff4ae3505
;;;Implement Security Logging and Monitoring;75896fda-be87-4984-b65b-dcf9b8ed702c
;;;Conduct Penetration Testing and Vulnerability Scanning;5c51da18-5446-45d1-ba4b-d324da54b6c6
;;Conduct Security Risk Assessment;;a5836799-8287-4c96-bae1-6c2022f76737
;;;Identify Platform Security Vulnerabilities;ae04c9dd-ddda-48b2-b3de-9d5529fd2f9f
;;;Assess Data Encryption Methods;ad3c14de-6b2f-4de5-aff5-a80067909867
;;;Evaluate Authentication and Authorization;679074db-134e-4725-aee0-001ed4a000b8
;;;Develop Security Risk Assessment Report;39a6fd72-b22b-4e8b-985e-34639d86d519
;;Test and Deploy Platform;;d771ce7c-c98e-43c1-861b-704b79679706
;;;Plan testing strategy and environment;63e67f2b-22e4-46ee-b383-62c4becebc7c
;;;Execute functional and security tests;2279618c-f99e-4d08-bddb-6900ca71eb93
;;;Address identified bugs and vulnerabilities;4501d261-b58a-47fc-99ac-8f1bf579effe
;;;Prepare deployment environment;86408d07-7309-458c-8c74-5ce84614922d
;;;Deploy platform to production;f0783bf5-0ad3-496b-866b-b787632ed603
;Team Recruitment and Onboarding;;;e4452093-cc48-4052-8cc9-e59740db9134
;;Define Roles and Responsibilities;;899dd4ff-2b7a-42cc-95aa-1f37075c3a0d
;;;Identify Required Roles;50e3b555-6c2b-4b4b-ab5d-8f24b88ff298
;;;Define Role Responsibilities;7005a74e-34ab-4095-bd00-cd0897ba6f2b
;;;Document Role Descriptions;ad5a4f4b-d167-4287-acc9-1f54fcf5c2e6
;;Develop Recruitment Plan;;f11de0a8-9dee-4864-8fbb-bda4234aa82c
;;;Define Key Roles and Responsibilities;5941416e-49da-4c31-8d2a-4415ee61d44c
;;;Determine Compensation and Benefits Package;b84c8a00-d60a-433a-90a4-dba3ed283df6
;;;Select Recruitment Channels and Platforms;1ce3a469-cf04-49af-943b-817ef2c780b5
;;;Establish Screening and Interview Process;5197fafc-3548-4e43-a314-da9b89d0c208
;;Recruit Core Staff;;ab138ad7-5dc4-405c-b2d8-1be57d13ee97
;;;Post job descriptions;3b644124-799a-4eca-a962-1dd56834f376
;;;Screen applications and resumes;3f0babb2-d46a-44b3-805c-9af50590c606
;;;Conduct initial phone screenings;68c7142d-f2f2-4e88-97ad-ab5909cdace7
;;;Schedule and conduct interviews;ac655c79-9523-4742-a5d1-51427032c9a3
;;;Perform background checks;834f0214-cadd-4157-ba2f-d2ad532f87b1
;;Onboard New Staff;;db9df4a8-4136-40c9-86be-8204eca6df1d
;;;Prepare Onboarding Materials;649dcc94-7e4d-46c2-a340-c01b02f855a2
;;;Schedule Onboarding Sessions;a5792b12-e47c-4252-8292-bc325803136e
;;;Set Up IT Infrastructure and Access;b9f76979-b175-4cae-911e-1981d001ae64
;;;Conduct Initial Training;8f81b47b-ebe5-4704-9d6d-02acc6d59ca7
;;;Assign Mentors and Buddies;d71e5ffe-9d09-4ef5-9d08-4436e5b8ac59
;;Establish HR Policies and Procedures;;e599a237-b248-4945-86a5-076507a8ae6c
;;;Draft Employee Handbook;c33c1240-b24b-4f86-8667-f3491d5d173d
;;;Develop Performance Review Process;c1600b7d-f95c-4081-ae3e-3ad89fc4f4e3
;;;Create Compensation and Benefits Plan;e4ea5f7b-d7a3-4bab-9798-13cf24664d58
;;;Establish Disciplinary Action Procedures;2b6dd7b5-0801-40d7-a36e-cba53d4a280d
;Branding and Messaging Development;;;9077c33d-2b79-4258-8182-12d6537e0401
;;Develop Core Messaging;;4cc6e82a-ebf3-479d-bc66-8b8361068c6f
;;;Analyze Target Audience & Values;5739caae-ab49-4a2f-85f9-d4edf3d758e6
;;;Draft Initial Messaging Framework;a35eb716-9462-4029-8c6b-e0a9f0caf954
;;;Refine Messaging Based on Feedback;2dfb64bd-2dc3-4bff-afeb-5aa3409e2d16
;;;Translate Messaging for Key Regions;e5d6998d-28e6-48a4-8b2d-a0e180204fb8
;;Design Branding Materials;;36f5767e-93dc-4b23-aa1f-a6201fce08e7
;;;Define Brand Visual Guidelines;8b7f4f1e-356e-46f6-b029-ecc0bfb0e243
;;;Design Logo and Visual Elements;42c880f0-adbc-45c2-95f9-1969bc49a5f1
;;;Develop Brand Style Guide;6061e343-ec06-419c-8671-0937f8d270d0
;;;Create Template Designs;c69378c6-7900-4d99-a428-b492483443ef
;;Create Communication Strategy;;6063b7e7-ffb1-4fa6-ba1c-738e80a3be86
;;;Define Target Audiences and Personas;49130e51-ec45-45d1-97c5-02ff1ad5a0ca
;;;Select Communication Channels;797e8f22-63ae-4b68-8218-6001021108e8
;;;Develop Key Messages and Narratives;24ea1c3f-18cf-471e-87fc-15ff8ec0dfcd
;;;Establish Communication Guidelines;13ec4891-5053-411a-bd0c-cf76861ef9a2
;;Establish Social Media Presence;;57dcef6f-0bcc-4643-ae47-3147dbe0e1b5
;;;Select Social Media Platforms;5061128a-0edf-4c92-9517-2be2b9d08b49
;;;Create Social Media Style Guide;1682f33c-b2c5-46fd-8243-7818bd1c09e9
;;;Design Social Media Templates;913edaff-75e6-4719-8ae3-6cd0df37a070
;;;Schedule Initial Social Media Posts;79fb34ce-827c-4c07-a76a-486c1207a30f
;;;Monitor and Engage on Platforms;cec79464-9fdc-4df0-a79e-880ec19c9bdb
;Fundraising and Grant Acquisition;;;57ed9af0-b283-4a52-b2a5-c50c8316cc2d
;;Develop Fundraising Strategy;;f96eb1ec-d9ac-47a3-be85-d7c090e3c2e2
;;;Research Fundraising Best Practices;29baad21-bc51-4c01-957f-404803eba3f6
;;;Define Target Donor Profiles;9974b7a0-bdee-4a79-b923-741e88ee66c2
;;;Develop Fundraising Messaging;23092b69-58bd-47ce-a60b-e5fd8c7f16b9
;;;Create Fundraising Plan Outline;70309e04-6bf9-4e3f-8e6c-f9f6a1e9c2f4
;;;Finalize Fundraising Strategy Document;05401697-c07d-4663-86f2-2005ee307dbe
;;Identify Potential Donors;;1d5bcf26-4eff-45f0-8110-1b55d1f83e2e
;;;Identify Potential Risks;5787982a-797f-4dc4-b901-1c97954f89a5
;;;Develop Risk Mitigation Strategies;115e44b9-8d0d-42a8-a1ae-1384a8bb8e99
;;;Implement Mitigation Plans;8d47f172-3646-46ba-a272-47d449e88a3a
;;;Monitor and Control Risks;bb6d61e8-4fa6-4710-b559-72fcb7909db6
;;Apply for Grants;;f5a3113c-3f6c-48b6-b3da-daf3c0db05b1
;;;Research Grant Opportunities;8f645f3a-60e8-4a48-bfc6-2ab89d0edaaa
;;;Prepare Grant Proposals;3a92d962-1449-44b6-94af-a9958b3b435c
;;;Submit Grant Applications;47b8121c-e3ae-4f27-8425-d9508b6bb2ac
;;;Follow Up on Applications;75fd2a50-5f06-4ad5-b770-a3b54e2ec40a
;;Secure Corporate Sponsorships;;3d3a04ef-c174-49a9-bf1b-8067ebfe7599
;;;Identify Target Companies;cadd5a79-f100-4de2-89cb-b2473de95c48
;;;Develop Sponsorship Packages;5f9d678c-a9aa-4540-a06a-49d805ace7bb
;;;Prepare Pitch Materials;ae0670ee-9ca9-43b4-8ba8-b64207080b4c
;;;Outreach and Follow-up;4e12e017-1b87-4909-8e06-51a78bc72813
;;Launch Crowdfunding Campaign;;0b516e3b-cd76-4587-bcf8-8fa45facf8f3
;;;Define Crowdfunding Campaign Goals;81e864c6-5927-4d1d-be75-bcd54f2398f2
;;;Select Crowdfunding Platform;72efe750-89ab-4b20-accf-e24993afa31f
;;;Create Campaign Content;e71ba2c9-1db6-4cd4-87f8-83d04800efac
;;;Develop Marketing and Promotion Plan;96aecff9-8151-4f92-bd24-e0240d28e86b
;;;Manage and Monitor Campaign;217e8290-da90-4a3c-95fb-8c7654b0384a
;Compliance and Risk Management;;;a5ac755a-ce18-4f58-a8fe-1bbdf36993f9
;;Develop Compliance Program;;bfe621e8-86bd-477d-b9d7-a4f433845b25
;;;Data Protection Impact Assessment (DPIA);b925ed42-ac37-4580-ae0f-431083fb2369
;;;Implement Data Subject Rights Procedures;caac22ce-0b1f-401b-88f3-277e30ca0b58
;;;Develop Data Breach Response Plan;d69b8576-99ad-413e-b7e2-9c4c95fba701
;;;Create Privacy Policy and Notices;257f4b5e-a3fb-44b3-9637-ad6cf3202dff
;;Implement GDPR Compliance Measures;;e7f02d49-920a-4651-8ad7-d3002897dce9
;;;Review GDPR requirements for Swiss operations;1584c95b-cf59-4664-8c16-eef5e80322c0
;;;Update data processing agreements;ac8dfc45-2348-462a-b762-821cbe8a03dd
;;;Implement data subject rights procedures;ef6d5ba9-5300-463d-b43e-b492151cde18
;;;Conduct data privacy training;266a82f7-0df1-4ebf-a277-d1ffd60f038d
;;Monitor Regulatory Changes;;7330b22e-5055-433e-b6ff-0f745a45362a
;;;Identify Relevant Regulatory Bodies;1d67b3d4-3148-4bf9-82fd-53dc4e6670ea
;;;Subscribe to Regulatory Update Services;aa25f0a9-2ccb-46e8-be8e-1912b8d9f942
;;;Establish Legal Monitoring Process;a28aed78-4efa-47a5-969e-59f381011d87
;;;Document Regulatory Change Impact;943615e1-0782-49f1-8256-00f766b6c0af
;;Develop Risk Mitigation Strategies;;f7e87845-d70d-42a7-940a-c7c12cbcbdd8
;;;Identify Potential Risks;25d03dd1-a308-40d9-b7da-d6601861b310
;;;Assess Risk Probability and Impact;96e7b7a2-45f6-4e10-8b06-0b9f747457c8
;;;Develop Risk Response Plans;17824eaa-0d0d-4c1c-81bf-22b3b0aee4fa
;;;Implement Risk Mitigation Actions;e985d77c-3f95-41be-9d4a-28d8bd0385ad
;;;Monitor and Review Risk Management;0393b18d-89dc-49d8-9f57-523079396cf0