Level 1;Level 2;Level 3;Level 4;Task ID
Global Language;;;;32bdb703-5fdc-4bba-adf3-00f96281aaaf
;Project Initiation & Planning;;;661899b8-2ab3-47f9-a0ee-75f38b5bfa8a
;;Secure Project Funding;;d042cc2c-ad52-4ffc-829a-6abe3a0040b7
;;;Identify Potential Funding Sources;0340c62f-8506-4597-8be9-2b64e5b5a4f0
;;;Prepare Grant Proposals and Applications;7f8204d4-4fab-490f-816d-911b767e23fb
;;;Present Project to Potential Investors;9a1c0dfc-3adc-4264-ae24-1ba8435a43a2
;;;Negotiate Funding Agreements;6bc97fc6-b960-4cff-abd8-f61073a3a84b
;;;Secure Final Approval of Funds;42ed0c50-cf43-4206-ab40-848d93f0e638
;;Assemble Project Team;;fc5c1acf-6fb3-48e1-89c6-f58d634c64d0
;;;Define Team Roles and Responsibilities;4eec575e-fae5-4d45-8bba-849a32314c46
;;;Recruit Linguists and NLP Developers;87971b47-082b-4d62-bf48-f982348e1fac
;;;Onboard Team Members;e24a6563-47c2-465e-9127-c966c96621c7
;;;Establish Team Communication Channels;6d0b5220-3d69-4ec9-b192-e56935e00297
;;Define Project Scope and Objectives;;65a19385-2733-4f1e-b7e3-411b5904f6f5
;;;Identify Key Stakeholders and Their Needs;cdb2bd2c-f216-42ec-a5eb-89013a841085
;;;Research LLM Tokenization Best Practices;354a502c-d157-47d2-ae18-0df4ed539fed
;;;Define Language Goals and Success Metrics;bf4e3f7b-defc-4024-8c85-8ea6622bbfd8
;;;Document Scope Boundaries and Exclusions;1a42f129-49f0-492c-9e7d-a4d009c85eaa
;;;Establish Scope Change Management Process;d8a4b522-2875-46c9-8f48-64d373152018
;;Develop Detailed Project Plan;;c91af416-0aa2-4013-b961-976394137c48
;;;Define Project Deliverables and Acceptance Criteria;4b45338c-8608-4114-9366-42496f3ffb1e
;;;Create Task Breakdown and Schedule;50d1c373-a443-4f1e-ae52-d7b2bccf6fd4
;;;Allocate Resources and Assign Responsibilities;677aa876-1216-4366-900b-232bb842f6d2
;;;Develop Risk Management Plan;8fbc4d2d-c8f8-4ae3-8456-c885a65ade02
;;;Establish Project Communication Plan;103a26dc-06a6-409f-a2a7-ca19a3149e78
;;Establish Communication Protocols;;e84a9451-6723-4edf-a8ac-145d6ba32047
;;;Identify Key Communication Stakeholders;8d1b9cc3-4259-4678-b5e3-7dc58056f386
;;;Define Communication Channels and Frequency;e4d9370e-23a3-47db-89f0-fd0a4fc83f13
;;;Develop Communication Plan Document;2f971628-179b-42c6-8d60-85cb1fc9c55f
;;;Train Team on Communication Protocols;8ff04209-4d03-48d7-b9eb-512cc6cabb9a
;;;Implement Feedback Mechanism;adf5ce7f-b4c8-49cd-819a-9917ff71386e
;Language Design & Development;;;3b37754a-c29e-4d29-9461-9f7eb78d36cb
;;Research Existing Languages and Tokenization Methods;;c1e4d01b-94b8-4dea-8718-dcbfd710cf50
;;;Identify Relevant Language Families;4f14373b-d92e-4eb2-a5a4-cbeb17fe736b
;;;Analyze LLM Tokenization Methods;ae7fd8e1-2896-4442-90a5-e99c5d972f82
;;;Study Endangered Language Structures;db9fa266-af42-4e2f-a7e7-f4cd75d06f16
;;;Assess Tokenization Efficiency of Languages;2359ef24-5cd2-4905-b4f5-4a24bdff3f85
;;;Document Research Findings;1ca3477f-c71e-40b0-81dd-5b945eaa3ae6
;;Define Core Linguistic Features;;1676bd29-4b2e-4993-99ea-57b2203a7f33
;;;Identify Universal Linguistic Principles;abe72012-a558-4dbc-beb4-7be18290ea99
;;;Balance Global Accessibility and Diversity;ec1f908b-5a65-4d5b-9f09-cca0ad895952
;;;Optimize for LLM Processing;85fd1296-2d9d-48d4-9453-7adbffa1d68f
;;;Define Phonology and Orthography;f68ceff2-a6f7-45f8-a0ca-b0a8ea6dde50
;;;Establish Morphological Rules;065f074a-0052-4e60-a6ac-dd9170c1302f
;;Develop Grammar and Syntax;;9d4edcc1-707d-42ce-a3e1-d2008604b568
;;;Define Grammatical Rules;9bae5151-0f79-45c8-b1ef-3606a2336199
;;;Develop Syntactic Structures;91cd97d0-e7b0-4a1d-9778-15785e72038e
;;;Address Ambiguity and Redundancy;17c1709a-1a4d-4279-b0fc-312908bf1d8b
;;;Document Grammar and Syntax Rules;2c5495cb-63a0-41ba-81f0-64f80a603a7d
;;Create Vocabulary and Lexicon;;15019ad3-40b5-4ceb-bac9-77ead2e4a036
;;;Identify Core Concepts and Domains;3afb9c54-f473-4134-bd02-618a74ea554e
;;;Create Seed Vocabulary List;5f0f857f-225f-48fb-8399-c7aa5ddccc1c
;;;Define Word Meanings and Usage;77702356-c9fb-423f-b340-8624a75d6759
;;;Ensure Cultural Sensitivity and Neutrality;1306374a-ea0b-43bc-8991-d410c71fe521
;;;Review and Refine Vocabulary;14589582-50ff-448b-b71b-765920fe2486
;;Develop Tokenization Algorithm;;a57399f9-d927-45e2-bb7b-9e8af9336c27
;;;Select Tokenization Algorithm Approach;b191f3e4-0099-4057-ab51-191da1a04b1a
;;;Implement Initial Tokenization Algorithm;8cefda4c-4713-46ca-b622-1ab57ccdaf7b
;;;Test Algorithm with Sample Text;70bedd0a-e457-4fa5-a37a-fd303589da30
;;;Optimize Algorithm for LLM Integration;b206607b-8e38-4fd0-a589-9076efe7b38d
;;;Benchmark Algorithm Performance;215793ff-1eae-43a6-b06c-d332fdc64152
;Testing & Refinement;;;62926721-49ad-4654-a09e-a5b0a84aee9c
;;Conduct LLM Tokenization Efficiency Testing;;7f9b6710-8b78-4ea0-9e1e-011ff72b30bf
;;;Prepare LLM Testing Environment;91785821-d80f-4af7-8d33-3a245997f796
;;;Develop Tokenization Testing Scripts;f722c558-cc9b-4f76-8061-1c68e290ab55
;;;Execute Tokenization Tests on LLMs;e5f4ad5e-3328-4775-b28c-4e4a9851f7e4
;;;Analyze Tokenization Efficiency Results;22b7459c-9522-466a-abe5-f2c2ebb5fd76
;;Gather Linguistic Feedback;;fa2f5319-c505-4571-b5b0-8ef71121e46b
;;;Identify Target Linguists;e2f40965-b6b7-4fa7-9795-8765c596e6a6
;;;Prepare Linguistic Feedback Questionnaire;10fc3b77-e746-47a1-bd34-ffff5808b69d
;;;Distribute Questionnaire to Linguists;5be472af-62a5-46da-8866-1d28ea2e7d42
;;;Analyze Linguistic Feedback;c29d7f15-ffa0-471d-a261-0e3d01067f47
;;;Document Feedback and Recommendations;7c5dac41-5757-4ee5-a168-0b90b9c0a2a5
;;Refine Language Based on Testing and Feedback;;7debee4b-fc7b-4871-8b70-bf68b2ae6b82
;;;Analyze Linguistic Feedback;921c8ae2-5fd5-446e-bba9-4f7ae5ccdc16
;;;Prioritize Language Refinements;5e76e4d7-7d17-4d6a-baba-c7d13fa9929b
;;;Implement Language Changes;9e843889-5481-4790-ae8e-945c3e499102
;;;Test Refined Language;d601a88a-c758-4f60-a681-730f0266e26d
;;Iterate on Tokenization Algorithm;;060ff115-5c36-4898-b79d-d6db239b3051
;;;Analyze Initial Algorithm Performance;a3f20116-da58-4aa1-9777-213126bed9a9
;;;Identify Optimization Opportunities;e2f121af-0fd1-4411-850b-b1b44344e059
;;;Implement Algorithm Modifications;2f646741-a62a-434d-a05a-93fb13def8ad
;;;Test Modified Algorithm;823050da-24e7-4b1d-9cbf-d00a54147aa2
;;;Validate LLM Integration;dae9869e-059c-4618-9f66-53aec73869b1
;Community Engagement & Adoption;;;ede1d0fc-c65a-46a3-86ee-7407ab954f11
;;Develop Marketing and Communication Strategy;;1d72a367-657f-471c-85fd-6413f94befdd
;;;Define Target Audiences and Personas;6c0ac740-a39a-46f7-b087-835930f9617e
;;;Select Communication Channels;e5f20571-ff84-4ff1-ae2a-817790048df1
;;;Craft Key Messages and Value Proposition;73f89137-6151-4598-92bf-43344c98c06b
;;;Develop Content Calendar and Schedule;6a643bff-b40a-4599-a957-a763befb555f
;;;Establish Metrics and Tracking;d59fe35d-d41e-438e-9ebd-d0543d0fe720
;;Engage with Regional Communities;;fff3da1c-3879-4344-ab6f-addc7a4ed589
;;;Identify Key Community Stakeholders;cc030e86-96fa-4b40-bf2f-01820d6390cd
;;;Conduct Needs Assessment Surveys;a1449d58-a8d9-4ac5-b3e6-084489128015
;;;Organize Focus Groups and Workshops;61e8f892-3f84-4b26-be68-934df6387063
;;;Establish Regional Advisory Boards;94e2adc7-fb36-4387-9b21-1f11f8e1c008
;;;Tailor Engagement Strategies;0560f29f-8705-4c25-a033-4f21014959a3
;;Promote Language Adoption;;88b036b1-193e-44cc-a8c6-a7663be4584c
;;;Identify Key Influencers and Communities;a732a7ff-7b9c-4dc5-aa24-f7c96c36fb1c
;;;Create Compelling Marketing Materials;056a93f3-849b-4892-b93b-9b0330d3816b
;;;Launch Targeted Advertising Campaigns;a3aa24cb-6962-47d0-b223-03671112d9fd
;;;Organize Workshops and Events;0954bb93-881f-4adb-8647-b768acda9f7e
;;;Track Adoption Rate and Gather Feedback;1c6cea71-7f48-48a3-8d7c-fd06cc6a57d6
;;Develop Learning Resources;;a5537c04-e182-40d5-9170-977d1d7e2b4d
;;;Identify Target Audience Needs;49f2895f-92e9-4b86-b950-a7a41e2abff5
;;;Design Curriculum Framework;c9b235f5-ad76-44e2-a6d9-ea7dfc54b98c
;;;Create Beginner-Friendly Materials;c08057cf-4037-4a9a-a705-9685dda3cc2f
;;;Develop Advanced Learning Modules;fd73554b-c13a-4c97-95da-c2e90c468b1a
;;;Translate and Localize Resources;2ad762e7-0e3f-41f9-9edf-9d604cdd9fec
;;Create Open-Source Tools (Translation Engine, Keyboard Layouts);;0f7f2064-e83d-4602-99e0-004c783d8d3f
;;;Design Translation Engine Architecture;6378d141-37cc-479d-aa4d-a8d16d7e6bf6
;;;Develop Translation Engine Modules;7ec99bdd-c600-4b26-8e78-eacb7a69d66f
;;;Create Keyboard Layouts for Major OS;8b13c478-d6fa-413d-a6e5-6303f1719e7f
;;;Test and Refine Translation Engine;859b7510-1a66-4d29-9312-76bb2f04f79e
;;;Package and Distribute Open-Source Tools;e273e932-60e1-4072-984b-c8948ef711d4
;Ethical Considerations & Mitigation;;;d00f297c-013f-4f1d-83b8-ddaee7d710de
;;Assess Potential for Cultural Homogenization;;65aa7008-c0bc-4b5b-9511-3043b354b8e9
;;;Identify Cultural Groups for Assessment;0c5bbf77-f3e3-4f91-8843-b094461c0aba
;;;Gather Cultural Data and Insights;d36f4e1a-dbe4-4b23-9a61-bb4302eb20c2
;;;Analyze Potential Language Impact;658c9944-b01f-4616-8c62-1cd5eac5f333
;;;Develop Mitigation Strategies;01f61ad9-991c-4e2e-9a13-08e65c0f7148
;;;Report on Cultural Homogenization Risks;285c97c3-03da-45ef-a23f-4c91adec1722
;;Develop Strategies to Preserve Linguistic Diversity;;95f3952f-34c5-4cd2-b6e4-24f2152d9a1d
;;;Identify Endangered Languages and Communities;b0dbb1a2-7bc3-4964-be39-e2b513c4833e
;;;Assess Community Needs and Preferences;d8283caa-e4cc-447c-b4c1-f2865ead22c6
;;;Develop Community-Led Preservation Initiatives;dac37f41-9d9a-4a2f-bb5f-6128b9c38002
;;;Provide Resources and Support;5edbd044-1906-4d42-a3ba-3092e1c8b360
;;Establish Fund for Endangered Languages;;6f00860c-f9e5-4c63-822b-3462dfdf87fc
;;;Define Fund Allocation Criteria;bd03a664-03cf-4e6a-8c8f-bfd4c65e720a
;;;Establish Fund Management Process;b97ec8ce-6ae2-4133-9b09-32b32b2f4d78
;;;Identify Preservation Projects;827f3fe0-af84-43f2-9c62-80e3344281fb
;;;Partner with Language Organizations;2b1c747d-6346-4408-9c61-2ca3bef8fa8a
;;Implement Data Anonymization Techniques;;bb95d81e-12a7-45d8-bb10-c005a01e1000
;;;Identify Sensitive Data Elements;72888e24-2615-47a6-8a56-c4a00f9ac17c
;;;Select Anonymization Techniques;194a9396-51e4-4ad6-83fd-9802a1521581
;;;Implement Anonymization Procedures;0263bbb0-97ea-42e5-8acd-3bb0f0bf3368
;;;Test and Validate Anonymization;2d74d90b-8993-48a6-a197-bc9ccb3e2746
;;;Document Anonymization Process;99b7792e-a665-4036-9975-60dd128ffa79
;;Address Ethical Concerns Related to Data Usage;;07d1eb3a-9a49-4b48-8a23-586eaee89cac
;;;Identify Potential Ethical Dilemmas;af72df8b-af0b-4579-9e29-34ac499d9a67
;;;Develop Ethical Guidelines for Data Usage;7353dc1e-cc4a-4f20-8912-0c55c8e416cd
;;;Establish Data Governance Framework;a8371622-3f4a-45aa-b5d7-205a75ef469f
;;;Communicate Data Usage Practices Transparently;041aeaba-9f99-4bb0-90cc-512442ec0d8f