Level 1;Level 2;Level 3;Level 4;Task ID
Arxiv Distillation;;;;c103e9fa-2fe7-4c1d-a4db-66898b375ba5
;Project Setup and Planning;;;48985f17-f39b-4918-a4f7-43ae7346299d
;;Define Project Scope and Objectives;;0b06695d-ff58-44e3-84e8-84466efa6c98
;;;Identify Key Stakeholders;2dcaa96e-d5c0-449e-9dc0-31651eaea46f
;;;Gather Stakeholder Expectations;47008b0f-2bae-4228-bb00-e10236c9ef5a
;;;Document Project Objectives;22843f80-7217-4537-835b-3cc29f184be0
;;;Define Project Scope Boundaries;bb363b1a-a7dc-46f9-bdf7-816864edd493
;;Establish Communication Plan;;3bad32fd-e567-4c41-a91c-4a7916f378d2
;;;Identify Stakeholders and Communication Needs;c3f9473f-2a2a-4100-850d-6036ddae21a4
;;;Define Communication Channels and Tools;a4251577-1950-4424-b152-44825213ad75
;;;Establish Communication Frequency and Schedule;7fb782bc-c36d-4ea5-80fc-3f045630ae5b
;;;Document Communication Plan and Procedures;f13291a2-b276-4732-b05e-968db176bc1f
;;Allocate Resources and Budget;;18012efc-363e-47b7-9e79-be0d17dacc17
;;;Estimate Cloud Resource Costs;e485e714-7edb-4adf-8f0d-73da38f9489b
;;;Procure Software Licenses;789f144f-edb0-406e-80d6-de752a8d68fb
;;;Allocate Personnel Resources;d83fd5e4-f58a-4ea4-a70e-0f932060a628
;;;Secure Budget Approval;cb544cdd-25ec-46ae-868c-7ac36013e665
;;Define Success Metrics;;8b9c2dd6-18c3-4641-b13f-b3dad035838a
;;;Identify Key Performance Indicators (KPIs);51015e9e-fcb3-4f20-aff8-9aa31c355e8b
;;;Research Industry Benchmarks;2c3b3766-68d7-416e-b5cf-50eb9aa43021
;;;Define Measurement Procedures;c4c6179c-150b-4071-8160-5a0aaa9e0a70
;;;Document Success Metrics and Procedures;4c87a008-f546-4c61-9965-6cdcd625496f
;Data Acquisition and Preparation;;;2286ed11-ed68-4764-9709-bcf4cd9fc14f
;;Establish Arxiv Data Ingestion Pipeline;;afe39a6d-dc3f-489b-b627-393f33755d4e
;;;Research Arxiv API and documentation;f208b773-9c8f-4657-8306-09679aafc557
;;;Design data ingestion pipeline architecture;e377c44c-f8f6-4c11-b822-1448c4428c7d
;;;Implement API request and response handling;0f0da68d-a9a4-49ee-bf71-a4f1fd56145a
;;;Store downloaded papers in cloud storage;c8943784-a88d-4a52-aa55-3dc6cda0a8b7
;;;Test and monitor data ingestion pipeline;9bb5e24f-c518-43e9-8e7f-118bc243e078
;;Filter Relevant Arxiv Papers;;ff4e6cf5-dcae-4442-ba23-8b8d0ee94cd0
;;;Define initial filtering criteria;15ffa34d-a828-4833-8bdc-d7fc5b93ade8
;;;Test filtering criteria on sample data;13f3983f-0f9c-406e-bcc5-cba7bc364a7e
;;;Refine filtering criteria based on results;b72c1d85-bfa6-4050-8a3f-c972356c2d8b
;;;Implement automated filtering process;45452f66-c871-426d-94b8-87a6e236cee3
;;Implement Data Integrity Verification;;59e07e82-502e-484d-a9c1-53af825d1ca4
;;;Implement Checksum Calculation;9d6ae1eb-bfbc-44e6-9fa7-3657912b446d
;;;Store Checksums in Metadata;b05aaa6b-dd2c-4585-b66a-89edd4806753
;;;Verify Checksums After Download;e9356cdc-56b5-4c97-a8c7-fc27bce4a142
;;;Handle Checksum Mismatches;b7a1ec04-cc8a-4bdd-a424-654dfb5192ea
;;Implement Privacy Protection Measures;;40ddc1c4-4e9e-42c4-87ff-c001fab337a2
;;;Identify PII Types in Arxiv Papers;94d15f7b-612b-49f0-8b07-73c1b29e28a5
;;;Implement Redaction Techniques;b3cf53f3-06c8-4f9c-931c-088e00e34503
;;;Apply Pseudonymization Techniques;e1f11ab3-6f95-4739-a894-4d20194c6fb0
;;;Verify Anonymization Effectiveness;5bda5093-d482-4273-a32b-fe9393596462
;Summary Distillation and Analysis;;;040b1fea-4706-4aaf-bed3-6ee29760fadc
;;Define Objective Summary Template;;cd236d49-c856-45f7-86fa-d13e7ace61c0
;;;Research existing summary templates;0ca490c4-1ddb-456b-9f92-eee030060a93
;;;Identify key elements for objective summaries;026a5d4a-3eb9-4585-981c-848522e5ff6e
;;;Design initial summary template draft;3ce06c92-7a4e-42d8-ad84-351035d550eb
;;;Review and refine template with stakeholders;59d9176f-cff1-4b5e-bd7f-38faf6d4ac26
;;;Test template on sample Arxiv papers;ffdf26c5-9a58-49ad-921e-bd6db8e49934
;;Implement Benchmarking Comparison Algorithm;;62a72982-587e-4414-809d-2f4a25899931
;;;Identify relevant benchmarking datasets;60d95ed5-a1e2-4935-8fe5-554aa63c07d9
;;;Implement comparison algorithm logic;76203e56-1956-4b56-a081-d79d9469612f
;;;Optimize algorithm for performance;49c792ea-8a84-4054-9ef0-d8641cf96053
;;;Test and validate comparison algorithm;818ff685-2ed8-4b58-a240-40c7a5ded03c
;;Distill Arxiv Papers into Summaries;;d35d8ae0-59c5-41e8-bc95-51d244bcd50d
;;;Identify Key Improvements in Papers;cbb86803-b997-40fb-b4a2-62dd0e1465c3
;;;Extract Relevant Data and Metrics;82ba52e8-3e91-436f-857b-b8354e8ef090
;;;Write Objective Summary of Improvements;34f35b6a-9ff9-474d-b136-33978afa93fc
;;;Review Summary for Accuracy and Objectivity;8aad094d-d64f-4a1a-ba49-dce96b0a6883
;;Implement Bias Detection in Summaries;;7be41ff3-7a55-48b8-8ab3-745fccb8d661
;;;Select Bias Detection Tool;48eaef6a-41b4-4814-8296-e7085786acf3
;;;Configure Bias Detection Tool;ea8de585-d6d3-45c6-90f4-805b564a65bb
;;;Analyze Summaries for Bias;91120105-dffd-4539-bcae-88798478d7a0
;;;Review and Mitigate Detected Biases;efab92b6-fe83-4e05-b1cf-86ed477fbbcb
;;;Validate Bias Mitigation Effectiveness;8e9283ad-c9c4-407f-9331-7bcfaba2526b
;Dataset Publication and Documentation;;;d46092a5-88b0-453d-b01b-b92a907621ea
;;Establish Open-Access Dataset Publication;;a96eb94e-cde2-4233-ad2a-c9c509b800f1
;;;Research Platform API Requirements;4d0a11e7-c1c7-49a2-9d41-f0b02a9678df
;;;Develop Data Formatting Script;4a6a9ff2-fe60-45aa-bd6b-00add52e1e65
;;;Implement API Integration;1690d97e-8b0b-440a-a40c-93c9f7fd1f1c
;;;Test Data Submission;4a981162-3d47-4d27-b769-239ade597957
;;;Secure API Credentials;6570e870-9cde-4306-a941-218f66949b85
;;Verify Data Provenance;;38818ea8-2c0c-4408-aab1-28caba33713a
;;;Identify Key Provenance Metadata Fields;dc433f4f-4c84-452e-b887-5910fd66decc
;;;Implement Provenance Tracking System;5be7ec21-4fd5-482b-8d91-cf633d2bfb30
;;;Link Summaries to Original Arxiv Papers;fb3d4399-9cd4-496f-b67d-5014cb31a5d3
;;;Document Data Transformation Steps;bc87003e-0b37-4964-8d51-6e13e516b745
;;Establish Clear Disclaimer Policy;;66e32ef6-0a6c-4cc4-8741-a8eb90f1eae4
;;;Research existing disclaimer policies;1cffaa54-8e9a-4d38-b478-c83e971be6ee
;;;Draft initial disclaimer policy;83d7b5ba-d4b1-40f9-b090-da11f2923591
;;;Review and revise disclaimer policy;06437152-94ef-4e86-b1ee-868def5a3b5e
;;;Finalize and publish disclaimer policy;a8f78f3c-ef55-424a-b714-8a3eb17fb8b1
;;Create Dataset Documentation;;c93b90b2-a3ce-4bc7-aa05-fa50dea38383
;;;Define Documentation Requirements;2982584d-0d67-4b77-8e30-0b90172bbf4d
;;;Select Documentation Tools;362fedbc-a2ad-4261-8131-a47969e63826
;;;Write Documentation Content;5f599b9c-9876-4a26-bcfb-992c4ad3a704
;;;Review and Revise Documentation;7a442421-2e8a-440a-9887-fdaf4d34493b