[
  {
    "id": "0b668e86-e863-402d-9f12-c634e0b2adc3",
    "major_phase_title": "Project Initiation & Planning",
    "subtasks": [
      {
        "id": "ed482a66-6b89-477f-bebf-3914787dd0e3",
        "description": "Define Project Scope and Objectives"
      },
      {
        "id": "66a828b9-20b0-40e3-bc6d-abab076063f9",
        "description": "Develop Project Management Plan"
      },
      {
        "id": "516b9b80-aad5-401b-9d44-846b776bb85e",
        "description": "Establish Governance Structure"
      },
      {
        "id": "1a62ff1f-6dcc-4c29-a7f4-2384c41a2d13",
        "description": "Conduct Stakeholder Analysis"
      },
      {
        "id": "ac4afe3c-3977-4c2a-afe8-3acd58973910",
        "description": "Perform Risk Assessment"
      }
    ]
  },
  {
    "id": "f6e89db5-434d-45f2-b468-e1482701c35a",
    "major_phase_title": "Funding & Legal Establishment",
    "subtasks": [
      {
        "id": "38d62555-07a5-4e07-a9fc-e7b1cfd62147",
        "description": "Secure Initial Funding Commitments"
      },
      {
        "id": "3cc3841e-743e-4bcb-b8b9-19d2b52b18f6",
        "description": "Establish Legal Entity in Switzerland"
      },
      {
        "id": "89d79b76-e952-4783-a58f-21255f7c218b",
        "description": "Negotiate ISO Linkage Agreement"
      },
      {
        "id": "3def767f-7b7b-4348-9c2e-0c7781cc223b",
        "description": "Develop Funding Diversification Strategy"
      }
    ]
  },
  {
    "id": "e33382a3-06d9-4f89-88f8-0050f517eb81",
    "major_phase_title": "Team Recruitment & Setup",
    "subtasks": [
      {
        "id": "6a44fec0-8beb-4cec-bb3b-5e52b5efc20d",
        "description": "Recruit Core Team Members"
      },
      {
        "id": "78307770-cc86-48e4-8839-da744330a32c",
        "description": "Establish Geneva Office"
      },
      {
        "id": "4d54a6a9-5c37-43d0-a925-66171f698b95",
        "description": "Procure IT Infrastructure and Tools"
      }
    ]
  },
  {
    "id": "feb580ed-907e-4775-b7b8-4ac7affd862c",
    "major_phase_title": "Research Roadmap Development",
    "subtasks": [
      {
        "id": "44e459de-26ea-4899-bf76-54bf152d4f9b",
        "description": "Define AI Sentience Metrics"
      },
      {
        "id": "f679dc8b-a320-4595-9bf5-3a7bdd61dac5",
        "description": "Develop Risk Assessment Tools"
      },
      {
        "id": "afaa11c0-d1dc-470f-8d6e-051260b1a600",
        "description": "Publish First Global Research Roadmap"
      },
      {
        "id": "93d85a03-01e3-4073-810b-04d83edd34e8",
        "description": "AI Sentience Metrics Development Roadmap"
      },
      {
        "id": "950ab79d-be2a-43bb-bdc7-c5762658ce9d",
        "description": "Ethical Red Teaming Program Development"
      }
    ]
  },
  {
    "id": "86709ca5-accc-4244-961d-958f7f3f5ccd",
    "major_phase_title": "Standard Development & Global Engagement",
    "subtasks": [
      {
        "id": "8af4c8f6-e2c0-4221-9e26-a4178b4ece51",
        "description": "Define AI Welfare Standards"
      },
      {
        "id": "9c676d46-5bb9-4ae6-b8dc-0819b6873e02",
        "description": "Develop Ethical Guidelines"
      },
      {
        "id": "20a419c2-c233-40d2-9810-48e004513af2",
        "description": "Propose International Regulations"
      },
      {
        "id": "88c373ab-ad9c-4fe2-a26d-722d80843ee2",
        "description": "Geopolitical and Cultural Risk Assessment"
      },
      {
        "id": "9750b693-647f-4085-a2cb-112f332d3f4b",
        "description": "Adoption Incentive Strategy Refinement"
      }
    ]
  }
]