Level 1;Level 2;Level 3;Level 4;Task ID
AI Welfare;;;;dfd63eb2-1d46-4beb-afb3-05d380ff846a
;Project Initiation & Planning;;;0b668e86-e863-402d-9f12-c634e0b2adc3
;;Define Project Scope and Objectives;;ed482a66-6b89-477f-bebf-3914787dd0e3
;;;Gather Project Requirements from Stakeholders;623baae9-c71f-4a67-a0b3-6e57462a66aa
;;;Define Project Scope Boundaries;1afdbf1d-3b4a-4bac-bd9f-7b1dc0bf1565
;;;Establish Measurable Project Objectives;dd10c15e-7e54-4241-8ff4-839190e3a2db
;;;Document Assumptions and Constraints;2d56e52d-0f83-40e0-97c0-8b22ff84008a
;;Develop Project Management Plan;;66a828b9-20b0-40e3-bc6d-abab076063f9
;;;Define Project Management Methodology;75ecd9d3-ffc6-4d0b-9c43-847072a347bc
;;;Create Detailed Project Schedule;2a37a611-f5c0-4de0-a0ce-657b31089466
;;;Develop Resource Management Plan;2c3afa15-2fdf-46e1-8b42-545f98d2f0d6
;;;Establish Communication Plan;03b2e92b-f60a-458b-b8fe-f780d2485063
;;;Define Change Management Process;2105e668-de53-4ab6-907e-5309eaf7baf5
;;Establish Governance Structure;;516b9b80-aad5-401b-9d44-846b776bb85e
;;;Identify Key Decision-Makers;1ea08b08-2883-4218-a34f-a72c080fa461
;;;Define Governance Roles & Responsibilities;a72a0890-fe23-4680-a1cf-20788ad601a0
;;;Establish Decision-Making Processes;0a52444b-2946-4f37-a607-52dbc1fa6f7f
;;;Document Governance Framework;fd10a335-1c1b-46aa-b75d-1b2c035ea249
;;;Communicate Governance Structure;08f72de2-1d07-4a07-bd13-1140a37e7d73
;;Conduct Stakeholder Analysis;;1a62ff1f-6dcc-4c29-a7f4-2384c41a2d13
;;;Identify Key Stakeholder Groups;b1ca1ab6-d659-45cf-bb88-541fdda03f9f
;;;Assess Stakeholder Interests and Influence;68e5d5bc-7a19-450a-bdbd-99c0a428172e
;;;Develop Stakeholder Engagement Plan;ee039c22-72e4-440f-bf27-7210c7065d80
;;;Prioritize Stakeholder Engagement Activities;89d4958e-1b09-426b-9da3-42b3aaa3be18
;;Perform Risk Assessment;;ac4afe3c-3977-4c2a-afe8-3acd58973910
;;;Identify Potential Risks;f5539caa-6027-4e1b-aa8e-b72f4ac16460
;;;Assess Risk Probability and Impact;23d0adf3-aa72-46e0-a36c-45ba5da22c9e
;;;Develop Mitigation Strategies;1fa01a8c-9347-4af6-ba09-378a2b904b5a
;;;Document Risk Assessment Results;9168dbf2-dcb6-4ef1-b655-8e2bbd4cbe20
;;;Review and Update Risk Assessment;f9405557-6f9d-4827-b5aa-c1d3a6e44fdb
;Funding & Legal Establishment;;;f6e89db5-434d-45f2-b468-e1482701c35a
;;Secure Initial Funding Commitments;;38d62555-07a5-4e07-a9fc-e7b1cfd62147
;;;Identify Potential Funding Sources;4459435d-9e38-40e3-83d6-272373356f42
;;;Develop Funding Proposals;280967cb-e645-4d07-b6dd-b9b8962fd0b1
;;;Engage with Potential Funders;ce7412c5-8a47-4568-b2ba-0b33e5b31474
;;;Negotiate Funding Agreements;b1e665df-aa56-400f-85c1-7f12068bd2f8
;;;Secure Formal Commitments;02e02b66-311b-4a44-ae0c-e90166de8e58
;;Establish Legal Entity in Switzerland;;3cc3841e-743e-4bcb-b8b9-19d2b52b18f6
;;;Research Swiss legal entity options;5e5e7da4-834c-4ca6-a1cf-a25762d7f6ae
;;;Prepare required registration documents;bfb2466f-2a1f-48f5-9575-a23ae657b315
;;;Submit registration application;415ca792-18c5-425c-8dd0-143f901eee34
;;;Obtain necessary permits and licenses;fa0de3c4-f51a-4651-9184-1b0bc7a89c43
;;Negotiate ISO Linkage Agreement;;89d79b76-e952-4783-a58f-21255f7c218b
;;;Define ISO linkage objectives and scope;3b3c3c77-8cf3-40cf-a2c4-f24eb5a55698
;;;Draft initial linkage agreement proposal;430029c8-64fb-46ed-8b27-4ceb55a1f92c
;;;Internal review of agreement proposal;c0690cff-9e68-46ab-b498-6d2f3224a43b
;;;Negotiate agreement terms with ISO;06ca5df4-1ef6-48ff-8d91-c1559297812d
;;;Finalize and execute linkage agreement;f6140d3a-e7e1-41e2-a82b-4b91ea9da88c
;;Develop Funding Diversification Strategy;;3def767f-7b7b-4348-9c2e-0c7781cc223b
;;;Identify Potential Funding Sources;f07f0cd7-739f-40ca-9aac-a7a79c24223f
;;;Assess Feasibility of Funding Options;d4dba355-a027-4a60-b9c9-3055e8cdf509
;;;Develop Value Propositions for Funders;a76e0c03-8ba3-4d73-bfc7-3b5233e5f5f2
;;;Create Fundraising Plan and Budget;c2319ea3-81fc-4ac4-8018-0936b782ac80
;;;Establish Donor Relationship Management System;24d1dbb4-e0f3-42e2-b507-d09be1901d17
;Team Recruitment & Setup;;;e33382a3-06d9-4f89-88f8-0050f517eb81
;;Recruit Core Team Members;;6a44fec0-8beb-4cec-bb3b-5e52b5efc20d
;;;Define Core Team Roles and Responsibilities;bd3a5115-56b6-4409-8f90-5babeb1d50d1
;;;Develop Recruitment Strategy and Channels;9b49623a-3578-4313-8f66-cf3bf8aca393
;;;Conduct Initial Candidate Screening and Interviews;45dc28b1-3e34-4b0f-bb50-054551889a40
;;;Perform In-Depth Candidate Assessments;80395720-fc1a-44d9-8dfd-4bd206aad21f
;;;Extend Offers and Onboard New Team Members;19c89d58-7bc2-4a97-a96a-2f20f85afc4a
;;Establish Geneva Office;;78307770-cc86-48e4-8839-da744330a32c
;;;Identify potential office spaces in Geneva;7542345a-8528-4124-bbbe-1c4941bf3e30
;;;Negotiate lease terms and conditions;4c5d517e-7aae-492d-bf9d-9abd215a4d14
;;;Obtain necessary permits and approvals;b280447e-45fe-4152-8efe-c08d44d6ad19
;;;Oversee office build-out and renovations;e9b7069f-222d-4309-b41e-98cb21b31ff5
;;;Set up utilities and services;b5fc93f8-ce64-4130-b4a2-f63539b0f57a
;;Procure IT Infrastructure and Tools;;4d54a6a9-5c37-43d0-a925-66171f698b95
;;;Assess Infrastructure Needs;51d5cb7e-c7d0-4cad-9b23-ecc528ef5b30
;;;Evaluate Cloud vs. On-Premise Solutions;99170863-63eb-460d-b3b9-bdd565b5f845
;;;Select Hardware and Software Vendors;4ec2e39e-ac7e-45f6-962e-be2143726f08
;;;Configure and Deploy IT Systems;e9eced3a-5d9a-46e6-89b6-0f70f2f85b24
;;;Establish Security Protocols;dc85084b-72d5-4b6d-91cf-f7818216f650
;Research Roadmap Development;;;feb580ed-907e-4775-b7b8-4ac7affd862c
;;Define AI Sentience Metrics;;44e459de-26ea-4899-bf76-54bf152d4f9b
;;;Identify Key Sentience Indicators;5f1ce7ed-77cb-488a-ad11-e10acb77c22f
;;;Develop Quantifiable Metrics;161f6ce3-da70-4d25-9e1b-d93f139f8784
;;;Validate Metrics with AI Systems;f9e87f34-3e2f-4590-a6c9-ea92b033362b
;;;Address Bias and Fairness;5910e539-603c-42cf-af7d-81303fc51137
;;Develop Risk Assessment Tools;;f679dc8b-a320-4595-9bf5-3a7bdd61dac5
;;;Identify AI Vulnerability Types;fc0e9f72-6681-4ac5-8c23-3277516c3a48
;;;Develop Simulation Environments;c40145c4-19ff-46c3-8927-5ec832d2e22e
;;;Design Risk Assessment Scenarios;366ab8f6-fedd-413d-94d5-fb2f1b3c1f09
;;;Evaluate Existing Risk Assessment Tools;14855320-3c72-4221-a9e0-277bf815c5b2
;;;Create Custom Risk Assessment Tools;1cd70b88-698f-42d5-b105-a503d6a3abf6
;;Publish First Global Research Roadmap;;afaa11c0-d1dc-470f-8d6e-051260b1a600
;;;Synthesize Research Findings and Insights;ec66c364-4a9d-49e5-a0b2-49e067382601
;;;Prioritize Research Areas and Objectives;b4140fd4-1d16-4d58-98be-865c65e79b27
;;;Outline Roadmap Structure and Content;8b0cde5e-db4e-436c-a2ac-06ee32b0576e
;;;Draft and Review Roadmap Sections;b648a8ca-7fdf-4965-be3c-0fd1c45594d3
;;;Finalize and Publish Research Roadmap;d0e5577f-22ab-41c0-b076-891344f1059e
;;AI Sentience Metrics Development Roadmap;;93d85a03-01e3-4073-810b-04d83edd34e8
;;;Identify Key Sentience Metrics Dimensions;623727f0-0d53-4b6f-a92e-43521e2af9ab
;;;Develop Candidate Metric Measurement Techniques;1a8ec9dd-65f3-43a0-b92a-5d9da0de0998
;;;Pilot Test Metrics on Diverse AI Systems;213e0063-8e61-4aae-a7ef-e62236caa7e4
;;;Analyze and Refine Metrics Based on Results;8b7d7841-3646-467a-af57-2828c4582d02
;;;Document and Publish Metric Development Process;8d573ee2-822d-413d-be3e-fea4a79c009f
;;Ethical Red Teaming Program Development;;950ab79d-be2a-43bb-bdc7-c5762658ce9d
;;;Define Red Teaming Scope and Objectives;b28e83da-df96-4583-9b65-080a0d8c1fb3
;;;Recruit and Train Red Team Members;ea9ffe57-4c25-4688-ba81-78ec0b70f1e2
;;;Develop Red Teaming Scenarios;deda011a-052a-45ea-b5ea-8595af2ea2fa
;;;Conduct Red Teaming Exercises;ce54a7be-3a84-4446-9fbb-12f2ff1436ba
;;;Analyze Findings and Develop Mitigation Strategies;6384c86e-56ce-4644-8c51-74f8e8d2dfed
;Standard Development & Global Engagement;;;86709ca5-accc-4244-961d-958f7f3f5ccd
;;Define AI Welfare Standards;;8af4c8f6-e2c0-4221-9e26-a4178b4ece51
;;;Research existing welfare standards;4771b6d3-6e6d-4518-b2f8-59c9383907a5
;;;Define AI welfare principles;ec84f088-591c-4cbb-99c3-efeae3b3ecca
;;;Develop measurable welfare metrics;373d5c57-20a4-4324-8b8f-bdfed6b5ca08
;;;Draft AI welfare standard document;b5affc82-6b46-494c-95ad-7f44a70f1eb1
;;;Pilot test and refine standards;32b3c0e2-affa-4cb1-b7ec-ef48ed2f1436
;;Develop Ethical Guidelines;;9c676d46-5bb9-4ae6-b8dc-0819b6873e02
;;;Research existing AI ethical guidelines;4162c8b9-7bb6-4f22-837c-cbe08b515355
;;;Draft initial ethical guideline framework;c6f2b35a-d5f9-4847-99d6-d4f475e1cd12
;;;Solicit stakeholder feedback on framework;4e0d5a5b-0a94-4c91-b774-7038d5b4d892
;;;Refine ethical guidelines based on feedback;0d48df92-7c68-4b46-8fe3-03414c33994c
;;;Disseminate and promote ethical guidelines;1e2d5271-9915-40c6-9a50-ea47fac457c0
;;Propose International Regulations;;20a419c2-c233-40d2-9810-48e004513af2
;;;Research existing AI regulations globally;1bb8b617-a4ef-4def-8420-b9fc9462711f
;;;Draft initial regulatory proposals;5c7d3bee-f502-4f52-9a18-362d6e2fac0b
;;;Engage with international bodies;9c3009f1-0ad3-483a-ad6b-fa2275189e8b
;;;Address stakeholder concerns and feedback;f40f7aae-960e-4550-956b-eec916f87554
;;Geopolitical and Cultural Risk Assessment;;88c373ab-ad9c-4fe2-a26d-722d80843ee2
;;;Identify Key Geopolitical Risk Factors;7c78f142-4779-40fa-bc05-b7d0b83028e3
;;;Assess Cultural Perspectives on AI Ethics;5a4222ef-a15c-4730-ac5f-f286d7d3fe11
;;;Develop Tailored Engagement Strategies;253fcad4-bc5f-4511-b0b4-5039b8cd53ff
;;;Establish Partnerships with Local Organizations;adf67f2e-6aff-4fe9-91b4-31da66ef50e9
;;;Create Adaptable Standard Process;073439c7-b4ea-479d-bf58-ae2806478bba
;;Adoption Incentive Strategy Refinement;;9750b693-647f-4085-a2cb-112f332d3f4b
;;;Identify Stakeholder Needs and Motivations;268fefad-0b69-4604-bd5f-0c2499f38d33
;;;Analyze Current Incentive Programs;7fc2c583-0d5d-4b93-a0b9-92e1adea8cf7
;;;Design Tailored Incentive Strategies;79cdc418-dda1-4646-8596-a927740a232f
;;;Model Adoption Scenarios;c7024cf6-2156-4937-8d59-4973f8c14e31
;;;Validate Incentive Strategy with Stakeholders;7224a3ab-20df-4de9-8c59-9fc4833298da