project_key,project_name,project_description,project_start_date,project_end_date,project_progress,project_parent,originating_department
dfd63eb2-1d46-4beb-afb3-05d380ff846a,AI Welfare,"AI Welfare

Final deliverable:
Commission Established",11/18/2025,9/14/2030,0,,PlanExe
0b668e86-e863-402d-9f12-c634e0b2adc3,Project Initiation & Planning,,11/18/2025,1/3/2026,0,dfd63eb2-1d46-4beb-afb3-05d380ff846a,PlanExe
ed482a66-6b89-477f-bebf-3914787dd0e3,Define Project Scope and Objectives,,11/18/2025,11/26/2025,0,0b668e86-e863-402d-9f12-c634e0b2adc3,PlanExe
623baae9-c71f-4a67-a0b3-6e57462a66aa,Gather Project Requirements from Stakeholders,"Gather Project Requirements from Stakeholders

Description:
Collect detailed requirements from all relevant stakeholders through interviews, surveys, and workshops to ensure a comprehensive understanding of their needs and expectations. Objective: Obtain a complete set of project requirements. Scope: All stakeholders. Steps: Conduct interviews, distribute surveys, host workshops. Deliverables: Documented requirements.

Resources needed:
• Project Manager
• Business Analyst
• Stakeholders",11/18/2025,11/20/2025,0,ed482a66-6b89-477f-bebf-3914787dd0e3,PlanExe
1afdbf1d-3b4a-4bac-bd9f-7b1dc0bf1565,Define Project Scope Boundaries,"Define Project Scope Boundaries

Description:
Clearly define the boundaries of the project, including what is included and excluded, to prevent scope creep and ensure that the project remains focused on its core objectives. Objective: Establish clear project boundaries. Scope: Project deliverables and exclusions. Steps: Review requirements, define inclusions/exclusions, document scope. Deliverables: Scope document.

Resources needed:
• Project Manager
• Technical Lead
• Stakeholders",11/20/2025,11/22/2025,0,623baae9-c71f-4a67-a0b3-6e57462a66aa,PlanExe
dd10c15e-7e54-4241-8ff4-839190e3a2db,Establish Measurable Project Objectives,"Establish Measurable Project Objectives

Description:
Define specific, measurable, achievable, relevant, and time-bound (SMART) objectives for the project to provide a clear roadmap for success and enable effective progress tracking. Objective: Define SMART project objectives. Scope: Project goals and success criteria. Steps: Define objectives, establish metrics, set targets. Deliverables: SMART objectives document.

Resources needed:
• Project Manager
• Stakeholders
• Subject Matter Experts",11/22/2025,11/24/2025,0,1afdbf1d-3b4a-4bac-bd9f-7b1dc0bf1565,PlanExe
2d56e52d-0f83-40e0-97c0-8b22ff84008a,Document Assumptions and Constraints,"Document Assumptions and Constraints

Description:
Identify and document all assumptions and constraints that may impact the project, such as resource availability, budget limitations, and technical dependencies, to proactively address potential risks and challenges. Objective: Identify and document project assumptions and constraints. Scope: All potential limitations and dependencies. Steps: Brainstorm assumptions, identify constraints, document findings. Deliverables: Assumptions and constraints log.

Resources needed:
• Project Manager
• Technical Lead
• Financial Analyst",11/24/2025,11/26/2025,0,ed482a66-6b89-477f-bebf-3914787dd0e3,PlanExe
66a828b9-20b0-40e3-bc6d-abab076063f9,Develop Project Management Plan,,11/26/2025,12/6/2025,0,ed482a66-6b89-477f-bebf-3914787dd0e3,PlanExe
75ecd9d3-ffc6-4d0b-9c43-847072a347bc,Define Project Management Methodology,"Define Project Management Methodology

Description:
Select and document the project management methodology (e.g., Agile, Waterfall, hybrid) to be used for the project. This includes defining processes, templates, and tools.

Resources needed:
• Project Manager
• Senior Management
• PMO (if applicable)",11/26/2025,11/28/2025,0,66a828b9-20b0-40e3-bc6d-abab076063f9,PlanExe
2a37a611-f5c0-4de0-a0ce-657b31089466,Create Detailed Project Schedule,"Create Detailed Project Schedule

Description:
Develop a comprehensive project schedule outlining all tasks, dependencies, milestones, and timelines. Use project management software to visualize and manage the schedule.

Resources needed:
• Project Manager
• Team Leads
• Project Management Software",11/28/2025,11/30/2025,0,75ecd9d3-ffc6-4d0b-9c43-847072a347bc,PlanExe
2c3afa15-2fdf-46e1-8b42-545f98d2f0d6,Develop Resource Management Plan,"Develop Resource Management Plan

Description:
Identify and allocate resources (personnel, equipment, budget) required for each task. Create a resource management plan to ensure resources are available when needed.

Resources needed:
• Project Manager
• Resource Managers
• Finance Department",11/30/2025,12/2/2025,0,2a37a611-f5c0-4de0-a0ce-657b31089466,PlanExe
03b2e92b-f60a-458b-b8fe-f780d2485063,Establish Communication Plan,"Establish Communication Plan

Description:
Define communication channels, frequency, and stakeholders for project updates and reporting. Create a communication plan to ensure effective information flow.

Resources needed:
• Project Manager
• Communication Specialist
• Stakeholders",12/2/2025,12/4/2025,0,2c3afa15-2fdf-46e1-8b42-545f98d2f0d6,PlanExe
2105e668-de53-4ab6-907e-5309eaf7baf5,Define Change Management Process,"Define Change Management Process

Description:
Establish a process for managing changes to the project scope, schedule, or budget. This includes defining roles, responsibilities, and approval workflows.

Resources needed:
• Project Manager
• Change Control Board
• Stakeholders",12/4/2025,12/6/2025,0,66a828b9-20b0-40e3-bc6d-abab076063f9,PlanExe
516b9b80-aad5-401b-9d44-846b776bb85e,Establish Governance Structure,,12/6/2025,12/16/2025,0,66a828b9-20b0-40e3-bc6d-abab076063f9,PlanExe
1ea08b08-2883-4218-a34f-a72c080fa461,Identify Key Decision-Makers,"Identify Key Decision-Makers

Description:
Identify individuals and committees responsible for governance decisions.

Resources needed:
• Project Manager
• Legal Counsel
• Stakeholder Representatives",12/6/2025,12/8/2025,0,516b9b80-aad5-401b-9d44-846b776bb85e,PlanExe
a72a0890-fe23-4680-a1cf-20788ad601a0,Define Governance Roles & Responsibilities,"Define Governance Roles & Responsibilities

Description:
Clearly define the roles, responsibilities, and authority of each governance body.

Resources needed:
• Project Manager
• Legal Counsel
• Governance Experts",12/8/2025,12/10/2025,0,1ea08b08-2883-4218-a34f-a72c080fa461,PlanExe
0a52444b-2946-4f37-a607-52dbc1fa6f7f,Establish Decision-Making Processes,"Establish Decision-Making Processes

Description:
Outline the procedures for making decisions, including voting rights and conflict resolution.

Resources needed:
• Project Manager
• Governance Experts
• Stakeholder Representatives",12/10/2025,12/12/2025,0,a72a0890-fe23-4680-a1cf-20788ad601a0,PlanExe
fd10a335-1c1b-46aa-b75d-1b2c035ea249,Document Governance Framework,"Document Governance Framework

Description:
Create a formal document outlining the governance structure, roles, and processes.

Resources needed:
• Project Manager
• Legal Counsel
• Technical Writer",12/12/2025,12/14/2025,0,0a52444b-2946-4f37-a607-52dbc1fa6f7f,PlanExe
08f72de2-1d07-4a07-bd13-1140a37e7d73,Communicate Governance Structure,"Communicate Governance Structure

Description:
Inform all stakeholders about the established governance structure and processes.

Resources needed:
• Project Manager
• Communication Specialist
• Stakeholder Representatives",12/14/2025,12/16/2025,0,516b9b80-aad5-401b-9d44-846b776bb85e,PlanExe
1a62ff1f-6dcc-4c29-a7f4-2384c41a2d13,Conduct Stakeholder Analysis,,12/16/2025,12/24/2025,0,516b9b80-aad5-401b-9d44-846b776bb85e,PlanExe
b1ca1ab6-d659-45cf-bb88-541fdda03f9f,Identify Key Stakeholder Groups,"Identify Key Stakeholder Groups

Description:
Identify all relevant stakeholder groups, including AI researchers, ethicists, legal experts, policymakers, the general public, and AI developers. Determine their level of involvement and potential impact on the project.

Resources needed:
• Project Manager
• Communication Specialist
• Research Analyst",12/16/2025,12/18/2025,0,1a62ff1f-6dcc-4c29-a7f4-2384c41a2d13,PlanExe
68e5d5bc-7a19-450a-bdbd-99c0a428172e,Assess Stakeholder Interests and Influence,"Assess Stakeholder Interests and Influence

Description:
Analyze the interests, needs, and concerns of each stakeholder group. Evaluate their level of influence on the project's success and potential impact on its outcomes.

Resources needed:
• Project Manager
• Research Analyst
• Subject Matter Experts",12/18/2025,12/20/2025,0,b1ca1ab6-d659-45cf-bb88-541fdda03f9f,PlanExe
ee039c22-72e4-440f-bf27-7210c7065d80,Develop Stakeholder Engagement Plan,"Develop Stakeholder Engagement Plan

Description:
Create a comprehensive stakeholder engagement plan that outlines strategies for communicating with, involving, and managing each stakeholder group throughout the project lifecycle. Define communication channels, frequency, and key messages.

Resources needed:
• Project Manager
• Communication Specialist
• Stakeholder Engagement Expert",12/20/2025,12/22/2025,0,68e5d5bc-7a19-450a-bdbd-99c0a428172e,PlanExe
89d4958e-1b09-426b-9da3-42b3aaa3be18,Prioritize Stakeholder Engagement Activities,"Prioritize Stakeholder Engagement Activities

Description:
Prioritize stakeholder engagement activities based on the level of influence and impact of each stakeholder group. Allocate resources and time accordingly to ensure effective engagement with key stakeholders.

Resources needed:
• Project Manager
• Stakeholder Engagement Expert",12/22/2025,12/24/2025,0,1a62ff1f-6dcc-4c29-a7f4-2384c41a2d13,PlanExe
ac4afe3c-3977-4c2a-afe8-3acd58973910,Perform Risk Assessment,,12/24/2025,1/3/2026,0,0b668e86-e863-402d-9f12-c634e0b2adc3,PlanExe
f5539caa-6027-4e1b-aa8e-b72f4ac16460,Identify Potential Risks,"Identify Potential Risks

Description:
Identify all potential risks that could impact the project, including technical, financial, and operational risks. This involves brainstorming sessions, reviewing historical data, and consulting with experts.

Resources needed:
• Project Manager
• Risk Management Specialist
• Subject Matter Experts",12/24/2025,12/26/2025,0,ac4afe3c-3977-4c2a-afe8-3acd58973910,PlanExe
23d0adf3-aa72-46e0-a36c-45ba5da22c9e,Assess Risk Probability and Impact,"Assess Risk Probability and Impact

Description:
Evaluate the likelihood of each identified risk occurring and the potential impact on the project's timeline, budget, and objectives. Use qualitative and quantitative methods to assess risk severity.

Resources needed:
• Project Manager
• Risk Management Specialist
• Data Analyst",12/26/2025,12/28/2025,0,f5539caa-6027-4e1b-aa8e-b72f4ac16460,PlanExe
1fa01a8c-9347-4af6-ba09-378a2b904b5a,Develop Mitigation Strategies,"Develop Mitigation Strategies

Description:
Create detailed mitigation plans for each identified risk, outlining specific actions to reduce the probability or impact of the risk. Assign responsibility for implementing each mitigation plan.

Resources needed:
• Project Manager
• Risk Management Specialist
• Subject Matter Experts",12/28/2025,12/30/2025,0,23d0adf3-aa72-46e0-a36c-45ba5da22c9e,PlanExe
9168dbf2-dcb6-4ef1-b655-8e2bbd4cbe20,Document Risk Assessment Results,"Document Risk Assessment Results

Description:
Compile all risk assessment findings, including identified risks, probability and impact assessments, and mitigation plans, into a comprehensive risk register. Ensure the risk register is easily accessible to all project stakeholders.

Resources needed:
• Project Manager
• Risk Management Specialist
• Documentation Specialist",12/30/2025,1/1/2026,0,1fa01a8c-9347-4af6-ba09-378a2b904b5a,PlanExe
f9405557-6f9d-4827-b5aa-c1d3a6e44fdb,Review and Update Risk Assessment,"Review and Update Risk Assessment

Description:
Regularly review and update the risk assessment throughout the project lifecycle to identify new risks, reassess existing risks, and track the effectiveness of mitigation plans. Adjust mitigation strategies as needed.

Resources needed:
• Project Manager
• Risk Management Specialist
• Project Team",1/1/2026,1/3/2026,0,ac4afe3c-3977-4c2a-afe8-3acd58973910,PlanExe
f6e89db5-434d-45f2-b468-e1482701c35a,Funding & Legal Establishment,,1/3/2026,3/31/2027,0,0b668e86-e863-402d-9f12-c634e0b2adc3,PlanExe
38d62555-07a5-4e07-a9fc-e7b1cfd62147,Secure Initial Funding Commitments,,1/3/2026,7/2/2026,0,f6e89db5-434d-45f2-b468-e1482701c35a,PlanExe
4459435d-9e38-40e3-83d6-272373356f42,Identify Potential Funding Sources (1),"Identify Potential Funding Sources

Description:
Research and identify potential funding sources, including philanthropic organizations, government agencies, and private sector companies. This involves creating a database of potential funders and their funding priorities.

Resources needed:
• Fundraising Team
• Research Analyst",1/3/2026,2/8/2026,0,38d62555-07a5-4e07-a9fc-e7b1cfd62147,PlanExe
280967cb-e645-4d07-b6dd-b9b8962fd0b1,Develop Funding Proposals,"Develop Funding Proposals

Description:
Create compelling funding proposals tailored to each potential funding source. This includes outlining the project's goals, objectives, budget, and impact, as well as addressing the specific interests and priorities of each funder.

Resources needed:
• Fundraising Team
• Grant Writer
• Project Manager",2/8/2026,3/16/2026,0,4459435d-9e38-40e3-83d6-272373356f42,PlanExe
ce7412c5-8a47-4568-b2ba-0b33e5b31474,Engage with Potential Funders,"Engage with Potential Funders

Description:
Establish communication channels with potential funders and cultivate relationships. This involves scheduling meetings, presenting proposals, answering questions, and addressing any concerns.

Resources needed:
• Fundraising Team
• Project Manager
• Communication Specialist",3/16/2026,4/21/2026,0,280967cb-e645-4d07-b6dd-b9b8962fd0b1,PlanExe
b1e665df-aa56-400f-85c1-7f12068bd2f8,Negotiate Funding Agreements,"Negotiate Funding Agreements

Description:
Negotiate the terms and conditions of funding agreements with selected funders. This includes defining the scope of work, payment schedules, reporting requirements, and intellectual property rights.

Resources needed:
• Legal Counsel
• Fundraising Team
• Project Manager",4/21/2026,5/27/2026,0,ce7412c5-8a47-4568-b2ba-0b33e5b31474,PlanExe
02e02b66-311b-4a44-ae0c-e90166de8e58,Secure Formal Commitments,"Secure Formal Commitments

Description:
Obtain formal funding commitments from selected funders, including signed agreements and confirmed payment schedules. This involves coordinating with legal counsel and finance teams to ensure that all agreements are legally binding and financially sound.

Resources needed:
• Legal Counsel
• Finance Team
• Fundraising Team",5/27/2026,7/2/2026,0,38d62555-07a5-4e07-a9fc-e7b1cfd62147,PlanExe
3cc3841e-743e-4bcb-b8b9-19d2b52b18f6,Establish Legal Entity in Switzerland,,7/2/2026,10/2/2026,0,38d62555-07a5-4e07-a9fc-e7b1cfd62147,PlanExe
5e5e7da4-834c-4ca6-a1cf-a25762d7f6ae,Research Swiss legal entity options,"Research Swiss legal entity options

Description:
Objective: Identify the most suitable legal structure for the Commission in Switzerland (e.g., association, foundation). Scope: Research different legal entity types, their requirements, and implications for taxation and governance. Steps: Consult with legal experts, review relevant Swiss laws, and compare different entity structures. Deliverables: A report outlining the pros and cons of each legal entity option.

Resources needed:
• Legal counsel specializing in Swiss law
• Project manager
• Researcher",7/2/2026,7/25/2026,0,3cc3841e-743e-4bcb-b8b9-19d2b52b18f6,PlanExe
bfb2466f-2a1f-48f5-9575-a23ae657b315,Prepare required registration documents,"Prepare required registration documents

Description:
Objective: Gather and prepare all necessary documentation for registering the chosen legal entity with the Swiss Commercial Registry. Scope: Collect information about the Commission's purpose, governance structure, and financial resources. Steps: Draft articles of association, prepare financial statements, and obtain necessary certifications. Deliverables: A complete set of registration documents ready for submission.

Resources needed:
• Legal counsel specializing in Swiss law
• Accountant
• Project manager
• Administrative assistant",7/25/2026,8/17/2026,0,5e5e7da4-834c-4ca6-a1cf-a25762d7f6ae,PlanExe
415ca792-18c5-425c-8dd0-143f901eee34,Submit registration application,"Submit registration application

Description:
Objective: Officially submit the registration application to the Swiss Commercial Registry. Scope: Ensure all documents are complete and accurate, and pay any required fees. Steps: Review the application package, submit it to the registry, and track its progress. Deliverables: Confirmation of application submission and a timeline for approval.

Resources needed:
• Legal counsel specializing in Swiss law
• Project manager
• Administrative assistant",8/17/2026,9/9/2026,0,bfb2466f-2a1f-48f5-9575-a23ae657b315,PlanExe
fa0de3c4-f51a-4651-9184-1b0bc7a89c43,Obtain necessary permits and licenses,"Obtain necessary permits and licenses

Description:
Objective: Secure all required permits and licenses to operate as a non-profit organization in the Geneva metro area. Scope: Identify relevant permits and licenses, prepare applications, and comply with all regulatory requirements. Steps: Consult with local authorities, submit applications, and undergo inspections. Deliverables: All necessary permits and licenses to operate legally in Geneva.

Resources needed:
• Legal counsel specializing in Swiss law
• Project manager
• Administrative assistant
• Compliance officer",9/9/2026,10/2/2026,0,3cc3841e-743e-4bcb-b8b9-19d2b52b18f6,PlanExe
89d79b76-e952-4783-a58f-21255f7c218b,Negotiate ISO Linkage Agreement,,10/2/2026,1/30/2027,0,3cc3841e-743e-4bcb-b8b9-19d2b52b18f6,PlanExe
3b3c3c77-8cf3-40cf-a2c4-f24eb5a55698,Define ISO linkage objectives and scope,"Define ISO linkage objectives and scope

Description:
Clearly define the objectives, scope, and desired outcomes of the linkage agreement with the International Organization for Standardization (ISO). This includes identifying specific areas of collaboration, defining the roles and responsibilities of each party, and establishing a framework for ongoing communication and coordination.

Resources needed:
• Legal Counsel
• Project Manager
• ISO Liaison
• AI Ethics Expert",10/2/2026,10/26/2026,0,89d79b76-e952-4783-a58f-21255f7c218b,PlanExe
430029c8-64fb-46ed-8b27-4ceb55a1f92c,Draft initial linkage agreement proposal,"Draft initial linkage agreement proposal

Description:
Develop a comprehensive draft of the linkage agreement proposal, outlining the key terms and conditions of the collaboration with ISO. This includes defining the scope of the agreement, specifying the roles and responsibilities of each party, establishing a framework for intellectual property rights, and outlining the process for dispute resolution.

Resources needed:
• Legal Counsel
• Project Manager
• ISO Liaison",10/26/2026,11/19/2026,0,3b3c3c77-8cf3-40cf-a2c4-f24eb5a55698,PlanExe
c0690cff-9e68-46ab-b498-6d2f3224a43b,Internal review of agreement proposal,"Internal review of agreement proposal

Description:
Conduct a thorough internal review of the draft linkage agreement proposal, involving key stakeholders from the Commission. This includes legal counsel, project managers, AI ethics experts, and representatives from relevant departments. The review should focus on identifying potential risks, addressing any concerns, and ensuring that the agreement aligns with the Commission's overall objectives and strategic priorities.

Resources needed:
• Legal Counsel
• Project Manager
• AI Ethics Expert
• Stakeholders",11/19/2026,12/13/2026,0,430029c8-64fb-46ed-8b27-4ceb55a1f92c,PlanExe
06ca5df4-1ef6-48ff-8d91-c1559297812d,Negotiate agreement terms with ISO,"Negotiate agreement terms with ISO

Description:
Engage in negotiations with representatives from ISO to finalize the terms and conditions of the linkage agreement. This includes addressing any concerns raised by ISO, resolving any disagreements, and ensuring that the agreement is mutually beneficial and aligned with the objectives of both organizations.

Resources needed:
• Legal Counsel
• Project Manager
• ISO Liaison",12/13/2026,1/6/2027,0,c0690cff-9e68-46ab-b498-6d2f3224a43b,PlanExe
f6140d3a-e7e1-41e2-a82b-4b91ea9da88c,Finalize and execute linkage agreement,"Finalize and execute linkage agreement

Description:
Once the terms of the linkage agreement have been agreed upon, finalize the document and obtain the necessary approvals from both the Commission and ISO. This includes ensuring that the agreement is legally sound, compliant with all relevant regulations, and properly executed by authorized representatives from both organizations.

Resources needed:
• Legal Counsel
• Project Manager
• Executive Leadership",1/6/2027,1/30/2027,0,89d79b76-e952-4783-a58f-21255f7c218b,PlanExe
3def767f-7b7b-4348-9c2e-0c7781cc223b,Develop Funding Diversification Strategy,,1/30/2027,3/31/2027,0,f6e89db5-434d-45f2-b468-e1482701c35a,PlanExe
f07f0cd7-739f-40ca-9aac-a7a79c24223f,Identify Potential Funding Sources (2),"Identify Potential Funding Sources

Description:
Research and identify diverse funding sources beyond traditional philanthropy, including government grants, corporate sponsorships, impact investing, and revenue-generating activities.

Resources needed:
• Fundraising Team
• Research Analyst",1/30/2027,2/11/2027,0,3def767f-7b7b-4348-9c2e-0c7781cc223b,PlanExe
d4dba355-a027-4a60-b9c9-3055e8cdf509,Assess Feasibility of Funding Options,"Assess Feasibility of Funding Options

Description:
Evaluate the feasibility and suitability of each identified funding source, considering factors such as eligibility criteria, application requirements, potential funding amounts, and alignment with the Commission's mission.

Resources needed:
• Fundraising Team
• Financial Analyst",2/11/2027,2/23/2027,0,f07f0cd7-739f-40ca-9aac-a7a79c24223f,PlanExe
a76e0c03-8ba3-4d73-bfc7-3b5233e5f5f2,Develop Value Propositions for Funders,"Develop Value Propositions for Funders

Description:
Craft tailored value propositions for each potential funding source, highlighting the benefits of supporting the Commission's work and addressing their specific interests and priorities.

Resources needed:
• Fundraising Team
• Communication Specialist",2/23/2027,3/7/2027,0,d4dba355-a027-4a60-b9c9-3055e8cdf509,PlanExe
c2319ea3-81fc-4ac4-8018-0936b782ac80,Create Fundraising Plan and Budget,"Create Fundraising Plan and Budget

Description:
Develop a comprehensive fundraising plan with specific targets, timelines, and strategies for securing funding from diverse sources.  Include a detailed budget for fundraising activities.

Resources needed:
• Fundraising Team
• Project Manager
• Financial Analyst",3/7/2027,3/19/2027,0,a76e0c03-8ba3-4d73-bfc7-3b5233e5f5f2,PlanExe
24d1dbb4-e0f3-42e2-b507-d09be1901d17,Establish Donor Relationship Management System,"Establish Donor Relationship Management System

Description:
Implement a system for managing relationships with potential and existing donors, including tracking interactions, sending personalized communications, and providing regular updates on the Commission's progress.

Resources needed:
• Fundraising Team
• IT Support",3/19/2027,3/31/2027,0,3def767f-7b7b-4348-9c2e-0c7781cc223b,PlanExe
e33382a3-06d9-4f89-88f8-0050f517eb81,Team Recruitment & Setup,,3/31/2027,9/27/2027,0,f6e89db5-434d-45f2-b468-e1482701c35a,PlanExe
6a44fec0-8beb-4cec-bb3b-5e52b5efc20d,Recruit Core Team Members,,3/31/2027,6/29/2027,0,e33382a3-06d9-4f89-88f8-0050f517eb81,PlanExe
bd3a5115-56b6-4409-8f90-5babeb1d50d1,Define Core Team Roles and Responsibilities,"Define Core Team Roles and Responsibilities

Description:
Clearly define the roles, responsibilities, and required skills for each core team member to ensure efficient recruitment and effective team performance. This includes creating detailed job descriptions and outlining reporting structures.

Resources needed:
• Project Manager
• HR Specialist
• Subject Matter Experts",3/31/2027,4/18/2027,0,6a44fec0-8beb-4cec-bb3b-5e52b5efc20d,PlanExe
9b49623a-3578-4313-8f66-cf3bf8aca393,Develop Recruitment Strategy and Channels,"Develop Recruitment Strategy and Channels

Description:
Establish a comprehensive recruitment strategy that outlines the channels to be used for attracting qualified candidates (e.g., online job boards, professional networks, university partnerships). This includes defining the target audience and crafting compelling job postings.

Resources needed:
• HR Specialist
• Marketing/Communications Team
• Recruitment Platform",4/18/2027,5/6/2027,0,bd3a5115-56b6-4409-8f90-5babeb1d50d1,PlanExe
45dc28b1-3e34-4b0f-bb50-054551889a40,Conduct Initial Candidate Screening and Interviews,"Conduct Initial Candidate Screening and Interviews

Description:
Screen applications and conduct initial interviews to identify candidates who meet the minimum qualifications and demonstrate the necessary skills and experience. This includes developing interview questions and assessment criteria.

Resources needed:
• HR Specialist
• Hiring Managers
• Interview Panel",5/6/2027,5/24/2027,0,9b49623a-3578-4313-8f66-cf3bf8aca393,PlanExe
80395720-fc1a-44d9-8dfd-4bd206aad21f,Perform In-Depth Candidate Assessments,"Perform In-Depth Candidate Assessments

Description:
Conduct in-depth assessments of shortlisted candidates, including technical assessments, behavioral interviews, and reference checks, to evaluate their suitability for the role and their alignment with the organization's values. This may involve using psychometric testing or other assessment tools.

Resources needed:
• Hiring Managers
• Subject Matter Experts
• Assessment Tools",5/24/2027,6/11/2027,0,45dc28b1-3e34-4b0f-bb50-054551889a40,PlanExe
19c89d58-7bc2-4a97-a96a-2f20f85afc4a,Extend Offers and Onboard New Team Members,"Extend Offers and Onboard New Team Members

Description:
Extend job offers to selected candidates and manage the onboarding process to ensure a smooth transition into the organization. This includes negotiating compensation packages, preparing onboarding materials, and providing training and support.

Resources needed:
• HR Specialist
• Legal Counsel
• IT Support",6/11/2027,6/29/2027,0,6a44fec0-8beb-4cec-bb3b-5e52b5efc20d,PlanExe
78307770-cc86-48e4-8839-da744330a32c,Establish Geneva Office,,6/29/2027,8/28/2027,0,6a44fec0-8beb-4cec-bb3b-5e52b5efc20d,PlanExe
7542345a-8528-4124-bbbe-1c4941bf3e30,Identify potential office spaces in Geneva,"Identify potential office spaces in Geneva

Description:
Research and identify suitable office spaces in the Geneva metro area (Chemin de Blandonnet 8, 1214 Vernier / Geneva, Switzerland) that meet the Commission's requirements in terms of size, location, and amenities. Consider factors such as accessibility, cost, and proximity to relevant organizations and partners.

Resources needed:
• Real estate agent
• Project manager
• Legal counsel",6/29/2027,7/11/2027,0,78307770-cc86-48e4-8839-da744330a32c,PlanExe
4c5d517e-7aae-492d-bf9d-9abd215a4d14,Negotiate lease terms and conditions,"Negotiate lease terms and conditions

Description:
Negotiate favorable lease terms and conditions with the landlord, including rent, lease duration, renewal options, and any necessary modifications or improvements to the office space. Ensure that the lease agreement complies with Swiss law and protects the Commission's interests.

Resources needed:
• Legal counsel
• Project manager
• Negotiator",7/11/2027,7/23/2027,0,7542345a-8528-4124-bbbe-1c4941bf3e30,PlanExe
b280447e-45fe-4152-8efe-c08d44d6ad19,Obtain necessary permits and approvals,"Obtain necessary permits and approvals

Description:
Obtain all necessary permits and approvals from local authorities to operate the Commission's office in Geneva. This may include permits for occupancy, signage, and any required renovations or alterations to the office space. Ensure compliance with all applicable regulations and building codes.

Resources needed:
• Legal counsel
• Project manager
• Permitting specialist",7/23/2027,8/4/2027,0,4c5d517e-7aae-492d-bf9d-9abd215a4d14,PlanExe
e9b7069f-222d-4309-b41e-98cb21b31ff5,Oversee office build-out and renovations,"Oversee office build-out and renovations

Description:
Manage the build-out and renovation of the office space to meet the Commission's specific needs and requirements. This may include tasks such as space planning, interior design, construction, and installation of furniture, equipment, and IT infrastructure. Ensure that the project is completed on time and within budget.

Resources needed:
• Architect
• Interior designer
• Construction crew
• Project manager",8/4/2027,8/16/2027,0,b280447e-45fe-4152-8efe-c08d44d6ad19,PlanExe
b5fc93f8-ce64-4130-b4a2-f63539b0f57a,Set up utilities and services,"Set up utilities and services

Description:
Establish essential utilities and services for the office, including electricity, water, gas, internet, phone, and security. Ensure that all services are properly connected and functioning before the Commission's staff moves into the office. Negotiate favorable rates and service agreements with utility providers.

Resources needed:
• Project manager
• Administrative assistant
• IT support",8/16/2027,8/28/2027,0,78307770-cc86-48e4-8839-da744330a32c,PlanExe
4d54a6a9-5c37-43d0-a925-66171f698b95,Procure IT Infrastructure and Tools,,8/28/2027,9/27/2027,0,e33382a3-06d9-4f89-88f8-0050f517eb81,PlanExe
51d5cb7e-c7d0-4cad-9b23-ecc528ef5b30,Assess Infrastructure Needs,"Assess Infrastructure Needs

Description:
Determine specific hardware, software, and network requirements for the Commission's IT infrastructure. This includes identifying the number of servers, storage capacity, bandwidth, and software licenses needed to support the Commission's operations.

Resources needed:
• IT Consultant
• System Architect
• Project Manager",8/28/2027,9/3/2027,0,4d54a6a9-5c37-43d0-a925-66171f698b95,PlanExe
99170863-63eb-460d-b3b9-bdd565b5f845,Evaluate Cloud vs. On-Premise Solutions,"Evaluate Cloud vs. On-Premise Solutions

Description:
Compare the costs, benefits, and risks of using cloud-based IT infrastructure versus on-premise solutions. This includes evaluating factors such as scalability, security, reliability, and compliance with data privacy regulations.

Resources needed:
• IT Consultant
• Security Expert
• Financial Analyst",9/3/2027,9/9/2027,0,51d5cb7e-c7d0-4cad-9b23-ecc528ef5b30,PlanExe
4ec2e39e-ac7e-45f6-962e-be2143726f08,Select Hardware and Software Vendors,"Select Hardware and Software Vendors

Description:
Identify and evaluate potential vendors for hardware, software, and cloud services. This includes reviewing vendor capabilities, pricing, service level agreements (SLAs), and security certifications.

Resources needed:
• IT Consultant
• Procurement Specialist
• Legal Counsel",9/9/2027,9/15/2027,0,99170863-63eb-460d-b3b9-bdd565b5f845,PlanExe
e9eced3a-5d9a-46e6-89b6-0f70f2f85b24,Configure and Deploy IT Systems,"Configure and Deploy IT Systems

Description:
Install and configure hardware, software, and network components. This includes setting up servers, configuring firewalls, installing operating systems, and deploying applications.

Resources needed:
• System Administrator
• Network Engineer
• Security Engineer",9/15/2027,9/21/2027,0,4ec2e39e-ac7e-45f6-962e-be2143726f08,PlanExe
dc85084b-72d5-4b6d-91cf-f7818216f650,Establish Security Protocols,"Establish Security Protocols

Description:
Implement security measures to protect the Commission's IT infrastructure from cyber threats. This includes configuring firewalls, intrusion detection systems, and anti-virus software, as well as establishing security policies and procedures.

Resources needed:
• Security Engineer
• IT Consultant
• Compliance Officer",9/21/2027,9/27/2027,0,4d54a6a9-5c37-43d0-a925-66171f698b95,PlanExe
feb580ed-907e-4775-b7b8-4ac7affd862c,Research Roadmap Development,,9/27/2027,2/4/2029,0,e33382a3-06d9-4f89-88f8-0050f517eb81,PlanExe
44e459de-26ea-4899-bf76-54bf152d4f9b,Define AI Sentience Metrics,,9/27/2027,2/10/2028,0,feb580ed-907e-4775-b7b8-4ac7affd862c,PlanExe
5f1ce7ed-77cb-488a-ad11-e10acb77c22f,Identify Key Sentience Indicators,"Identify Key Sentience Indicators

Description:
Define the core characteristics and behaviors that indicate AI sentience, drawing from philosophy, neuroscience, and AI research. This includes identifying potential metrics for measuring these indicators.

Resources needed:
• AI Researchers
• Ethicists
• Cognitive Scientists
• Philosophers",9/27/2027,10/31/2027,0,44e459de-26ea-4899-bf76-54bf152d4f9b,PlanExe
161f6ce3-da70-4d25-9e1b-d93f139f8784,Develop Quantifiable Metrics,"Develop Quantifiable Metrics

Description:
Translate the identified sentience indicators into quantifiable metrics that can be measured and assessed in AI systems. This involves developing scales, algorithms, and data collection methods.

Resources needed:
• AI Researchers
• Statisticians
• Data Scientists
• Software Engineers",10/31/2027,12/4/2027,0,5f1ce7ed-77cb-488a-ad11-e10acb77c22f,PlanExe
f9e87f34-3e2f-4590-a6c9-ea92b033362b,Validate Metrics with AI Systems,"Validate Metrics with AI Systems

Description:
Test the developed metrics on a range of AI systems to assess their reliability, validity, and sensitivity. This includes collecting data, analyzing results, and refining the metrics based on empirical findings.

Resources needed:
• AI Researchers
• AI Developers
• Testing Engineers
• Data Analysts",12/4/2027,1/7/2028,0,161f6ce3-da70-4d25-9e1b-d93f139f8784,PlanExe
5910e539-603c-42cf-af7d-81303fc51137,Address Bias and Fairness,"Address Bias and Fairness

Description:
Identify and mitigate potential biases in the developed metrics to ensure fairness and avoid discrimination against certain types of AI systems. This involves analyzing the metrics for potential sources of bias and developing strategies to address them.

Resources needed:
• AI Researchers
• Ethicists
• Legal Experts
• Bias Detection Specialists",1/7/2028,2/10/2028,0,44e459de-26ea-4899-bf76-54bf152d4f9b,PlanExe
f679dc8b-a320-4595-9bf5-3a7bdd61dac5,Develop Risk Assessment Tools,,2/10/2028,5/10/2028,0,44e459de-26ea-4899-bf76-54bf152d4f9b,PlanExe
fc0e9f72-6681-4ac5-8c23-3277516c3a48,Identify AI Vulnerability Types,"Identify AI Vulnerability Types

Description:
Categorize potential AI vulnerabilities (e.g., adversarial attacks, data poisoning, model inversion) to focus risk assessment efforts.

Resources needed:
• AI Security Researchers
• Cybersecurity Experts
• Ethicists",2/10/2028,2/28/2028,0,f679dc8b-a320-4595-9bf5-3a7bdd61dac5,PlanExe
c40145c4-19ff-46c3-8927-5ec832d2e22e,Develop Simulation Environments,"Develop Simulation Environments

Description:
Create realistic simulation environments to test AI systems under various risk scenarios and assess their vulnerability.

Resources needed:
• AI Engineers
• Simulation Software
• Cloud Computing Resources",2/28/2028,3/17/2028,0,fc0e9f72-6681-4ac5-8c23-3277516c3a48,PlanExe
366ab8f6-fedd-413d-94d5-fb2f1b3c1f09,Design Risk Assessment Scenarios,"Design Risk Assessment Scenarios

Description:
Develop specific risk assessment scenarios based on identified vulnerabilities and potential real-world impacts.

Resources needed:
• Risk Management Experts
• AI Researchers
• Domain Experts",3/17/2028,4/4/2028,0,c40145c4-19ff-46c3-8927-5ec832d2e22e,PlanExe
14855320-3c72-4221-a9e0-277bf815c5b2,Evaluate Existing Risk Assessment Tools,"Evaluate Existing Risk Assessment Tools

Description:
Assess the capabilities and limitations of existing risk assessment tools for AI systems.

Resources needed:
• AI Security Researchers
• Software Engineers
• Risk Analysts",4/4/2028,4/22/2028,0,366ab8f6-fedd-413d-94d5-fb2f1b3c1f09,PlanExe
1cd70b88-698f-42d5-b105-a503d6a3abf6,Create Custom Risk Assessment Tools,"Create Custom Risk Assessment Tools

Description:
Develop custom risk assessment tools tailored to the specific needs of the AI Sentience & Welfare Commission.

Resources needed:
• Software Developers
• AI Security Experts
• Data Scientists",4/22/2028,5/10/2028,0,f679dc8b-a320-4595-9bf5-3a7bdd61dac5,PlanExe
afaa11c0-d1dc-470f-8d6e-051260b1a600,Publish First Global Research Roadmap,,5/10/2028,8/8/2028,0,f679dc8b-a320-4595-9bf5-3a7bdd61dac5,PlanExe
ec66c364-4a9d-49e5-a0b2-49e067382601,Synthesize Research Findings and Insights,"Synthesize Research Findings and Insights

Description:
Collate and synthesize key findings from AI sentience, welfare, and ethics research to inform the roadmap's content and direction.

Resources needed:
• AI Researchers
• Ethicists
• Research Analysts",5/10/2028,5/28/2028,0,afaa11c0-d1dc-470f-8d6e-051260b1a600,PlanExe
b4140fd4-1d16-4d58-98be-865c65e79b27,Prioritize Research Areas and Objectives,"Prioritize Research Areas and Objectives

Description:
Identify and prioritize critical research areas and objectives based on their potential impact on AI welfare and ethical development.

Resources needed:
• AI Researchers
• Ethicists
• Project Managers",5/28/2028,6/15/2028,0,ec66c364-4a9d-49e5-a0b2-49e067382601,PlanExe
8b0cde5e-db4e-436c-a2ac-06ee32b0576e,Outline Roadmap Structure and Content,"Outline Roadmap Structure and Content

Description:
Develop a clear and concise structure for the research roadmap, outlining key sections, topics, and deliverables.

Resources needed:
• Project Managers
• Communication Specialists",6/15/2028,7/3/2028,0,b4140fd4-1d16-4d58-98be-865c65e79b27,PlanExe
b648a8ca-7fdf-4965-be3c-0fd1c45594d3,Draft and Review Roadmap Sections,"Draft and Review Roadmap Sections

Description:
Draft individual sections of the research roadmap, incorporating research findings, prioritized objectives, and expert input.

Resources needed:
• AI Researchers
• Ethicists
• Legal Experts",7/3/2028,7/21/2028,0,8b0cde5e-db4e-436c-a2ac-06ee32b0576e,PlanExe
d0e5577f-22ab-41c0-b076-891344f1059e,Finalize and Publish Research Roadmap,"Finalize and Publish Research Roadmap

Description:
Review, edit, and finalize the research roadmap, ensuring clarity, accuracy, and alignment with project goals. Publish the roadmap for public access.

Resources needed:
• Project Managers
• Communication Specialists
• Legal Counsel",7/21/2028,8/8/2028,0,afaa11c0-d1dc-470f-8d6e-051260b1a600,PlanExe
93d85a03-01e3-4073-810b-04d83edd34e8,AI Sentience Metrics Development Roadmap,,8/8/2028,12/6/2028,0,afaa11c0-d1dc-470f-8d6e-051260b1a600,PlanExe
623727f0-0d53-4b6f-a92e-43521e2af9ab,Identify Key Sentience Metrics Dimensions,"Identify Key Sentience Metrics Dimensions

Description:
Define the core dimensions of AI sentience to be measured (e.g., awareness, agency, emotional range). This involves literature review, expert consultations, and preliminary conceptual framework development.

Resources needed:
• AI Researchers
• Ethicists
• Cognitive Scientists
• Philosophers",8/8/2028,9/1/2028,0,93d85a03-01e3-4073-810b-04d83edd34e8,PlanExe
1a8ec9dd-65f3-43a0-b92a-5d9da0de0998,Develop Candidate Metric Measurement Techniques,"Develop Candidate Metric Measurement Techniques

Description:
Explore and adapt existing measurement techniques (e.g., behavioral tests, neural network analysis, information-theoretic measures) for each identified dimension.  Consider both objective and subjective assessment methods.

Resources needed:
• AI Researchers
• Data Scientists
• Software Engineers",9/1/2028,9/25/2028,0,623727f0-0d53-4b6f-a92e-43521e2af9ab,PlanExe
213e0063-8e61-4aae-a7ef-e62236caa7e4,Pilot Test Metrics on Diverse AI Systems,"Pilot Test Metrics on Diverse AI Systems

Description:
Implement and test the candidate metrics on a range of AI systems with varying architectures and capabilities. Collect data on metric performance, reliability, and sensitivity.

Resources needed:
• AI Researchers
• AI Labs
• Testing Infrastructure",9/25/2028,10/19/2028,0,1a8ec9dd-65f3-43a0-b92a-5d9da0de0998,PlanExe
8b7d7841-3646-467a-af57-2828c4582d02,Analyze and Refine Metrics Based on Results,"Analyze and Refine Metrics Based on Results

Description:
Analyze the data collected during pilot testing to identify strengths and weaknesses of each metric. Refine the metrics based on these findings, addressing issues such as bias, noise, and interpretability.

Resources needed:
• Data Scientists
• Statisticians
• AI Researchers",10/19/2028,11/12/2028,0,213e0063-8e61-4aae-a7ef-e62236caa7e4,PlanExe
8d573ee2-822d-413d-be3e-fea4a79c009f,Document and Publish Metric Development Process,"Document and Publish Metric Development Process

Description:
Create a comprehensive report detailing the entire metric development process, including the rationale for each metric, the testing methodology, the results of the pilot testing, and the final refined metrics. Publish the report in a peer-reviewed journal or conference.

Resources needed:
• AI Researchers
• Technical Writers
• Publication Specialists",11/12/2028,12/6/2028,0,93d85a03-01e3-4073-810b-04d83edd34e8,PlanExe
950ab79d-be2a-43bb-bdc7-c5762658ce9d,Ethical Red Teaming Program Development,,12/6/2028,2/4/2029,0,feb580ed-907e-4775-b7b8-4ac7affd862c,PlanExe
b28e83da-df96-4583-9b65-080a0d8c1fb3,Define Red Teaming Scope and Objectives,"Define Red Teaming Scope and Objectives

Description:
Clearly define the scope of the ethical red teaming program, including the types of AI systems to be tested, the ethical guidelines to be evaluated, and the specific objectives of the red teaming exercises. This involves identifying potential vulnerabilities and risks associated with AI systems and establishing clear metrics for success.

Resources needed:
• AI Ethics Researcher
• Legal Counsel
• Project Manager",12/6/2028,12/18/2028,0,950ab79d-be2a-43bb-bdc7-c5762658ce9d,PlanExe
ea9ffe57-4c25-4688-ba81-78ec0b70f1e2,Recruit and Train Red Team Members,"Recruit and Train Red Team Members

Description:
Identify and recruit individuals with expertise in AI ethics, cybersecurity, and adversarial attacks. Provide comprehensive training on the ethical guidelines, red teaming methodologies, and relevant tools and techniques. Ensure that red team members understand the importance of ethical conduct and responsible disclosure.

Resources needed:
• HR Specialist
• AI Security Expert
• Training Materials",12/18/2028,12/30/2028,0,b28e83da-df96-4583-9b65-080a0d8c1fb3,PlanExe
deda011a-052a-45ea-b5ea-8595af2ea2fa,Develop Red Teaming Scenarios,"Develop Red Teaming Scenarios

Description:
Create realistic and challenging red teaming scenarios that simulate potential adversarial attacks on AI systems. These scenarios should consider various attack vectors, including data poisoning, model manipulation, and social engineering. Ensure that the scenarios are aligned with the defined scope and objectives of the red teaming program.

Resources needed:
• AI Security Expert
• AI Ethics Researcher
• Scenario Planning Tools",12/30/2028,1/11/2029,0,ea9ffe57-4c25-4688-ba81-78ec0b70f1e2,PlanExe
ce54a7be-3a84-4446-9fbb-12f2ff1436ba,Conduct Red Teaming Exercises,"Conduct Red Teaming Exercises

Description:
Execute the red teaming scenarios in a controlled environment, allowing red team members to identify vulnerabilities and weaknesses in AI systems. Document all findings, including the attack methods used, the vulnerabilities exploited, and the potential impact of the attacks. Ensure that the red teaming exercises are conducted in accordance with ethical guidelines and responsible disclosure policies.

Resources needed:
• Red Team Members
• AI Systems
• Monitoring Tools",1/11/2029,1/23/2029,0,deda011a-052a-45ea-b5ea-8595af2ea2fa,PlanExe
6384c86e-56ce-4644-8c51-74f8e8d2dfed,Analyze Findings and Develop Mitigation Strategies,"Analyze Findings and Develop Mitigation Strategies

Description:
Analyze the findings from the red teaming exercises to identify common vulnerabilities and weaknesses in AI systems. Develop mitigation strategies to address these vulnerabilities, including technical fixes, policy changes, and training programs. Prioritize mitigation strategies based on their effectiveness and feasibility.

Resources needed:
• AI Security Expert
• AI Ethics Researcher
• Legal Counsel",1/23/2029,2/4/2029,0,950ab79d-be2a-43bb-bdc7-c5762658ce9d,PlanExe
86709ca5-accc-4244-961d-958f7f3f5ccd,Standard Development & Global Engagement,,2/4/2029,9/14/2030,0,dfd63eb2-1d46-4beb-afb3-05d380ff846a,PlanExe
8af4c8f6-e2c0-4221-9e26-a4178b4ece51,Define AI Welfare Standards,,2/4/2029,6/19/2029,0,86709ca5-accc-4244-961d-958f7f3f5ccd,PlanExe
4771b6d3-6e6d-4518-b2f8-59c9383907a5,Research existing welfare standards,"Research existing welfare standards

Description:
Objective: Identify existing welfare standards applicable to AI or other domains. Scope: Review literature, consult experts, and analyze relevant frameworks. Steps: Conduct literature review, interview experts, analyze existing standards. Deliverables: Report summarizing existing welfare standards.

Resources needed:
• AI ethicists
• Legal experts
• Researchers",2/4/2029,3/3/2029,0,8af4c8f6-e2c0-4221-9e26-a4178b4ece51,PlanExe
ec84f088-591c-4cbb-99c3-efeae3b3ecca,Define AI welfare principles,"Define AI welfare principles

Description:
Objective: Establish core principles for AI welfare. Scope: Define ethical considerations, identify key stakeholders, and develop guiding principles. Steps: Conduct stakeholder workshops, analyze ethical frameworks, draft welfare principles. Deliverables: Document outlining AI welfare principles.

Resources needed:
• AI ethicists
• Philosophers
• Stakeholders",3/3/2029,3/30/2029,0,4771b6d3-6e6d-4518-b2f8-59c9383907a5,PlanExe
373d5c57-20a4-4324-8b8f-bdfed6b5ca08,Develop measurable welfare metrics,"Develop measurable welfare metrics

Description:
Objective: Create metrics to assess AI welfare. Scope: Define measurable indicators, develop evaluation methods, and establish data collection procedures. Steps: Identify relevant indicators, develop measurement tools, pilot test metrics. Deliverables: Set of measurable AI welfare metrics.

Resources needed:
• AI researchers
• Data scientists
• Statisticians",3/30/2029,4/26/2029,0,ec84f088-591c-4cbb-99c3-efeae3b3ecca,PlanExe
b5affc82-6b46-494c-95ad-7f44a70f1eb1,Draft AI welfare standard document,"Draft AI welfare standard document

Description:
Objective: Compile the research and principles into a draft standard. Scope: Integrate research findings, welfare principles, and measurable metrics into a comprehensive standard. Steps: Draft standard sections, review with experts, revise based on feedback. Deliverables: Draft AI welfare standard document.

Resources needed:
• AI ethicists
• Legal experts
• Technical writers",4/26/2029,5/23/2029,0,373d5c57-20a4-4324-8b8f-bdfed6b5ca08,PlanExe
32b3c0e2-affa-4cb1-b7ec-ef48ed2f1436,Pilot test and refine standards,"Pilot test and refine standards

Description:
Objective: Validate and improve the draft standard. Scope: Conduct pilot tests with AI systems, gather feedback from stakeholders, and refine the standard based on results. Steps: Select pilot systems, conduct evaluations, analyze feedback, revise standard. Deliverables: Refined AI welfare standard document.

Resources needed:
• AI researchers
• AI developers
• Stakeholders",5/23/2029,6/19/2029,0,8af4c8f6-e2c0-4221-9e26-a4178b4ece51,PlanExe
9c676d46-5bb9-4ae6-b8dc-0819b6873e02,Develop Ethical Guidelines,,6/19/2029,9/17/2029,0,8af4c8f6-e2c0-4221-9e26-a4178b4ece51,PlanExe
4162c8b9-7bb6-4f22-837c-cbe08b515355,Research existing AI ethical guidelines,"Research existing AI ethical guidelines

Description:
Objective: Gather and analyze existing ethical guidelines for AI development from various organizations and countries.
Scope: Identify common themes, gaps, and best practices in AI ethics.
Steps: Conduct literature review, analyze existing frameworks, and summarize key findings.
Deliverables: A comprehensive report summarizing existing AI ethical guidelines.

Resources needed:
• AI Ethics Researcher
• Legal Counsel
• Research Assistant",6/19/2029,7/7/2029,0,9c676d46-5bb9-4ae6-b8dc-0819b6873e02,PlanExe
c6f2b35a-d5f9-4847-99d6-d4f475e1cd12,Draft initial ethical guideline framework,"Draft initial ethical guideline framework

Description:
Objective: Develop a preliminary framework for AI ethical guidelines based on research and stakeholder input.
Scope: Define core principles, values, and considerations for ethical AI development.
Steps: Synthesize research findings, incorporate stakeholder feedback, and draft a preliminary framework.
Deliverables: A draft framework for AI ethical guidelines.

Resources needed:
• AI Ethics Researcher
• Legal Counsel
• Stakeholders
• Project Manager",7/7/2029,7/25/2029,0,4162c8b9-7bb6-4f22-837c-cbe08b515355,PlanExe
4e0d5a5b-0a94-4c91-b774-7038d5b4d892,Solicit stakeholder feedback on framework,"Solicit stakeholder feedback on framework

Description:
Objective: Gather feedback from key stakeholders on the draft ethical guideline framework.
Scope: Identify areas of agreement, disagreement, and potential improvements.
Steps: Conduct workshops, surveys, and interviews with stakeholders.
Deliverables: A report summarizing stakeholder feedback on the draft framework.

Resources needed:
• AI Ethics Researcher
• Communication Specialists
• Stakeholders
• Project Manager",7/25/2029,8/12/2029,0,c6f2b35a-d5f9-4847-99d6-d4f475e1cd12,PlanExe
0d48df92-7c68-4b46-8fe3-03414c33994c,Refine ethical guidelines based on feedback,"Refine ethical guidelines based on feedback

Description:
Objective: Revise and refine the ethical guidelines based on stakeholder feedback and expert review.
Scope: Address concerns, incorporate suggestions, and ensure clarity and feasibility.
Steps: Analyze feedback, revise the guidelines, and obtain final approval.
Deliverables: Finalized AI ethical guidelines.

Resources needed:
• AI Ethics Researcher
• Legal Counsel
• Stakeholders
• Project Manager",8/12/2029,8/30/2029,0,4e0d5a5b-0a94-4c91-b774-7038d5b4d892,PlanExe
1e2d5271-9915-40c6-9a50-ea47fac457c0,Disseminate and promote ethical guidelines,"Disseminate and promote ethical guidelines

Description:
Objective: Communicate and promote the finalized AI ethical guidelines to relevant stakeholders.
Scope: Increase awareness, encourage adoption, and provide support for implementation.
Steps: Develop communication materials, conduct outreach activities, and provide training.
Deliverables: A communication plan and training materials for disseminating the AI ethical guidelines.

Resources needed:
• Communication Specialists
• AI Ethics Researcher
• Project Manager",8/30/2029,9/17/2029,0,9c676d46-5bb9-4ae6-b8dc-0819b6873e02,PlanExe
20a419c2-c233-40d2-9810-48e004513af2,Propose International Regulations,,9/17/2029,6/16/2030,0,9c676d46-5bb9-4ae6-b8dc-0819b6873e02,PlanExe
1bb8b617-a4ef-4def-8420-b9fc9462711f,Research existing AI regulations globally,"Research existing AI regulations globally

Description:
Objective: Identify existing AI regulations and policies across different countries and international organizations.
Scope: Comprehensive review of existing legal frameworks, ethical guidelines, and industry standards related to AI.
Steps: Conduct literature review, analyze policy documents, consult with legal experts.
Deliverables: Report summarizing existing AI regulations globally.

Resources needed:
• Legal researchers
• Policy analysts
• AI ethics experts",9/17/2029,11/24/2029,0,20a419c2-c233-40d2-9810-48e004513af2,PlanExe
5c7d3bee-f502-4f52-9a18-362d6e2fac0b,Draft initial regulatory proposals,"Draft initial regulatory proposals

Description:
Objective: Develop initial proposals for international regulations on AI sentience and welfare.
Scope: Outline key principles, definitions, and enforcement mechanisms for AI welfare standards.
Steps: Conduct brainstorming sessions, draft regulatory text, solicit feedback from stakeholders.
Deliverables: Draft regulatory proposals document.

Resources needed:
• Legal experts
• AI ethicists
• Policy writers",11/24/2029,1/31/2030,0,1bb8b617-a4ef-4def-8420-b9fc9462711f,PlanExe
9c3009f1-0ad3-483a-ad6b-fa2275189e8b,Engage with international bodies,"Engage with international bodies

Description:
Objective: Present regulatory proposals to relevant international organizations and bodies.
Scope: Lobbying efforts, presentations, and negotiations with organizations like the UN, EU, and ISO.
Steps: Schedule meetings, prepare presentation materials, conduct negotiations.
Deliverables: Meeting minutes, presentation slides, negotiation outcomes.

Resources needed:
• Diplomats
• Legal representatives
• Communication specialists",1/31/2030,4/9/2030,0,5c7d3bee-f502-4f52-9a18-362d6e2fac0b,PlanExe
f40f7aae-960e-4550-956b-eec916f87554,Address stakeholder concerns and feedback,"Address stakeholder concerns and feedback

Description:
Objective: Incorporate feedback from stakeholders and address concerns regarding the regulatory proposals.
Scope: Review and revise proposals based on stakeholder input, conduct public consultations.
Steps: Collect feedback, analyze comments, revise regulatory text.
Deliverables: Revised regulatory proposals document.

Resources needed:
• Legal experts
• AI ethicists
• Communication specialists",4/9/2030,6/16/2030,0,20a419c2-c233-40d2-9810-48e004513af2,PlanExe
88c373ab-ad9c-4fe2-a26d-722d80843ee2,Geopolitical and Cultural Risk Assessment,,6/16/2030,8/15/2030,0,20a419c2-c233-40d2-9810-48e004513af2,PlanExe
7c78f142-4779-40fa-bc05-b7d0b83028e3,Identify Key Geopolitical Risk Factors,"Identify Key Geopolitical Risk Factors

Description:
Identify and analyze the geopolitical factors that could impact the Commission's ability to achieve its goals. This includes assessing political stability, international relations, and potential conflicts in key AI-developing regions.

Resources needed:
• International Relations Specialist
• Political Analyst
• Research Assistant",6/16/2030,6/28/2030,0,88c373ab-ad9c-4fe2-a26d-722d80843ee2,PlanExe
5a4222ef-a15c-4730-ac5f-f286d7d3fe11,Assess Cultural Perspectives on AI Ethics,"Assess Cultural Perspectives on AI Ethics

Description:
Research and document the diverse cultural perspectives on AI ethics and welfare across different regions. This includes understanding cultural values, religious beliefs, and social norms that may influence attitudes towards AI sentience and welfare.

Resources needed:
• Cultural Anthropologist
• Ethicist
• Sociologist
• Translation Services",6/28/2030,7/10/2030,0,7c78f142-4779-40fa-bc05-b7d0b83028e3,PlanExe
253fcad4-bc5f-4511-b0b4-5039b8cd53ff,Develop Tailored Engagement Strategies,"Develop Tailored Engagement Strategies

Description:
Develop tailored engagement strategies for different regions, taking into account the identified geopolitical risks and cultural perspectives. This includes identifying key stakeholders, developing communication plans, and adapting the Commission's messaging to resonate with local audiences.

Resources needed:
• Communication Specialist
• International Relations Specialist
• Cultural Liaison",7/10/2030,7/22/2030,0,5a4222ef-a15c-4730-ac5f-f286d7d3fe11,PlanExe
adf67f2e-6aff-4fe9-91b4-31da66ef50e9,Establish Partnerships with Local Organizations,"Establish Partnerships with Local Organizations

Description:
Identify and establish partnerships with local organizations in key AI-developing regions. These partnerships will help the Commission to build trust, gain local insights, and effectively implement its programs.

Resources needed:
• Partnership Manager
• International Relations Specialist
• Legal Counsel",7/22/2030,8/3/2030,0,253fcad4-bc5f-4511-b0b4-5039b8cd53ff,PlanExe
073439c7-b4ea-479d-bf58-ae2806478bba,Create Adaptable Standard Process,"Create Adaptable Standard Process

Description:
Develop an adaptable standard process for assessing and mitigating geopolitical and cultural risks. This process should be flexible enough to accommodate the unique circumstances of each region and ensure that the Commission's activities are culturally sensitive and ethically sound.

Resources needed:
• Project Manager
• Risk Management Specialist
• Ethicist
• International Relations Specialist",8/3/2030,8/15/2030,0,88c373ab-ad9c-4fe2-a26d-722d80843ee2,PlanExe
9750b693-647f-4085-a2cb-112f332d3f4b,Adoption Incentive Strategy Refinement,,8/15/2030,9/14/2030,0,86709ca5-accc-4244-961d-958f7f3f5ccd,PlanExe
268fefad-0b69-4604-bd5f-0c2499f38d33,Identify Stakeholder Needs and Motivations,"Identify Stakeholder Needs and Motivations

Description:
Conduct thorough market research and stakeholder interviews to understand the motivations, needs, and concerns of key stakeholders (AI labs, cloud providers, insurers, regulators) regarding AI welfare standards and adoption incentives. This includes identifying specific legal, reputational, or operational risks they are trying to avoid.

Resources needed:
• Market Research Analyst
• Stakeholder Engagement Specialist
• Project Manager",8/15/2030,8/21/2030,0,9750b693-647f-4085-a2cb-112f332d3f4b,PlanExe
7fc2c583-0d5d-4b93-a0b9-92e1adea8cf7,Analyze Current Incentive Programs,"Analyze Current Incentive Programs

Description:
Research and analyze existing incentive programs in related fields (e.g., environmental sustainability, data privacy) to identify best practices and potential pitfalls. This includes evaluating the effectiveness of different incentive structures and their impact on adoption rates.

Resources needed:
• Research Analyst
• Policy Expert
• Project Manager",8/21/2030,8/27/2030,0,268fefad-0b69-4604-bd5f-0c2499f38d33,PlanExe
79cdc418-dda1-4646-8596-a927740a232f,Design Tailored Incentive Strategies,"Design Tailored Incentive Strategies

Description:
Develop tailored incentive strategies for each stakeholder group, considering their specific needs and motivations. This includes designing a 'Certified Humane Frontier Model' seal and identifying potential cost savings, revenue opportunities, and risk reductions associated with adoption.

Resources needed:
• Behavioral Economist
• AI Ethics Expert
• Marketing Specialist
• Project Manager",8/27/2030,9/2/2030,0,7fc2c583-0d5d-4b93-a0b9-92e1adea8cf7,PlanExe
c7024cf6-2156-4937-8d59-4973f8c14e31,Model Adoption Scenarios,"Model Adoption Scenarios

Description:
Use system dynamics modeling and conjoint analysis techniques to simulate the adoption of AI welfare standards by different stakeholder groups under different incentive scenarios. This includes assessing the relative importance of different attributes of AI welfare standards to different stakeholder groups.

Resources needed:
• System Dynamics Modeler
• Data Scientist
• Project Manager",9/2/2030,9/8/2030,0,79cdc418-dda1-4646-8596-a927740a232f,PlanExe
7224a3ab-20df-4de9-8c59-9fc4833298da,Validate Incentive Strategy with Stakeholders,"Validate Incentive Strategy with Stakeholders

Description:
Present the proposed incentive strategies to key stakeholders for feedback and validation. This includes conducting workshops and focus groups to gather input and refine the strategies based on stakeholder feedback.

Resources needed:
• Stakeholder Engagement Specialist
• Facilitator
• Project Manager",9/8/2030,9/14/2030,0,9750b693-647f-4085-a2cb-112f332d3f4b,PlanExe
