Level 1;Level 2;Level 3;Level 4;Task ID
Clean Water;;;;0663640f-a55a-42fa-b89b-0f34dea67cd0
;Project Initiation & Planning;;;0d976316-2684-4d4f-a457-14082577fd96
;;Secure Project Funding;;4ff05063-427e-432c-bd1b-5ad4c126912c
;;;Identify Potential Funding Sources;4db6d6e7-2ac4-4117-8a48-b78f69da266d
;;;Prepare Funding Proposals;5fa08414-adec-4003-9956-df9ba483806e
;;;Engage with Funding Organizations;fb5ef5e3-d4ed-4a93-87fb-17e6f5b9be5d
;;;Negotiate Funding Agreements;8fa19608-f0ea-487e-b2df-b06c161ee8d6
;;;Finalize Funding Contracts;a338f8b7-706e-465c-8b21-053638a327b9
;;Establish Project Governance Structure;;a6d942ff-c49b-421c-9da9-953b698fad98
;;;Define Roles and Responsibilities;570926fe-4180-48c3-ba5d-df77f159f87c
;;;Establish Communication Protocols;b5bf3749-fb8c-4a28-93f9-4ae3b2bd38ac
;;;Create Decision-Making Framework;4d511e83-1e14-4b0b-a1d5-11ad93ac0fe5
;;;Document Governance Structure;56d2d58f-3cd4-4505-a0f7-5ca4d9ed3cc5
;;Develop Detailed Project Plan;;0b047667-32a1-45da-8f72-5f4811e1d1af
;;;Define Project Scope and Objectives;a41ed709-0964-4c49-94cb-ce2851eb9afc
;;;Develop Detailed Budget and Schedule;743c5882-525a-4dec-9f0a-2075b98fce78
;;;Establish Communication Plan;b9a528bd-7bfc-4e41-b2b4-63278f359c7a
;;;Identify Key Performance Indicators (KPIs);3e19dd1b-5725-4702-bf4d-630cb551b4f2
;;Conduct Stakeholder Analysis;;71c87332-47bc-4d36-93d7-6151f89d67ca
;;;Identify Key Stakeholders;b077a66a-7e06-495d-aa3f-3204133f824f
;;;Determine Stakeholder Interests and Influence;1014dc68-c675-4170-be72-fb8527fc33e1
;;;Develop Stakeholder Engagement Plan;586a7469-79e5-4be7-8b11-530b502b242a
;;;Document Stakeholder Analysis Results;ce5df79b-c2d7-4304-bbd2-673e72516de0
;;Perform Risk Assessment;;268e6c02-7405-4a30-b9f9-fddeab64115c
;;;Identify Potential Project Risks;af65dcb7-ed53-4164-b64f-186cf8d1c084
;;;Assess Risk Probability and Impact;f3385431-b210-4593-99af-d82331bd731d
;;;Develop Risk Response Strategies;d2746609-721b-421a-97f9-8a7a21b5df9d
;;;Document Risk Assessment Results;95df3081-9101-45b2-b58e-c51faf6384d4
;Site Assessment & Design;;;4890aa22-a3d5-49be-adad-2c9def367cee
;;Conduct Site Surveys and Assessments;;ae6a1486-9fda-41f4-9010-96ce5a3cd074
;;;Plan Site Survey Logistics;6e9a223e-b7cc-4eda-8ed5-e456ac5ca285
;;;Gather Existing Site Data;546e5cc1-84c7-46f8-8aae-745cd5d00948
;;;Conduct Topographical Survey;db73a2b9-98a9-4a5f-927a-704600ab1ab4
;;;Assess Soil and Geological Conditions;aacf8d97-5a8e-4712-89b3-27376b2c7897
;;;Evaluate Environmental Conditions;f242be65-ced2-4b4e-957e-e69dde9ca53b
;;Analyze Existing Water Sources;;7399688b-98c8-45eb-9a68-d8e6fba05ed1
;;;Gather Historical Water Data;cac335ee-e0b3-45d9-8545-bc96daa23e43
;;;Conduct Water Quality Sampling;601a1e99-6976-4fd6-8460-ed15d34a1fcb
;;;Analyze Water Samples in Lab;ecfd4a2a-acff-4e73-bc56-beeb70636325
;;;Interpret Water Analysis Results;23afa923-8225-48ce-abdd-6ad12b313b9c
;;;Assess Source Sustainability;16903108-38bd-4a75-b474-16b8a1caf971
;;Design Water Purification System;;98432afe-0035-4330-aef6-0749b32dacf8
;;;Determine Water Quality Requirements;307cd3a2-f3ff-420c-8938-1126fd627a65
;;;Evaluate Purification Technologies;44450be3-f0b1-4977-b40c-2909161fd0a2
;;;Develop System Design Specifications;1e1a5dd7-8d48-4e61-a845-278e5285b660
;;;Prepare System Layout and Drawings;15ee2b74-7c8d-4642-9ef6-a84cc1b826f3
;;;Select Equipment and Vendors;b4beb624-dc22-4bdf-b405-98eadf88ef7b
;;Design Water Distribution Network;;ac320ee3-f15a-49ee-92dd-6b033a51ffde
;;;Geotechnical Surveys for Pipeline Routes;0e62150b-ad70-4324-a7e1-626a35819bff
;;;Land Rights Acquisition and Easements;67e0889e-45b9-4223-82c0-b3efb33f45f9
;;;Community Consultation and Engagement;24fd71ab-cae5-4493-8db3-a526b64bfb9c
;;;Pipeline Route Optimization and Design;c2d58540-d7dc-44c5-bdf9-274d59821295
;;Prepare Environmental Impact Assessment;;7a13e6d8-109c-4969-8572-91b401d961f0
;;;Gather Baseline Environmental Data;261c435e-3d5a-4619-b20e-72956d1305cc
;;;Assess Potential Environmental Impacts;97a87cd1-86ff-4a5d-8cfc-65f09d8173fa
;;;Develop Mitigation Measures;01c65af3-3e90-4705-90a3-4481b3e986b5
;;;Prepare EIA Report;1e2f603f-f45a-42bf-a3c3-c429390c1174
;;;Submit EIA for Regulatory Review;5415f05e-cb09-40b4-abde-969349f2f06f
;Permitting & Regulatory Compliance;;;3d25f0eb-1711-4607-bd83-6ed697afdea1
;;Obtain Water Extraction Permit;;6949d307-e22f-441e-ab7b-58ebdc4ef142
;;;Identify Water Source and Rights;659864f7-57b3-4647-85aa-7d3b059f0820
;;;Conduct Hydrological Study;5f134fb5-477f-4c07-8f6d-96a0a3334161
;;;Prepare Extraction Permit Application;ecfc8760-dbc4-445f-85ea-3cbc6f387b0b
;;;Submit Application and Follow Up;49123a19-ae21-4ea1-aabf-807aaee23f66
;;;Negotiate Water Rights Agreements;bd6fc22c-0415-4bb7-aae4-c77c6226391b
;;Obtain Construction Permit;;df8eb51e-b6b1-434b-964a-9a54613e4f03
;;;Finalize Construction Design Plans;ea31d253-9c8e-486c-8b7c-3e1a9b489667
;;;Submit Plans for Building Code Review;a8f75967-a15c-4e2f-a227-2dba33885254
;;;Address Review Comments and Revisions;e416ff5b-3e85-412b-b491-0ac363bc9057
;;;Obtain Construction Permit Approval;2b841623-e527-4498-beeb-5dbed47e8a25
;;;Notify Community of Construction Start;985fdedf-6558-45c5-9443-80cb9bd59f0f
;;Obtain Environmental Permit;;7dac8c2b-70b0-413f-898a-043476dc9b12
;;;Gather Environmental Baseline Data;4236a215-17f3-41aa-aaa4-b304810c3160
;;;Prepare Environmental Impact Assessment Report;a35979fe-138e-4afc-8839-a97863771855
;;;Submit EIA Report to NEPA;c757cc73-81a5-4818-a3d5-54d2cb81ea32
;;;Address NEPA Feedback and Revisions;96015d60-db67-45fc-84df-ba37f512f19c
;;Obtain Discharge Permit;;cc506169-b58b-4d6c-8d89-04410c9ead78
;;;Prepare Discharge Data;753f1491-817d-440b-9b24-03dde786b09b
;;;Complete Discharge Permit Application;6eb03387-c7ca-4549-9782-78e4ee3c6faa
;;;Submit Application to Regulatory Body;bb903f18-7a49-4ee4-9440-745e5cbdf852
;;;Address Regulatory Feedback;844471cc-0395-4443-bc0d-48f8cf271020
;;;Implement Additional Treatment Measures;98add5f5-e799-4670-86d7-c2f18098e6a7
;;Ensure Compliance with WHO Standards;;f87bf170-c3d0-4ad5-bdf2-4945cdcb5a88
;;;Research WHO Drinking Water Standards;6f173343-2f60-4721-85c2-1b673c367ee2
;;;Compare Local Standards to WHO Standards;cad810fb-5a75-4811-a4d9-a9e6c98e3182
;;;Develop Compliance Action Plan;633deee3-cd85-4036-acae-d09e21474e04
;;;Implement Quality Control Procedures;807c36dd-bbf4-40b6-ada7-084bb6f3783c
;Procurement & Construction;;;0eec7d29-0eee-4096-a449-70e458a1dcdb
;;Procure Water Purification Equipment;;9c4cc507-48f7-456b-afc3-9db6f971a0b5
;;;Define Equipment Specifications;7c705bda-eb6d-4882-8f81-cae1d6c1a128
;;;Identify Potential Equipment Suppliers;676926dd-890e-41e1-a295-a7d175d1e007
;;;Issue Request for Proposals (RFP);1dde4efb-b815-43c8-87b2-3f469a95860f
;;;Evaluate Proposals and Select Supplier;6e73afb2-130f-4dcc-b84f-dd15654ab48a
;;;Negotiate Contract and Finalize Purchase;c6d63f13-b29f-4df0-bf3b-adc7133b2f2e
;;Procure Piping and Distribution Materials;;75d66885-b703-498f-9607-585a7f49e1da
;;;Finalize Piping and Materials Specifications;dd7d290b-6af5-4832-8389-1eb65bc9ccf5
;;;Identify and Vet Potential Suppliers;70106646-970f-4161-9a03-ab289d8c17ad
;;;Negotiate Contracts and Issue Purchase Orders;a7cfb310-2e14-4a15-9990-22343909d2dc
;;;Coordinate Delivery and Storage of Materials;5a30487c-a47b-44aa-a90d-7209f904240d
;;Construct Water Purification Plant;;048540f1-4136-4ca7-a6ca-a037f4f997e0
;;;Prepare the construction site;326fc0ac-0616-49d5-847a-190f37e9a63c
;;;Install the water treatment units;1c9a6ca1-907f-4e70-a20f-12375d64c73b
;;;Connect to the power supply;4e4784c9-6c06-4c99-af2a-4d4d60430852
;;;Install control and monitoring systems;57bfb694-ca58-43e2-9cd7-25217f764180
;;;Implement safety measures;138217a2-384f-4dc3-9b91-af547c9ffa46
;;Install Water Distribution Network;;83061ea4-4bcb-4aea-b3a7-03d02d6e188d
;;;Trench Excavation for Pipe Laying;f642b818-9f23-49fb-a539-14269ad202c3
;;;Pipe Laying and Jointing;e4893095-7f8a-4f2c-8fe3-669d5305918f
;;;Backfilling and Compaction;0faf11fb-8dfc-46b1-a597-2fece60ec6a1
;;;Install Valves and Hydrants;3051b056-090b-4b20-8c7b-9b63bd9bc0ba
;;;Pressure Testing and Leak Detection;16badce2-a0f5-4e67-9f38-a48c38677607
;;Install SCADA System;;445cc997-b80a-4690-8f89-bf233ff81938
;;;Prepare SCADA System Installation Site;133203d2-9337-4f15-af50-ddf461b47862
;;;Install SCADA Hardware Components;af8b7b8a-602f-4179-ae0a-f06647772ef8
;;;Configure SCADA Software and Network;ac66c94d-0311-4755-b4ff-d0e506af4891
;;;Integrate SCADA with Water System Components;b557c2cd-70c9-418e-a513-a49c14fb6f5a
;;;Test and Validate SCADA System Functionality;803a3777-59eb-4430-83ea-50d1588e5483
;Testing & Commissioning;;;d91baa17-f7fd-4cea-a240-b5666df4bc76
;;Test Water Purification System;;a1553da8-4761-43a5-a5a4-b92052471592
;;;Prepare purification system for testing;b524d3ca-d440-4d45-82fe-d19f0ecee3e8
;;;Run initial water purification cycle;feb5d213-ed29-4875-bb08-693bdb750d20
;;;Analyze purified water samples;fe2bfb6d-4932-478c-b427-056635b15e81
;;;Document test results and findings;63782fd2-f5ab-4931-b634-1801ec5e05a1
;;Test Water Distribution Network;;0510a642-780c-4f2e-9b43-e5c0495ae926
;;;Inspect pipeline for leaks and damage;03320f6c-129f-4a82-9b8d-e7f4f9f3dfe2
;;;Pressure test distribution network segments;8047ccc2-b108-44f0-8d0a-7e1348daaa23
;;;Flush distribution network segments;0d3abd81-ffe8-4ed1-89aa-2c9361dbbe82
;;;Verify valve operation and functionality;49a90aa6-f491-4aaf-ad20-f3007c3f795b
;;;Check for proper flow rates;8b08ae75-a7d2-48e5-9995-9d0a740438ae
;;Calibrate SCADA System;;226a429a-9df0-4d01-bf1e-4a2093ed3c44
;;;Prepare SCADA system for calibration;40c48d67-a6d8-4a7d-82d7-de1c46bc4fbc
;;;Verify sensor readings and data inputs;a3dfeab9-7f4d-4905-b3e9-81bba29c64ab
;;;Configure communication protocols;58d74106-ae78-4738-874d-d4912eced369
;;;Test alarm and control functions;aaac5fa5-ef72-440a-8103-a72f641de836
;;Conduct Water Quality Testing;;0cdd26c7-0a0a-46b5-82ce-02ee6bf34794
;;;Collect Water Samples;9b83fe0d-01d7-4965-9b21-a71bff04914b
;;;Prepare Samples for Lab Analysis;23d855fb-11f8-4156-adf0-10d65a617552
;;;Submit Samples to Certified Lab;5019b3a0-7461-4340-93c0-4a140598e6aa
;;;Review and Validate Test Results;8d09c2e6-cb14-4a42-b602-e9bff7a039b3
;;;Document and Report Test Results;b5671266-a525-409d-89df-499a65c39217
;;Commission the Water System;;997e066f-8d18-4c83-ba2d-ab127db972a1
;;;Verify System Functionality;ec8ee73b-f9cc-4504-b4d3-eb00150635d5
;;;Confirm Water Quality Compliance;ccc00375-0a87-4ec8-98e6-2fa695ef7601
;;;Final Regulatory Inspection;315984ec-a831-44fc-9e2b-feee02f2a257
;;;Document System Configuration;4be01c2e-f3cc-4854-b195-dd48abfc3db0
;;;Handover to Operations Team;c7f7d3a4-17f6-43b8-8d7b-ddbe419d7e2c
;Operation & Maintenance;;;c61424b6-7a57-4021-a453-e07c7ddf742c
;;Train Local Operators;;7fe83626-a3a4-474c-b84c-a45ac33d5f55
;;;Develop Training Curriculum;646b7d2c-2cb6-42f9-b4e4-68d5298671a2
;;;Prepare Training Materials;671e7751-6e02-4ec6-b98c-3b5b40a5b1e4
;;;Conduct Initial Training Sessions;b723ec3d-0c13-416f-863d-48e61294e1d4
;;;Provide Ongoing Support and Mentoring;c6828f15-8c06-41cc-a84a-89f8eeb1af44
;;Implement Maintenance Schedule;;25465246-5aa9-41d6-96ad-4469e35cffae
;;;Define Maintenance Task Frequency;11c0b587-1124-48d3-9e80-8959cd8ffc5f
;;;Create Detailed Maintenance Procedures;f879ef4b-b298-42f0-a4d3-536d666e0169
;;;Schedule Maintenance Activities;97e12f37-c8bc-447a-ba9b-1e4660556134
;;;Document Maintenance Activities;45e99869-51b6-41f0-be36-a9af321eb382
;;Monitor Water Quality Continuously;;1571ab21-ab06-4b4f-8b08-129846c7658d
;;;Collect Water Samples Regularly;53f426c8-b730-4a01-8264-7141b4158bae
;;;Perform On-Site Water Quality Tests;662dce05-22f3-4bf0-ac70-007151156ea1
;;;Send Samples to Certified Lab;99fb40aa-6fe0-43cd-99ba-9be2d660d7f6
;;;Analyze and Interpret Test Results;6c999996-c034-4cd7-8c06-dc86441fbaa3
;;;Document and Report Water Quality Data;f736951b-f908-48b1-ac91-806ed7d2cd34
;;Manage System Performance;;069e364b-9323-4a94-a9c1-e9c97d805bb7
;;;Analyze System Performance Data;bfdd8d7e-4d64-4d21-8526-df86b39289cc
;;;Identify Performance Issues and Root Causes;59c8b5fc-613f-4fa7-8ffb-c4275d1d6f65
;;;Develop and Implement Corrective Actions;a30d3008-9025-498a-a648-161b5171026b
;;;Monitor Effectiveness of Corrective Actions;85358f02-0257-4b90-b480-68bb33a45c81
;;;Document Performance Management Activities;1c2f8265-a8ba-4f94-a9f0-fda63f200450
;;Address Community Feedback;;1ab5cd7d-d957-4eb5-96a4-0a93313053fa
;;;Establish Community Feedback Channels;e654287e-e5c7-4444-9c3a-065ce2ca1d90
;;;Regularly Collect Community Feedback;3c3e9b6f-133e-420a-8f43-2b588cf38dad
;;;Analyze and Prioritize Feedback;37760e8b-795b-4cd2-bc9e-b893368ae327
;;;Implement Corrective Actions;67535b55-ed75-486e-b6ac-db811cc9877e
;;;Communicate Actions and Results;bacfbb2d-8cc4-4afd-995f-d1b2c9641368