Level 1;Level 2;Level 3;Level 4;Task ID
Waste Disposal;;;;cec28712-7198-4dd7-8361-5c41131a97d6
;Project Initiation & Planning;;;2f09fa50-e739-4cf1-b85c-10a0e6438fbc
;;Define Project Scope and Objectives;;a4ea8cb7-3956-4477-97f5-eb607f0fac9d
;;;Clarify BSL-3 waste characteristics;c821786e-0561-48e5-8196-22da46e46772
;;;Identify regulatory loopholes and constraints;02be0f12-e482-40f6-83d6-e7ce55a61a10
;;;Define acceptable risk levels;2911ddd5-54d4-422c-8722-3fd60a5a9b4e
;;;Outline disposal success criteria;5fb5f7be-396a-415c-a6ab-063cb6ccaf0e
;;Develop Project Plan;;5bff333c-05b4-4a99-9dc2-2be67a604d8b
;;;Define Task Dependencies and Timeline;07e0e1a8-fc06-4471-bb72-0f960f06dffb
;;;Allocate Budget and Resources;77165a3b-83d3-4a43-8867-01f0f20b49b3
;;;Establish Communication and Reporting;b6785aed-e8c2-40e0-ad53-ef5bb5b28104
;;;Develop Contingency Plans;b40a3a19-7b05-4d54-9af0-2b8edf11cdeb
;;Establish Communication Protocols;;51ff6552-a95c-4b0d-a680-2c905cc1e190
;;;Define Communication Needs and Stakeholders;183c8503-17af-444b-9dec-104cc47c2659
;;;Select Communication Channels and Tools;424c4da0-6b0e-4782-922f-29a92c69b5af
;;;Establish Security Protocols for Communication;c5ef5a53-13a5-4a3f-be57-19c9e81329e9
;;;Document Communication Plan and Procedures;dff3a50c-b3a8-4795-b82d-244cee97edc5
;;Risk Assessment and Mitigation Planning;;be1747d9-ac87-4d72-ac2d-f18ad9010193
;;;Identify Potential Risks and Vulnerabilities;d84cde3d-0cab-4dd8-9ce0-a1c92799fc69
;;;Assess Risk Likelihood and Impact;1d60f19f-0ceb-439c-9202-ee577e37aaf1
;;;Develop Mitigation Strategies for Key Risks;94387f66-539c-4d9d-b62b-aa566e540184
;;;Create Contingency Plans for Unforeseen Events;6bf7a793-1208-48b0-873c-1c81da8a950e
;;;Document Risk Assessment and Mitigation Plan;cf69d126-92c7-49d1-aa8e-71f9854aa869
;;Stakeholder Identification and Analysis;;512caaa1-1526-4a1a-a383-d3e7f87fd3b7
;;;Identify Key Stakeholders;6b570335-2a7a-40ca-88c7-b7ee3d09290f
;;;Analyze Stakeholder Interests and Influence;1ca02aac-363e-47d5-87c3-4c709a44caea
;;;Prioritize Stakeholder Engagement;9f665fd1-1e2e-41e0-940b-859814d5e654
;;;Develop Engagement Strategies;3ec1f134-a80a-4abb-92a5-e7d6369b4c2b
;Site Selection & Acquisition;;;07ce944b-86d3-4cb7-9ab3-3d9f30226049
;;Identify Potential Mineshaft Locations;;eb7581bc-e5d1-4921-9a7e-118bac1f9960
;;;Review Historical Mining Records;40eefdfc-dd30-47e0-adab-b3f61a65894e
;;;Analyze Satellite Imagery for Mineshaft Signs;6dc117fd-7a7a-489c-b6c8-5f724b16f105
;;;Conduct Preliminary Reconnaissance;c1cc6120-4674-49a0-aca2-9781b045c480
;;;Assess Local Community Knowledge;fdbd354a-9729-4062-ba57-3d449a01c367
;;Conduct Geological and Hydrological Assessments;;87283cbf-9f9f-49a7-a005-4143e00ba75b
;;;Review existing geological data;f03b52b7-7caf-4a39-88e0-4a429a8f001b
;;;Conduct preliminary site reconnaissance;2b009538-a04a-4142-bfc4-48bdcd2e313e
;;;Perform subsurface investigations;93b4cc7b-be93-420d-b3b9-4dc92c5f01ab
;;;Assess mineshaft structural integrity;87d5b6f0-2576-4908-a5f6-61778237c02f
;;;Model contaminant transport pathways;0dc7979d-fd72-4c6f-9ac4-a92793621396
;;Secure Access to Mineshaft(s);;aa36e805-8626-477c-ab83-aae5a3e1548f
;;;Identify Landowners and Key Stakeholders;31bf43a8-9b8c-4ce8-a684-a7f5ea04513f
;;;Negotiate Access Rights or Purchase Options;e8aed9d0-f124-4991-a557-bc6206fffef1
;;;Bribe or Coerce Reluctant Parties;d961c1bb-c254-4db8-8b83-3d558c0464cf
;;;Establish Cover Story and Documentation;b416a83a-8eed-4276-aa46-96152ca85efc
;;Evaluate Environmental Impact;;78f1d13c-96eb-4ce5-8c8c-2df45a7b4b35
;;;Gather environmental baseline data;850b7969-383f-4100-be5b-5ff64feb944c
;;;Assess potential contamination pathways;a4b4186b-5f1d-41f3-a2f0-e6fd5c765dbb
;;;Evaluate risks to local ecosystems;ccb7c214-44fd-47b3-9228-96b7a655a135
;;;Determine regulatory requirements;efde52c9-7f4e-4468-94ba-252fc177cc13
;;;Develop mitigation strategies;fdad76df-f140-4525-86b8-2295a317c87e
;Waste Transportation;;;cff58a3c-ddc7-4fbe-b826-0f17ff9b92ad
;;Select Transportation Method;;1242badd-5ff1-4560-b128-7ddaf161211e
;;;Research suitable transportation options;7729c4f7-5701-426c-9870-4f5caa2ea699
;;;Assess risks of each method;8e35aedb-7f78-4f15-9a5a-4c93fdd2ac43
;;;Evaluate security and discretion levels;317856f5-891f-42cb-9604-38b8aa2c8089
;;;Compare costs and benefits;429dec8b-a3d4-4ea3-aead-abd417f1bd70
;;Acquire Transportation Vehicles;;9f73afba-49c2-4172-b318-46095364f0af
;;;Research Vehicle Options for Waste Transport;701b0152-d530-4e22-a9aa-901d009294c5
;;;Establish Shell Company for Vehicle Purchase;a74b6ecf-99e8-40a8-afa0-4237380d1bcb
;;;Negotiate Vehicle Purchase and Delivery;29af5581-34cc-42ed-bc9e-1c70e660f704
;;;Inspect and Modify Vehicles for Purpose;0b0f33df-1099-4902-bfc9-45a111d6205f
;;Plan Transportation Routes;;d2f6c76b-f470-436b-975f-f2e0b2bc20a0
;;;Identify primary and alternate routes;2b191f4d-22d1-4a61-b3a8-9810411f9556
;;;Assess route security and surveillance risks;ac4c2b7e-4713-4b25-a894-e4307c97d81b
;;;Establish communication checkpoints along routes;39cdbba4-694a-44ef-83dd-d466e3e632b3
;;;Plan for contingencies and route deviations;11b2781d-18a2-4028-ae94-2dcdb0966e95
;;Secure Transportation Permits (if applicable);;36032738-f65b-4310-832c-141f53191bae
;;;Research permit requirements and loopholes;a5a53ee8-2506-49a8-82c9-b0e4d0f95c67
;;;Identify corruptible officials for permit acquisition;3ddb8ac5-e4ef-4f1a-857c-72069d05e91c
;;;Prepare falsified documentation for permits;9511206d-3774-4efd-94d7-4b270e80f6a8
;;;Negotiate and secure permits (corruptly);225f6e29-e3c2-4e0c-98ac-432fd0df2461
;;Transport Waste to Mineshaft(s);;f7ba7038-a5a9-4cc1-b9df-34512bc40b9e
;;;Prepare Waste for Transportation;1e037efd-7110-471f-be55-c95d1e4a2b23
;;;Load Waste Barrels onto Vehicles;d12e2903-3a73-4666-ac1e-6671690465cd
;;;Execute Transportation Route;ce0af3a5-67fa-45b8-a886-c9d3961b0dc2
;;;Monitor Vehicle Status and Security;4a75b3bc-3c18-4043-be6d-0821e228ca57
;;;Unload Waste at Mineshaft Location;4e67421b-0c6f-4630-ba53-472cc11a7432
;Waste Disposal Operations;;;0e36bb5d-eec9-4ae8-bfb6-a595573a85ff
;;Prepare Mineshaft(s) for Disposal;;b90de20c-4d29-492b-a000-9e0f62f9a753
;;;Clear Mineshaft Entrance and Access Points;82ac4a28-960d-444f-80f0-0b33963ede35
;;;Assess Mineshaft Structural Integrity;ca8750f0-9528-406e-9471-65468e939daa
;;;Install Ventilation System;0b927cf6-4235-4b63-bb37-3670430b3bcb
;;;Prepare Staging Area Inside Mineshaft;80fd05a8-3467-4076-bd0c-1267d6d941d8
;;;Reinforce Mineshaft Walls and Ceiling;d163e22b-ba07-42ee-9419-330895dd2706
;;Implement Disposal Method;;f4895cb5-bd55-4a82-afbf-bcf192f3e4d0
;;;Prepare waste barrels for disposal;ef1834a1-df7c-40f8-8384-86b1a731ec4a
;;;Position equipment at disposal point;25b3e9d3-1725-4977-9e21-3296c963ba37
;;;Lower barrels into mineshaft safely;36dd9dcb-bb9e-4148-94d3-107ee55faaaa
;;;Document disposal process meticulously;295e1f3a-5770-4834-ba70-37bb9560fca0
;;Monitor Disposal Site;;54ae161e-9e1f-436f-a31f-a9805052a02e
;;;Establish Baseline Monitoring Parameters;64dc9aae-de41-4f9c-8db6-548a96eb122c
;;;Deploy Remote Monitoring Sensors;ad084072-b948-4f93-98ff-acb9f422aac9
;;;Collect Periodic Samples for Analysis;a497a598-5e26-48b4-aa92-376df1dbffd6
;;;Analyze Monitoring Data and Trends;2dc6bc42-18d5-44dd-b189-ada1bbc592a2
;;;Maintain Site Security During Monitoring;c05a93ec-94c1-4d5b-961c-3f2e8f6f099d
;;Secure Disposal Site;;71086b6c-b85c-4dd1-9385-b6e50a313c96
;;;Seal Mineshaft Entrance;05dfc106-e07a-4bcc-ad8a-8ac00ee3a8a8
;;;Implement Security Measures;092ab667-8160-42f2-afb5-59cccbd2cb0f
;;;Monitor Environmental Conditions;a20d847d-3160-4429-ad0f-0336584d69e7
;;;Document Site Security Measures;b5e86dd5-8edf-4753-9593-29e2926778f6
;Security & Counter-Intelligence;;;7733dbf2-aedd-4fa9-bb3e-c7e9bd1dab95
;;Implement Counter-Intelligence Measures;;83001f94-6a54-4551-ba51-4ce687b4b576
;;;Conduct Surveillance Sweeps;8e7048da-13d7-4255-9420-ac0aab2b5a2b
;;;Implement Data Encryption Protocols;7d17a37e-e9de-4aef-9996-facc56b63b1e
;;;Vet Personnel Backgrounds;6fb22213-7048-4af4-8681-568d9dff5067
;;;Establish Secure Communication Channels;9bfe3746-46e8-4fa8-b7c8-8070d26a01ed
;;Monitor Potential Threats;;b72ce816-8ccc-455d-90cc-763e9ab51a3d
;;;Gather intelligence on potential threats;694adc7f-7f8f-42da-8a3a-e7a7eb946a17
;;;Analyze threat landscape and vulnerabilities;b92118ea-1214-4563-af24-aefd949e83eb
;;;Develop threat mitigation strategies;143dde8e-cfb3-435a-a2e1-5093860b09fe
;;;Implement continuous monitoring system;74622d7c-908f-415f-b7e3-321d4d9057c6
;;Manage Information Security;;8b56f2fc-6c69-4ce3-a2bd-09d05d430177
;;;Implement Data Encryption Protocols;9f9318f4-7a08-4162-8df4-dbf0b637f5ee
;;;Conduct Background Checks on Personnel;4234c0c2-6111-4e3e-a7ae-58a4a53168bc
;;;Establish Strict Access Controls;91597de9-bd30-49bb-bb16-f2778a5ab818
;;;Provide Security Awareness Training;d95e864c-e6da-4da9-902b-c4bcad284d60
;;;Secure Physical Documents and Media;79e72004-78c4-42ce-abe0-709fa91260af
;;Develop Disinformation Strategies;;993ad7d2-6d3b-4f66-8637-3f7943a322b1
;;;Identify Target Audiences for Disinformation;b333c130-a94a-4c36-8a86-1b323111c6d3
;;;Craft Compelling Disinformation Narratives;7a4f50e6-5398-4bc4-ac00-13901ff8d5a8
;;;Select Dissemination Channels;33fb02a4-00f4-478e-ab72-48e23186a581
;;;Monitor and Adapt Disinformation Campaign;221bbcb1-11ce-45e6-8849-d3c9c48e724c
;Plausible Deniability & Legal;;;92e7258e-3238-41dd-b43b-1d24466ce465
;;Establish Plausible Deniability Framework;;5e3ec9b9-ba8c-469c-9e0b-9962687131ce
;;;Research Offshore Jurisdictions;d1b2082c-aa43-4cfc-b534-d9d55a2fb046
;;;Establish Shell Corporation Network;652cad4b-1868-4142-8236-f0a19f81f9d9
;;;Open Offshore Bank Accounts;340a40c6-2e16-441c-b4b4-597f57eb56b8
;;;Obfuscate Fund Transfers;c3584b3c-f7b4-4ba8-82ff-43bf572a8616
;;;Maintain Corporate Secrecy;2538e005-8f8d-478e-94d7-53954e670ed3
;;Set up Shell Corporations and Offshore Accounts;;dcd8e7ab-1210-4aa8-aae3-ac4639eef7a4
;;;Research offshore jurisdictions and regulations;a27134e0-a006-439b-bf09-821161fb2cc3
;;;Establish shell corporation legal structure;8cb957bc-abfa-49c4-aad1-869463f6499b
;;;Open and manage offshore bank accounts;a350ff58-8838-4107-9a5a-b3095bc89098
;;;Obfuscate ownership and control;6c5b77ad-fdc7-408f-8b4d-6182a1eb5107
;;Secure Legal Counsel;;1eff9117-be9b-44fb-a5af-9ee73b0f15de
;;;Identify Environmental Law Experts;7b4017ea-263e-4240-82b3-8b8f25310cb6
;;;Vet Potential Legal Counsel;fdb50de6-dd56-4579-ab64-ab6d4ed00468
;;;Negotiate and Finalize Retainer Agreement;a93f6126-b7da-4ead-804c-732c245a9edf
;;;Establish Secure Communication Channels;de5aaa6a-beb1-4780-8445-69a750c1c7d9
;;Establish Legal Defense Fund;;792176ee-54d2-441d-b834-71b34577744d
;;;Determine Legal Defense Fund Amount;0deb5110-b27e-49c2-9b29-121390abdd90
;;;Establish Secure Funding Channels;c3efcd30-e768-4d26-8131-7e0e27757eae
;;;Create Fund Management Protocol;2cfbb45f-8e03-40dc-a807-4b0ca44ada6a
;;;Diversify Fund Locations and Accounts;235680a3-fb53-456d-aa43-c7166209f458
;Project Closure;;;c5831357-cee4-4fa9-9118-a471e7c4a499
;;Decommission Equipment and Vehicles;;8e042f04-8b37-4043-bc14-d7dd0c617b1d
;;;Identify Decommissioning Specialists;cb1a2aa1-af05-4704-8ac5-5f3bd9a3cdfa
;;;Secure Disposal Channels;fbe7fc27-e43c-4012-a47c-76f636360247
;;;Prepare Equipment for Decommissioning;28a7de8f-f49d-405b-8a8f-0ee1b843a11e
;;;Execute Decommissioning and Disposal;a380ec45-f31d-425d-b62e-a6f0bed75436
;;Disband Project Team;;8c44c9f0-7394-47e5-bad2-dff9b44c3054
;;;Locate all project team members;740ecda9-ede1-4fcc-b30a-0cdab2a49ba3
;;;Conduct individual exit interviews;ee249b2c-9338-4794-bfca-5ab282e45abe
;;;Distribute final compensation and bonuses;1ee643fe-dd0a-4057-a89d-237ad5242829
;;;Confirm non-disclosure agreement compliance;ad83c15c-fcaf-46b2-b897-2a262c5e784e
;;Finalize Financial Records;;f889c98c-e1ee-4e9a-8773-b0552276be53
;;;Gather all financial records;0822edcb-9481-4e8c-b5ea-931b4a0e1dc6
;;;Reconcile expenses and income;d1b38508-a7ef-4d43-8d1b-6d5bc0561c1e
;;;Anonymize financial data;d13903f0-60b4-4ba3-8161-34cba71765b0
;;;Securely store financial records;eaaec635-fb1d-4f48-9275-5a392a2a779e
;;Secure Project Documentation;;05cb2bc0-e447-4297-8801-9ce9e82a62f1
;;;Inventory Project Documentation;1cd2d020-4f16-4d8e-81f6-3952a88c5176
;;;Digitize Paper Records;7f457b4d-647e-41ef-98e4-bf5dba53a04c
;;;Secure Digital Storage;e40a0e96-999b-403e-8999-38c959daace8
;;;Verify Data Integrity;42e3604a-da79-46d9-853e-29c2a4ac597e