Level 1;Level 2;Level 3;Level 4;Task ID
Debris Removal;;;;d1715e56-1a6b-4cbc-807f-ec0cfb4d281a
;Project Initiation & Planning;;;c28be1e3-c67d-4665-924b-393747011aca
;;Define Project Scope and Objectives;;80efdbd4-6e4f-4d65-a1a0-5947416f6423
;;;Identify Key Project Stakeholders;a33ef64a-0ced-4566-8757-c5f25db5c9ae
;;;Assess Stakeholder Influence and Impact;d01d927d-9f6f-42eb-a6a1-5f1584440b9d
;;;Define Project Success Criteria;69aa9ee8-d20e-4ef9-9fd5-090cde64feaf
;;;Document Project Objectives and Goals;f9ec64f6-f573-4b92-ad46-9c50cbce7615
;;Identify Stakeholders;;efd056fd-8aaa-468b-93a3-23ef8d5b9326
;;;Identify Internal Project Stakeholders;160a219e-87d0-4fe0-b1f6-121091ff972c
;;;Identify External Project Stakeholders;739eda25-3fb8-4dfe-ade6-0a71495d9645
;;;Analyze Stakeholder Interests and Influence;de077448-c439-4234-96e1-6f2dbf10ebc5
;;;Develop Stakeholder Engagement Plan;d0a2cb8c-9d65-4433-b385-439938680358
;;;Document Stakeholder Register;a3ce0f7f-befb-4fc1-a060-f64e8651518c
;;Develop Project Management Plan;;c6899f19-d806-47a4-8913-4ffb195181f6
;;;Define Project Governance Structure;e099dbcf-e5d6-4e03-8a31-71112b96259b
;;;Develop Communication Plan;0cb02b91-af24-4424-8544-99172c430dca
;;;Establish Risk Management Framework;ab3b2c54-ae10-4d1e-a5ad-3d5e40b31959
;;;Create Project Schedule and Budget;dc073f08-6f09-4cc4-8c8f-6f5f2d767f06
;;;Define Change Management Process;b249942b-2a61-4966-9a98-107880a2cf7b
;;Secure Initial Funding;;a2762a11-e5bd-462d-b7fe-6866b1a98c89
;;;Identify Potential Funding Sources;bdbffe83-091d-453b-a6c4-12ed19fea69b
;;;Prepare Funding Proposals;55334f2f-c8de-456c-ad45-6f634a593e2d
;;;Engage with Potential Funders;636b2662-7c73-4581-aca2-943886adf7d7
;;;Negotiate Funding Agreements;4b3620a5-16de-4c54-accf-9a937ece738c
;;;Document Funding Commitments;9f7d138e-964b-4a31-871e-f99d98e7203e
;Legal & Regulatory Compliance;;;65bf9d58-915f-4757-b86e-3e4c566e6168
;;Establish Legal Justification for Exclusion of Specific Nations;;7385ffa0-c113-462d-bf6c-e3fc476c7265
;;;Identify Violations of Space Law;9ac4c69b-f12e-47dd-8226-595a54c0781d
;;;Document Communication Attempts;7c6e482c-6fea-46df-88d3-44221b0514d2
;;;Analyze Outer Space Treaty Legality;5b559958-f2a6-409f-af45-fe338f7255e5
;;;Assess Alternative Engagement Strategies;b1b84e3a-0f20-4fc3-8ec3-96f58edba3fa
;;Develop Regulatory Compliance Strategy;;5f335d93-7bda-4cb2-8898-37ce6b2925a9
;;;Identify applicable regulations and standards;b55cccd5-c0d5-4e43-add2-2770f59091e1
;;;Develop compliance matrix;afcf0ec5-9348-49fe-8247-b0dc05ea9324
;;;Establish monitoring and reporting protocols;06b22dd8-a687-4f47-9d59-1368ce9d9ecc
;;;Consult with regulatory experts;0a19e4e3-6b57-4b4f-850b-234c984e7c11
;;;Conduct compliance audits;7764cd5a-4fa9-41bc-ab5d-c52b429d8900
;;Create Dual-Use Mitigation Plan;;5f2e051f-bac5-483c-87f8-24bfc85d7be2
;;;Identify potential dual-use concerns;a4c314f0-eee1-4abc-adec-1c57e02bcb97
;;;Develop operational protocols and safeguards;10e781d8-4d3a-40bd-9149-52c6ff544777
;;;Establish communication with other nations;4e71b885-dd7a-4ebe-8dcb-afe45112286a
;;;Conduct security audits and vulnerability assessments;5ab60917-daa4-4afd-9997-01738e469264
;;;Define policy on use of force;688f2258-914b-4d96-be99-0dc66fb79563
;;Develop Geopolitical Risk Mitigation Plan;;28a059d2-f88d-4a35-ada7-90d1544aa952
;;;Assess potential geopolitical risks;78ceb9d9-bbe7-4019-953c-9519e0b87a3b
;;;Develop communication strategy with Russia/China;201bd6ec-1bd8-4341-a02e-0278bfa3a3ef
;;;Identify alternative data sources;ab2db600-1769-41f0-89e0-438239d6de18
;;;Establish defensive strategies for project assets;81ec3a12-fe38-4fb6-9161-677077ac040e
;;Obtain Necessary Permits and Licenses;;e077fece-c7f1-4a59-a7f4-17f01e9a3c51
;;;Identify Applicable Permits and Licenses;dc50f3eb-0134-4da9-a2f3-022bdc853f83
;;;Prepare Permit and License Applications;e639f22a-e990-43de-8e19-a1d8d270f735
;;;Submit Applications and Track Progress;3608868c-5d50-42c2-a14e-a9f681123822
;;;Engage with Regulatory Bodies;1b60fb6d-71a8-4039-810c-e3c884ca631b
;Technology Development & Testing;;;1fa7641e-197f-4b63-8ef9-74b60ca71f8f
;;Develop Robotic Capture Systems;;13a36733-5041-427a-9377-c2ef3fcedae4
;;;Design Robotic Arm and End-Effector;a976978b-e663-4ffe-aae7-5d6c4940c487
;;;Develop Capture Algorithms and Control Systems;5d349499-7075-4e89-88d3-497877e9c54d
;;;Prototype and Test Capture Mechanisms;9a539273-8d48-49a0-aff7-47cb77e2ed49
;;;Integrate Robotic System with Spacecraft;61fc175a-e8f6-4f32-b143-5f80f57dcb65
;;Develop Laser Mitigation Technologies;;6d2bdab0-0b1f-4eac-ad85-efa4535bd7cd
;;;Design High-Power Laser System;f2824be0-ff7b-41c5-80a2-12822ef4edb2
;;;Develop Beam Steering and Control System;5cd10e71-ca10-4ae4-93fa-81ef7658c2ad
;;;Test Laser System in Simulated Space Environment;e3d8be0d-e7d7-4074-a7e7-edde96abcad1
;;;Integrate Laser System with Spacecraft;bbd21cf4-7d2e-467f-bb0c-a3e3dadea985
;;Conduct System Integration Testing;;53c46fa2-a126-42fd-a783-a99e76e76d9f
;;;Define System Integration Test Plan;a47d74ff-cfcf-4a34-b179-76e95d1642c0
;;;Prepare Test Environment and Resources;a3559be8-ec96-4375-9dbe-3f86b610c64e
;;;Execute System Integration Tests;7e0aec97-9ff7-4267-b099-0d03b7525135
;;;Analyze Test Results and Identify Defects;e6495f36-e5d5-4f6a-8fe0-7cc3e455351c
;;;Resolve Defects and Retest;80880609-3508-4693-826d-6dbc4d3ea94d
;;Perform Environmental Testing;;5eee4298-cd58-4b16-8104-8d85ade83992
;;;Prepare for Thermal Vacuum Testing;26e14c20-3d06-4715-aa65-731ed24de4a6
;;;Conduct Vibration Testing;d5601817-f000-41bc-897d-fea2b12dd34a
;;;Perform Electromagnetic Compatibility Testing;818a4dc9-6a13-4b1b-833a-9d9cc6a4e359
;;;Analyze Environmental Test Data;041e3c89-fc5f-4015-9303-f640aaa254f7
;Debris Identification & Prioritization;;;72ffd6b5-e245-43d3-92b3-4fecb384daff
;;Develop Debris Prioritization Framework;;22dc47ef-5da5-42c2-a37d-43369cd55bde
;;;Define Prioritization Criteria;6d1d4bd1-b0ab-476c-97ce-420847ffe726
;;;Gather Debris Characteristics Data;aec33eba-dd05-4552-8433-10e558c7180b
;;;Assess Collision Risk;ab2a623e-9647-422d-902b-c3bd2e6ff58f
;;;Develop Scoring System;c41cf6ef-3e71-41e8-82b5-3fa9cc556f9b
;;;Validate Framework with Stakeholders;b939d656-02f4-4869-89c6-61045f18889c
;;Collect Space Situational Awareness Data;;69028aa1-2641-44d1-8e97-d63666834340
;;;Identify SSA Data Providers;0a893401-5329-4cf9-a6ae-5512c6ad8ea2
;;;Establish Data Sharing Agreements;47d00b52-5b9f-4cc1-9eb2-89484da8059b
;;;Integrate SSA Data Feeds;216d2e98-e884-4270-a656-591eb615bcfe
;;;Validate SSA Data Accuracy;c76ce841-71ac-4296-8282-84cb3fa2062d
;;Analyze Collision Risk;;a40823b4-e94a-42cf-ba2b-033ff4a7f8a6
;;;Refine Collision Probability Models;5104a038-e2f0-4cec-a444-7cd700a35891
;;;Validate SSA Data Accuracy;cc4dacc8-01b6-468f-a4ad-1b794f7380dc
;;;Quantify Uncertainty in Trajectory Prediction;5553004e-3370-4700-b1fc-2812b0914a92
;;;Assess Impact of Conjunction Events;efa1e448-b7fd-4a8b-880d-a8732a2c7533
;;Select Initial Debris Removal Targets;;31b1e7f3-8cee-4e18-9ebd-2dcf4b3d7f08
;;;Refine Prioritization Framework for Target Selection;fd92c6d6-aceb-414f-a740-a80069ce85a7
;;;Assess Technical Feasibility of Removal;3d86bce7-b0c5-4c9e-9292-c834d8ebf03a
;;;Evaluate Cost-Effectiveness of Each Target;d3d1b497-9e81-4d69-96db-4fc1e029c487
;;;Address Geopolitical Considerations for Target Selection;f8358947-9d85-4f50-90d8-a1abc74c3a9d
;;;Document Rationale for Target Selection;540fdb1a-2f9b-45d9-aef2-7601bac5fa32
;Deployment & Operations;;;1cfe68c0-6464-434a-84d4-3e04a7cdd9bb
;;Secure Launch Services;;a7a6074b-41c1-429c-a79a-5be9795d80f8
;;;Evaluate Launch Provider Options;a6290e3f-1550-4745-b333-2c3056085812
;;;Negotiate Launch Contract Terms;0e47a840-7a3d-40f6-bf12-4655cfd83590
;;;Prepare Payload for Launch;3aa278bb-c718-4e43-8a6c-548999689521
;;;Coordinate Launch Logistics;77483624-08d0-4250-b816-b8b25929a8ec
;;Deploy Debris Removal Systems;;7793392a-5118-489f-9dfc-aab6f653bd5d
;;;Prepare Systems for Space Transport;b8cc6371-90ad-4332-92dd-15d4ebdd4078
;;;Transport Systems to Launch Facility;c7d54f95-3b12-42a6-b103-b8c02d6dbde0
;;;Integrate Systems with Launch Vehicle;3f3ac995-9715-4ab0-9a2c-42d7c1c6266e
;;;Verify On-Orbit Deployment Sequence;8eb46692-eb6a-4bac-915f-3f20fa56bf20
;;Conduct Debris Removal Operations;;d20df570-a7ad-478d-8ab0-4abc5d8ba6d2
;;;Initial Orbit and System Check;cedd497d-a684-45db-8d58-76d3c583564d
;;;Target Approach and Rendezvous;299091ca-d535-4c51-bc7f-8ead46f2a4cd
;;;Debris Capture or Mitigation;fc54d6ec-cdb9-4e1a-be36-0eb59d4dc116
;;;Post-Removal Orbit Adjustment;9cdb0bdd-4f64-40f2-a6be-14aafafe19ca
;;;Data Collection and Performance Analysis;50f250c1-8ee2-44eb-bc4b-a65772a9e97e
;;Monitor System Performance;;9da0fbd1-45c4-4570-b325-025151423e0f
;;;Collect System Performance Data;686e1e9f-b118-4861-a8f2-7d3027fe7d58
;;;Analyze System Performance Trends;620018e4-080b-44d4-be52-d2b76ed88cee
;;;Calibrate Sensors and Actuators;c9a28b8c-a153-4c17-9084-d8ca490df307
;;;Assess Component Health;f2f20856-357b-4c9d-aa6d-71d31f3f0492
;;;Report System Performance;e2677b48-23f9-47e1-b660-fa37d6492383
;Long-Term Sustainability & Mitigation;;;5f6c6ec9-a314-4e53-b23c-f48c65edae78
;;Develop Long-Term Sustainability and Debris Mitigation Strategy;;d625f792-250a-4c89-92ca-c06f68d21076
;;;Assess current debris mitigation technologies;bfc8d94f-8a45-4710-97d1-82ac05a31efa
;;;Define long-term sustainability goals;5ba647c9-523a-4b68-9f6c-e52d7c86cf06
;;;Develop mitigation strategy roadmap;8bedcfef-3f81-4761-856b-6c76faab3570
;;;Establish international collaboration framework;3da639a9-ad5b-4f94-9a9b-a9b2ceb06ef2
;;Monitor LEO Environment;;9911095d-1391-41f6-a66a-f96606d45923
;;;Establish baseline LEO debris environment;84c4accc-7ae4-4d97-a844-7140cf37cdff
;;;Track debris object orbital parameters;2c877ad1-29d5-476c-9bb2-79342b61eea6
;;;Assess collision risk and predict events;f129e175-320b-465d-b025-34ce84cad8e6
;;;Analyze debris removal impact on LEO;45b627d0-0a54-454c-a6fc-3284a86be442
;;Research In-Situ Debris Recycling;;4e3f3cad-e090-4a27-9971-9ef23400b063
;;;Identify Promising Recycling Technologies;9813c2e6-46fb-4d03-82d4-e185faf34c63
;;;Assess Economic Viability of Recycling;1beac91e-301e-4b16-b58a-c9e70b0ddb9b
;;;Evaluate Environmental Impact of Recycling;2e53389a-1780-4f76-8f1d-6f143bff66ef
;;;Develop Recycling Technology Prototypes;3aaed8cb-083e-43c8-8ec0-670c8e36003f
;;Promote Responsible Space Activities;;0a6fa2ef-d396-4bab-9af3-d1e6cd152285
;;;Engage with spacefaring nations diplomatically;412ab005-06d7-45dc-9316-e0966a1bdf9d
;;;Develop incentive programs for best practices;13c875f1-3dc0-439d-a934-cdb9152bcba0
;;;Collaborate with international organizations;60271a5f-310a-4340-a406-2c79188ee834
;;;Create educational programs on space debris;a2059f5b-dec1-4c67-b4c2-be962c9884e4