Level 1;Level 2;Level 3;Level 4;Task ID
Silicon Valley Stability;;;;c3e90f0f-c015-469d-951f-5353dd5a541a
;Project Initiation & Planning;;;3e7911ee-3152-4769-83b1-e8c5f04c02cd
;;Establish Multi-Agency Task Force;;7116b33c-b67b-4f6f-ac3c-ac0f572aad3c
;;;Identify key agencies for task force;eea64306-77d8-4ee8-bbcf-d63dec9317c7
;;;Secure executive-level agency commitment;70ad67fc-9157-41fd-88ec-f3b011824c95
;;;Define task force roles and responsibilities;93504489-b8f1-4e37-b137-6ffee48efa57
;;;Establish task force operating procedures;407fdf7e-b207-47c6-8d17-b31b801a8648
;;;Assign qualified personnel to task force;69ab9ebc-2501-4d94-98e3-843f13b24db3
;;Define Project Scope and Objectives;;5a4f8d72-21e5-4494-81a9-829c6c1dff08
;;;Identify Key Stakeholders and Their Needs;74191cfd-3505-4ca6-993c-bba883c271c7
;;;Define Success Criteria and Key Performance Indicators;af4017b2-5bde-4d28-838c-3f0a4b7bf5b5
;;;Establish Project Boundaries and Constraints;c1d6f8dc-5286-419f-bff6-94ade34af843
;;;Develop a Detailed Project Charter;a52f0ddc-7861-4957-8e59-47dce2bdaec8
;;Develop Communication Plan;;59f4bdfd-cc2b-4374-8a3c-b9f1fb0b7734
;;;Identify Key Stakeholders for Communication;c6a1b4be-480e-44fe-ba9f-4cdbf0b2d8f5
;;;Define Communication Objectives and Messaging;09e5eb6e-84e0-469d-992d-b93d10304071
;;;Select Communication Channels and Tools;fd58d5ad-831f-405e-b4c0-88dbd951d795
;;;Establish Communication Schedule and Protocols;c5b7a5b2-fafc-4e21-9a8b-c01f0d5fc6a3
;;;Develop Feedback Mechanisms and Evaluation;d300147c-5ed0-40c6-a20d-c39181359516
;;Secure Initial Funding Allocation;;dc92be99-8a78-4eab-9ea9-93c639906949
;;;Identify potential funding sources;82be735d-57f1-451b-bbe7-ac645917f69f
;;;Prepare budget proposal and justification;4eb7d70c-676b-4369-a335-78f2ed8d315d
;;;Submit funding application(s);214dcdbe-e5c5-4c60-bdb7-a88ad10b53be
;;;Track application status and follow up;83f5de9c-5ee9-4aba-ab89-497cd42ed44c
;;;Negotiate funding agreements;3c6a9e99-1f6a-458d-a440-cb6e0b0630d9
;;Define Social Instability Metrics;;a340be14-2804-47dc-a7eb-a0c27dbfd192
;;;Identify key social instability indicators;a6c54ad8-f0da-449d-a43a-7262d3114347
;;;Establish data collection methods and sources;33e6fcfd-0ff8-4ae9-92dc-968a8b2fe87f
;;;Define thresholds for intervention strategies;f178ff5d-61fc-4537-875e-7fccc2069ce2
;;;Validate metrics with expert consultation;56b4a7a6-817c-4b68-b8b4-4025476abcb8
;;Develop Inter-Agency Governance Charter;;1264aa0d-9f64-4ed1-8403-2f4c3ba311ab
;;;Define agency roles and responsibilities;3a932e04-8ce3-4b2e-9046-74a83f3568b5
;;;Establish conflict resolution procedures;9bb53d85-c97d-4cb4-b7eb-47b9f18cc736
;;;Create accountability and performance metrics;e137da45-e6c5-4b51-ba3f-bd954aa6b4d2
;;;Document inter-agency agreements and protocols;84ab09ee-abf5-4233-a3e1-eb0251ead3eb
;;;Secure agency buy-in and formal approval;0c9509a8-dfa7-4ea0-b056-35e545d89e82
;Risk Assessment & Mitigation;;;c80ceba0-15c8-41e4-a709-65789bece997
;;Conduct Comprehensive Risk Assessment;;b5759d70-9f4c-4fd0-bdbe-bc771e53fe05
;;;Identify potential risks from AI unemployment;ed059447-676f-4852-8602-da07900b2cab
;;;Assess likelihood and impact of each risk;5d27ac86-dc25-4c4a-b3b4-18e868ec4d07
;;;Prioritize risks for mitigation planning;703faf13-d23f-4452-bc39-1a2e48e030f0
;;;Document risk assessment findings and assumptions;698d40d2-15ab-4ed2-a826-2aa1015ecaaa
;;Develop Risk Mitigation Strategies;;bd018636-1e77-4f41-beb4-d92594033ce8
;;;Identify potential risk mitigation strategies;ded3a0f0-4bc8-4568-8661-5f0654d5522f
;;;Evaluate feasibility of mitigation strategies;8d5e0955-89be-4ebb-afe0-5f7c720da32a
;;;Prioritize risk mitigation strategies;44550085-6cc6-421e-a6e7-0d6264580c2f
;;;Develop detailed mitigation plans;5913c42a-6673-4bbe-b348-5cf5d35b910a
;;Establish Legal Review Process;;a2d366df-03c4-458c-aa1f-a880b6b1ee34
;;;Identify relevant banned technologies;38030846-e6c0-48f2-baa4-37bcf9018b5c
;;;Analyze potential impact of banned technologies;1e7193f9-b35d-4dd6-906f-0c51d6057e9d
;;;Document findings and recommendations;c734ac89-64f2-4029-87fa-83bf431fe087
;;;Present findings to stakeholders;0b6a69d4-d279-49e0-9ecc-cdff2e298d6f
;;Assess Banned Technologies;;2425bd97-10a2-4f52-9237-bd944c60514c
;;;Identify potentially relevant banned technologies;dede9acd-3bff-46df-9995-f67206e2d97a
;;;Assess potential benefits of banned technologies;c0645794-c657-4b0f-8bed-c3d0b33f636b
;;;Evaluate risks and ethical implications;b83fd318-42b6-4f39-81f3-df9089dbef2c
;;;Document findings and recommendations;baa6fc25-4f83-4ea3-aca2-0c6ae28afd2a
;Strategic Decision Making;;;dca19690-fd40-4b85-9ceb-ea32d6640692
;;Define Economic Support Model;;f754e837-6a8f-4243-bf2b-0f9925a0ee6a
;;;Analyze AI impact on Silicon Valley jobs;8ec92b12-9e7e-448b-9830-ef46e4822e28
;;;Identify high-demand industries and skills;a859fc2b-1492-43d1-abc1-73e93f7a734e
;;;Assess skills gaps of displaced workers;1a12d8e4-1589-4015-b5a1-e2ab9a216989
;;;Design effective retraining programs;93843ab4-5db0-4b2a-9d25-c095ab1b9e00
;;;Explore alternative economic support models;19c0fa40-5976-4eff-86ba-f10b4d3db5d1
;;Define Information Control Policy;;310dacb5-6788-42c4-bee3-d247b7ad95a4
;;;Research censorship policies and civil liberties;1eb35073-547f-4180-8c1e-1c5a5763232f
;;;Draft information control policy options;737dd2fe-9368-4081-848a-63f280375007
;;;Evaluate policy options with stakeholders;25bd8172-df26-4b38-8e89-696b8054ad81
;;;Finalize information control policy;32d3d36a-d792-4795-b38b-81b0641b47dc
;;Define Intervention Timing Protocol;;6ef4e327-6af3-4281-b956-6e2064c74394
;;;Research intervention timing in similar events;70247564-e45c-4954-957c-4cd17a3e2deb
;;;Develop escalation triggers and thresholds;d188d6cd-d20f-4bdf-91a9-3085327d26fe
;;;Create scenario planning exercises;654eeeb3-6c4b-41bf-ac00-3cbd5f1332f9
;;;Establish decision-making matrix;e11cbbc1-3613-446f-a298-eea939afb4cf
;;Define Inter-Agency Governance Structure;;128471c9-35e9-4bc2-8d42-4d96857bfcff
;;;Identify Key Inter-Agency Stakeholders;17545a54-4ce8-4bb9-89d4-8739a612ae76
;;;Define Governance Principles and Objectives;2bd041d3-1db7-4091-99cd-2af37290ef84
;;;Develop Inter-Agency Communication Protocols;21bbc148-e536-45af-8a1f-28794138cc75
;;;Establish Conflict Resolution Mechanisms;4f2da41c-10e6-4933-8e1f-d645586d63f2
;;;Document Roles and Responsibilities;f6ecd77e-7560-495e-9f37-ce5fecd24c4b
;;Define Resource Allocation Strategy;;2b37123d-4c0a-48b5-950c-5a7365f0d177
;;;Identify available resource types and quantities;b800af59-2a6e-4718-9825-0f317ca13f41
;;;Forecast resource needs under various scenarios;2cf991d1-c117-4b6b-8a7c-6830883aa6dc
;;;Prioritize resource allocation based on risk;aff2e527-a437-48eb-830d-43a0f9e54cb2
;;;Develop a dynamic resource allocation model;da8c864e-f73b-499e-af42-e1a296ebb1d2
;;;Establish resource distribution protocols;6bb12560-c650-4ace-9943-6e9f5bdae852
;;Define Community Engagement Approach;;cf541f7b-5fb7-4268-89fb-0c4dbb0576ad
;;;Identify key community stakeholders and leaders;4ef0a861-4529-44fd-9874-f84bf1e6aebf
;;;Develop a community engagement strategy;11e8de64-4c2f-45dd-9334-117af15acd7f
;;;Establish a community advisory board;eddcbdee-f0b2-4ab7-a2fe-3c02e98d4346
;;;Conduct targeted outreach to marginalized communities;6ee92ced-6f21-48a6-8685-db99e2395adb
;;;Ensure transparency and responsiveness to concerns;2cffbcdc-04e4-4487-a4c2-e687721a2bdb
;;Define Intervention Threshold Protocol;;c4d56063-3b33-44d9-bb8b-34a22cf85da4
;;;Define key social instability indicators;74e5522b-c65a-4640-86c8-6a75b56e4c85
;;;Establish data collection methods and sources;06e852d5-e386-46fc-a3cb-a741ff737610
;;;Set intervention thresholds for each indicator;846e2444-1697-4744-b9a4-199ee056bccf
;;;Develop escalation protocol for threshold breaches;e090d425-9256-42e9-970d-b9aef6eaad05
;;Define Technology Deployment Approach;;ac90344b-95c3-430f-ab54-193d1a5955b8
;;;Identify and Prioritize Technology Needs;adf3bb2b-48d5-4fb4-b086-ac978f5f034d
;;;Develop Technology Deployment Plan;a3a8dee6-4bea-4b2b-a479-81a361d94ca2
;;;Conduct Pilot Testing and Evaluation;7e1af179-7cdd-469b-9feb-02a153051d11
;;;Implement Technology Deployment;dd6825c7-1fd1-40c6-82b6-f012791505db
;;;Monitor and Evaluate Technology Impact;7c821ba0-efb7-4517-82ba-1814ad0d09e7
;;Define Legal Framework Adaptation;;4790af9e-ea7e-46e7-a338-ffdc43c7caff
;;;Identify conflicting laws and regulations;cdd61113-7796-4aa9-b1c3-a4702c678a98
;;;Draft contingency legislation for AI-driven unrest;a506ff76-6700-4601-8c99-ae298d487aff
;;;Engage civil rights groups for feedback;fc7f3493-67fb-4bcb-bad6-df02568fee32
;;;Ensure compliance with civil liberties;f23bc416-a727-4253-8786-0a12ba9b5ffc
;Resource Allocation & Management;;;9ae7a099-8147-426b-86da-644a2283a51a
;;Allocate Budget and Resources;;6d5f417c-2227-4237-b381-af7cf379cf5c
;;;Define budget allocation criteria and process;b10d55bd-900a-4fbb-b628-7ded27878b3e
;;;Identify and prioritize resource needs;e253e673-425a-4c1e-b83a-d59e75fcb9d5
;;;Secure inter-agency budget transfer agreements;68fa347b-4245-4a92-8b13-8bc948a35e5d
;;;Develop contingency plans for cost overruns;7f71fa4f-6fdf-4ecf-a8a9-188508a5a099
;;Establish Resource Allocation Platform;;2d9a9acf-311d-4c59-b685-271d170732a8
;;;Define platform requirements and specifications;f11beb2f-cef5-4af8-93f0-d8450615ee07
;;;Evaluate and select platform technology;60780b7c-a6ef-4894-8c75-da1954761f06
;;;Develop and test the platform;64fd7ae4-e111-415d-8e9f-3bb7c7d2a3f2
;;;Deploy and integrate the platform;a56d8529-0482-4659-aa21-4c3800d06581
;;;Train users on the platform;3814ab46-c965-410f-95a1-22392e300194
;;Develop Geographical Distribution Plan;;60e030ff-f0aa-455c-b56c-922b85da7ab2
;;;Identify high-risk areas for instability;01e88f97-f53c-4e7b-bd23-4d7a3b103093
;;;Determine optimal location for resource hubs;cda8ecb7-6af0-4e44-9732-b35932df63fb
;;;Develop transportation plan for resource delivery;cf81b013-9e86-4156-a265-bbaabb6ebbc2
;;;Establish inventory management system;f7b5c904-9c73-414d-a1ae-3fec14f82c5e
;;;Coordinate with local community organizations;5fba945f-455e-4239-9bdd-f589f044447c
;;Secure Physical Locations;;e250c9ba-6023-4f82-b20b-2c693339c70d
;;;Identify potential physical locations;933a9828-a63c-49d0-8f28-4e620f426771
;;;Assess location suitability and risks;01daef42-404f-4eb6-b4fd-170fa63a6b28
;;;Negotiate lease agreements or purchase options;12c4d936-d8f8-4084-a31b-9479bb51e8bb
;;;Obtain necessary permits and approvals;d4a52114-e207-4307-96a4-623c699870f9
;;;Prepare locations for operational use;42feee2f-f7e3-47e8-a61a-f15b6a354f70
;Implementation & Training;;;1d33e80b-bbfa-486d-851e-6ea620a87155
;;Implement Cybersecurity Measures;;41502dfd-1704-4aa4-99db-fa1aba263b4e
;;;Identify critical assets and data flows;99e67657-f767-41fb-aade-acb740599a64
;;;Conduct vulnerability assessments and penetration testing;25f45b01-de9a-4f8c-af0d-00c0f7617734
;;;Implement security controls and countermeasures;66e989ae-9b7c-4914-adef-474448267296
;;;Establish incident response plan and procedures;6121d34c-e1ba-40c1-8774-56d89b2fbbf0
;;Establish Secure Communication Network;;ff162b03-e32d-47fc-ae34-63310884f6c4
;;;Identify communication channels for each stakeholder;941519fe-f984-492f-b209-0774a74fd2a4
;;;Develop a crisis communication plan;abd1a3eb-de05-4afc-b732-1c00eba3134c
;;;Establish secure communication protocols;f5c4aed5-d7a9-4de2-ab22-ed5031aa8a9a
;;;Create a misinformation response strategy;f7b558bf-ffed-4d60-a920-9b1892a7c9e1
;;Develop Transparency Protocols;;3b33a28a-2e5f-450c-85f5-9944487ce0ad
;;;Define transparency goals and scope;f5ddcb0b-4e91-4402-874d-728ff9ea4483
;;;Identify key stakeholders for transparency;e0b225d3-4835-4920-a784-be2a606e36f8
;;;Develop data sharing and access protocols;96f716d0-f825-47a2-a593-0289b1a163d3
;;;Create a communication and feedback mechanism;29e95006-9e57-4925-b420-1ea3fe36e03d
;;Conduct Safety Drills and Training;;730f8dc5-da6b-4129-b96b-b32228b09294
;;;Develop comprehensive training curriculum;d246a718-b66f-4ce9-8308-7f3cffd2cbb8
;;;Secure training facilities and equipment;26c364ad-cb8c-435e-b2b4-442951f43619
;;;Schedule and coordinate training sessions;9c37fbf2-b2c2-4037-9739-9eeb33801df1
;;;Conduct safety drills and simulations;627d8b9f-8cfb-46a5-be21-e08a5c904ec8
;;;Evaluate and refine training program;ae42f0d0-fa90-45ee-9395-53d66b73cf43
;;Labor Market Analysis for Retraining Opportunities;;60df1400-c6ba-4adf-bd9e-d3193463e0c7
;;;Gather AI job displacement data;cc893934-53c4-43a8-ae5d-6562dce42463
;;;Identify high-demand skills and jobs;ba55e52b-b40b-4bba-8f50-67ae31dc68e6
;;;Assess displaced worker skills gaps;f6e6fcb1-709f-4c7c-81ec-eda42704d879
;;;Develop retraining program options;8a07a9c1-508e-4e0e-8199-6239250e64a7
;;;Evaluate retraining program effectiveness;3439b378-4e8f-4a72-9491-5bd74c769a1f
;Monitoring & Evaluation;;;09ce712b-4094-4fb3-9897-2ba5b4c686d7
;;Establish Data Management System;;e630047d-1dbc-4d47-98b9-385161c22ece
;;;Define Data Requirements and Sources;82098739-c9a3-4d2f-ba4c-3587217099db
;;;Select Data Management Platform;dbbec555-3894-437f-8d84-894960d32ff6
;;;Implement Data Security Protocols;60c00a78-3d89-487a-a76b-8e7964028836
;;;Develop Data Integration Processes;2a72e263-f6f4-407e-8333-fbbf159de03f
;;;Establish Data Governance Policies;a7219b31-657f-4417-b1f4-42e9d8ac2c5f
;;Monitor Social Instability Metrics;;8191acf4-50a0-421f-8a04-b0a3f2f69ea8
;;;Collect social instability indicator data;3c93b20a-9317-4a6f-9f57-f7fb2918f6ce
;;;Analyze collected social instability data;6bc7de3f-52cd-4336-a701-6f13e73fc04e
;;;Report on social instability trends;e8d6b2b6-02c2-4fff-9089-fcda28b45eca
;;;Refine social instability metrics;7298891e-b507-4d05-819c-8a5aab107a4b
;;Evaluate Plan Effectiveness;;68997745-8032-46c9-9cb5-b65d88437289
;;;Define evaluation criteria and metrics;2d437439-138b-48a6-a439-07f8ba45a67e
;;;Collect and analyze relevant data;ea1866eb-ee84-4465-a26a-6f9f5ae8a9ff
;;;Prepare evaluation reports;fa724980-75b9-46c8-adff-3d2f249c602c
;;;Present findings to stakeholders;096139d9-a9dc-4a97-8e54-9620815853ea
;;Adjust Plan Based on Evaluation;;506dfba2-a99c-4111-a9c3-70bf4807dbfd
;;;Analyze evaluation reports and feedback;e4e36909-dd74-4514-8450-862c525c517d
;;;Identify necessary plan adjustments;2b961023-93c6-4e9e-8f5f-18a0b7599dba
;;;Develop revised plan components;61a92e36-4dbf-44d6-a870-bb2d48817448
;;;Communicate plan adjustments to stakeholders;09166db8-e382-4af2-b241-2571d2bc70fe