project_key,project_name,project_description,project_start_date,project_end_date,project_progress,project_parent,originating_department
c3e90f0f-c015-469d-951f-5353dd5a541a,Silicon Valley Stability,"Silicon Valley Stability

Final deliverable:
Stability Framework Plan",12/3/2025,12/2/2027,0,,PlanExe
3e7911ee-3152-4769-83b1-e8c5f04c02cd,Project Initiation & Planning,,12/3/2025,2/12/2026,0,c3e90f0f-c015-469d-951f-5353dd5a541a,PlanExe
7116b33c-b67b-4f6f-ac3c-ac0f572aad3c,Establish Multi-Agency Task Force,,12/3/2025,12/13/2025,0,3e7911ee-3152-4769-83b1-e8c5f04c02cd,PlanExe
eea64306-77d8-4ee8-bbcf-d63dec9317c7,Identify key agencies for task force,"Identify key agencies for task force

Description:
Determine which agencies are essential for the task force based on their expertise, resources, and responsibilities related to civil unrest and social instability.

Resources needed:
• Project Manager
• Subject Matter Experts
• Government Liaisons",12/3/2025,12/5/2025,0,7116b33c-b67b-4f6f-ac3c-ac0f572aad3c,PlanExe
70ad67fc-9157-41fd-88ec-f3b011824c95,Secure executive-level agency commitment,"Secure executive-level agency commitment

Description:
Obtain formal commitment from the executive leadership of each identified agency to participate in the task force and allocate necessary resources.

Resources needed:
• Project Manager
• Government Liaisons
• Legal Counsel",12/5/2025,12/7/2025,0,eea64306-77d8-4ee8-bbcf-d63dec9317c7,PlanExe
93504489-b8f1-4e37-b137-6ffee48efa57,Define task force roles and responsibilities,"Define task force roles and responsibilities

Description:
Clearly define the roles, responsibilities, and reporting structure for each participating agency within the task force to ensure effective coordination and accountability.

Resources needed:
• Project Manager
• Subject Matter Experts
• Organizational Behavior Experts",12/7/2025,12/9/2025,0,70ad67fc-9157-41fd-88ec-f3b011824c95,PlanExe
407fdf7e-b207-47c6-8d17-b31b801a8648,Establish task force operating procedures,"Establish task force operating procedures

Description:
Develop a formal agreement outlining the task force's objectives, operating procedures, decision-making processes, and communication protocols.

Resources needed:
• Project Manager
• Legal Counsel
• Communication Specialist",12/9/2025,12/11/2025,0,93504489-b8f1-4e37-b137-6ffee48efa57,PlanExe
69ab9ebc-2501-4d94-98e3-843f13b24db3,Assign qualified personnel to task force,"Assign qualified personnel to task force

Description:
Identify and assign qualified personnel from each participating agency to the task force based on their expertise, experience, and availability.

Resources needed:
• Agency Representatives
• Human Resources Personnel
• Project Manager",12/11/2025,12/13/2025,0,7116b33c-b67b-4f6f-ac3c-ac0f572aad3c,PlanExe
5a4f8d72-21e5-4494-81a9-829c6c1dff08,Define Project Scope and Objectives,,12/13/2025,12/21/2025,0,7116b33c-b67b-4f6f-ac3c-ac0f572aad3c,PlanExe
74191cfd-3505-4ca6-993c-bba883c271c7,Identify Key Stakeholders and Their Needs,"Identify Key Stakeholders and Their Needs

Description:
Identify all relevant stakeholders (agencies, community groups, etc.) and determine their specific needs and concerns related to the project's goals and objectives. This involves conducting interviews, surveys, and focus groups to gather information.

Resources needed:
• Project Manager
• Stakeholder Engagement Specialist
• Community Outreach Team",12/13/2025,12/15/2025,0,5a4f8d72-21e5-4494-81a9-829c6c1dff08,PlanExe
af4017b2-5bde-4d28-838c-3f0a4b7bf5b5,Define Success Criteria and Key Performance Indicators,"Define Success Criteria and Key Performance Indicators

Description:
Establish clear and measurable success criteria for the project, including specific Key Performance Indicators (KPIs) that will be used to track progress and evaluate the project's overall effectiveness. This involves defining targets, timelines, and data collection methods.

Resources needed:
• Project Manager
• Data Analyst
• Subject Matter Experts",12/15/2025,12/17/2025,0,74191cfd-3505-4ca6-993c-bba883c271c7,PlanExe
c1d6f8dc-5286-419f-bff6-94ade34af843,Establish Project Boundaries and Constraints,"Establish Project Boundaries and Constraints

Description:
Define the scope of the project, including what is included and excluded, and identify any constraints that may impact the project's implementation (e.g., budget limitations, regulatory requirements, technological limitations).

Resources needed:
• Project Manager
• Legal Counsel
• Technical Experts",12/17/2025,12/19/2025,0,af4017b2-5bde-4d28-838c-3f0a4b7bf5b5,PlanExe
a52f0ddc-7861-4957-8e59-47dce2bdaec8,Develop a Detailed Project Charter,"Develop a Detailed Project Charter

Description:
Create a comprehensive project charter that outlines the project's purpose, scope, objectives, stakeholders, governance structure, and key milestones. This document will serve as a roadmap for the project and ensure that all stakeholders are aligned on the project's goals and objectives.

Resources needed:
• Project Manager
• Project Team
• Stakeholder Representatives",12/19/2025,12/21/2025,0,5a4f8d72-21e5-4494-81a9-829c6c1dff08,PlanExe
59f4bdfd-cc2b-4374-8a3c-b9f1fb0b7734,Develop Communication Plan,,12/21/2025,12/31/2025,0,5a4f8d72-21e5-4494-81a9-829c6c1dff08,PlanExe
c6a1b4be-480e-44fe-ba9f-4cdbf0b2d8f5,Identify Key Stakeholders for Communication,"Identify Key Stakeholders for Communication

Description:
Identify all relevant stakeholders, including internal teams, external agencies, community groups, and media outlets, who need to be informed about the project's progress and activities.

Resources needed:
• Project Manager
• Communication Specialist
• Stakeholder Representatives",12/21/2025,12/23/2025,0,59f4bdfd-cc2b-4374-8a3c-b9f1fb0b7734,PlanExe
09e5eb6e-84e0-469d-992d-b93d10304071,Define Communication Objectives and Messaging,"Define Communication Objectives and Messaging

Description:
Establish clear communication objectives, such as building awareness, fostering trust, or managing expectations. Develop key messages that are tailored to each stakeholder group and aligned with the project's goals.

Resources needed:
• Communication Specialist
• Subject Matter Experts
• Stakeholder Representatives",12/23/2025,12/25/2025,0,c6a1b4be-480e-44fe-ba9f-4cdbf0b2d8f5,PlanExe
fd58d5ad-831f-405e-b4c0-88dbd951d795,Select Communication Channels and Tools,"Select Communication Channels and Tools

Description:
Determine the most effective communication channels for reaching each stakeholder group, such as email, social media, press releases, community forums, or direct meetings. Select appropriate tools for creating and distributing communication materials.

Resources needed:
• Communication Specialist
• IT Support
• Web Developer",12/25/2025,12/27/2025,0,09e5eb6e-84e0-469d-992d-b93d10304071,PlanExe
c5b7a5b2-fafc-4e21-9a8b-c01f0d5fc6a3,Establish Communication Schedule and Protocols,"Establish Communication Schedule and Protocols

Description:
Develop a detailed communication schedule that outlines the frequency and timing of communication activities. Establish clear protocols for managing communication, including approval processes, response times, and escalation procedures.

Resources needed:
• Project Manager
• Communication Specialist
• Stakeholder Representatives",12/27/2025,12/29/2025,0,fd58d5ad-831f-405e-b4c0-88dbd951d795,PlanExe
d300147c-5ed0-40c6-a20d-c39181359516,Develop Feedback Mechanisms and Evaluation,"Develop Feedback Mechanisms and Evaluation

Description:
Implement mechanisms for gathering feedback from stakeholders on the effectiveness of communication efforts, such as surveys, focus groups, or online forums. Evaluate the impact of communication activities and make adjustments as needed.

Resources needed:
• Communication Specialist
• Data Analyst
• Stakeholder Representatives",12/29/2025,12/31/2025,0,59f4bdfd-cc2b-4374-8a3c-b9f1fb0b7734,PlanExe
dc92be99-8a78-4eab-9ea9-93c639906949,Secure Initial Funding Allocation,,12/31/2025,1/15/2026,0,59f4bdfd-cc2b-4374-8a3c-b9f1fb0b7734,PlanExe
82be735d-57f1-451b-bbe7-ac645917f69f,Identify potential funding sources,"Identify potential funding sources

Description:
Research and identify all potential funding sources, including government grants, private investors, and internal budget allocations. This involves reviewing relevant databases, contacting funding agencies, and assessing eligibility criteria.

Resources needed:
• Grant writers
• Financial analysts
• Research staff",12/31/2025,1/3/2026,0,dc92be99-8a78-4eab-9ea9-93c639906949,PlanExe
4eb7d70c-676b-4369-a335-78f2ed8d315d,Prepare budget proposal and justification,"Prepare budget proposal and justification

Description:
Develop a detailed budget proposal outlining the project's financial needs, including personnel costs, equipment expenses, and operational costs. This involves creating a line-item budget, writing a narrative justification, and gathering supporting documentation.

Resources needed:
• Budget analysts
• Project manager
• Subject matter experts",1/3/2026,1/6/2026,0,82be735d-57f1-451b-bbe7-ac645917f69f,PlanExe
214dcdbe-e5c5-4c60-bdb7-a88ad10b53be,Submit funding application(s),"Submit funding application(s)

Description:
Prepare and submit funding applications to the identified funding sources, ensuring compliance with all application requirements and deadlines. This involves completing application forms, gathering supporting documents, and submitting the application electronically or by mail.

Resources needed:
• Grant writers
• Administrative staff
• Legal counsel",1/6/2026,1/9/2026,0,4eb7d70c-676b-4369-a335-78f2ed8d315d,PlanExe
83f5de9c-5ee9-4aba-ab89-497cd42ed44c,Track application status and follow up,"Track application status and follow up

Description:
Monitor the status of submitted funding applications and follow up with funding agencies to address any questions or concerns. This involves tracking application deadlines, communicating with funding agency representatives, and providing additional information as needed.

Resources needed:
• Project manager
• Administrative staff
• Communication specialists",1/9/2026,1/12/2026,0,214dcdbe-e5c5-4c60-bdb7-a88ad10b53be,PlanExe
3c6a9e99-1f6a-458d-a440-cb6e0b0630d9,Negotiate funding agreements,"Negotiate funding agreements

Description:
Negotiate funding agreements with successful funding sources, ensuring that the terms and conditions are acceptable and aligned with the project's objectives. This involves reviewing funding agreements, negotiating payment schedules, and securing legal approval.

Resources needed:
• Legal counsel
• Financial analysts
• Project manager",1/12/2026,1/15/2026,0,dc92be99-8a78-4eab-9ea9-93c639906949,PlanExe
a340be14-2804-47dc-a7eb-a0c27dbfd192,Define Social Instability Metrics,,1/15/2026,1/23/2026,0,dc92be99-8a78-4eab-9ea9-93c639906949,PlanExe
a6c54ad8-f0da-449d-a43a-7262d3114347,Identify key social instability indicators,"Identify key social instability indicators

Description:
Define the specific factors that will be used to measure social instability in Silicon Valley, considering the context of AI-driven unemployment. This includes researching existing literature, consulting with experts, and considering local factors.

Resources needed:
• Sociologists
• Criminologists
• Data analysts
• Local government officials",1/15/2026,1/17/2026,0,a340be14-2804-47dc-a7eb-a0c27dbfd192,PlanExe
33e6fcfd-0ff8-4ae9-92dc-968a8b2fe87f,Establish data collection methods and sources (1),"Establish data collection methods and sources

Description:
Determine how data will be collected for each identified indicator, including identifying reliable data sources (e.g., government agencies, non-profit organizations, academic institutions) and establishing data collection protocols.

Resources needed:
• Data scientists
• Database administrators
• Local government officials
• Research assistants",1/17/2026,1/19/2026,0,a6c54ad8-f0da-449d-a43a-7262d3114347,PlanExe
f178ff5d-61fc-4537-875e-7fccc2069ce2,Define thresholds for intervention strategies,"Define thresholds for intervention strategies

Description:
Establish specific thresholds for each indicator that will trigger pre-defined intervention strategies. This involves analyzing historical data, conducting simulations, and consulting with experts to determine appropriate levels of intervention.

Resources needed:
• Emergency management specialists
• Social workers
• Law enforcement officials
• Data analysts",1/19/2026,1/21/2026,0,33e6fcfd-0ff8-4ae9-92dc-968a8b2fe87f,PlanExe
56b4a7a6-817c-4b68-b8b4-4025476abcb8,Validate metrics with expert consultation,"Validate metrics with expert consultation

Description:
Consult with experts in relevant fields (e.g., sociology, criminology, economics) to validate the chosen metrics, data collection methods, and intervention thresholds. This includes presenting the proposed metrics to experts, gathering feedback, and making revisions as necessary.

Resources needed:
• Sociologists
• Criminologists
• Economists
• Community leaders",1/21/2026,1/23/2026,0,a340be14-2804-47dc-a7eb-a0c27dbfd192,PlanExe
1264aa0d-9f64-4ed1-8403-2f4c3ba311ab,Develop Inter-Agency Governance Charter,,1/23/2026,2/12/2026,0,3e7911ee-3152-4769-83b1-e8c5f04c02cd,PlanExe
3a932e04-8ce3-4b2e-9046-74a83f3568b5,Define agency roles and responsibilities,"Define agency roles and responsibilities

Description:
Clearly outline the roles, responsibilities, and authority of each agency involved in the stability framework. This includes defining decision-making powers, operational responsibilities, and reporting requirements.

Resources needed:
• Inter-Agency Task Force
• Legal Experts
• Organizational Behavior Experts",1/23/2026,1/27/2026,0,1264aa0d-9f64-4ed1-8403-2f4c3ba311ab,PlanExe
9bb53d85-c97d-4cb4-b7eb-47b9f18cc736,Establish conflict resolution procedures,"Establish conflict resolution procedures

Description:
Develop a clear and effective process for resolving disputes between agencies. This includes defining escalation paths, mediation procedures, and arbitration mechanisms.

Resources needed:
• Inter-Agency Task Force
• Legal Experts
• Conflict Resolution Specialists",1/27/2026,1/31/2026,0,3a932e04-8ce3-4b2e-9046-74a83f3568b5,PlanExe
e137da45-e6c5-4b51-ba3f-bd954aa6b4d2,Create accountability and performance metrics,"Create accountability and performance metrics

Description:
Define metrics to measure the performance of each agency and the overall effectiveness of the governance charter. This includes establishing reporting requirements, performance targets, and accountability mechanisms.

Resources needed:
• Inter-Agency Task Force
• Data Analysts
• Performance Management Experts",1/31/2026,2/4/2026,0,9bb53d85-c97d-4cb4-b7eb-47b9f18cc736,PlanExe
84ab09ee-abf5-4233-a3e1-eb0251ead3eb,Document inter-agency agreements and protocols,"Document inter-agency agreements and protocols

Description:
Formalize all agreements and protocols between agencies in writing. This includes defining data sharing agreements, communication protocols, and resource allocation procedures.

Resources needed:
• Inter-Agency Task Force
• Legal Experts
• Documentation Specialists",2/4/2026,2/8/2026,0,e137da45-e6c5-4b51-ba3f-bd954aa6b4d2,PlanExe
0c9509a8-dfa7-4ea0-b056-35e545d89e82,Secure agency buy-in and formal approval,"Secure agency buy-in and formal approval

Description:
Obtain formal approval of the governance charter from each participating agency. This includes presenting the charter to agency leadership, addressing concerns, and securing written commitments.

Resources needed:
• Inter-Agency Task Force
• Agency Leadership
• Communication Specialists",2/8/2026,2/12/2026,0,1264aa0d-9f64-4ed1-8403-2f4c3ba311ab,PlanExe
c80ceba0-15c8-41e4-a709-65789bece997,Risk Assessment & Mitigation,,2/12/2026,5/11/2026,0,3e7911ee-3152-4769-83b1-e8c5f04c02cd,PlanExe
b5759d70-9f4c-4fd0-bdbe-bc771e53fe05,Conduct Comprehensive Risk Assessment,,2/12/2026,3/16/2026,0,c80ceba0-15c8-41e4-a709-65789bece997,PlanExe
ed059447-676f-4852-8602-da07900b2cab,Identify potential risks from AI unemployment,"Identify potential risks from AI unemployment

Description:
Objective: Identify all potential risks associated with AI-driven unemployment in Silicon Valley.
Scope: Consider economic, social, political, and technological risks.
Steps: Conduct brainstorming sessions, review relevant literature, consult with experts.
Deliverables: A comprehensive list of potential risks.

Resources needed:
• Risk management experts
• Economists
• Sociologists
• AI specialists
• Data analysts",2/12/2026,2/20/2026,0,b5759d70-9f4c-4fd0-bdbe-bc771e53fe05,PlanExe
5d27ac86-dc25-4c4a-b3b4-18e868ec4d07,Assess likelihood and impact of each risk,"Assess likelihood and impact of each risk

Description:
Objective: Evaluate the likelihood and potential impact of each identified risk.
Scope: Use a risk assessment matrix to categorize risks based on likelihood and impact.
Steps: Gather data on historical trends, conduct simulations, consult with experts.
Deliverables: A risk assessment matrix with prioritized risks.

Resources needed:
• Risk management experts
• Data analysts
• Simulation software
• Historical data",2/20/2026,2/28/2026,0,ed059447-676f-4852-8602-da07900b2cab,PlanExe
703faf13-d23f-4452-bc39-1a2e48e030f0,Prioritize risks for mitigation planning,"Prioritize risks for mitigation planning

Description:
Objective: Prioritize risks based on their likelihood and impact to focus mitigation efforts.
Scope: Focus on high-priority risks that pose the greatest threat to social stability.
Steps: Use the risk assessment matrix to rank risks, consult with stakeholders to validate priorities.
Deliverables: A prioritized list of risks for mitigation planning.

Resources needed:
• Risk management experts
• Stakeholders
• Risk assessment matrix",2/28/2026,3/8/2026,0,5d27ac86-dc25-4c4a-b3b4-18e868ec4d07,PlanExe
698d40d2-15ab-4ed2-a826-2aa1015ecaaa,Document risk assessment findings and assumptions,"Document risk assessment findings and assumptions

Description:
Objective: Create a comprehensive report documenting the risk assessment process, findings, and assumptions.
Scope: Include all identified risks, their likelihood and impact, and the rationale for prioritization.
Steps: Compile data, write a report, review and validate findings.
Deliverables: A comprehensive risk assessment report.

Resources needed:
• Risk management experts
• Technical writers
• Data analysts
• Report templates",3/8/2026,3/16/2026,0,b5759d70-9f4c-4fd0-bdbe-bc771e53fe05,PlanExe
bd018636-1e77-4f41-beb4-d92594033ce8,Develop Risk Mitigation Strategies,,3/16/2026,4/9/2026,0,b5759d70-9f4c-4fd0-bdbe-bc771e53fe05,PlanExe
ded3a0f0-4bc8-4568-8661-5f0654d5522f,Identify potential risk mitigation strategies,"Identify potential risk mitigation strategies

Description:
Objective: Brainstorm and document a comprehensive list of potential risk mitigation strategies for each identified risk.
Scope: Cover all identified risks from the comprehensive risk assessment.
Steps: 1. Review the risk assessment document. 2. Conduct brainstorming sessions with relevant stakeholders. 3. Document all potential mitigation strategies.
Deliverables: A documented list of potential mitigation strategies for each identified risk.

Resources needed:
• Risk management experts
• Subject matter experts
• Facilitator",3/16/2026,3/22/2026,0,bd018636-1e77-4f41-beb4-d92594033ce8,PlanExe
8d5e0955-89be-4ebb-afe0-5f7c720da32a,Evaluate feasibility of mitigation strategies,"Evaluate feasibility of mitigation strategies

Description:
Objective: Assess the feasibility of each identified mitigation strategy based on cost, time, resources, and potential impact.
Scope: Cover all potential mitigation strategies identified in the previous task.
Steps: 1. Develop a feasibility assessment framework. 2. Evaluate each mitigation strategy against the framework. 3. Document the feasibility assessment results.
Deliverables: A documented feasibility assessment for each mitigation strategy.

Resources needed:
• Risk management experts
• Cost analysts
• Project managers",3/22/2026,3/28/2026,0,ded3a0f0-4bc8-4568-8661-5f0654d5522f,PlanExe
44550085-6cc6-421e-a6e7-0d6264580c2f,Prioritize risk mitigation strategies,"Prioritize risk mitigation strategies

Description:
Objective: Prioritize the mitigation strategies based on their feasibility, effectiveness, and cost-benefit ratio.
Scope: Cover all feasible mitigation strategies identified in the previous task.
Steps: 1. Develop a prioritization framework. 2. Prioritize the mitigation strategies using the framework. 3. Document the prioritization results.
Deliverables: A prioritized list of risk mitigation strategies.

Resources needed:
• Risk management experts
• Decision-makers
• Stakeholders",3/28/2026,4/3/2026,0,8d5e0955-89be-4ebb-afe0-5f7c720da32a,PlanExe
5913c42a-6673-4bbe-b348-5cf5d35b910a,Develop detailed mitigation plans,"Develop detailed mitigation plans

Description:
Objective: Develop detailed plans for implementing the prioritized mitigation strategies, including timelines, resource allocation, and responsibilities.
Scope: Cover the top-priority mitigation strategies.
Steps: 1. Develop a mitigation plan template. 2. Develop detailed plans for each prioritized mitigation strategy. 3. Review and approve the mitigation plans.
Deliverables: Detailed mitigation plans for each prioritized risk.

Resources needed:
• Project managers
• Subject matter experts
• Resource managers",4/3/2026,4/9/2026,0,bd018636-1e77-4f41-beb4-d92594033ce8,PlanExe
a2d366df-03c4-458c-aa1f-a880b6b1ee34,Establish Legal Review Process,,4/9/2026,4/29/2026,0,bd018636-1e77-4f41-beb4-d92594033ce8,PlanExe
38030846-e6c0-48f2-baa4-37bcf9018b5c,Identify relevant banned technologies,"Identify relevant banned technologies

Description:
Objective: Identify all technologies currently banned or restricted by relevant regulatory bodies that could potentially be used in the project.
Scope: Research and document the specific technologies, the reasons for their ban, and the regulatory bodies responsible.
Steps: Conduct literature reviews, consult with legal experts, and review relevant government publications.
Deliverables: A comprehensive list of banned technologies with supporting documentation.

Resources needed:
• Legal experts
• Research analysts
• Regulatory documents",4/9/2026,4/14/2026,0,a2d366df-03c4-458c-aa1f-a880b6b1ee34,PlanExe
1e7193f9-b35d-4dd6-906f-0c51d6057e9d,Analyze potential impact of banned technologies,"Analyze potential impact of banned technologies

Description:
Objective: Assess the potential impact of using the banned technologies on the project's objectives, both positive and negative.
Scope: Evaluate the potential benefits, risks, and ethical implications of using each banned technology.
Steps: Conduct cost-benefit analyses, risk assessments, and ethical reviews.
Deliverables: A report summarizing the potential impact of each banned technology.

Resources needed:
• Technology experts
• Ethicists
• Risk assessment specialists",4/14/2026,4/19/2026,0,38030846-e6c0-48f2-baa4-37bcf9018b5c,PlanExe
c734ac89-64f2-4029-87fa-83bf431fe087,Document findings and recommendations (1),"Document findings and recommendations

Description:
Objective: Prepare a comprehensive report summarizing the findings of the assessment and providing recommendations on whether to pursue exceptions or alternative solutions.
Scope: Compile all relevant data, analyses, and expert opinions into a clear and concise report.
Steps: Draft the report, review it with stakeholders, and finalize it based on feedback.
Deliverables: A final report with clear recommendations.

Resources needed:
• Report writers
• Project managers
• Stakeholders",4/19/2026,4/24/2026,0,1e7193f9-b35d-4dd6-906f-0c51d6057e9d,PlanExe
0b6a69d4-d279-49e0-9ecc-cdff2e298d6f,Present findings to stakeholders (1),"Present findings to stakeholders

Description:
Objective: Present the findings and recommendations to key stakeholders for their review and approval.
Scope: Prepare a presentation summarizing the report and addressing any questions or concerns.
Steps: Schedule and conduct the presentation, gather feedback, and revise the report as needed.
Deliverables: A successful presentation and stakeholder buy-in.

Resources needed:
• Project managers
• Stakeholders
• Presentation materials",4/24/2026,4/29/2026,0,a2d366df-03c4-458c-aa1f-a880b6b1ee34,PlanExe
2425bd97-10a2-4f52-9237-bd944c60514c,Assess Banned Technologies,,4/29/2026,5/11/2026,0,c80ceba0-15c8-41e4-a709-65789bece997,PlanExe
dede9acd-3bff-46df-9995-f67206e2d97a,Identify potentially relevant banned technologies,"Identify potentially relevant banned technologies

Description:
Objective: Identify all technologies that are currently banned or restricted by relevant regulatory bodies and that could potentially be used in the project.
Scope: Review relevant regulations, guidelines, and policies to identify banned technologies. Consult with legal experts and technology specialists to ensure a comprehensive understanding of the restrictions.
Steps:
1. Conduct a thorough review of relevant regulations and guidelines.
2. Consult with legal experts and technology specialists.
3. Create a list of potentially relevant banned technologies.
Deliverables: A comprehensive list of potentially relevant banned technologies.

Resources needed:
• Legal experts
• Technology specialists
• Regulatory documents",4/29/2026,5/2/2026,0,2425bd97-10a2-4f52-9237-bd944c60514c,PlanExe
c0645794-c657-4b0f-8bed-c3d0b33f636b,Assess potential benefits of banned technologies,"Assess potential benefits of banned technologies

Description:
Objective: Evaluate the potential benefits of using each identified banned technology in the context of the project's objectives.
Scope: Analyze how each technology could contribute to achieving the project's goals, such as improving efficiency, reducing costs, or enhancing security. Consider alternative technologies that could provide similar benefits without violating the ban.
Steps:
1. Analyze the potential benefits of each banned technology.
2. Identify alternative technologies.
3. Compare the benefits of banned technologies with alternative technologies.
Deliverables: A report outlining the potential benefits of each banned technology and comparing them with alternative technologies.

Resources needed:
• Technology specialists
• Project managers
• Economists",5/2/2026,5/5/2026,0,dede9acd-3bff-46df-9995-f67206e2d97a,PlanExe
b83fd318-42b6-4f39-81f3-df9089dbef2c,Evaluate risks and ethical implications,"Evaluate risks and ethical implications

Description:
Objective: Assess the risks and ethical implications of using each identified banned technology.
Scope: Consider potential negative impacts on privacy, security, civil liberties, and other ethical considerations. Evaluate the likelihood and severity of each risk.
Steps:
1. Identify potential risks and ethical implications.
2. Evaluate the likelihood and severity of each risk.
3. Develop mitigation strategies for each risk.
Deliverables: A risk assessment report outlining the potential risks and ethical implications of using each banned technology.

Resources needed:
• Ethicists
• Legal experts
• Security specialists",5/5/2026,5/8/2026,0,c0645794-c657-4b0f-8bed-c3d0b33f636b,PlanExe
baa6fc25-4f83-4ea3-aca2-0c6ae28afd2a,Document findings and recommendations (2),"Document findings and recommendations

Description:
Objective: Prepare a comprehensive report summarizing the findings of the assessment and providing recommendations on whether to pursue the use of any of the banned technologies.
Scope: Clearly articulate the potential benefits, risks, and ethical implications of each technology. Provide a well-reasoned justification for any recommendations.
Steps:
1. Compile all assessment findings.
2. Develop recommendations based on the findings.
3. Prepare a comprehensive report.
Deliverables: A final report documenting the assessment findings and providing recommendations.

Resources needed:
• Project managers
• Report writers
• Editors",5/8/2026,5/11/2026,0,2425bd97-10a2-4f52-9237-bd944c60514c,PlanExe
dca19690-fd40-4b85-9ceb-ea32d6640692,Strategic Decision Making,,5/11/2026,10/10/2026,0,c80ceba0-15c8-41e4-a709-65789bece997,PlanExe
f754e837-6a8f-4243-bf2b-0f9925a0ee6a,Define Economic Support Model,,5/11/2026,5/26/2026,0,dca19690-fd40-4b85-9ceb-ea32d6640692,PlanExe
8ec92b12-9e7e-448b-9830-ef46e4822e28,Analyze AI impact on Silicon Valley jobs,"Analyze AI impact on Silicon Valley jobs

Description:
Objective: Determine the specific sectors and job roles most vulnerable to AI-driven displacement in Silicon Valley.
Scope: Analyze current employment data, industry trends, and AI adoption rates.
Steps: Gather data from government sources, industry reports, and AI research firms. Use statistical modeling to project job losses. Identify skills that will become obsolete.
Deliverables: A report detailing projected job displacement by sector and role.

Resources needed:
• Labor economists
• Data analysts
• Industry experts
• Statistical software",5/11/2026,5/14/2026,0,f754e837-6a8f-4243-bf2b-0f9925a0ee6a,PlanExe
a859fc2b-1492-43d1-abc1-73e93f7a734e,Identify high-demand industries and skills,"Identify high-demand industries and skills

Description:
Objective: Identify industries and occupations with high growth potential in Silicon Valley.
Scope: Analyze job postings, industry forecasts, and emerging technology trends.
Steps: Scrape job boards for in-demand skills. Consult with industry leaders to understand future needs. Research emerging technologies and their impact on the job market.
Deliverables: A list of high-demand industries and the skills required to succeed in them.

Resources needed:
• Workforce development experts
• Industry analysts
• Career counselors
• Job posting data",5/14/2026,5/17/2026,0,8ec92b12-9e7e-448b-9830-ef46e4822e28,PlanExe
1a12d8e4-1589-4015-b5a1-e2ab9a216989,Assess skills gaps of displaced workers,"Assess skills gaps of displaced workers

Description:
Objective: Determine the skills gaps between displaced workers and available job opportunities.
Scope: Analyze the skills and experience of displaced workers and compare them to the requirements of high-demand jobs.
Steps: Conduct surveys and interviews with displaced workers. Analyze their resumes and work history. Compare their skills to the requirements of high-demand jobs.
Deliverables: A report detailing the skills gaps of displaced workers.

Resources needed:
• Career counselors
• Vocational trainers
• Survey tools
• Interviewers",5/17/2026,5/20/2026,0,a859fc2b-1492-43d1-abc1-73e93f7a734e,PlanExe
93843ab4-5db0-4b2a-9d25-c095ab1b9e00,Design effective retraining programs,"Design effective retraining programs

Description:
Objective: Develop retraining programs that address the skills gaps of displaced workers and prepare them for high-demand jobs.
Scope: Design training programs that are tailored to the needs of displaced workers and the requirements of high-demand jobs.
Steps: Consult with educational institutions and training providers. Develop curriculum that covers the necessary skills. Provide support services to help displaced workers succeed.
Deliverables: A set of retraining programs that are ready to be implemented.

Resources needed:
• Educational institutions
• Training providers
• Curriculum developers
• Support staff",5/20/2026,5/23/2026,0,1a12d8e4-1589-4015-b5a1-e2ab9a216989,PlanExe
19c0fa40-5976-4eff-86ba-f10b4d3db5d1,Explore alternative economic support models,"Explore alternative economic support models

Description:
Objective: Identify and evaluate alternative economic support models for those who cannot be retrained or find employment.
Scope: Research and analyze alternative economic models such as universal basic income, guaranteed jobs, and worker cooperatives.
Steps: Conduct literature reviews and case studies. Consult with experts in alternative economic models. Evaluate the feasibility and sustainability of each model.
Deliverables: A report detailing alternative economic support models and their potential benefits and drawbacks.

Resources needed:
• Economists
• Policy analysts
• Social workers
• Research materials",5/23/2026,5/26/2026,0,f754e837-6a8f-4243-bf2b-0f9925a0ee6a,PlanExe
310dacb5-6788-42c4-bee3-d247b7ad95a4,Define Information Control Policy,,5/26/2026,6/7/2026,0,f754e837-6a8f-4243-bf2b-0f9925a0ee6a,PlanExe
1eb35073-547f-4180-8c1e-1c5a5763232f,Research censorship policies and civil liberties,"Research censorship policies and civil liberties

Description:
Objective: Understand the legal and ethical boundaries of information control. Scope: Review existing censorship laws, civil liberties protections, and relevant case studies. Steps: Conduct legal research, consult with civil rights organizations, and analyze international best practices. Deliverables: A report summarizing the legal and ethical considerations for information control.

Resources needed:
• Legal experts
• Civil rights advocates
• Researchers",5/26/2026,5/29/2026,0,310dacb5-6788-42c4-bee3-d247b7ad95a4,PlanExe
737dd2fe-9368-4081-848a-63f280375007,Draft information control policy options,"Draft information control policy options

Description:
Objective: Develop a range of policy options for information control. Scope: Consider different levels of restriction, transparency requirements, and enforcement mechanisms. Steps: Brainstorm policy options, evaluate their potential impact, and draft detailed policy proposals. Deliverables: A document outlining different information control policy options with their pros and cons.

Resources needed:
• Policy analysts
• Communication specialists
• Legal experts",5/29/2026,6/1/2026,0,1eb35073-547f-4180-8c1e-1c5a5763232f,PlanExe
25bd8172-df26-4b38-8e89-696b8054ad81,Evaluate policy options with stakeholders,"Evaluate policy options with stakeholders

Description:
Objective: Gather feedback on the proposed policy options from key stakeholders. Scope: Engage with community leaders, government agencies, and civil rights organizations. Steps: Conduct surveys, hold focus groups, and organize public forums. Deliverables: A report summarizing stakeholder feedback on the proposed policy options.

Resources needed:
• Community engagement specialists
• Facilitators
• Stakeholder representatives",6/1/2026,6/4/2026,0,737dd2fe-9368-4081-848a-63f280375007,PlanExe
32d3d36a-d792-4795-b38b-81b0641b47dc,Finalize information control policy,"Finalize information control policy

Description:
Objective: Develop a final information control policy based on stakeholder feedback and legal considerations. Scope: Incorporate feedback, address legal concerns, and ensure alignment with project objectives. Steps: Revise the policy, obtain legal approval, and finalize the document. Deliverables: A finalized information control policy document.

Resources needed:
• Policy analysts
• Legal experts
• Project manager",6/4/2026,6/7/2026,0,310dacb5-6788-42c4-bee3-d247b7ad95a4,PlanExe
6ef4e327-6af3-4281-b956-6e2064c74394,Define Intervention Timing Protocol,,6/7/2026,6/19/2026,0,310dacb5-6788-42c4-bee3-d247b7ad95a4,PlanExe
70247564-e45c-4954-957c-4cd17a3e2deb,Research intervention timing in similar events,"Research intervention timing in similar events

Description:
Objective: Analyze historical data and case studies of similar social unrest events to identify effective intervention timing strategies.
Scope: Review academic literature, government reports, and news articles related to past instances of civil unrest and social instability. Identify key factors that influenced the escalation and de-escalation of these events.
Steps:
1. Identify relevant case studies of social unrest events.
2. Collect data on the timing of interventions (e.g., deployment of law enforcement, provision of social services).
3. Analyze the impact of intervention timing on the outcome of the events.
4. Document findings and recommendations.
Deliverables: A report summarizing the findings of the research and providing recommendations for intervention timing.

Resources needed:
• Researchers
• Data analysts
• Librarians
• Access to academic databases",6/7/2026,6/10/2026,0,6ef4e327-6af3-4281-b956-6e2064c74394,PlanExe
d188d6cd-d20f-4bdf-91a9-3085327d26fe,Develop escalation triggers and thresholds,"Develop escalation triggers and thresholds

Description:
Objective: Define specific triggers and thresholds that will initiate different levels of intervention.
Scope: Establish clear criteria for determining when to escalate or de-escalate intervention efforts based on real-time data and predictive analytics.
Steps:
1. Identify key indicators of social unrest (e.g., crime rates, protest activity, social media sentiment).
2. Establish thresholds for each indicator that will trigger specific intervention responses.
3. Develop a decision-making matrix that outlines the appropriate intervention response for each threshold level.
4. Document the escalation triggers and thresholds in a clear and concise manner.
Deliverables: A decision-making matrix outlining escalation triggers and thresholds.

Resources needed:
• Social scientists
• Data scientists
• Emergency management specialists
• Stakeholder representatives",6/10/2026,6/13/2026,0,70247564-e45c-4954-957c-4cd17a3e2deb,PlanExe
654eeeb3-6c4b-41bf-ac00-3cbd5f1332f9,Create scenario planning exercises,"Create scenario planning exercises

Description:
Objective: Conduct scenario planning exercises to anticipate different unrest trajectories and develop appropriate intervention strategies.
Scope: Simulate various scenarios of social unrest and assess the effectiveness of different intervention approaches.
Steps:
1. Develop a range of plausible scenarios of social unrest.
2. Conduct tabletop exercises with stakeholders to simulate the response to each scenario.
3. Identify potential challenges and gaps in the intervention plan.
4. Refine the intervention plan based on the lessons learned from the scenario planning exercises.
Deliverables: A report summarizing the findings of the scenario planning exercises and outlining recommendations for improving the intervention plan.

Resources needed:
• Emergency management specialists
• Law enforcement personnel
• Social service providers
• Stakeholder representatives
• Simulation software",6/13/2026,6/16/2026,0,d188d6cd-d20f-4bdf-91a9-3085327d26fe,PlanExe
e11cbbc1-3613-446f-a298-eea939afb4cf,Establish decision-making matrix,"Establish decision-making matrix

Description:
Objective: Create a pre-defined decision-making matrix with clear escalation triggers and thresholds.
Scope: Develop a structured framework for making decisions about intervention timing based on real-time data and predictive analytics.
Steps:
1. Identify key decision points in the intervention process.
2. Define the criteria for making decisions at each decision point.
3. Develop a decision-making matrix that outlines the available options and the consequences of each option.
4. Document the decision-making matrix in a clear and concise manner.
Deliverables: A decision-making matrix outlining the decision-making process for intervention timing.

Resources needed:
• Decision-making experts
• Emergency management specialists
• Stakeholder representatives",6/16/2026,6/19/2026,0,6ef4e327-6af3-4281-b956-6e2064c74394,PlanExe
128471c9-35e9-4bc2-8d42-4d96857bfcff,Define Inter-Agency Governance Structure,,6/19/2026,7/4/2026,0,6ef4e327-6af3-4281-b956-6e2064c74394,PlanExe
17545a54-4ce8-4bb9-89d4-8739a612ae76,Identify Key Inter-Agency Stakeholders,"Identify Key Inter-Agency Stakeholders

Description:
Objective: Determine all agencies critical to the stability framework. Scope: Include law enforcement, National Guard, social services, local government. Steps: Review agency mandates, conduct stakeholder interviews, create a stakeholder matrix. Deliverables: List of key stakeholders with contact information and roles.

Resources needed:
• Project Manager
• Stakeholder Engagement Specialist
• Government Liaison",6/19/2026,6/22/2026,0,128471c9-35e9-4bc2-8d42-4d96857bfcff,PlanExe
2bd041d3-1db7-4091-99cd-2af37290ef84,Define Governance Principles and Objectives,"Define Governance Principles and Objectives

Description:
Objective: Establish guiding principles for inter-agency collaboration. Scope: Include transparency, accountability, efficiency, and respect for civil liberties. Steps: Conduct workshops with stakeholders, review best practices, draft governance principles. Deliverables: Document outlining governance principles and objectives.

Resources needed:
• Facilitator
• Legal Expert
• Policy Analyst",6/22/2026,6/25/2026,0,17545a54-4ce8-4bb9-89d4-8739a612ae76,PlanExe
21bbc148-e536-45af-8a1f-28794138cc75,Develop Inter-Agency Communication Protocols,"Develop Inter-Agency Communication Protocols

Description:
Objective: Create clear communication channels and protocols. Scope: Include emergency communication, information sharing, and public communication. Steps: Map existing communication systems, identify gaps, develop new protocols. Deliverables: Communication plan with protocols and contact lists.

Resources needed:
• Communication Specialist
• IT Specialist
• Emergency Management Coordinator",6/25/2026,6/28/2026,0,2bd041d3-1db7-4091-99cd-2af37290ef84,PlanExe
4f2da41c-10e6-4933-8e1f-d645586d63f2,Establish Conflict Resolution Mechanisms,"Establish Conflict Resolution Mechanisms

Description:
Objective: Define procedures for resolving inter-agency disputes. Scope: Include mediation, arbitration, and escalation paths. Steps: Review existing conflict resolution models, consult with legal experts, draft conflict resolution procedures. Deliverables: Document outlining conflict resolution mechanisms.

Resources needed:
• Legal Expert
• Mediation Specialist
• Project Manager",6/28/2026,7/1/2026,0,21bbc148-e536-45af-8a1f-28794138cc75,PlanExe
f6ecd77e-7560-495e-9f37-ce5fecd24c4b,Document Roles and Responsibilities,"Document Roles and Responsibilities

Description:
Objective: Clearly define each agency's role and responsibilities. Scope: Include prevention, response, and recovery activities. Steps: Conduct role analysis, create responsibility matrix, obtain agency sign-off. Deliverables: Document outlining roles and responsibilities for each agency.

Resources needed:
• Organizational Analyst
• Project Manager
• Agency Representatives",7/1/2026,7/4/2026,0,128471c9-35e9-4bc2-8d42-4d96857bfcff,PlanExe
2b37123d-4c0a-48b5-950c-5a7365f0d177,Define Resource Allocation Strategy,,7/4/2026,7/24/2026,0,128471c9-35e9-4bc2-8d42-4d96857bfcff,PlanExe
b800af59-2a6e-4718-9825-0f317ca13f41,Identify available resource types and quantities,"Identify available resource types and quantities

Description:
Objective: Determine the types and quantities of resources available across all participating agencies.
Scope: Includes personnel, equipment, supplies, and funding.
Steps: 1. Survey each agency to identify available resources. 2. Compile a comprehensive inventory of resources. 3. Categorize resources by type and quantity.
Deliverables: A detailed inventory of available resources.

Resources needed:
• Resource managers from each agency
• Inventory management software
• Data analysts",7/4/2026,7/8/2026,0,2b37123d-4c0a-48b5-950c-5a7365f0d177,PlanExe
2cf991d1-c117-4b6b-8a7c-6830883aa6dc,Forecast resource needs under various scenarios,"Forecast resource needs under various scenarios

Description:
Objective: Project resource requirements under different social unrest scenarios.
Scope: Includes scenarios ranging from minor disturbances to widespread civil unrest.
Steps: 1. Develop a range of social unrest scenarios. 2. Estimate resource needs for each scenario. 3. Identify potential resource gaps.
Deliverables: A resource needs forecast for each scenario.

Resources needed:
• Emergency management specialists
• Scenario planning experts
• Data analysts
• Simulation software",7/8/2026,7/12/2026,0,b800af59-2a6e-4718-9825-0f317ca13f41,PlanExe
aff2e527-a437-48eb-830d-43a0f9e54cb2,Prioritize resource allocation based on risk,"Prioritize resource allocation based on risk

Description:
Objective: Establish a prioritization framework for allocating resources based on risk levels.
Scope: Includes defining risk levels and assigning resource allocation priorities.
Steps: 1. Define risk levels (e.g., low, medium, high). 2. Develop resource allocation priorities for each risk level. 3. Establish a decision-making process for resource allocation.
Deliverables: A resource allocation prioritization framework.

Resources needed:
• Risk management experts
• Emergency management specialists
• Decision-making framework",7/12/2026,7/16/2026,0,2cf991d1-c117-4b6b-8a7c-6830883aa6dc,PlanExe
da8c864e-f73b-499e-af42-e1a296ebb1d2,Develop a dynamic resource allocation model,"Develop a dynamic resource allocation model

Description:
Objective: Create a model that allows for real-time resource allocation adjustments based on changing conditions.
Scope: Includes developing the model and integrating it with data sources.
Steps: 1. Select a suitable modeling platform. 2. Develop the resource allocation model. 3. Integrate the model with real-time data feeds. 4. Test and refine the model.
Deliverables: A dynamic resource allocation model.

Resources needed:
• Modeling experts
• Software developers
• Data integration specialists
• Real-time data feeds",7/16/2026,7/20/2026,0,aff2e527-a437-48eb-830d-43a0f9e54cb2,PlanExe
6bb12560-c650-4ace-9943-6e9f5bdae852,Establish resource distribution protocols,"Establish resource distribution protocols

Description:
Objective: Define clear protocols for distributing resources during a crisis.
Scope: Includes defining distribution channels, responsibilities, and accountability measures.
Steps: 1. Identify potential distribution channels. 2. Define roles and responsibilities for resource distribution. 3. Establish accountability measures. 4. Develop a communication plan for resource distribution.
Deliverables: Resource distribution protocols.

Resources needed:
• Logistics experts
• Communication specialists
• Emergency management specialists",7/20/2026,7/24/2026,0,2b37123d-4c0a-48b5-950c-5a7365f0d177,PlanExe
cf541f7b-5fb7-4268-89fb-0c4dbb0576ad,Define Community Engagement Approach,,7/24/2026,8/3/2026,0,2b37123d-4c0a-48b5-950c-5a7365f0d177,PlanExe
4ef0a861-4529-44fd-9874-f84bf1e6aebf,Identify key community stakeholders and leaders,"Identify key community stakeholders and leaders

Description:
Identify individuals and organizations that represent diverse segments of the community, including marginalized groups, and have the trust and influence to facilitate meaningful engagement.

Resources needed:
• Community outreach specialists
• Sociologists
• Local government representatives",7/24/2026,7/26/2026,0,cf541f7b-5fb7-4268-89fb-0c4dbb0576ad,PlanExe
11e8de64-4c2f-45dd-9334-117af15acd7f,Develop a community engagement strategy,"Develop a community engagement strategy

Description:
Create a plan that outlines the objectives, methods, and timelines for engaging with the community, ensuring that it is inclusive, transparent, and responsive to community needs and concerns.

Resources needed:
• Communication specialists
• Public relations experts
• Community organizers",7/26/2026,7/28/2026,0,4ef0a861-4529-44fd-9874-f84bf1e6aebf,PlanExe
eddcbdee-f0b2-4ab7-a2fe-3c02e98d4346,Establish a community advisory board,"Establish a community advisory board

Description:
Form a representative body of community members to provide ongoing input and feedback on the plan, ensuring that it is aligned with community values and priorities.

Resources needed:
• Facilitators
• Community representatives
• Project managers",7/28/2026,7/30/2026,0,11e8de64-4c2f-45dd-9334-117af15acd7f,PlanExe
6ee92ced-6f21-48a6-8685-db99e2395adb,Conduct targeted outreach to marginalized communities,"Conduct targeted outreach to marginalized communities

Description:
Implement specific strategies to reach out to communities that may be disproportionately affected by AI-driven unemployment and social unrest, ensuring that their voices are heard and their needs are addressed.

Resources needed:
• Language translators
• Cultural liaisons
• Community advocates",7/30/2026,8/1/2026,0,eddcbdee-f0b2-4ab7-a2fe-3c02e98d4346,PlanExe
2cffbcdc-04e4-4487-a4c2-e687721a2bdb,Ensure transparency and responsiveness to concerns,"Ensure transparency and responsiveness to concerns

Description:
Establish clear communication channels and feedback mechanisms to address community concerns and provide timely updates on the plan's progress, building trust and fostering collaboration.

Resources needed:
• Communication specialists
• Public relations experts
• Community liaisons",8/1/2026,8/3/2026,0,cf541f7b-5fb7-4268-89fb-0c4dbb0576ad,PlanExe
c4d56063-3b33-44d9-bb8b-34a22cf85da4,Define Intervention Threshold Protocol,,8/3/2026,8/19/2026,0,cf541f7b-5fb7-4268-89fb-0c4dbb0576ad,PlanExe
74e5522b-c65a-4640-86c8-6a75b56e4c85,Define key social instability indicators,"Define key social instability indicators

Description:
Identify specific, measurable, achievable, relevant, and time-bound (SMART) indicators that will serve as early warning signs of escalating social unrest. This includes crime rates, unemployment figures, mental health statistics, and housing insecurity data.

Resources needed:
• Sociologists
• Criminologists
• Data analysts
• Community leaders",8/3/2026,8/7/2026,0,c4d56063-3b33-44d9-bb8b-34a22cf85da4,PlanExe
06e852d5-e386-46fc-a3cb-a741ff737610,Establish data collection methods and sources (2),"Establish data collection methods and sources

Description:
Determine the most reliable and efficient methods for collecting data on the identified social instability indicators. This includes identifying appropriate data sources (e.g., government agencies, non-profit organizations, community groups) and establishing protocols for data collection, storage, and analysis.

Resources needed:
• Data scientists
• IT specialists
• Database administrators
• Local government representatives",8/7/2026,8/11/2026,0,74e5522b-c65a-4640-86c8-6a75b56e4c85,PlanExe
846e2444-1697-4744-b9a4-199ee056bccf,Set intervention thresholds for each indicator,"Set intervention thresholds for each indicator

Description:
Establish clear and objective thresholds for each social instability indicator that will trigger specific intervention strategies. These thresholds should be based on historical data, expert analysis, and community input, and should be regularly reviewed and adjusted as needed.

Resources needed:
• Emergency management specialists
• Law enforcement officials
• Social service providers
• Community representatives",8/11/2026,8/15/2026,0,06e852d5-e386-46fc-a3cb-a741ff737610,PlanExe
e090d425-9256-42e9-970d-b9aef6eaad05,Develop escalation protocol for threshold breaches,"Develop escalation protocol for threshold breaches

Description:
Create a detailed protocol outlining the steps to be taken when intervention thresholds are breached. This protocol should specify the roles and responsibilities of different agencies and organizations, as well as the specific actions to be taken at each stage of escalation.

Resources needed:
• Inter-agency task force members
• Legal experts
• Communication specialists
• Emergency responders",8/15/2026,8/19/2026,0,c4d56063-3b33-44d9-bb8b-34a22cf85da4,PlanExe
ac90344b-95c3-430f-ab54-193d1a5955b8,Define Technology Deployment Approach,,8/19/2026,9/8/2026,0,c4d56063-3b33-44d9-bb8b-34a22cf85da4,PlanExe
adf3bb2b-48d5-4fb4-b086-ac978f5f034d,Identify and Prioritize Technology Needs,"Identify and Prioritize Technology Needs

Description:
Determine which technologies are most critical for supporting the stability framework, considering factors such as effectiveness, cost, and feasibility. Prioritize deployment based on urgency and potential impact.

Resources needed:
• Technology experts
• Law enforcement representatives
• Emergency management specialists
• Community stakeholders",8/19/2026,8/23/2026,0,ac90344b-95c3-430f-ab54-193d1a5955b8,PlanExe
a3a8dee6-4bea-4b2b-a479-81a361d94ca2,Develop Technology Deployment Plan,"Develop Technology Deployment Plan

Description:
Create a detailed plan outlining the steps for deploying each technology, including timelines, resource allocation, training requirements, and security protocols. Address potential challenges and develop contingency plans.

Resources needed:
• Project managers
• Technology specialists
• Training personnel
• Security experts",8/23/2026,8/27/2026,0,adf3bb2b-48d5-4fb4-b086-ac978f5f034d,PlanExe
7e1af179-7cdd-469b-9feb-02a153051d11,Conduct Pilot Testing and Evaluation,"Conduct Pilot Testing and Evaluation

Description:
Pilot test the selected technologies in a controlled environment to assess their effectiveness, identify potential issues, and gather feedback from users. Evaluate the results and make necessary adjustments to the deployment plan.

Resources needed:
• Technology specialists
• Law enforcement personnel
• Emergency responders
• Community members",8/27/2026,8/31/2026,0,a3a8dee6-4bea-4b2b-a479-81a361d94ca2,PlanExe
dd6825c7-1fd1-40c6-82b6-f012791505db,Implement Technology Deployment,"Implement Technology Deployment

Description:
Deploy the technologies according to the deployment plan, ensuring proper installation, configuration, and integration with existing systems. Provide ongoing support and maintenance to ensure optimal performance.

Resources needed:
• Technology specialists
• IT support staff
• Field technicians",8/31/2026,9/4/2026,0,7e1af179-7cdd-469b-9feb-02a153051d11,PlanExe
7c821ba0-efb7-4517-82ba-1814ad0d09e7,Monitor and Evaluate Technology Impact,"Monitor and Evaluate Technology Impact

Description:
Continuously monitor the impact of the deployed technologies on social stability, crime rates, and other relevant metrics. Evaluate the effectiveness of the technologies and make adjustments as needed to optimize their performance.

Resources needed:
• Data analysts
• Social scientists
• Law enforcement analysts
• Evaluation specialists",9/4/2026,9/8/2026,0,ac90344b-95c3-430f-ab54-193d1a5955b8,PlanExe
4790af9e-ea7e-46e7-a338-ffdc43c7caff,Define Legal Framework Adaptation,,9/8/2026,10/10/2026,0,dca19690-fd40-4b85-9ceb-ea32d6640692,PlanExe
cdd61113-7796-4aa9-b1c3-a4702c678a98,Identify conflicting laws and regulations,"Identify conflicting laws and regulations

Description:
Objective: Identify existing laws and regulations that may conflict with the proposed adaptations to the legal framework. Scope: Review federal, state, and local laws related to emergency management, civil liberties, and technology deployment. Steps: Conduct legal research, consult with legal experts, and analyze relevant case law. Deliverables: A report identifying potential legal conflicts.

Resources needed:
• Legal experts
• Legal researchers
• Access to legal databases",9/8/2026,9/16/2026,0,4790af9e-ea7e-46e7-a338-ffdc43c7caff,PlanExe
a506ff76-6700-4601-8c99-ae298d487aff,Draft contingency legislation for AI-driven unrest,"Draft contingency legislation for AI-driven unrest

Description:
Objective: Draft contingency legislation to address the unique challenges posed by AI-driven social unrest. Scope: Develop legal frameworks for managing information control, resource allocation, and law enforcement response. Steps: Consult with legal experts, draft legislative language, and engage with civil rights organizations. Deliverables: Draft legislation for consideration by relevant legislative bodies.

Resources needed:
• Legal experts
• Legislative drafters
• Civil rights organizations",9/16/2026,9/24/2026,0,cdd61113-7796-4aa9-b1c3-a4702c678a98,PlanExe
fc7f3493-67fb-4bcb-bad6-df02568fee32,Engage civil rights groups for feedback,"Engage civil rights groups for feedback

Description:
Objective: Solicit feedback from civil rights organizations on the proposed legal framework adaptations. Scope: Present the proposed adaptations to civil rights groups and gather their input on potential impacts on civil liberties. Steps: Schedule meetings with civil rights groups, present the proposed adaptations, and document their feedback. Deliverables: A report summarizing the feedback received from civil rights organizations.

Resources needed:
• Community engagement specialists
• Legal experts
• Civil rights organizations",9/24/2026,10/2/2026,0,a506ff76-6700-4601-8c99-ae298d487aff,PlanExe
f23bc416-a727-4253-8786-0a12ba9b5ffc,Ensure compliance with civil liberties,"Ensure compliance with civil liberties

Description:
Objective: Ensure that all proposed legal framework adaptations comply with civil liberties and constitutional rights. Scope: Review the proposed adaptations to ensure they do not infringe on fundamental rights such as freedom of speech, assembly, and due process. Steps: Conduct legal analysis, consult with civil liberties experts, and revise the adaptations as needed. Deliverables: A legal opinion confirming compliance with civil liberties.

Resources needed:
• Civil liberties experts
• Constitutional law experts
• Legal analysts",10/2/2026,10/10/2026,0,4790af9e-ea7e-46e7-a338-ffdc43c7caff,PlanExe
9ae7a099-8147-426b-86da-644a2283a51a,Resource Allocation & Management,,10/10/2026,5/20/2027,0,dca19690-fd40-4b85-9ceb-ea32d6640692,PlanExe
6d5f417c-2227-4237-b381-af7cf379cf5c,Allocate Budget and Resources,,10/10/2026,10/22/2026,0,9ae7a099-8147-426b-86da-644a2283a51a,PlanExe
b10d55bd-900a-4fbb-b628-7ded27878b3e,Define budget allocation criteria and process,"Define budget allocation criteria and process

Description:
Establish clear and transparent criteria for allocating the budget across different agencies and initiatives. Define the process for requesting, reviewing, and approving budget allocations.

Resources needed:
• Budget analysts
• Financial officers
• Agency representatives",10/10/2026,10/13/2026,0,6d5f417c-2227-4237-b381-af7cf379cf5c,PlanExe
e253e673-425a-4c1e-b83a-d59e75fcb9d5,Identify and prioritize resource needs,"Identify and prioritize resource needs

Description:
Conduct a comprehensive assessment of the resource needs of each agency and initiative. Prioritize resource allocation based on the criticality of the need and the potential impact on project outcomes.

Resources needed:
• Project managers
• Agency representatives
• Subject matter experts",10/13/2026,10/16/2026,0,b10d55bd-900a-4fbb-b628-7ded27878b3e,PlanExe
68fa347b-4245-4a92-8b13-8bc948a35e5d,Secure inter-agency budget transfer agreements,"Secure inter-agency budget transfer agreements

Description:
Establish formal agreements between agencies to facilitate the transfer of funds and resources. Ensure that these agreements comply with all applicable legal and regulatory requirements.

Resources needed:
• Legal counsel
• Financial officers
• Contract specialists",10/16/2026,10/19/2026,0,e253e673-425a-4c1e-b83a-d59e75fcb9d5,PlanExe
7f71fa4f-6fdf-4ecf-a8a9-188508a5a099,Develop contingency plans for cost overruns,"Develop contingency plans for cost overruns

Description:
Identify potential sources of cost overruns and develop contingency plans to address them. This may include identifying alternative funding sources, reducing the scope of certain initiatives, or reallocating resources from lower-priority areas.

Resources needed:
• Budget analysts
• Risk management specialists
• Project managers",10/19/2026,10/22/2026,0,6d5f417c-2227-4237-b381-af7cf379cf5c,PlanExe
2d9a9acf-311d-4c59-b685-271d170732a8,Establish Resource Allocation Platform,,10/22/2026,11/21/2026,0,6d5f417c-2227-4237-b381-af7cf379cf5c,PlanExe
f11beb2f-cef5-4af8-93f0-d8450615ee07,Define platform requirements and specifications,"Define platform requirements and specifications

Description:
Clearly define the functional and non-functional requirements for the resource allocation platform, including user roles, data security, and integration with existing systems.  Document these requirements in a detailed specification document.

Resources needed:
• System Architect
• Business Analyst
• Security Expert
• Data Analyst",10/22/2026,10/28/2026,0,2d9a9acf-311d-4c59-b685-271d170732a8,PlanExe
60780b7c-a6ef-4894-8c75-da1954761f06,Evaluate and select platform technology,"Evaluate and select platform technology

Description:
Research and evaluate different technology options for the resource allocation platform, considering factors such as cost, scalability, security, and ease of integration. Select the most appropriate technology based on the defined requirements.

Resources needed:
• System Architect
• IT Specialist
• Procurement Officer",10/28/2026,11/3/2026,0,f11beb2f-cef5-4af8-93f0-d8450615ee07,PlanExe
64fd7ae4-e111-415d-8e9f-3bb7c7d2a3f2,Develop and test the platform,"Develop and test the platform

Description:
Develop the resource allocation platform based on the selected technology and defined specifications. Conduct thorough testing to ensure that the platform meets all requirements and is functioning correctly.

Resources needed:
• Software Developers
• Quality Assurance Testers
• Database Administrator",11/3/2026,11/9/2026,0,60780b7c-a6ef-4894-8c75-da1954761f06,PlanExe
a56d8529-0482-4659-aa21-4c3800d06581,Deploy and integrate the platform,"Deploy and integrate the platform

Description:
Deploy the resource allocation platform to a production environment and integrate it with existing agency systems. Ensure that the platform is properly configured and secured.

Resources needed:
• IT Specialist
• System Administrator
• Security Expert",11/9/2026,11/15/2026,0,64fd7ae4-e111-415d-8e9f-3bb7c7d2a3f2,PlanExe
3814ab46-c965-410f-95a1-22392e300194,Train users on the platform,"Train users on the platform

Description:
Develop and deliver training materials and sessions to educate users on how to use the resource allocation platform effectively. Provide ongoing support to users as needed.

Resources needed:
• Training Specialist
• Technical Writer
• Support Staff",11/15/2026,11/21/2026,0,2d9a9acf-311d-4c59-b685-271d170732a8,PlanExe
60e030ff-f0aa-455c-b56c-922b85da7ab2,Develop Geographical Distribution Plan,,11/21/2026,1/20/2027,0,2d9a9acf-311d-4c59-b685-271d170732a8,PlanExe
01e88f97-f53c-4e7b-bd23-4d7a3b103093,Identify high-risk areas for instability,"Identify high-risk areas for instability

Description:
Analyze demographic, economic, and social data to pinpoint geographic areas within Silicon Valley most vulnerable to unrest due to AI-driven unemployment. This includes identifying areas with high concentrations of low-skilled workers, limited access to resources, and a history of social unrest.

Resources needed:
• Demographic data
• Economic data
• GIS software
• Data analysts
• Sociologists",11/21/2026,12/3/2026,0,60e030ff-f0aa-455c-b56c-922b85da7ab2,PlanExe
cda8ecb7-6af0-4e44-9732-b35932df63fb,Determine optimal location for resource hubs,"Determine optimal location for resource hubs

Description:
Evaluate potential locations for resource distribution hubs based on accessibility, proximity to high-risk areas, availability of existing infrastructure (e.g., community centers, schools), and security considerations. Consider factors such as transportation networks, population density, and potential for community acceptance.

Resources needed:
• GIS data
• Transportation maps
• Real estate data
• Logistics experts
• Community representatives",12/3/2026,12/15/2026,0,01e88f97-f53c-4e7b-bd23-4d7a3b103093,PlanExe
cf81b013-9e86-4156-a265-bbaabb6ebbc2,Develop transportation plan for resource delivery,"Develop transportation plan for resource delivery

Description:
Create a detailed transportation plan for delivering resources to distribution hubs and directly to individuals in need, considering factors such as traffic patterns, road closures, availability of vehicles, and security protocols. Explore options for utilizing public transportation, private carriers, and volunteer drivers.

Resources needed:
• Transportation planners
• Logistics experts
• Vehicle fleet
• Fuel
• Drivers
• Security personnel",12/15/2026,12/27/2026,0,cda8ecb7-6af0-4e44-9732-b35932df63fb,PlanExe
f7b5c904-9c73-414d-a1ae-3fec14f82c5e,Establish inventory management system,"Establish inventory management system

Description:
Implement an inventory management system to track the location and quantity of resources at each distribution hub, ensuring efficient allocation and preventing shortages or waste. Utilize technology solutions such as barcode scanners, RFID tags, and cloud-based inventory management software.

Resources needed:
• Inventory management software
• Barcode scanners
• RFID tags
• IT support
• Warehouse personnel",12/27/2026,1/8/2027,0,cf81b013-9e86-4156-a265-bbaabb6ebbc2,PlanExe
5fba945f-455e-4239-9bdd-f589f044447c,Coordinate with local community organizations,"Coordinate with local community organizations

Description:
Establish partnerships with local community organizations to facilitate resource distribution and ensure that resources are delivered in a culturally sensitive and equitable manner. Engage community leaders in the planning process and solicit feedback on resource needs and distribution strategies.

Resources needed:
• Community outreach specialists
• Communication materials
• Meeting facilities
• Translation services
• Community leaders",1/8/2027,1/20/2027,0,60e030ff-f0aa-455c-b56c-922b85da7ab2,PlanExe
e250c9ba-6023-4f82-b20b-2c693339c70d,Secure Physical Locations,,1/20/2027,5/20/2027,0,9ae7a099-8147-426b-86da-644a2283a51a,PlanExe
933a9828-a63c-49d0-8f28-4e620f426771,Identify potential physical locations,"Identify potential physical locations

Description:
Identify a range of potential physical locations suitable for use as resource centers, emergency operations centers, or community support hubs. Consider factors such as size, accessibility, proximity to affected populations, and existing infrastructure.

Resources needed:
• Real estate agents
• GIS analysts
• Community representatives",1/20/2027,2/13/2027,0,e250c9ba-6023-4f82-b20b-2c693339c70d,PlanExe
01daef42-404f-4eb6-b4fd-170fa63a6b28,Assess location suitability and risks,"Assess location suitability and risks

Description:
Evaluate the suitability of each identified location based on factors such as structural integrity, environmental hazards, security risks, and compliance with accessibility standards. Conduct site visits and engage with relevant experts to assess potential challenges.

Resources needed:
• Engineers
• Environmental consultants
• Security experts",2/13/2027,3/9/2027,0,933a9828-a63c-49d0-8f28-4e620f426771,PlanExe
12c4d936-d8f8-4084-a31b-9479bb51e8bb,Negotiate lease agreements or purchase options,"Negotiate lease agreements or purchase options

Description:
Negotiate lease agreements or purchase options for the selected locations, ensuring favorable terms and conditions that align with the project's budget and timeline. Engage legal counsel to review contracts and protect the project's interests.

Resources needed:
• Legal counsel
• Negotiators
• Financial analysts",3/9/2027,4/2/2027,0,01daef42-404f-4eb6-b4fd-170fa63a6b28,PlanExe
d4a52114-e207-4307-96a4-623c699870f9,Obtain necessary permits and approvals,"Obtain necessary permits and approvals

Description:
Obtain all necessary permits and approvals from relevant regulatory agencies, including building permits, occupancy permits, and environmental permits. Prepare and submit required documentation and address any concerns raised by regulatory authorities.

Resources needed:
• Permitting specialists
• Regulatory liaisons
• Legal counsel",4/2/2027,4/26/2027,0,12c4d936-d8f8-4084-a31b-9479bb51e8bb,PlanExe
42feee2f-f7e3-47e8-a61a-f15b6a354f70,Prepare locations for operational use,"Prepare locations for operational use

Description:
Prepare the secured locations for operational use by installing necessary infrastructure, such as communication systems, power generators, and security equipment. Conduct renovations or modifications as needed to ensure the locations meet the project's requirements.

Resources needed:
• Construction crews
• Electricians
• IT technicians
• Security personnel",4/26/2027,5/20/2027,0,e250c9ba-6023-4f82-b20b-2c693339c70d,PlanExe
1d33e80b-bbfa-486d-851e-6ea620a87155,Implementation & Training,,5/20/2027,9/29/2027,0,9ae7a099-8147-426b-86da-644a2283a51a,PlanExe
41502dfd-1704-4aa4-99db-fa1aba263b4e,Implement Cybersecurity Measures,,5/20/2027,6/1/2027,0,1d33e80b-bbfa-486d-851e-6ea620a87155,PlanExe
99e67657-f767-41fb-aade-acb740599a64,Identify critical assets and data flows,"Identify critical assets and data flows

Description:
Objective: Determine the most important assets and data flows to protect.
Scope: Includes all systems and data involved in the stability framework.
Steps: Conduct asset inventory, map data flows, classify assets based on criticality.
Deliverables: Asset inventory report, data flow diagrams, asset classification matrix.

Resources needed:
• Cybersecurity experts
• System administrators
• Data analysts",5/20/2027,5/23/2027,0,41502dfd-1704-4aa4-99db-fa1aba263b4e,PlanExe
25f45b01-de9a-4f8c-af0d-00c0f7617734,Conduct vulnerability assessments and penetration testing,"Conduct vulnerability assessments and penetration testing

Description:
Objective: Identify vulnerabilities in systems and networks.
Scope: Includes all systems identified in the asset inventory.
Steps: Perform vulnerability scans, conduct penetration tests, analyze results.
Deliverables: Vulnerability assessment report, penetration testing report, list of identified vulnerabilities.

Resources needed:
• Penetration testers
• Security analysts
• Vulnerability scanning tools",5/23/2027,5/26/2027,0,99e67657-f767-41fb-aade-acb740599a64,PlanExe
66e989ae-9b7c-4914-adef-474448267296,Implement security controls and countermeasures,"Implement security controls and countermeasures

Description:
Objective: Implement security controls to mitigate identified vulnerabilities.
Scope: Includes all systems and networks identified in the vulnerability assessment.
Steps: Configure firewalls, implement intrusion detection systems, deploy anti-malware software, enforce strong authentication.
Deliverables: Security configuration documents, implemented security controls, updated system documentation.

Resources needed:
• Security engineers
• System administrators
• Network engineers",5/26/2027,5/29/2027,0,25f45b01-de9a-4f8c-af0d-00c0f7617734,PlanExe
6121d34c-e1ba-40c1-8774-56d89b2fbbf0,Establish incident response plan and procedures,"Establish incident response plan and procedures

Description:
Objective: Develop a plan for responding to cybersecurity incidents.
Scope: Includes all systems and data involved in the stability framework.
Steps: Define incident response roles and responsibilities, develop incident response procedures, create communication plan.
Deliverables: Incident response plan, incident response procedures, communication plan.

Resources needed:
• Incident response team
• Security analysts
• Communication specialists",5/29/2027,6/1/2027,0,41502dfd-1704-4aa4-99db-fa1aba263b4e,PlanExe
ff162b03-e32d-47fc-ae34-63310884f6c4,Establish Secure Communication Network,,6/1/2027,6/9/2027,0,41502dfd-1704-4aa4-99db-fa1aba263b4e,PlanExe
941519fe-f984-492f-b209-0774a74fd2a4,Identify communication channels for each stakeholder,"Identify communication channels for each stakeholder

Description:
Determine the most effective communication channels for reaching each stakeholder group (e.g., law enforcement, National Guard, community organizations, displaced workers). Consider factors such as accessibility, security, and frequency of communication.

Resources needed:
• Communication specialists
• Stakeholder representatives
• Survey tools",6/1/2027,6/3/2027,0,ff162b03-e32d-47fc-ae34-63310884f6c4,PlanExe
abd1a3eb-de05-4afc-b732-1c00eba3134c,Develop a crisis communication plan,"Develop a crisis communication plan

Description:
Create a detailed plan for communicating with the public and stakeholders during a crisis situation. This plan should include pre-approved messaging, escalation procedures, and designated spokespersons.

Resources needed:
• Public relations experts
• Legal counsel
• Emergency management specialists",6/3/2027,6/5/2027,0,941519fe-f984-492f-b209-0774a74fd2a4,PlanExe
f5c4aed5-d7a9-4de2-ab22-ed5031aa8a9a,Establish secure communication protocols,"Establish secure communication protocols

Description:
Implement secure communication protocols to protect sensitive information from unauthorized access. This may include encryption, multi-factor authentication, and secure communication channels.

Resources needed:
• Cybersecurity experts
• IT infrastructure
• Encryption software",6/5/2027,6/7/2027,0,abd1a3eb-de05-4afc-b732-1c00eba3134c,PlanExe
f7b558bf-ffed-4d60-a920-9b1892a7c9e1,Create a misinformation response strategy,"Create a misinformation response strategy

Description:
Develop a strategy for identifying and responding to misinformation related to the AI-driven unemployment crisis and the stability framework. This strategy should include partnerships with fact-checking organizations and social media platforms.

Resources needed:
• Social media analysts
• Fact-checking organizations
• Public relations team",6/7/2027,6/9/2027,0,ff162b03-e32d-47fc-ae34-63310884f6c4,PlanExe
3b33a28a-2e5f-450c-85f5-9944487ce0ad,Develop Transparency Protocols,,6/9/2027,7/11/2027,0,ff162b03-e32d-47fc-ae34-63310884f6c4,PlanExe
f5ddcb0b-4e91-4402-874d-728ff9ea4483,Define transparency goals and scope,"Define transparency goals and scope

Description:
Clearly define the objectives of transparency protocols and the scope of information to be shared, considering legal and ethical constraints.

Resources needed:
• Legal experts
• Ethics consultants
• Stakeholder representatives",6/9/2027,6/17/2027,0,3b33a28a-2e5f-450c-85f5-9944487ce0ad,PlanExe
e0b225d3-4835-4920-a784-be2a606e36f8,Identify key stakeholders for transparency,"Identify key stakeholders for transparency

Description:
Determine the relevant stakeholders who need access to information and tailor transparency protocols to their specific needs and concerns.

Resources needed:
• Community engagement specialists
• Communication experts
• Stakeholder representatives",6/17/2027,6/25/2027,0,f5ddcb0b-4e91-4402-874d-728ff9ea4483,PlanExe
96f716d0-f825-47a2-a593-0289b1a163d3,Develop data sharing and access protocols,"Develop data sharing and access protocols

Description:
Establish clear guidelines for data sharing, access control, and data security to protect sensitive information while promoting transparency.

Resources needed:
• Data security experts
• IT specialists
• Legal experts",6/25/2027,7/3/2027,0,e0b225d3-4835-4920-a784-be2a606e36f8,PlanExe
29e95006-9e57-4925-b420-1ea3fe36e03d,Create a communication and feedback mechanism,"Create a communication and feedback mechanism

Description:
Implement a system for communicating information to stakeholders and collecting feedback to improve transparency protocols over time.

Resources needed:
• Communication experts
• Community engagement specialists
• IT specialists",7/3/2027,7/11/2027,0,3b33a28a-2e5f-450c-85f5-9944487ce0ad,PlanExe
730f8dc5-da6b-4129-b96b-b32228b09294,Conduct Safety Drills and Training,,7/11/2027,9/9/2027,0,3b33a28a-2e5f-450c-85f5-9944487ce0ad,PlanExe
d246a718-b66f-4ce9-8308-7f3cffd2cbb8,Develop comprehensive training curriculum,"Develop comprehensive training curriculum

Description:
Create a detailed training curriculum covering de-escalation techniques, emergency response protocols, and inter-agency coordination procedures. Include scenario-based exercises and simulations.

Resources needed:
• Training specialists
• Subject matter experts
• Curriculum developers",7/11/2027,7/23/2027,0,730f8dc5-da6b-4129-b96b-b32228b09294,PlanExe
26c364ad-cb8c-435e-b2b4-442951f43619,Secure training facilities and equipment,"Secure training facilities and equipment

Description:
Identify and secure suitable training facilities, including classrooms, simulation labs, and outdoor training areas. Procure necessary equipment, such as protective gear, communication devices, and simulation tools.

Resources needed:
• Logistics coordinator
• Procurement specialist
• Facility manager",7/23/2027,8/4/2027,0,d246a718-b66f-4ce9-8308-7f3cffd2cbb8,PlanExe
9c37fbf2-b2c2-4037-9739-9eeb33801df1,Schedule and coordinate training sessions,"Schedule and coordinate training sessions

Description:
Develop a training schedule that accommodates the availability of personnel from all participating agencies. Coordinate logistics, including transportation, accommodation, and catering.

Resources needed:
• Training coordinator
• Administrative staff
• Logistics personnel",8/4/2027,8/16/2027,0,26c364ad-cb8c-435e-b2b4-442951f43619,PlanExe
627d8b9f-8cfb-46a5-be21-e08a5c904ec8,Conduct safety drills and simulations,"Conduct safety drills and simulations

Description:
Conduct realistic safety drills and simulations to test the effectiveness of the training curriculum and identify areas for improvement. Evaluate participant performance and provide feedback.

Resources needed:
• Training instructors
• Simulation specialists
• Evaluation team",8/16/2027,8/28/2027,0,9c37fbf2-b2c2-4037-9739-9eeb33801df1,PlanExe
ae42f0d0-fa90-45ee-9395-53d66b73cf43,Evaluate and refine training program,"Evaluate and refine training program

Description:
Gather feedback from participants and instructors to evaluate the effectiveness of the training program. Refine the curriculum and training methods based on the evaluation results.

Resources needed:
• Evaluation team
• Curriculum developers
• Training specialists",8/28/2027,9/9/2027,0,730f8dc5-da6b-4129-b96b-b32228b09294,PlanExe
60df1400-c6ba-4adf-bd9e-d3193463e0c7,Labor Market Analysis for Retraining Opportunities,,9/9/2027,9/29/2027,0,1d33e80b-bbfa-486d-851e-6ea620a87155,PlanExe
cc893934-53c4-43a8-ae5d-6562dce42463,Gather AI job displacement data,"Gather AI job displacement data

Description:
Collect data on AI-driven job losses in Silicon Valley sectors.

Resources needed:
• Labor economists
• Data analysts
• Industry reports",9/9/2027,9/13/2027,0,60df1400-c6ba-4adf-bd9e-d3193463e0c7,PlanExe
ba55e52b-b40b-4bba-8f50-67ae31dc68e6,Identify high-demand skills and jobs,"Identify high-demand skills and jobs

Description:
Determine skills needed for future jobs in Silicon Valley.

Resources needed:
• Workforce development experts
• Industry leaders
• Job market analysts",9/13/2027,9/17/2027,0,cc893934-53c4-43a8-ae5d-6562dce42463,PlanExe
f6e6fcb1-709f-4c7c-81ec-eda42704d879,Assess displaced worker skills gaps,"Assess displaced worker skills gaps

Description:
Evaluate the skills of displaced workers and training needs.

Resources needed:
• Career counselors
• Vocational trainers
• Assessment tools",9/17/2027,9/21/2027,0,ba55e52b-b40b-4bba-8f50-67ae31dc68e6,PlanExe
8a07a9c1-508e-4e0e-8199-6239250e64a7,Develop retraining program options,"Develop retraining program options

Description:
Design retraining programs to address identified skills gaps.

Resources needed:
• Educational institutions
• Training providers
• Curriculum developers",9/21/2027,9/25/2027,0,f6e6fcb1-709f-4c7c-81ec-eda42704d879,PlanExe
3439b378-4e8f-4a72-9491-5bd74c769a1f,Evaluate retraining program effectiveness,"Evaluate retraining program effectiveness

Description:
Assess the success of retraining programs in job placement.

Resources needed:
• Evaluation specialists
• Data analysts
• Feedback from participants",9/25/2027,9/29/2027,0,60df1400-c6ba-4adf-bd9e-d3193463e0c7,PlanExe
09ce712b-4094-4fb3-9897-2ba5b4c686d7,Monitoring & Evaluation,,9/29/2027,12/2/2027,0,c3e90f0f-c015-469d-951f-5353dd5a541a,PlanExe
e630047d-1dbc-4d47-98b9-385161c22ece,Establish Data Management System,,9/29/2027,10/19/2027,0,09ce712b-4094-4fb3-9897-2ba5b4c686d7,PlanExe
82098739-c9a3-4d2f-ba4c-3587217099db,Define Data Requirements and Sources,"Define Data Requirements and Sources

Description:
Identify specific data points needed for social instability metrics, determine reliable data sources (e.g., government databases, social media APIs), and establish data collection protocols.

Resources needed:
• Data analysts
• Subject matter experts
• IT specialists",9/29/2027,10/3/2027,0,e630047d-1dbc-4d47-98b9-385161c22ece,PlanExe
dbbec555-3894-437f-8d84-894960d32ff6,Select Data Management Platform,"Select Data Management Platform

Description:
Evaluate and select a suitable data management platform (e.g., cloud-based database, data warehouse) based on scalability, security, and integration capabilities.

Resources needed:
• IT architects
• Database administrators
• Cybersecurity experts",10/3/2027,10/7/2027,0,82098739-c9a3-4d2f-ba4c-3587217099db,PlanExe
60c00a78-3d89-487a-a76b-8e7964028836,Implement Data Security Protocols,"Implement Data Security Protocols

Description:
Establish and implement robust data security protocols, including access controls, encryption, and data anonymization techniques, to protect sensitive information.

Resources needed:
• Cybersecurity experts
• Legal counsel
• Data privacy officers",10/7/2027,10/11/2027,0,dbbec555-3894-437f-8d84-894960d32ff6,PlanExe
2a72e263-f6f4-407e-8333-fbbf159de03f,Develop Data Integration Processes,"Develop Data Integration Processes

Description:
Design and implement data integration processes to consolidate data from various sources into the selected data management platform, ensuring data quality and consistency.

Resources needed:
• Data engineers
• ETL developers
• Database administrators",10/11/2027,10/15/2027,0,60c00a78-3d89-487a-a76b-8e7964028836,PlanExe
a7219b31-657f-4417-b1f4-42e9d8ac2c5f,Establish Data Governance Policies,"Establish Data Governance Policies

Description:
Define data governance policies and procedures to ensure data quality, accuracy, and compliance with relevant regulations and ethical guidelines.

Resources needed:
• Data governance specialists
• Legal counsel
• Compliance officers",10/15/2027,10/19/2027,0,e630047d-1dbc-4d47-98b9-385161c22ece,PlanExe
8191acf4-50a0-421f-8a04-b0a3f2f69ea8,Monitor Social Instability Metrics,,10/19/2027,11/4/2027,0,e630047d-1dbc-4d47-98b9-385161c22ece,PlanExe
3c93b20a-9317-4a6f-9f57-f7fb2918f6ce,Collect social instability indicator data,"Collect social instability indicator data

Description:
Gather data from various sources on key social instability indicators, including crime rates, unemployment figures, mental health statistics, and housing insecurity rates. Ensure data is collected consistently and accurately.

Resources needed:
• Data analysts
• Data collection specialists
• Local government agencies
• Law enforcement agencies
• Social service organizations",10/19/2027,10/23/2027,0,8191acf4-50a0-421f-8a04-b0a3f2f69ea8,PlanExe
6bc7de3f-52cd-4336-a701-6f13e73fc04e,Analyze collected social instability data,"Analyze collected social instability data

Description:
Analyze the collected data to identify trends, patterns, and anomalies that may indicate increasing social instability. Use statistical methods and data visualization techniques to gain insights from the data.

Resources needed:
• Data scientists
• Statistical software
• Data visualization tools
• Sociologists
• Criminologists",10/23/2027,10/27/2027,0,3c93b20a-9317-4a6f-9f57-f7fb2918f6ce,PlanExe
e8d6b2b6-02c2-4fff-9089-fcda28b45eca,Report on social instability trends,"Report on social instability trends

Description:
Prepare regular reports on social instability trends, highlighting key findings and potential areas of concern. Disseminate these reports to relevant stakeholders, including government officials, law enforcement agencies, and social service organizations.

Resources needed:
• Report writers
• Communication specialists
• Data analysts
• Government liaison officers",10/27/2027,10/31/2027,0,6bc7de3f-52cd-4336-a701-6f13e73fc04e,PlanExe
7298891e-b507-4d05-819c-8a5aab107a4b,Refine social instability metrics,"Refine social instability metrics

Description:
Continuously evaluate and refine the social instability metrics based on ongoing data analysis and feedback from stakeholders. Ensure that the metrics remain relevant and accurate in reflecting the underlying social conditions.

Resources needed:
• Sociologists
• Criminologists
• Data scientists
• Community leaders
• Government officials",10/31/2027,11/4/2027,0,8191acf4-50a0-421f-8a04-b0a3f2f69ea8,PlanExe
68997745-8032-46c9-9cb5-b65d88437289,Evaluate Plan Effectiveness,,11/4/2027,11/20/2027,0,8191acf4-50a0-421f-8a04-b0a3f2f69ea8,PlanExe
2d437439-138b-48a6-a439-07f8ba45a67e,Define evaluation criteria and metrics,"Define evaluation criteria and metrics

Description:
Establish clear criteria for assessing the plan's effectiveness, including specific, measurable, achievable, relevant, and time-bound (SMART) metrics. This involves identifying key performance indicators (KPIs) related to social stability, economic support, and civil liberties.

Resources needed:
• Evaluation experts
• Data analysts
• Stakeholder representatives",11/4/2027,11/8/2027,0,68997745-8032-46c9-9cb5-b65d88437289,PlanExe
ea1866eb-ee84-4465-a26a-6f9f5ae8a9ff,Collect and analyze relevant data,"Collect and analyze relevant data

Description:
Gather data from various sources, including government agencies, community organizations, and research institutions, to track progress against the defined metrics. Analyze the data to identify trends, patterns, and areas where the plan is succeeding or failing.

Resources needed:
• Data collection specialists
• Data analysis software
• Database administrators",11/8/2027,11/12/2027,0,2d437439-138b-48a6-a439-07f8ba45a67e,PlanExe
fa724980-75b9-46c8-adff-3d2f249c602c,Prepare evaluation reports,"Prepare evaluation reports

Description:
Document the findings of the evaluation in clear and concise reports that are accessible to stakeholders. The reports should include a summary of the data, an analysis of the results, and recommendations for improvement.

Resources needed:
• Report writers
• Editors
• Graphic designers",11/12/2027,11/16/2027,0,ea1866eb-ee84-4465-a26a-6f9f5ae8a9ff,PlanExe
096139d9-a9dc-4a97-8e54-9620815853ea,Present findings to stakeholders (2),"Present findings to stakeholders

Description:
Share the evaluation findings with stakeholders, including government officials, community leaders, and the public. This involves presenting the data in a clear and engaging manner and soliciting feedback on the plan's effectiveness.

Resources needed:
• Presentation specialists
• Facilitators
• Communication specialists",11/16/2027,11/20/2027,0,68997745-8032-46c9-9cb5-b65d88437289,PlanExe
506dfba2-a99c-4111-a9c3-70bf4807dbfd,Adjust Plan Based on Evaluation,,11/20/2027,12/2/2027,0,09ce712b-4094-4fb3-9897-2ba5b4c686d7,PlanExe
e4e36909-dd74-4514-8450-862c525c517d,Analyze evaluation reports and feedback,"Analyze evaluation reports and feedback

Description:
Review evaluation reports and stakeholder feedback to identify areas for improvement in the stability framework plan. This includes assessing the effectiveness of implemented strategies, identifying gaps in coverage, and understanding the impact on the community.

Resources needed:
• Evaluation reports
• Stakeholder feedback
• Data analysts
• Project manager",11/20/2027,11/23/2027,0,506dfba2-a99c-4111-a9c3-70bf4807dbfd,PlanExe
2b961023-93c6-4e9e-8f5f-18a0b7599dba,Identify necessary plan adjustments,"Identify necessary plan adjustments

Description:
Based on the analysis of evaluation reports and feedback, determine the specific adjustments needed to the stability framework plan. This may involve modifying existing strategies, developing new approaches, or reallocating resources.

Resources needed:
• Project manager
• Subject matter experts
• Stakeholder representatives",11/23/2027,11/26/2027,0,e4e36909-dd74-4514-8450-862c525c517d,PlanExe
61a92e36-4dbf-44d6-a870-bb2d48817448,Develop revised plan components,"Develop revised plan components

Description:
Create detailed revisions to the stability framework plan, incorporating the identified adjustments. This includes updating documentation, developing new protocols, and securing necessary approvals.

Resources needed:
• Subject matter experts
• Technical writers
• Legal counsel",11/26/2027,11/29/2027,0,2b961023-93c6-4e9e-8f5f-18a0b7599dba,PlanExe
09166db8-e382-4af2-b241-2571d2bc70fe,Communicate plan adjustments to stakeholders,"Communicate plan adjustments to stakeholders

Description:
Inform all relevant stakeholders about the changes to the stability framework plan. This includes providing clear explanations of the rationale behind the adjustments and ensuring that stakeholders understand their roles and responsibilities in the revised plan.

Resources needed:
• Communication specialists
• Project manager
• Stakeholder representatives",11/29/2027,12/2/2027,0,506dfba2-a99c-4111-a9c3-70bf4807dbfd,PlanExe
