Level 1;Level 2;Level 3;Level 4;Task ID
Global Relocation;;;;f3714711-c7b8-4c31-805c-ab4db9173e7e
;Project Initiation & Planning;;;94edf2ba-d1bb-4c90-9303-34284ad23078
;;Define Project Scope and Objectives;;f4e28d91-0465-4b22-ab3e-37966c84563e
;;;Gather stakeholder requirements for relocation;254541dc-c625-4463-8685-f5b81591f7db
;;;Analyze existing documentation and regulations;fa3a8f4c-ecfb-43ea-8b52-13009f8a7661
;;;Define measurable project objectives;78fa81a6-7393-4b50-b649-2ecd661e129a
;;;Document project scope and deliverables;0f175099-5ede-47bf-b5dd-9857fd5a8fed
;;Identify Key Stakeholders;;8f84d319-86ee-422b-be38-fb1e0aaddc20
;;;Identify Internal Stakeholders;825413f6-7d0c-46cc-b4b0-0d80a90d70a1
;;;Identify External Stakeholders;c606da99-6845-404f-9c91-70464f73230f
;;;Assess Stakeholder Influence and Impact;4c2c0df1-5ea8-4f3d-985d-d985ddfd611d
;;;Prioritize Stakeholder Engagement;6383a122-8c45-4940-aced-e541f3b320ce
;;;Document Stakeholder Requirements;dbdc1a37-a71f-448d-b8ee-aa496085d8ee
;;Develop Communication Plan;;6198f4b5-8e90-4e84-9dc9-2544103a99c1
;;;Identify Stakeholder Communication Needs;8860a488-3de3-4b95-a2a7-5fbf3e95568b
;;;Select Communication Channels and Tools;3d607d13-e80f-4a27-b7c8-b2a0131f1e7e
;;;Define Communication Protocols;618bf4b8-dbfc-46e0-8d0b-db66ae76b9e5
;;;Create Communication Templates;00792a21-ad56-4798-90af-bc866c6136c6
;;;Establish Feedback Mechanisms;27f7da30-c121-4695-8407-dbd5c6bd778a
;;Establish Project Governance Structure;;a42fc708-ef6f-4896-b119-16df56d3cd53
;;;Define Governance Roles and Responsibilities;cb88e418-c526-4cce-a8da-d94bfe4aa25c
;;;Establish Decision-Making Process;56abf144-0d34-4099-9ff4-c0fe79f8933a
;;;Create Governance Charter;a75bff7f-9f63-4f8b-933a-871355670182
;;;Communicate Governance Structure;d8bf4899-810e-415d-b8bc-938c62de99ca
;;Secure Initial Funding;;102fee40-72f5-4f10-8667-e3a39adf948f
;;;Prepare funding proposal documentation;fcefe9b1-c069-4486-ad2d-b36ed27a1680
;;;Identify potential funding sources;a00638e2-584e-4ddf-b902-d8dca09a3cb7
;;;Submit funding applications;c37ad88f-d0d8-41f8-b0a6-ca074539ed5d
;;;Negotiate funding terms and agreements;ce1be4cb-09fa-410e-9522-2fa684582da3
;International Agreements & Permitting;;;0eee6e7d-d01f-4861-96c4-07839990a288
;;Negotiate International Agreements;;0223ca74-7340-4a19-958c-6e9a59b07225
;;;Define Negotiation Objectives;206bd97b-c0b9-41d0-8dc6-59329c58a07a
;;;Identify Key Negotiators and Influencers;ac0b4449-1497-42c2-8f5d-979c482c622d
;;;Develop Negotiation Strategies;926feb31-08cd-46c5-9f2f-e225c63f1795
;;;Conduct Pre-Negotiation Consultations;f0e9f0e0-fbec-4a93-b11f-90e3e704b1cf
;;;Formal Negotiation Sessions;d2e7fc99-29e5-4b6a-a857-faed913ca28e
;;Obtain Relocation Permits;;56838370-4f76-4e41-a607-336698ce1f1c
;;;Identify required relocation permits;99641c5e-3365-4c00-bd20-94bfe7c21c58
;;;Prepare permit application documentation;ca5d66f8-1be7-4f40-95ed-467c348752f9
;;;Submit permit applications to authorities;bae3f6f5-7b99-4a16-8257-2b4783c53ad8
;;;Address permit queries and revisions;3349a00d-fa0e-403c-a0c6-7cce9b0e4509
;;;Track permit approval status;415e5379-93c0-432e-829a-eda7e3fdaeb6
;;Secure Resource Extraction Permits;;922a6129-995a-4572-8f38-3e4808c47a15
;;;Identify Key Resources for Extraction;e4b7ad41-6c81-4c00-b2d2-767e0bd368ac
;;;Assess Environmental Impact of Extraction;ca94c212-2161-4215-ba4e-ff6b21a23380
;;;Develop Extraction Plan and Safety Protocols;ebc51d79-5fe0-41d6-a4e0-4ff0cb6c4a79
;;;Submit Permit Applications and Documentation;a6db3f26-a3c7-4dcc-b28a-978ca5a9489a
;;;Engage with Regulatory Bodies and Stakeholders;c5fd7499-c1bb-4080-b016-c5e5c21926ee
;;Acquire Building Permits;;0e8561b8-c808-496c-a2a8-969ce1c2ed52
;;;Identify building permit requirements;8799530d-bcd8-4741-822f-8e5abe203f4b
;;;Prepare building permit applications;8023e560-393b-4989-9d37-9020442dfc7a
;;;Submit building permit applications;6abea252-d8db-4f76-b3ef-7c4016c1b5c0
;;;Address building permit queries;4c896377-09cc-4831-a7f8-77d7f2fb2b9b
;;;Track building permit approvals;57c0f220-f86e-463e-b39e-3f8db4e92c9a
;;Obtain Environmental Permits;;d0683abd-f772-4378-9832-e05c282eed2c
;;;Assess Environmental Impact;d4862f90-3cea-4f7c-bbba-620643411c25
;;;Identify Applicable Regulations;cb91ba69-6baf-45c6-ac99-0681f22bd5cb
;;;Prepare Permit Applications;eb39815b-3d7a-4f9d-bb09-ccf03bf6ca49
;;;Submit Applications and Follow Up;dfa822ec-2ce5-4dbd-9c95-a4af3b03cb12
;;;Address Regulatory Concerns;e9ddca93-bd1d-4834-a685-aec30dba2411
;Relocation Strategy Implementation;;;df788185-8ca3-4411-b107-f191c8aee58a
;;Develop Relocation Prioritization Plan;;1f07bdd5-8a40-4330-887f-2db1c487bd2a
;;;Analyze demographic data for prioritization;38869938-33b9-4fd5-9881-78aefedc349c
;;;Define relocation prioritization criteria;ca24e48f-6e72-4226-bbff-563ea050ba10
;;;Develop surge capacity management plan;a0b49d86-e153-4203-97c5-fb9b67acb17f
;;;Establish data sharing agreements;1c5e3d6d-7a6b-48cb-8389-dcd4ebdd872e
;;Establish Relocation Centers;;ea71cdf9-86d7-4ab5-b913-67a18d89dac5
;;;Identify potential relocation center locations;e8f802a9-e3e9-4760-9cf6-3424dc3ad7a0
;;;Secure land or buildings for centers;255d92d8-1b65-402a-99d5-faeb9f4be403
;;;Design and construct relocation centers;1229d1e7-80b6-4af7-a39b-f786a558d318
;;;Equip relocation centers;05d9ba34-f88e-4863-9c68-8241731b7181
;;;Staff relocation centers;2c485194-ca39-44b3-b1e2-d207b4306d78
;;Coordinate Transportation Logistics;;87cc448a-d0eb-4ee2-ab84-de9c75e70e76
;;;Assess Transportation Infrastructure Capacity;13462301-7f59-47a6-9fc0-1b685941d62e
;;;Develop Transportation Route Optimization Plan;4230a2a9-43f3-4dd0-bd0a-bbcca4570e0c
;;;Secure Transportation Agreements and Contracts;308429dc-3ca9-4e3d-bb3b-8f37e00acf65
;;;Establish Real-Time Tracking System;57d68df2-422b-440e-8719-52e57bc8644c
;;;Coordinate Intermodal Transportation Hubs;b142a238-7c5e-479f-a6f8-1d175b28d74a
;;Provide Humanitarian Aid;;e008fdb9-1684-4bcb-afc2-df2a4e0a81a2
;;;Assess Humanitarian Aid Needs;59876c24-6810-4367-9025-e654fd75bf81
;;;Procure and Stockpile Aid Supplies;f24e578c-ea48-4f73-85dd-80a3b91b7ec6
;;;Establish Aid Distribution Network;6372200d-48b1-4f1c-a8b9-eb1007586902
;;;Train Aid Workers and Volunteers;e1ed0fda-5ac6-4855-a509-6747e03aaac0
;;;Monitor Aid Distribution and Impact;e978573d-0544-46d2-97f5-c2056aacf01c
;;Manage Social Integration Programs;;ad20de35-d552-4b4d-b92f-31193460a32b
;;;Assess Needs of Relocated Populations;89d7731d-49f3-4c55-8812-b8e6d1d74cdf
;;;Develop Culturally Sensitive Programs;6c20c685-94f8-4430-9fce-517421e3c375
;;;Provide Language Training and Job Placement;2a538e90-b550-4aa3-89fb-7ddd265e4515
;;;Establish Community Support Networks;ffe8c2c9-032e-4713-99a1-948218a6488a
;;;Implement Conflict Resolution Mechanisms;62184961-870c-4c6f-9b8a-878ff63002e1
;Resource Repurposing & Infrastructure Development;;;368980e8-7f0b-4e3b-ad55-b7460ccd9ce7
;;Assess Resource Availability in Abandoned Zone;;4acee05b-01a7-47a3-b8b1-d3d5e155e7ba
;;;Geological Surveys and Sampling;2ae4471c-da43-41d8-aed5-4f64911957be
;;;Environmental Impact Assessment;49fba89b-f2af-4193-b18c-8ea4c5ace5d1
;;;Resource Quantity Estimation;92eb3a98-0f1c-4da8-a86c-5218986f4f15
;;;Accessibility and Infrastructure Assessment;28928c97-2518-4b22-a4d4-a577a9cf7f34
;;Implement Sustainable Extraction Methods;;bbd81482-999b-41a8-85e8-a82b4e7179d2
;;;Geological Surveys for Extraction Planning;a41ba14c-2ccc-4599-a68e-e4b157f3e33c
;;;Secure Sustainable Extraction Equipment;260a03a8-8740-4029-a476-a12882003b7a
;;;Develop Environmental Protection Protocols;347d5d4b-8f43-40ad-89ae-f345809046fb
;;;Community Engagement and Consultation;068cf0ff-5fdc-45a4-b1d0-efb7429abb4f
;;;Implement Monitoring and Reporting Systems;ebc28e37-2cf5-42a5-a99f-453e83f40dd8
;;Transport Resources to Inhabited Zone;;045e767e-d67d-40d5-85b8-b568c60e9cb1
;;;Secure transportation route agreements;5ac5e80e-f928-429c-9d5a-2bc6bf7e9424
;;;Establish transfer point infrastructure;6328b47e-c50d-4ff0-a847-c464067b9bac
;;;Acquire and maintain transport equipment;f9e5346c-4dc0-41e5-bb8c-589e059c285e
;;;Implement real-time tracking system;2375ab9a-8d20-41ad-9e12-a7934194da09
;;;Develop weather disruption contingency plans;4d9aa55e-5c4c-46ac-814d-addd5c0515d0
;;Construct New Infrastructure in Northern Zone;;1bcf7a96-6624-478e-95db-0f3bfb05d90f
;;;Optimize Transportation Routes;9be38e94-45ba-4a8a-8421-1aba404a8b49
;;;Secure Transportation Agreements;65382d3e-ac34-46fa-b720-2b182c73e5e7
;;;Establish Logistics Hubs;92b7c4ec-eb8f-436a-9151-b4612b1adb31
;;;Implement Tracking System;03185f4b-3486-4018-b3ef-83ab0e4ca355
;;Implement Smart City Technologies;;3de5eab2-ae6e-42c3-a6e1-460955ac8cd5
;;;Select Smart City Technologies;b4389a96-4b85-4369-bf8d-9c2135a682e4
;;;Design Smart City Infrastructure;a97e6e28-68a4-4444-99a4-2df00a6d1619
;;;Deploy Smart City Technologies;eafb0061-93d7-48ea-a282-548f8eb7de50
;;;Test and Optimize Smart City Systems;43defb74-0be1-46ab-a2f1-04c51d0d8670
;;;Train Personnel on Smart City Systems;3c1c333f-1fb5-421e-a047-321653aad8f6
;Buffer Zone Establishment & Management;;;6c918f71-5d71-46b3-9c6c-76c3273d6864
;;Define Buffer Zone Boundaries;;2dd87e2d-00f2-48bb-8425-05d8a8c74be6
;;;Procure surveillance equipment;73be2545-ce49-4e7e-8921-b7b458226101
;;;Install surveillance systems;d23af315-fbda-4c02-ba9c-44af2900bca9
;;;Train personnel on system operation;05381f18-e9d1-4e77-be01-771f66825750
;;;Establish data analysis protocols;bbab2eb3-f093-4ce1-b6e6-1f6930999588
;;Implement Surveillance and Security Measures;;c7d1e2fe-5107-4b12-815f-c8182b5d506a
;;;Procure Surveillance Equipment;229b459b-2f74-46a4-89dd-3d382d9a93a5
;;;Deploy Security Systems;65c66e41-e366-4d89-b0b3-574e339959eb
;;;Train Security Personnel;d80b8c01-8f36-4fe6-ab36-06afc1fd5b3e
;;;Establish Communication Network;66ce2037-3dd0-4de1-b5bd-d19b0235423d
;;Establish Access Control Protocols;;7cc51af0-43eb-4019-b604-b01a3638a2cc
;;;Procure sensor and communication devices;1b249b71-f1ed-490d-91ae-174ed7474d32
;;;Develop access control system architecture;63d1c104-0c15-4b44-a898-650aadf4badc
;;;Integrate access control systems;21d45bd1-1feb-4488-90e1-c29bf8f04028
;;;Test access control system;f28efa2e-b6e2-4dc0-bfaf-7b675f57f8ef
;;Monitor Ecological Health;;b92b7a3d-0228-45e0-bf18-f712cdfd81df
;;;Establish Baseline Ecological Data;df410fdc-92f3-4dbc-a4dd-cff6f96061ed
;;;Deploy Remote Monitoring Sensors;557c0a69-73f8-46a0-bc95-988a823d5959
;;;Conduct Regular Field Inspections;a898c766-7cff-4f2f-88ef-a31f72db4da9
;;;Analyze Data and Generate Reports;024b18a3-1fa4-4262-9f4e-ce7b53f099f9
;;;Develop Ecological Response Protocols;ac2e5e82-9112-49b5-b36a-9a8c68499867
;;Enforce Zone Restrictions;;27934440-4ad0-466f-bf79-2ed9f9e6f152
;;;Establish patrol routes and schedules;9b73ed81-5bf5-432f-b90e-af240398fc22
;;;Deploy surveillance technology;867d76d9-d0fd-4a00-902f-85a9e88939dc
;;;Implement access control checkpoints;e1557273-f8ce-46d8-a32c-23b8f5e345e6
;;;Develop violation response protocols;ddc50f59-482b-469f-9b96-c612cff9ee80
;;;Conduct public awareness campaigns;3389dce6-ffc5-4816-a74d-1c2fd8c1c2d9
;Risk Mitigation & Security;;;8d96ad82-5cce-4115-b403-64331eb963ea
;;Identify Potential Risks;;4df71e24-36cf-4897-a5a5-72a040a110f1
;;;Identify Environmental Risks;139c42f9-d728-4d46-9d3b-6c9fb37ec443
;;;Identify Social and Political Risks;e9a495ca-3137-4c0b-9e10-21474a20abb4
;;;Identify Technical and Logistical Risks;23f22a6b-3dfb-43a5-a62e-315ee30bed44
;;;Assess Probability and Impact of Risks;dfd3e570-14f6-4255-9f67-d07b8adaf321
;;Develop Mitigation Strategies;;f5435a92-dae0-44fd-9752-0a68236bea0a
;;;Analyze identified risks thoroughly;56c5a8cc-29a3-4e26-b1d4-d348b9e2aed3
;;;Research potential mitigation options;03a12200-84cd-4a61-b5bf-3707cf9c9825
;;;Evaluate mitigation strategy effectiveness;5dcbe06e-c6c4-489e-b2bf-337b6329bffb
;;;Document mitigation plans and responsibilities;588b4cfd-d4c2-4944-9951-5718d551799b
;;Implement Security Protocols;;d23fc801-4edd-4a14-9f73-7c563efc8d39
;;;Establish Security Protocol Documentation;325e3b43-1c33-4e38-9d85-700448c333ec
;;;Train Security Personnel on Protocols;9c3d2be5-2624-4ff3-9e0c-8c2da52fccf9
;;;Implement Access Control Systems;ceee9237-ffee-443f-8309-1f1c6ec61973
;;;Conduct Security Audits and Testing;bbb670f4-64ee-40a6-a841-ee9ae09d33a1
;;;Develop Incident Response Procedures;94c9d1f0-3ac1-45db-bc33-83738a74ffd7
;;Establish Emergency Response Plans;;f9233564-ca7f-4478-a835-9501154dab17
;;;Establish Communication Protocols;70e9361e-87d6-45d7-b394-072da570369c
;;;Stockpile Emergency Supplies;75bad6e4-5c30-452b-9399-96978e59c0c8
;;;Train Emergency Response Teams;68fb7dbb-3991-4401-87a7-d7732fd4f1b3
;;;Develop Evacuation Plans;1c3d99d8-fcc4-4c05-a33d-d01849584ca3
;;;Secure Emergency Equipment;a1741d6b-0870-45c6-9848-7df6b5962036
;;Monitor and Adapt Risk Mitigation Measures;;24fc87a2-81bb-4cb7-b9ce-73cc91d978d6
;;;Establish Key Performance Indicators (KPIs);ff6f92b8-cf01-4857-95a1-e3ce49265259
;;;Collect and Analyze Performance Data;8841d129-e6c4-427a-b547-e154902065e7
;;;Evaluate Mitigation Strategy Effectiveness;43cfdad3-876b-499f-a91a-89bc59dfe23b
;;;Adapt Mitigation Strategies Based on Data;fe02baee-b394-417a-a07c-ddb641149f23
;;;Communicate Changes and Train Personnel;5bf70b9a-24b6-4797-a44e-adeca3a2a628
;Project Monitoring & Control;;;3268394e-7fd0-42f7-a165-c75798897586
;;Track Project Progress;;4168c13a-e3be-41a6-b944-199fe20d0c96
;;;Collect progress data from teams;9e191fb5-384e-4608-b797-79553e141ace
;;;Analyze collected progress data;bfa854a3-de94-4e0e-9e76-f54312587d4e
;;;Document progress and deviations;996c4700-83a1-4f87-aa09-734afe5e642d
;;;Communicate progress to stakeholders;730898b4-8a1a-40c7-a4ea-ab6c4a203a0c
;;Manage Project Budget;;f2b9c734-bc9d-47d0-9d0a-224083849a46
;;;Refine Budget Forecast;68ba59ed-0046-44d6-8426-eaf018fdadf7
;;;Track Expenses and Commitments;f05f2b3c-4215-4e09-a47f-bae80648ecc9
;;;Conduct Variance Analysis;8fa84368-6504-4e1f-871c-aab464f3006e
;;;Manage Change Requests Impacting Budget;f0554a71-19f6-4574-a7ff-08b4c5f71fb3
;;;Optimize Resource Allocation;cefced3d-82f9-471c-9fcb-2f1882390f46
;;Monitor Resource Utilization;;9c5ac9e9-4bd0-44f0-91a6-a5b94284e9cf
;;;Establish Resource Baselines and Metrics;99907dd8-4fba-424b-a96d-708e74066bb6
;;;Implement Resource Tracking System;97cc2ffe-287a-48b1-8c43-64abf23361a4
;;;Conduct Regular Resource Audits;c1c80acb-86e9-4b7b-b0ec-e09ce323f46f
;;;Optimize Resource Allocation Strategies;177b82bc-9b12-4c2a-93f0-4ce3e0b76c86
;;;Develop Contingency Plans for Shortages;c87a8995-1cf0-41c6-8980-59e02856a5fb
;;Report Project Status;;c1e45037-290b-417f-8248-f023e60464d6
;;;Collect project data for status reports;a22f2305-cf47-4506-b6f2-7eaad2089694
;;;Analyze project data for key insights;b1a834ea-1f75-4543-82c8-f7f7628be122
;;;Prepare draft project status reports;7d27cf2c-6cd3-495e-b7cb-a33a23ad7d51
;;;Review and revise status reports;7ac24b98-06ac-49d0-899b-110e145ee475
;;;Distribute final project status reports;a2c20696-a241-4c43-bdde-959a0368211f
;;Implement Corrective Actions;;18236b82-595a-47d4-8c50-8420c06e5fb0
;;;Identify Root Causes of Deviations;4156579d-9ca7-4d27-b58c-8d4d14e67790
;;;Develop Corrective Action Plans;c848d746-d950-4dc5-a770-bbcc395be0cb
;;;Implement Corrective Actions;e5d22c19-3ae8-4059-8fd5-b45182adff05
;;;Monitor Effectiveness of Actions;1fc9f3d7-d685-49ae-8b7e-c9b99ddbc79e
;;;Document Lessons Learned;5cdeb4f7-a3cb-4918-9cc2-0b2280d5e660