project_key,project_name,project_description,project_start_date,project_end_date,project_progress,project_parent,originating_department
f3714711-c7b8-4c31-805c-ab4db9173e7e,Global Relocation,"Global Relocation

Final deliverable:
Hemisphere Shift",12/20/2025,4/19/2039,0,,PlanExe
94edf2ba-d1bb-4c90-9303-34284ad23078,Project Initiation & Planning,,12/20/2025,1/31/2026,0,f3714711-c7b8-4c31-805c-ab4db9173e7e,PlanExe
f4e28d91-0465-4b22-ab3e-37966c84563e,Define Project Scope and Objectives,,12/20/2025,12/28/2025,0,94edf2ba-d1bb-4c90-9303-34284ad23078,PlanExe
254541dc-c625-4463-8685-f5b81591f7db,Gather stakeholder requirements for relocation,"Gather stakeholder requirements for relocation

Description:
Conduct interviews and surveys with key stakeholders (international governments, local communities, regulatory bodies) to gather their specific requirements and expectations for the global relocation project. This includes understanding their concerns, priorities, and constraints related to the project's scope and objectives.

Resources needed:
• Project Manager
• Stakeholder Engagement Team
• Survey Specialists
• Communication Specialists",12/20/2025,12/22/2025,0,f4e28d91-0465-4b22-ab3e-37966c84563e,PlanExe
fa3a8f4c-ecfb-43ea-8b52-13009f8a7661,Analyze existing documentation and regulations,"Analyze existing documentation and regulations

Description:
Review existing international treaties, environmental regulations, building codes, and other relevant documentation to identify any legal or regulatory constraints that may impact the project's scope and objectives. This includes identifying any permits or approvals that will be required and any potential compliance issues that need to be addressed.

Resources needed:
• Legal Experts
• Regulatory Compliance Specialists
• Environmental Scientists
• Technical Writers",12/22/2025,12/24/2025,0,254541dc-c625-4463-8685-f5b81591f7db,PlanExe
78fa81a6-7393-4b50-b649-2ecd661e129a,Define measurable project objectives,"Define measurable project objectives

Description:
Based on the stakeholder requirements and regulatory constraints, define specific, measurable, achievable, relevant, and time-bound (SMART) objectives for the global relocation project. This includes defining clear success criteria for each objective and identifying key performance indicators (KPIs) that will be used to track progress.

Resources needed:
• Project Manager
• Strategic Planning Team
• Data Analysts
• KPI Specialists",12/24/2025,12/26/2025,0,fa3a8f4c-ecfb-43ea-8b52-13009f8a7661,PlanExe
0f175099-5ede-47bf-b5dd-9857fd5a8fed,Document project scope and deliverables,"Document project scope and deliverables

Description:
Create a detailed project scope statement that clearly defines the boundaries of the global relocation project, including what is included and excluded from the project. This includes identifying all key deliverables that will be produced as part of the project, such as relocation plans, infrastructure development plans, and buffer zone management plans.

Resources needed:
• Project Manager
• Technical Writers
• Subject Matter Experts
• Documentation Specialists",12/26/2025,12/28/2025,0,f4e28d91-0465-4b22-ab3e-37966c84563e,PlanExe
8f84d319-86ee-422b-be38-fb1e0aaddc20,Identify Key Stakeholders,,12/28/2025,1/2/2026,0,f4e28d91-0465-4b22-ab3e-37966c84563e,PlanExe
825413f6-7d0c-46cc-b4b0-0d80a90d70a1,Identify Internal Stakeholders,"Identify Internal Stakeholders

Description:
Identify all internal teams and individuals who will be involved in or affected by the project. This includes project team members, department heads, and executive sponsors. Determine their roles and responsibilities.

Resources needed:
• Project Manager
• Executive Sponsor
• Department Heads",12/28/2025,12/29/2025,0,8f84d319-86ee-422b-be38-fb1e0aaddc20,PlanExe
c606da99-6845-404f-9c91-70464f73230f,Identify External Stakeholders,"Identify External Stakeholders

Description:
Identify all external organizations and individuals who will be involved in or affected by the project. This includes international governments, local communities, regulatory bodies, environmental groups, and transportation providers. Determine their interests and potential impact on the project.

Resources needed:
• Project Manager
• International Law Experts
• Geopolitical Analysts",12/29/2025,12/30/2025,0,825413f6-7d0c-46cc-b4b0-0d80a90d70a1,PlanExe
4c2c0df1-5ea8-4f3d-985d-d985ddfd611d,Assess Stakeholder Influence and Impact,"Assess Stakeholder Influence and Impact

Description:
Evaluate the level of influence and potential impact of each stakeholder on the project. This will help prioritize engagement efforts and tailor communication strategies. Use a stakeholder matrix to categorize stakeholders based on their power and interest.

Resources needed:
• Project Manager
• Stakeholder Analysis Tools
• Communication Specialist",12/30/2025,12/31/2025,0,c606da99-6845-404f-9c91-70464f73230f,PlanExe
6383a122-8c45-4940-aced-e541f3b320ce,Prioritize Stakeholder Engagement,"Prioritize Stakeholder Engagement

Description:
Based on the assessment of influence and impact, prioritize stakeholders for engagement. Focus on building strong relationships with key stakeholders who can significantly contribute to or hinder the project's success.

Resources needed:
• Project Manager
• Communication Specialist
• Engagement Plan Template",12/31/2025,1/1/2026,0,4c2c0df1-5ea8-4f3d-985d-d985ddfd611d,PlanExe
dbdc1a37-a71f-448d-b8ee-aa496085d8ee,Document Stakeholder Requirements,"Document Stakeholder Requirements

Description:
Gather and document the specific requirements, expectations, and concerns of each key stakeholder. This information will be used to inform project planning and decision-making. Use surveys, interviews, and workshops to collect stakeholder input.

Resources needed:
• Project Manager
• Business Analyst
• Communication Specialist",1/1/2026,1/2/2026,0,8f84d319-86ee-422b-be38-fb1e0aaddc20,PlanExe
6198f4b5-8e90-4e84-9dc9-2544103a99c1,Develop Communication Plan,,1/2/2026,1/7/2026,0,8f84d319-86ee-422b-be38-fb1e0aaddc20,PlanExe
8860a488-3de3-4b95-a2a7-5fbf3e95568b,Identify Stakeholder Communication Needs,"Identify Stakeholder Communication Needs

Description:
Determine the specific communication requirements of each stakeholder group, including frequency, format, and content.

Resources needed:
• Project Manager
• Communication Specialist
• Stakeholder Representatives",1/2/2026,1/3/2026,0,6198f4b5-8e90-4e84-9dc9-2544103a99c1,PlanExe
3d607d13-e80f-4a27-b7c8-b2a0131f1e7e,Select Communication Channels and Tools,"Select Communication Channels and Tools

Description:
Choose appropriate communication channels and tools based on stakeholder needs and project requirements (e.g., email, newsletters, project management software, meetings).

Resources needed:
• Communication Specialist
• IT Support
• Project Manager",1/3/2026,1/4/2026,0,8860a488-3de3-4b95-a2a7-5fbf3e95568b,PlanExe
618bf4b8-dbfc-46e0-8d0b-db66ae76b9e5,Define Communication Protocols,"Define Communication Protocols

Description:
Establish clear communication protocols, including escalation procedures, response times, and information security measures.

Resources needed:
• Project Manager
• Communication Specialist
• Legal Counsel",1/4/2026,1/5/2026,0,3d607d13-e80f-4a27-b7c8-b2a0131f1e7e,PlanExe
00792a21-ad56-4798-90af-bc866c6136c6,Create Communication Templates,"Create Communication Templates

Description:
Develop standardized communication templates for regular updates, reports, and announcements to ensure consistency and clarity.

Resources needed:
• Communication Specialist
• Graphic Designer
• Project Team",1/5/2026,1/6/2026,0,618bf4b8-dbfc-46e0-8d0b-db66ae76b9e5,PlanExe
27f7da30-c121-4695-8407-dbd5c6bd778a,Establish Feedback Mechanisms,"Establish Feedback Mechanisms

Description:
Implement mechanisms for stakeholders to provide feedback on project communications and address any concerns or questions.

Resources needed:
• Project Manager
• Communication Specialist
• Stakeholder Representatives",1/6/2026,1/7/2026,0,6198f4b5-8e90-4e84-9dc9-2544103a99c1,PlanExe
a42fc708-ef6f-4896-b119-16df56d3cd53,Establish Project Governance Structure,,1/7/2026,1/15/2026,0,6198f4b5-8e90-4e84-9dc9-2544103a99c1,PlanExe
cb88e418-c526-4cce-a8da-d94bfe4aa25c,Define Governance Roles and Responsibilities,"Define Governance Roles and Responsibilities

Description:
Clearly define the roles and responsibilities of each stakeholder within the project governance structure. This includes identifying decision-making authority, accountability, and communication channels.

Resources needed:
• Project Manager
• Stakeholder Representatives
• Legal Counsel",1/7/2026,1/9/2026,0,a42fc708-ef6f-4896-b119-16df56d3cd53,PlanExe
56abf144-0d34-4099-9ff4-c0fe79f8933a,Establish Decision-Making Process,"Establish Decision-Making Process

Description:
Develop a transparent and efficient decision-making process that outlines how decisions will be made, who will be involved, and how conflicts will be resolved. This includes defining escalation paths and approval thresholds.

Resources needed:
• Project Manager
• Stakeholder Representatives
• Governance Expert",1/9/2026,1/11/2026,0,cb88e418-c526-4cce-a8da-d94bfe4aa25c,PlanExe
a75bff7f-9f63-4f8b-933a-871355670182,Create Governance Charter,"Create Governance Charter

Description:
Document the governance structure, roles, responsibilities, and decision-making process in a formal governance charter. This charter will serve as a reference point for all stakeholders and ensure consistency in governance practices.

Resources needed:
• Project Manager
• Stakeholder Representatives
• Legal Counsel
• Technical Writer",1/11/2026,1/13/2026,0,56abf144-0d34-4099-9ff4-c0fe79f8933a,PlanExe
d8bf4899-810e-415d-b8bc-938c62de99ca,Communicate Governance Structure,"Communicate Governance Structure

Description:
Effectively communicate the established governance structure to all stakeholders, ensuring that everyone understands their roles and responsibilities. This includes providing training and ongoing support to ensure compliance with governance practices.

Resources needed:
• Project Manager
• Communication Specialist
• Training Facilitator",1/13/2026,1/15/2026,0,a42fc708-ef6f-4896-b119-16df56d3cd53,PlanExe
102fee40-72f5-4f10-8667-e3a39adf948f,Secure Initial Funding,,1/15/2026,1/31/2026,0,94edf2ba-d1bb-4c90-9303-34284ad23078,PlanExe
fcefe9b1-c069-4486-ad2d-b36ed27a1680,Prepare funding proposal documentation,"Prepare funding proposal documentation

Description:
Compile all necessary documents for the funding proposal, including project scope, budget, timeline, and potential return on investment. This includes gathering data, writing narratives, and creating visual aids.

Resources needed:
• Project Manager
• Financial Analyst
• Grant Writer",1/15/2026,1/19/2026,0,102fee40-72f5-4f10-8667-e3a39adf948f,PlanExe
a00638e2-584e-4ddf-b902-d8dca09a3cb7,Identify potential funding sources,"Identify potential funding sources

Description:
Research and identify potential funding sources, including government grants, private investors, international organizations, and philanthropic foundations. Assess the eligibility criteria and application requirements for each source.

Resources needed:
• Research Analyst
• Project Manager",1/19/2026,1/23/2026,0,fcefe9b1-c069-4486-ad2d-b36ed27a1680,PlanExe
c37ad88f-d0d8-41f8-b0a6-ca074539ed5d,Submit funding applications,"Submit funding applications

Description:
Prepare and submit funding applications to identified sources, ensuring all requirements are met and deadlines are adhered to. This includes completing application forms, writing supporting documents, and submitting required materials.

Resources needed:
• Grant Writer
• Project Manager
• Administrative Assistant",1/23/2026,1/27/2026,0,a00638e2-584e-4ddf-b902-d8dca09a3cb7,PlanExe
ce1be4cb-09fa-410e-9522-2fa684582da3,Negotiate funding terms and agreements,"Negotiate funding terms and agreements

Description:
Negotiate funding terms and agreements with selected funding sources, ensuring favorable conditions and alignment with project objectives. This includes reviewing contracts, discussing payment schedules, and addressing any concerns or questions.

Resources needed:
• Legal Counsel
• Project Manager
• Financial Analyst",1/27/2026,1/31/2026,0,102fee40-72f5-4f10-8667-e3a39adf948f,PlanExe
0eee6e7d-d01f-4861-96c4-07839990a288,International Agreements & Permitting,,1/31/2026,3/26/2028,0,94edf2ba-d1bb-4c90-9303-34284ad23078,PlanExe
0223ca74-7340-4a19-958c-6e9a59b07225,Negotiate International Agreements,,1/31/2026,10/28/2026,0,0eee6e7d-d01f-4861-96c4-07839990a288,PlanExe
206bd97b-c0b9-41d0-8dc6-59329c58a07a,Define Negotiation Objectives,"Define Negotiation Objectives

Description:
Clearly define the desired outcomes and acceptable compromises for each negotiation point. This includes specific relocation quotas, financial contributions, and sovereignty considerations.

Resources needed:
• International Law Experts
• Geopolitical Analysts
• Negotiation Team
• Economists",1/31/2026,3/26/2026,0,0223ca74-7340-4a19-958c-6e9a59b07225,PlanExe
ac0b4449-1497-42c2-8f5d-979c482c622d,Identify Key Negotiators and Influencers,"Identify Key Negotiators and Influencers

Description:
Identify the individuals who will be directly involved in the negotiations, as well as those who hold significant influence over the decision-making process. Understand their priorities and potential concerns.

Resources needed:
• Intelligence Analysts
• Political Scientists
• Diplomatic Advisors",3/26/2026,5/19/2026,0,206bd97b-c0b9-41d0-8dc6-59329c58a07a,PlanExe
926feb31-08cd-46c5-9f2f-e225c63f1795,Develop Negotiation Strategies,"Develop Negotiation Strategies

Description:
Create detailed negotiation strategies for each participating nation, taking into account their individual interests and potential leverage. Prepare alternative approaches and contingency plans.

Resources needed:
• Negotiation Team
• International Law Experts
• Geopolitical Analysts
• Game Theory Experts",5/19/2026,7/12/2026,0,ac0b4449-1497-42c2-8f5d-979c482c622d,PlanExe
f0e9f0e0-fbec-4a93-b11f-90e3e704b1cf,Conduct Pre-Negotiation Consultations,"Conduct Pre-Negotiation Consultations

Description:
Hold preliminary discussions with key stakeholders to build consensus and identify potential areas of agreement. Address concerns and clarify expectations before formal negotiations begin.

Resources needed:
• Negotiation Team
• Diplomatic Advisors
• Stakeholder Engagement Specialists",7/12/2026,9/4/2026,0,926feb31-08cd-46c5-9f2f-e225c63f1795,PlanExe
d2e7fc99-29e5-4b6a-a857-faed913ca28e,Formal Negotiation Sessions,"Formal Negotiation Sessions

Description:
Conduct formal negotiation sessions with representatives from all participating nations. Facilitate open communication, address concerns, and work towards mutually acceptable agreements.

Resources needed:
• Negotiation Team
• International Law Experts
• Translators
• Facilitators",9/4/2026,10/28/2026,0,0223ca74-7340-4a19-958c-6e9a59b07225,PlanExe
56838370-4f76-4e41-a607-336698ce1f1c,Obtain Relocation Permits,,10/28/2026,4/26/2027,0,0223ca74-7340-4a19-958c-6e9a59b07225,PlanExe
99641c5e-3365-4c00-bd20-94bfe7c21c58,Identify required relocation permits,"Identify required relocation permits

Description:
Objective: Determine all necessary permits for relocation.
Scope: Research international and national regulations.
Steps: Consult legal experts, review existing agreements.
Deliverables: List of required permits.

Resources needed:
• International Law Experts
• Regulatory Compliance Specialists",10/28/2026,12/3/2026,0,56838370-4f76-4e41-a607-336698ce1f1c,PlanExe
ca5d66f8-1be7-4f40-95ed-467c348752f9,Prepare permit application documentation,"Prepare permit application documentation

Description:
Objective: Compile all documents for permit applications.
Scope: Gather data, write reports, translate documents.
Steps: Collect demographic data, environmental impact assessments, infrastructure plans.
Deliverables: Complete permit application packages.

Resources needed:
• Technical Writers
• Data Analysts
• Translators",12/3/2026,1/8/2027,0,99641c5e-3365-4c00-bd20-94bfe7c21c58,PlanExe
bae3f6f5-7b99-4a16-8257-2b4783c53ad8,Submit permit applications to authorities,"Submit permit applications to authorities

Description:
Objective: Officially submit permit applications.
Scope: Ensure proper submission and tracking.
Steps: Verify application completeness, submit to relevant agencies, track application status.
Deliverables: Confirmation of application receipt.

Resources needed:
• Administrative Staff
• Permit Tracking System",1/8/2027,2/13/2027,0,ca5d66f8-1be7-4f40-95ed-467c348752f9,PlanExe
3349a00d-fa0e-403c-a0c6-7cce9b0e4509,Address permit queries and revisions,"Address permit queries and revisions

Description:
Objective: Respond to inquiries and revise applications.
Scope: Address concerns, provide additional information.
Steps: Review queries, gather supporting data, revise applications.
Deliverables: Revised permit applications.

Resources needed:
• Legal Experts
• Technical Experts",2/13/2027,3/21/2027,0,bae3f6f5-7b99-4a16-8257-2b4783c53ad8,PlanExe
415e5379-93c0-432e-829a-eda7e3fdaeb6,Track permit approval status,"Track permit approval status

Description:
Objective: Monitor the progress of permit approvals.
Scope: Proactive follow-up and reporting.
Steps: Regularly check application status, communicate with authorities, escalate issues.
Deliverables: Regular status reports on permit approvals.

Resources needed:
• Administrative Staff
• Permit Tracking System",3/21/2027,4/26/2027,0,56838370-4f76-4e41-a607-336698ce1f1c,PlanExe
922a6129-995a-4572-8f38-3e4808c47a15,Secure Resource Extraction Permits,,4/26/2027,9/8/2027,0,56838370-4f76-4e41-a607-336698ce1f1c,PlanExe
e4b7ad41-6c81-4c00-b2d2-767e0bd368ac,Identify Key Resources for Extraction,"Identify Key Resources for Extraction

Description:
Determine which resources within the Abandoned Zone are most critical for repurposing and prioritize extraction efforts accordingly. This involves analyzing existing resource assessments and identifying potential new sources.

Resources needed:
• Geologists
• Resource economists
• Remote sensing specialists
• Data analysts",4/26/2027,5/23/2027,0,922a6129-995a-4572-8f38-3e4808c47a15,PlanExe
ca94c212-2161-4215-ba4e-ff6b21a23380,Assess Environmental Impact of Extraction,"Assess Environmental Impact of Extraction

Description:
Evaluate the potential environmental consequences of extracting key resources, including air and water pollution, habitat destruction, and soil erosion. This assessment will inform the selection of extraction methods and mitigation strategies.

Resources needed:
• Environmental scientists
• Hydrologists
• Ecologists
• GIS specialists",5/23/2027,6/19/2027,0,e4b7ad41-6c81-4c00-b2d2-767e0bd368ac,PlanExe
ebc51d79-5fe0-41d6-a4e0-4ff0cb6c4a79,Develop Extraction Plan and Safety Protocols,"Develop Extraction Plan and Safety Protocols

Description:
Create a detailed plan outlining the specific extraction methods to be used, the equipment required, and the safety protocols to be followed. This plan will ensure that extraction activities are conducted efficiently and safely, minimizing environmental damage and protecting worker health.

Resources needed:
• Mining engineers
• Safety engineers
• Environmental compliance officers
• Project managers",6/19/2027,7/16/2027,0,ca94c212-2161-4215-ba4e-ff6b21a23380,PlanExe
a6db3f26-a3c7-4dcc-b28a-978ca5a9489a,Submit Permit Applications and Documentation,"Submit Permit Applications and Documentation

Description:
Prepare and submit all necessary permit applications and supporting documentation to relevant international regulatory bodies. This includes providing detailed information on the proposed extraction activities, the environmental impact assessment, and the mitigation strategies to be implemented.

Resources needed:
• Legal experts
• Environmental consultants
• Permitting specialists
• Technical writers",7/16/2027,8/12/2027,0,ebc51d79-5fe0-41d6-a4e0-4ff0cb6c4a79,PlanExe
c5fd7499-c1bb-4080-b016-c5e5c21926ee,Engage with Regulatory Bodies and Stakeholders,"Engage with Regulatory Bodies and Stakeholders

Description:
Maintain open communication with regulatory bodies and other stakeholders throughout the permitting process. This involves responding to inquiries, addressing concerns, and providing updates on the progress of the extraction plan. This ensures transparency and facilitates a smooth permitting process.

Resources needed:
• Public relations specialists
• Government relations specialists
• Legal representatives
• Project managers",8/12/2027,9/8/2027,0,922a6129-995a-4572-8f38-3e4808c47a15,PlanExe
0e8561b8-c808-496c-a2a8-969ce1c2ed52,Acquire Building Permits,,9/8/2027,12/7/2027,0,922a6129-995a-4572-8f38-3e4808c47a15,PlanExe
8799530d-bcd8-4741-822f-8e5abe203f4b,Identify building permit requirements,"Identify building permit requirements

Description:
Objective: Determine specific building permit requirements for each construction site.
Scope: Research local building codes, zoning regulations, and environmental regulations.
Steps: Contact local authorities, review online resources, consult with legal experts.
Deliverables: A comprehensive list of building permit requirements for each site.

Resources needed:
• Legal experts
• Zoning specialists
• Project managers",9/8/2027,9/26/2027,0,0e8561b8-c808-496c-a2a8-969ce1c2ed52,PlanExe
8023e560-393b-4989-9d37-9020442dfc7a,Prepare building permit applications,"Prepare building permit applications

Description:
Objective: Prepare complete and accurate building permit applications.
Scope: Gather all necessary documentation, including architectural plans, site surveys, and environmental impact assessments.
Steps: Collect required documents, fill out application forms, review applications for accuracy.
Deliverables: Completed building permit applications for each site.

Resources needed:
• Architects
• Engineers
• Project managers
• Administrative staff",9/26/2027,10/14/2027,0,8799530d-bcd8-4741-822f-8e5abe203f4b,PlanExe
6abea252-d8db-4f76-b3ef-7c4016c1b5c0,Submit building permit applications,"Submit building permit applications

Description:
Objective: Submit building permit applications to the appropriate authorities.
Scope: Ensure timely submission of applications and track their progress.
Steps: Submit applications online or in person, pay application fees, obtain confirmation of receipt.
Deliverables: Proof of submission for each building permit application.

Resources needed:
• Administrative staff
• Project managers",10/14/2027,11/1/2027,0,8023e560-393b-4989-9d37-9020442dfc7a,PlanExe
4c896377-09cc-4831-a7f8-77d7f2fb2b9b,Address building permit queries,"Address building permit queries

Description:
Objective: Respond to any queries or requests for additional information from the authorities.
Scope: Provide timely and accurate responses to ensure the smooth processing of applications.
Steps: Review queries, gather necessary information, prepare responses, submit responses to authorities.
Deliverables: Complete and accurate responses to all queries.

Resources needed:
• Architects
• Engineers
• Legal experts
• Project managers",11/1/2027,11/19/2027,0,6abea252-d8db-4f76-b3ef-7c4016c1b5c0,PlanExe
57c0f220-f86e-463e-b39e-3f8db4e92c9a,Track building permit approvals,"Track building permit approvals

Description:
Objective: Monitor the progress of building permit applications and track approvals.
Scope: Ensure that all necessary permits are obtained in a timely manner.
Steps: Regularly check the status of applications, follow up with authorities as needed, document approvals.
Deliverables: Approved building permits for each site.

Resources needed:
• Administrative staff
• Project managers",11/19/2027,12/7/2027,0,0e8561b8-c808-496c-a2a8-969ce1c2ed52,PlanExe
d0683abd-f772-4378-9832-e05c282eed2c,Obtain Environmental Permits,,12/7/2027,3/26/2028,0,0eee6e7d-d01f-4861-96c4-07839990a288,PlanExe
d4862f90-3cea-4f7c-bbba-620643411c25,Assess Environmental Impact,"Assess Environmental Impact

Description:
Conduct a comprehensive environmental impact assessment to identify potential ecological damage from the project.

Resources needed:
• Environmental scientists
• Ecologists
• GIS specialists
• Environmental lawyers",12/7/2027,12/29/2027,0,d0683abd-f772-4378-9832-e05c282eed2c,PlanExe
cb91ba69-6baf-45c6-ac99-0681f22bd5cb,Identify Applicable Regulations,"Identify Applicable Regulations

Description:
Identify all relevant international, national, and local environmental regulations and standards.

Resources needed:
• Environmental lawyers
• Regulatory specialists
• Compliance officers",12/29/2027,1/20/2028,0,d4862f90-3cea-4f7c-bbba-620643411c25,PlanExe
eb39815b-3d7a-4f9d-bb09-ccf03bf6ca49,Prepare Permit Applications,"Prepare Permit Applications

Description:
Prepare detailed permit applications, including all required documentation and supporting data.

Resources needed:
• Permitting specialists
• Technical writers
• Environmental scientists",1/20/2028,2/11/2028,0,cb91ba69-6baf-45c6-ac99-0681f22bd5cb,PlanExe
dfa822ec-2ce5-4dbd-9c95-a4af3b03cb12,Submit Applications and Follow Up,"Submit Applications and Follow Up

Description:
Submit permit applications to the appropriate regulatory agencies and proactively follow up on their status.

Resources needed:
• Permitting specialists
• Project managers
• Administrative staff",2/11/2028,3/4/2028,0,eb39815b-3d7a-4f9d-bb09-ccf03bf6ca49,PlanExe
e9ddca93-bd1d-4834-a685-aec30dba2411,Address Regulatory Concerns,"Address Regulatory Concerns

Description:
Address any concerns or requests for additional information from regulatory agencies in a timely and thorough manner.

Resources needed:
• Environmental scientists
• Environmental lawyers
• Permitting specialists",3/4/2028,3/26/2028,0,d0683abd-f772-4378-9832-e05c282eed2c,PlanExe
df788185-8ca3-4411-b107-f191c8aee58a,Relocation Strategy Implementation,,3/26/2028,5/5/2031,0,0eee6e7d-d01f-4861-96c4-07839990a288,PlanExe
1f07bdd5-8a40-4330-887f-2db1c487bd2a,Develop Relocation Prioritization Plan,,3/26/2028,5/25/2028,0,df788185-8ca3-4411-b107-f191c8aee58a,PlanExe
38869938-33b9-4fd5-9881-78aefedc349c,Analyze demographic data for prioritization,"Analyze demographic data for prioritization

Description:
Objective: Analyze available demographic data to identify vulnerable populations and inform prioritization criteria.
Scope: Review existing datasets, identify data gaps, and assess data quality.
Steps: 1. Gather demographic data from relevant sources. 2. Clean and validate the data. 3. Analyze the data to identify vulnerable populations based on pre-defined criteria. 4. Document findings and recommendations.
Deliverables: A report summarizing the demographic analysis and recommendations for prioritization.

Resources needed:
• Demographers
• Data analysts
• Database administrators
• GIS specialists",3/26/2028,4/10/2028,0,1f07bdd5-8a40-4330-887f-2db1c487bd2a,PlanExe
ca24e48f-6e72-4226-bbff-563ea050ba10,Define relocation prioritization criteria,"Define relocation prioritization criteria

Description:
Objective: Establish clear and objective criteria for prioritizing relocation efforts.
Scope: Develop a framework that considers vulnerability, skills, and other relevant factors.
Steps: 1. Consult with stakeholders to identify key prioritization factors. 2. Develop a scoring system for each factor. 3. Test the framework using sample data. 4. Refine the framework based on feedback.
Deliverables: A documented prioritization framework with clear scoring criteria.

Resources needed:
• Ethics review board
• Sociologists
• Economists
• Legal experts",4/10/2028,4/25/2028,0,38869938-33b9-4fd5-9881-78aefedc349c,PlanExe
a0b49d86-e153-4203-97c5-fb9b67acb17f,Develop surge capacity management plan,"Develop surge capacity management plan

Description:
Objective: Create a plan to manage unexpected surges in relocation requests.
Scope: Develop strategies for allocating resources and prioritizing cases during peak demand.
Steps: 1. Analyze historical data to estimate potential surge scenarios. 2. Identify available resources and capacity. 3. Develop a surge capacity management plan with clear triggers and response protocols. 4. Test the plan through simulations.
Deliverables: A documented surge capacity management plan.

Resources needed:
• Logistics experts
• Emergency management specialists
• Resource allocation specialists
• Simulation software",4/25/2028,5/10/2028,0,ca24e48f-6e72-4226-bbff-563ea050ba10,PlanExe
1c5e3d6d-7a6b-48cb-8389-dcd4ebdd872e,Establish data sharing agreements,"Establish data sharing agreements

Description:
Objective: Secure agreements for sharing data with relevant organizations.
Scope: Negotiate agreements with international organizations, government agencies, and NGOs.
Steps: 1. Identify data sharing needs. 2. Develop data sharing agreements that comply with privacy regulations. 3. Obtain necessary approvals. 4. Implement data sharing protocols.
Deliverables: Signed data sharing agreements with key partners.

Resources needed:
• Legal experts
• Data privacy specialists
• Negotiators
• International relations specialists",5/10/2028,5/25/2028,0,1f07bdd5-8a40-4330-887f-2db1c487bd2a,PlanExe
ea71cdf9-86d7-4ab5-b913-67a18d89dac5,Establish Relocation Centers,,5/25/2028,9/22/2028,0,1f07bdd5-8a40-4330-887f-2db1c487bd2a,PlanExe
e8f802a9-e3e9-4760-9cf6-3424dc3ad7a0,Identify potential relocation center locations,"Identify potential relocation center locations

Description:
Identify potential locations for relocation centers based on factors such as accessibility, infrastructure, and proximity to transportation hubs. This includes conducting site surveys and assessing the suitability of existing buildings or land for construction.

Resources needed:
• Real estate experts
• Urban planners
• Logistics specialists",5/25/2028,6/18/2028,0,ea71cdf9-86d7-4ab5-b913-67a18d89dac5,PlanExe
255d92d8-1b65-402a-99d5-faeb9f4be403,Secure land or buildings for centers,"Secure land or buildings for centers

Description:
Negotiate and secure the acquisition of land or buildings for relocation centers through purchase, lease, or other agreements. This includes conducting due diligence, obtaining necessary permits, and finalizing legal contracts.

Resources needed:
• Legal team
• Negotiators
• Financial analysts",6/18/2028,7/12/2028,0,e8f802a9-e3e9-4760-9cf6-3424dc3ad7a0,PlanExe
1229d1e7-80b6-4af7-a39b-f786a558d318,Design and construct relocation centers,"Design and construct relocation centers

Description:
Develop architectural designs and construct or renovate relocation centers to meet the needs of relocated populations. This includes ensuring adequate housing, sanitation, medical facilities, and other essential services.

Resources needed:
• Architects
• Engineers
• Construction crews
• Medical personnel",7/12/2028,8/5/2028,0,255d92d8-1b65-402a-99d5-faeb9f4be403,PlanExe
05d9ba34-f88e-4863-9c68-8241731b7181,Equip relocation centers,"Equip relocation centers

Description:
Procure and install necessary equipment and supplies for relocation centers, including furniture, medical equipment, communication systems, and security systems. This includes establishing supply chains and managing inventory.

Resources needed:
• Procurement specialists
• Logistics personnel
• IT technicians
• Security personnel",8/5/2028,8/29/2028,0,1229d1e7-80b6-4af7-a39b-f786a558d318,PlanExe
2c485194-ca39-44b3-b1e2-d207b4306d78,Staff relocation centers,"Staff relocation centers

Description:
Recruit, train, and deploy staff to operate relocation centers, including administrators, medical personnel, security personnel, and social workers. This includes developing staffing plans, conducting background checks, and providing ongoing training.

Resources needed:
• Human resources specialists
• Trainers
• Medical professionals
• Security experts
• Social workers",8/29/2028,9/22/2028,0,ea71cdf9-86d7-4ab5-b913-67a18d89dac5,PlanExe
87cc448a-d0eb-4ee2-ab84-de9c75e70e76,Coordinate Transportation Logistics,,9/22/2028,6/19/2029,0,ea71cdf9-86d7-4ab5-b913-67a18d89dac5,PlanExe
13462301-7f59-47a6-9fc0-1b685941d62e,Assess Transportation Infrastructure Capacity,"Assess Transportation Infrastructure Capacity

Description:
Evaluate the existing transportation infrastructure (roads, railways, airports, seaports) in both the Abandoned and Inhabited Zones to determine its capacity to handle the relocation of people and resources. This includes assessing the condition of the infrastructure, identifying bottlenecks, and estimating the cost of upgrades or repairs.

Resources needed:
• Transportation engineers
• Logistics experts
• GIS specialists
• Data analysts",9/22/2028,11/15/2028,0,87cc448a-d0eb-4ee2-ab84-de9c75e70e76,PlanExe
4230a2a9-43f3-4dd0-bd0a-bbcca4570e0c,Develop Transportation Route Optimization Plan,"Develop Transportation Route Optimization Plan

Description:
Create a detailed plan for optimizing transportation routes to minimize travel time, reduce costs, and ensure the safe and efficient movement of people and resources. This includes identifying the most efficient routes, scheduling transportation, and coordinating with transportation providers.

Resources needed:
• Logistics experts
• Transportation planners
• Supply chain managers
• Software for route optimization",11/15/2028,1/8/2029,0,13462301-7f59-47a6-9fc0-1b685941d62e,PlanExe
308429dc-3ca9-4e3d-bb3b-8f37e00acf65,Secure Transportation Agreements and Contracts,"Secure Transportation Agreements and Contracts

Description:
Negotiate and secure agreements with transportation providers (airlines, shipping companies, trucking companies, railway operators) to ensure the availability of transportation services for the relocation. This includes negotiating rates, establishing service level agreements, and securing insurance coverage.

Resources needed:
• Contract negotiators
• Legal counsel
• Procurement specialists
• Transportation brokers",1/8/2029,3/3/2029,0,4230a2a9-43f3-4dd0-bd0a-bbcca4570e0c,PlanExe
57d68df2-422b-440e-8719-52e57bc8644c,Establish Real-Time Tracking System,"Establish Real-Time Tracking System

Description:
Implement a real-time tracking system to monitor the movement of people and resources during the relocation. This includes installing tracking devices on vehicles, establishing a central monitoring center, and developing procedures for responding to emergencies.

Resources needed:
• Software developers
• IT specialists
• Security personnel
• Communication specialists",3/3/2029,4/26/2029,0,308429dc-3ca9-4e3d-bb3b-8f37e00acf65,PlanExe
b142a238-7c5e-479f-a6f8-1d175b28d74a,Coordinate Intermodal Transportation Hubs,"Coordinate Intermodal Transportation Hubs

Description:
Establish and manage intermodal transportation hubs to facilitate the transfer of people and resources between different modes of transportation (e.g., from ships to trains to trucks). This includes selecting suitable locations for the hubs, constructing or renovating facilities, and coordinating the flow of traffic.

Resources needed:
• Logistics managers
• Construction workers
• Transportation coordinators
• Equipment operators",4/26/2029,6/19/2029,0,87cc448a-d0eb-4ee2-ab84-de9c75e70e76,PlanExe
e008fdb9-1684-4bcb-afc2-df2a4e0a81a2,Provide Humanitarian Aid,,6/19/2029,11/1/2029,0,87cc448a-d0eb-4ee2-ab84-de9c75e70e76,PlanExe
59876c24-6810-4367-9025-e654fd75bf81,Assess Humanitarian Aid Needs,"Assess Humanitarian Aid Needs

Description:
Determine the specific needs of the relocated population, including food, water, shelter, medical care, and other essential supplies. This involves conducting needs assessments, analyzing demographic data, and consulting with humanitarian organizations.

Resources needed:
• Humanitarian aid experts
• Logisticians
• Data analysts
• Medical personnel",6/19/2029,7/16/2029,0,e008fdb9-1684-4bcb-afc2-df2a4e0a81a2,PlanExe
f24e578c-ea48-4f73-85dd-80a3b91b7ec6,Procure and Stockpile Aid Supplies,"Procure and Stockpile Aid Supplies

Description:
Source and acquire the necessary aid supplies based on the needs assessment. This includes negotiating contracts with suppliers, managing inventory, and ensuring the quality and safety of all items.  Supplies include food, water, medicine, tents, blankets, hygiene products, and other essentials.

Resources needed:
• Procurement specialists
• Supply chain managers
• Warehouse staff
• Quality control inspectors",7/16/2029,8/12/2029,0,59876c24-6810-4367-9025-e654fd75bf81,PlanExe
6372200d-48b1-4f1c-a8b9-eb1007586902,Establish Aid Distribution Network,"Establish Aid Distribution Network

Description:
Set up a distribution network to efficiently deliver aid supplies to the relocated population. This involves identifying distribution points, establishing transportation routes, and coordinating with local authorities and community leaders.

Resources needed:
• Logisticians
• Transportation specialists
• Community liaisons
• Security personnel",8/12/2029,9/8/2029,0,f24e578c-ea48-4f73-85dd-80a3b91b7ec6,PlanExe
e1ed0fda-5ac6-4855-a509-6747e03aaac0,Train Aid Workers and Volunteers,"Train Aid Workers and Volunteers

Description:
Provide training to aid workers and volunteers on how to effectively and safely distribute aid supplies. This includes training on cultural sensitivity, security protocols, and emergency response procedures.

Resources needed:
• Training specialists
• Security experts
• Cultural sensitivity trainers
• Emergency response trainers",9/8/2029,10/5/2029,0,6372200d-48b1-4f1c-a8b9-eb1007586902,PlanExe
e978573d-0544-46d2-97f5-c2056aacf01c,Monitor Aid Distribution and Impact,"Monitor Aid Distribution and Impact

Description:
Track the distribution of aid supplies and assess the impact on the relocated population. This involves collecting data on aid delivery, monitoring beneficiary feedback, and evaluating the effectiveness of the aid program.  Adjustments to the program will be made based on the monitoring data.

Resources needed:
• Monitoring and evaluation specialists
• Data analysts
• Community liaisons
• Feedback collection specialists",10/5/2029,11/1/2029,0,e008fdb9-1684-4bcb-afc2-df2a4e0a81a2,PlanExe
ad20de35-d552-4b4d-b92f-31193460a32b,Manage Social Integration Programs,,11/1/2029,5/5/2031,0,df788185-8ca3-4411-b107-f191c8aee58a,PlanExe
89d7731d-49f3-4c55-8812-b8e6d1d74cdf,Assess Needs of Relocated Populations,"Assess Needs of Relocated Populations

Description:
Conduct surveys and interviews to understand the specific needs of relocated populations, including housing, healthcare, education, and employment.

Resources needed:
• Social workers
• Data analysts
• Translators
• Community outreach specialists",11/1/2029,2/19/2030,0,ad20de35-d552-4b4d-b92f-31193460a32b,PlanExe
6c20c685-94f8-4430-9fce-517421e3c375,Develop Culturally Sensitive Programs,"Develop Culturally Sensitive Programs

Description:
Design and implement programs that address the cultural and linguistic needs of relocated populations, promoting integration and reducing social isolation.

Resources needed:
• Cultural anthropologists
• Linguists
• Educators
• Community leaders",2/19/2030,6/9/2030,0,89d7731d-49f3-4c55-8812-b8e6d1d74cdf,PlanExe
2a538e90-b550-4aa3-89fb-7ddd265e4515,Provide Language Training and Job Placement,"Provide Language Training and Job Placement

Description:
Offer language training courses and job placement assistance to help relocated populations find employment and become self-sufficient.

Resources needed:
• Language instructors
• Career counselors
• Job developers
• Employers",6/9/2030,9/27/2030,0,6c20c685-94f8-4430-9fce-517421e3c375,PlanExe
ffe8c2c9-032e-4713-99a1-948218a6488a,Establish Community Support Networks,"Establish Community Support Networks

Description:
Create community centers and support groups to foster social connections and provide a sense of belonging for relocated populations.

Resources needed:
• Community organizers
• Social workers
• Mental health professionals
• Volunteers",9/27/2030,1/15/2031,0,2a538e90-b550-4aa3-89fb-7ddd265e4515,PlanExe
62184961-870c-4c6f-9b8a-878ff63002e1,Implement Conflict Resolution Mechanisms,"Implement Conflict Resolution Mechanisms

Description:
Develop and implement conflict resolution mechanisms to address potential disputes between relocated populations and host communities.

Resources needed:
• Mediators
• Law enforcement officials
• Community leaders
• Legal experts",1/15/2031,5/5/2031,0,ad20de35-d552-4b4d-b92f-31193460a32b,PlanExe
368980e8-7f0b-4e3b-ad55-b7460ccd9ce7,Resource Repurposing & Infrastructure Development,,5/5/2031,6/28/2037,0,df788185-8ca3-4411-b107-f191c8aee58a,PlanExe
4acee05b-01a7-47a3-b8b1-d3d5e155e7ba,Assess Resource Availability in Abandoned Zone,,5/5/2031,7/4/2031,0,368980e8-7f0b-4e3b-ad55-b7460ccd9ce7,PlanExe
2ae4471c-da43-41d8-aed5-4f64911957be,Geological Surveys and Sampling,"Geological Surveys and Sampling

Description:
Conduct comprehensive geological surveys to identify and map resource deposits. Collect samples for laboratory analysis to determine resource quality and quantity. Objective: Determine the location and composition of key resources. Scope: Cover the entire Abandoned Zone. Steps: Remote sensing analysis, field surveys, sample collection, lab analysis. Deliverables: Geological maps, resource assessment reports.

Resources needed:
• Geologists
• Geophysicists
• Surveyors
• Lab technicians
• Remote sensing specialists
• Drilling equipment
• Laboratory equipment",5/5/2031,5/20/2031,0,4acee05b-01a7-47a3-b8b1-d3d5e155e7ba,PlanExe
49fba89b-f2af-4193-b18c-8ea4c5ace5d1,Environmental Impact Assessment,"Environmental Impact Assessment

Description:
Assess the potential environmental impacts of resource extraction activities. Identify sensitive ecosystems and develop mitigation strategies. Objective: Minimize environmental damage. Scope: Cover all potential extraction sites. Steps: Baseline data collection, impact modeling, risk assessment, mitigation planning. Deliverables: Environmental impact assessment report, mitigation plan.

Resources needed:
• Environmental scientists
• Ecologists
• Hydrologists
• Toxicologists
• GIS specialists
• Environmental monitoring equipment",5/20/2031,6/4/2031,0,2ae4471c-da43-41d8-aed5-4f64911957be,PlanExe
92eb3a98-0f1c-4da8-a86c-5218986f4f15,Resource Quantity Estimation,"Resource Quantity Estimation

Description:
Estimate the total quantity of available resources in the Abandoned Zone. Use statistical methods and modeling techniques to account for uncertainty. Objective: Determine the economic viability of resource extraction. Scope: Cover all identified resource deposits. Steps: Data analysis, statistical modeling, sensitivity analysis. Deliverables: Resource quantity estimates, uncertainty analysis.

Resources needed:
• Resource economists
• Statisticians
• Data analysts
• Modeling software",6/4/2031,6/19/2031,0,49fba89b-f2af-4193-b18c-8ea4c5ace5d1,PlanExe
28928c97-2518-4b22-a4d4-a577a9cf7f34,Accessibility and Infrastructure Assessment,"Accessibility and Infrastructure Assessment

Description:
Evaluate the accessibility of resource deposits and the existing infrastructure. Identify transportation routes and assess their suitability for resource transport. Objective: Determine the feasibility of resource extraction and transport. Scope: Cover all potential extraction sites and transportation routes. Steps: Site visits, infrastructure surveys, transportation modeling. Deliverables: Accessibility report, infrastructure assessment report.

Resources needed:
• Civil engineers
• Transportation planners
• Logistics experts
• Surveyors
• GIS specialists",6/19/2031,7/4/2031,0,4acee05b-01a7-47a3-b8b1-d3d5e155e7ba,PlanExe
bbd81482-999b-41a8-85e8-a82b4e7179d2,Implement Sustainable Extraction Methods,,7/4/2031,3/30/2032,0,4acee05b-01a7-47a3-b8b1-d3d5e155e7ba,PlanExe
a41ba14c-2ccc-4599-a68e-e4b157f3e33c,Geological Surveys for Extraction Planning,"Geological Surveys for Extraction Planning

Description:
Conduct detailed geological surveys to identify optimal extraction sites and assess potential environmental impacts. This includes soil sampling, seismic surveys, and hydrological studies.

Resources needed:
• Geologists
• Hydrologists
• Environmental Scientists
• Surveying Equipment
• Drilling Equipment",7/4/2031,8/27/2031,0,bbd81482-999b-41a8-85e8-a82b4e7179d2,PlanExe
260a03a8-8740-4029-a476-a12882003b7a,Secure Sustainable Extraction Equipment,"Secure Sustainable Extraction Equipment

Description:
Procure and deploy environmentally friendly extraction equipment, such as electric-powered machinery and closed-loop water systems. Ensure equipment meets international environmental standards.

Resources needed:
• Procurement Specialists
• Environmental Engineers
• Equipment Operators
• Maintenance Technicians
• Funding for Equipment Purchase",8/27/2031,10/20/2031,0,a41ba14c-2ccc-4599-a68e-e4b157f3e33c,PlanExe
347d5d4b-8f43-40ad-89ae-f345809046fb,Develop Environmental Protection Protocols,"Develop Environmental Protection Protocols

Description:
Establish comprehensive environmental protection protocols to minimize pollution, protect biodiversity, and restore disturbed areas. This includes waste management plans, erosion control measures, and habitat restoration projects.

Resources needed:
• Environmental Scientists
• Ecologists
• Waste Management Experts
• Environmental Lawyers
• Monitoring Equipment",10/20/2031,12/13/2031,0,260a03a8-8740-4029-a476-a12882003b7a,PlanExe
068cf0ff-5fdc-45a4-b1d0-efb7429abb4f,Community Engagement and Consultation,"Community Engagement and Consultation

Description:
Engage with local communities to address concerns, obtain consent, and ensure that extraction activities benefit the local population. This includes public meetings, focus groups, and community development projects.

Resources needed:
• Community Liaison Officers
• Social Workers
• Communication Specialists
• Translators
• Meeting Facilities",12/13/2031,2/5/2032,0,347d5d4b-8f43-40ad-89ae-f345809046fb,PlanExe
ebc28e37-2cf5-42a5-a99f-453e83f40dd8,Implement Monitoring and Reporting Systems,"Implement Monitoring and Reporting Systems

Description:
Establish real-time monitoring systems to track environmental performance and ensure compliance with regulations. This includes air and water quality monitoring, noise level measurements, and biodiversity assessments. Generate regular reports for stakeholders.

Resources needed:
• Environmental Monitoring Technicians
• Data Analysts
• Reporting Software
• Monitoring Equipment
• IT Support",2/5/2032,3/30/2032,0,bbd81482-999b-41a8-85e8-a82b4e7179d2,PlanExe
045e767e-d67d-40d5-85b8-b568c60e9cb1,Transport Resources to Inhabited Zone,,3/30/2032,12/25/2032,0,bbd81482-999b-41a8-85e8-a82b4e7179d2,PlanExe
5ac5e80e-f928-429c-9d5a-2bc6bf7e9424,Secure transportation route agreements,"Secure transportation route agreements

Description:
Negotiate and finalize agreements with relevant countries and regions for the use of transportation routes, including land, sea, and air corridors. This involves addressing potential concerns related to sovereignty, environmental impact, and security.

Resources needed:
• Legal team
• Negotiators
• Logistics experts
• Government liaisons",3/30/2032,5/23/2032,0,045e767e-d67d-40d5-85b8-b568c60e9cb1,PlanExe
6328b47e-c50d-4ff0-a847-c464067b9bac,Establish transfer point infrastructure,"Establish transfer point infrastructure

Description:
Develop and construct transfer points along transportation routes to facilitate the efficient transfer of resources. This includes building storage facilities, loading docks, and other necessary infrastructure.

Resources needed:
• Engineers
• Construction crews
• Equipment operators
• Project managers",5/23/2032,7/16/2032,0,5ac5e80e-f928-429c-9d5a-2bc6bf7e9424,PlanExe
f9e5346c-4dc0-41e5-bb8c-589e059c285e,Acquire and maintain transport equipment,"Acquire and maintain transport equipment

Description:
Procure and maintain a fleet of vehicles, ships, and aircraft suitable for transporting resources from the Abandoned Zone to the Inhabited Zone. This includes ensuring that the equipment is properly maintained and operated safely.

Resources needed:
• Procurement specialists
• Maintenance technicians
• Equipment operators
• Logistics coordinators",7/16/2032,9/8/2032,0,6328b47e-c50d-4ff0-a847-c464067b9bac,PlanExe
2375ab9a-8d20-41ad-9e12-a7934194da09,Implement real-time tracking system,"Implement real-time tracking system

Description:
Develop and implement a real-time tracking system to monitor the movement of resources along transportation routes. This includes using GPS technology, sensors, and other tools to track the location and condition of resources.

Resources needed:
• Software developers
• Data analysts
• IT specialists
• Logistics managers",9/8/2032,11/1/2032,0,f9e5346c-4dc0-41e5-bb8c-589e059c285e,PlanExe
4d9aa55e-5c4c-46ac-814d-addd5c0515d0,Develop weather disruption contingency plans,"Develop weather disruption contingency plans

Description:
Create contingency plans to address potential disruptions to transportation schedules due to adverse weather conditions. This includes identifying alternative routes, securing backup equipment, and establishing communication protocols.

Resources needed:
• Meteorologists
• Logistics experts
• Emergency response teams
• Communication specialists",11/1/2032,12/25/2032,0,045e767e-d67d-40d5-85b8-b568c60e9cb1,PlanExe
1bcf7a96-6624-478e-95db-0f3bfb05d90f,Construct New Infrastructure in Northern Zone,,12/25/2032,12/26/2035,0,045e767e-d67d-40d5-85b8-b568c60e9cb1,PlanExe
9be38e94-45ba-4a8a-8421-1aba404a8b49,Optimize Transportation Routes,"Optimize Transportation Routes

Description:
Objective: Determine the most efficient and cost-effective routes for transporting resources from the Abandoned Zone to the Inhabited Zone.
Scope: This includes analyzing existing infrastructure, identifying potential bottlenecks, and exploring alternative transportation methods.
Steps: Gather data on road conditions, rail networks, and waterways. Use GIS software to map potential routes. Simulate transportation scenarios to identify optimal routes. Evaluate the environmental impact of each route.
Deliverables: A detailed report outlining the recommended transportation routes, including cost estimates and environmental impact assessments.

Resources needed:
• GIS specialists
• Transportation engineers
• Environmental scientists
• Logistics experts
• Simulation software",12/25/2032,9/25/2033,0,1bcf7a96-6624-478e-95db-0f3bfb05d90f,PlanExe
65382d3e-ac34-46fa-b720-2b182c73e5e7,Secure Transportation Agreements,"Secure Transportation Agreements

Description:
Objective: Establish legally binding agreements with transportation providers to ensure the timely and reliable delivery of resources.
Scope: This includes negotiating contracts, securing permits, and establishing insurance coverage.
Steps: Identify potential transportation providers. Negotiate contract terms and conditions. Obtain necessary permits and licenses. Secure insurance coverage for transportation activities.
Deliverables: Signed contracts with transportation providers, copies of permits and licenses, and proof of insurance coverage.

Resources needed:
• Contract lawyers
• Negotiators
• Permitting specialists
• Insurance brokers
• Transportation providers",9/25/2033,6/26/2034,0,9be38e94-45ba-4a8a-8421-1aba404a8b49,PlanExe
92b7c4ec-eb8f-436a-9151-b4612b1adb31,Establish Logistics Hubs,"Establish Logistics Hubs

Description:
Objective: Create strategically located logistics hubs to facilitate the efficient transfer and storage of resources.
Scope: This includes identifying suitable locations, constructing or renovating facilities, and installing necessary equipment.
Steps: Identify potential locations for logistics hubs. Acquire or lease land. Construct or renovate facilities. Install storage and handling equipment.
Deliverables: Operational logistics hubs with adequate storage capacity and handling equipment.

Resources needed:
• Site selection specialists
• Construction engineers
• Construction crews
• Equipment suppliers
• Logistics managers",6/26/2034,3/27/2035,0,65382d3e-ac34-46fa-b720-2b182c73e5e7,PlanExe
03185f4b-3486-4018-b3ef-83ab0e4ca355,Implement Tracking System,"Implement Tracking System

Description:
Objective: Develop and implement a real-time tracking system to monitor the movement of resources from the Abandoned Zone to the Inhabited Zone.
Scope: This includes selecting appropriate tracking technology, installing tracking devices, and developing a data management system.
Steps: Evaluate different tracking technologies (e.g., GPS, RFID). Install tracking devices on transportation vehicles and containers. Develop a database to store and manage tracking data. Train personnel on how to use the tracking system.
Deliverables: A fully functional tracking system that provides real-time visibility into the location and status of resources.

Resources needed:
• IT specialists
• Database administrators
• Software developers
• Tracking technology vendors
• Training personnel",3/27/2035,12/26/2035,0,1bcf7a96-6624-478e-95db-0f3bfb05d90f,PlanExe
3de5eab2-ae6e-42c3-a6e1-460955ac8cd5,Implement Smart City Technologies,,12/26/2035,6/28/2037,0,368980e8-7f0b-4e3b-ad55-b7460ccd9ce7,PlanExe
b4389a96-4b85-4369-bf8d-9c2135a682e4,Select Smart City Technologies,"Select Smart City Technologies

Description:
Objective: Identify and select appropriate smart city technologies for implementation.
Scope: Evaluate various technologies based on cost, performance, scalability, and compatibility with existing infrastructure.
Steps: Conduct market research, evaluate vendor proposals, perform pilot testing, and select technologies that meet project requirements.
Deliverables: A list of selected smart city technologies with detailed specifications and vendor contracts.

Resources needed:
• Technology experts
• Urban planners
• Budget analysts
• Procurement specialists",12/26/2035,4/14/2036,0,3de5eab2-ae6e-42c3-a6e1-460955ac8cd5,PlanExe
a97e6e28-68a4-4444-99a4-2df00a6d1619,Design Smart City Infrastructure,"Design Smart City Infrastructure

Description:
Objective: Design the infrastructure required to support the selected smart city technologies.
Scope: Develop detailed plans for network connectivity, data storage, power supply, and security systems.
Steps: Conduct site surveys, create architectural designs, develop engineering specifications, and obtain necessary permits.
Deliverables: Detailed infrastructure design plans with cost estimates and permit approvals.

Resources needed:
• Architects
• Engineers
• Network specialists
• Security experts",4/14/2036,8/2/2036,0,b4389a96-4b85-4369-bf8d-9c2135a682e4,PlanExe
eafb0061-93d7-48ea-a282-548f8eb7de50,Deploy Smart City Technologies,"Deploy Smart City Technologies

Description:
Objective: Deploy the selected smart city technologies and integrate them with existing infrastructure.
Scope: Install hardware and software, configure network settings, and test system functionality.
Steps: Coordinate with vendors, manage installation teams, perform system testing, and resolve any technical issues.
Deliverables: Fully deployed and integrated smart city technologies with operational documentation.

Resources needed:
• Installation technicians
• Software developers
• Network administrators
• Project managers",8/2/2036,11/20/2036,0,a97e6e28-68a4-4444-99a4-2df00a6d1619,PlanExe
43defb74-0be1-46ab-a2f1-04c51d0d8670,Test and Optimize Smart City Systems,"Test and Optimize Smart City Systems

Description:
Objective: Test and optimize the performance of the deployed smart city systems.
Scope: Monitor system performance, identify areas for improvement, and implement optimization strategies.
Steps: Collect data on system usage, analyze performance metrics, develop optimization plans, and implement changes.
Deliverables: Optimized smart city systems with improved performance and efficiency.

Resources needed:
• Data analysts
• System engineers
• Performance testers
• Optimization specialists",11/20/2036,3/10/2037,0,eafb0061-93d7-48ea-a282-548f8eb7de50,PlanExe
3c1c333f-1fb5-421e-a047-321653aad8f6,Train Personnel on Smart City Systems,"Train Personnel on Smart City Systems

Description:
Objective: Train personnel on how to operate and maintain the deployed smart city systems.
Scope: Develop training materials, conduct training sessions, and provide ongoing support.
Steps: Identify training needs, create training modules, schedule training sessions, and provide technical assistance.
Deliverables: Trained personnel with the skills and knowledge to operate and maintain the smart city systems.

Resources needed:
• Training specialists
• Technical writers
• System administrators
• Support staff",3/10/2037,6/28/2037,0,3de5eab2-ae6e-42c3-a6e1-460955ac8cd5,PlanExe
6c918f71-5d71-46b3-9c6c-76c3273d6864,Buffer Zone Establishment & Management,,6/28/2037,10/7/2038,0,368980e8-7f0b-4e3b-ad55-b7460ccd9ce7,PlanExe
2dd87e2d-00f2-48bb-8425-05d8a8c74be6,Define Buffer Zone Boundaries,,6/28/2037,8/27/2037,0,6c918f71-5d71-46b3-9c6c-76c3273d6864,PlanExe
73be2545-ce49-4e7e-8921-b7b458226101,Procure surveillance equipment (1),"Procure surveillance equipment

Description:
Objective: Acquire necessary surveillance equipment for buffer zone monitoring.
Scope: Includes cameras, sensors, drones, and communication devices.
Steps: Identify equipment needs, solicit bids from vendors, evaluate proposals, award contracts, and manage procurement process.
Deliverables: Surveillance equipment delivered and ready for deployment.

Resources needed:
• Procurement specialist
• Security expert
• Budget manager",6/28/2037,7/13/2037,0,2dd87e2d-00f2-48bb-8425-05d8a8c74be6,PlanExe
d23af315-fbda-4c02-ba9c-44af2900bca9,Install surveillance systems,"Install surveillance systems

Description:
Objective: Install surveillance systems at strategic locations within the buffer zone.
Scope: Includes physical installation of cameras, sensors, and other monitoring devices.
Steps: Identify installation locations, prepare sites, install equipment, and test system functionality.
Deliverables: Fully operational surveillance systems installed and integrated.

Resources needed:
• Installation technicians
• Security personnel
• Electrical engineers",7/13/2037,7/28/2037,0,73be2545-ce49-4e7e-8921-b7b458226101,PlanExe
05381f18-e9d1-4e77-be01-771f66825750,Train personnel on system operation,"Train personnel on system operation

Description:
Objective: Train security personnel on the operation and maintenance of surveillance systems.
Scope: Includes classroom instruction and hands-on training.
Steps: Develop training materials, conduct training sessions, and assess personnel competency.
Deliverables: Trained personnel capable of operating and maintaining surveillance systems.

Resources needed:
• Training instructors
• Security experts
• Technical support staff",7/28/2037,8/12/2037,0,d23af315-fbda-4c02-ba9c-44af2900bca9,PlanExe
bbab2eb3-f093-4ce1-b6e6-1f6930999588,Establish data analysis protocols,"Establish data analysis protocols

Description:
Objective: Develop protocols for analyzing data collected by surveillance systems.
Scope: Includes defining data analysis techniques, establishing reporting procedures, and ensuring data security.
Steps: Identify data analysis requirements, develop analysis protocols, and implement data security measures.
Deliverables: Data analysis protocols established and implemented.

Resources needed:
• Data analysts
• Security experts
• IT specialists",8/12/2037,8/27/2037,0,2dd87e2d-00f2-48bb-8425-05d8a8c74be6,PlanExe
c7d1e2fe-5107-4b12-815f-c8182b5d506a,Implement Surveillance and Security Measures,,8/27/2037,1/10/2038,0,2dd87e2d-00f2-48bb-8425-05d8a8c74be6,PlanExe
229b459b-2f74-46a4-89dd-3d382d9a93a5,Procure Surveillance Equipment (2),"Procure Surveillance Equipment

Description:
Purchase necessary surveillance equipment, including drones, cameras, and sensors, ensuring compatibility and compliance with regulations.

Resources needed:
• Procurement Specialist
• Security Expert
• Legal Counsel",8/27/2037,9/30/2037,0,c7d1e2fe-5107-4b12-815f-c8182b5d506a,PlanExe
65c66e41-e366-4d89-b0b3-574e339959eb,Deploy Security Systems,"Deploy Security Systems

Description:
Install and configure security systems, such as access control systems, perimeter security, and intrusion detection systems, ensuring proper functionality and integration.

Resources needed:
• Security Technicians
• IT Specialists
• Engineers",9/30/2037,11/3/2037,0,229b459b-2f74-46a4-89dd-3d382d9a93a5,PlanExe
d80b8c01-8f36-4fe6-ab36-06afc1fd5b3e,Train Security Personnel,"Train Security Personnel

Description:
Provide comprehensive training to security personnel on the operation and maintenance of surveillance and security systems, as well as emergency response procedures.

Resources needed:
• Security Trainers
• Subject Matter Experts
• Training Facilities",11/3/2037,12/7/2037,0,65c66e41-e366-4d89-b0b3-574e339959eb,PlanExe
66ce2037-3dd0-4de1-b5bd-d19b0235423d,Establish Communication Network,"Establish Communication Network

Description:
Set up a secure communication network for security personnel to share information and coordinate responses, including radios, satellite phones, and encrypted messaging systems.

Resources needed:
• Communication Specialists
• IT Technicians
• Network Engineers",12/7/2037,1/10/2038,0,c7d1e2fe-5107-4b12-815f-c8182b5d506a,PlanExe
7cc51af0-43eb-4019-b604-b01a3638a2cc,Establish Access Control Protocols,,1/10/2038,5/10/2038,0,c7d1e2fe-5107-4b12-815f-c8182b5d506a,PlanExe
1b249b71-f1ed-490d-91ae-174ed7474d32,Procure sensor and communication devices,"Procure sensor and communication devices

Description:
Objective: Acquire the necessary sensors (e.g., motion detectors, thermal cameras) and communication devices (e.g., radios, satellite phones) for access control.
Scope: Includes identifying vendors, obtaining quotes, placing orders, and managing delivery.
Steps: Research vendors, compare specifications, negotiate prices, issue purchase orders, track shipments, and inspect deliveries.
Deliverables: A complete inventory of sensors and communication devices.

Resources needed:
• Procurement specialist
• Logistics coordinator
• Budget manager",1/10/2038,2/9/2038,0,7cc51af0-43eb-4019-b604-b01a3638a2cc,PlanExe
63d1c104-0c15-4b44-a898-650aadf4badc,Develop access control system architecture,"Develop access control system architecture

Description:
Objective: Design the overall architecture of the access control system, including hardware and software components.
Scope: Includes defining system requirements, selecting appropriate technologies, and creating detailed system diagrams.
Steps: Gather requirements from stakeholders, evaluate different technologies, design system architecture, and document the design.
Deliverables: A detailed system architecture document.

Resources needed:
• System architect
• Security engineer
• Network engineer",2/9/2038,3/11/2038,0,1b249b71-f1ed-490d-91ae-174ed7474d32,PlanExe
21d45bd1-1feb-4488-90e1-c29bf8f04028,Integrate access control systems,"Integrate access control systems

Description:
Objective: Integrate different access control systems (e.g., biometric scanners, keycard readers) into a unified platform.
Scope: Includes configuring hardware and software, testing system functionality, and troubleshooting integration issues.
Steps: Install hardware and software components, configure system settings, conduct integration testing, and resolve any issues.
Deliverables: A fully integrated access control system.

Resources needed:
• Software developer
• Hardware technician
• System integrator",3/11/2038,4/10/2038,0,63d1c104-0c15-4b44-a898-650aadf4badc,PlanExe
f28efa2e-b6e2-4dc0-bfaf-7b675f57f8ef,Test access control system,"Test access control system

Description:
Objective: Thoroughly test the integrated access control system to ensure it meets performance and security requirements.
Scope: Includes developing test plans, executing test cases, and documenting test results.
Steps: Create test plans, execute test cases, analyze test results, and report any defects.
Deliverables: A comprehensive test report.

Resources needed:
• Quality assurance engineer
• Security tester
• System administrator",4/10/2038,5/10/2038,0,7cc51af0-43eb-4019-b604-b01a3638a2cc,PlanExe
b92b7a3d-0228-45e0-bf18-f712cdfd81df,Monitor Ecological Health,,5/10/2038,7/9/2038,0,7cc51af0-43eb-4019-b604-b01a3638a2cc,PlanExe
df410fdc-92f3-4dbc-a4dd-cff6f96061ed,Establish Baseline Ecological Data,"Establish Baseline Ecological Data

Description:
Conduct initial surveys to document existing flora, fauna, and environmental conditions within the buffer zone. This includes identifying key species, mapping habitats, and measuring water and soil quality. Deliverable: Comprehensive baseline ecological report.

Resources needed:
• Ecologists
• Environmental scientists
• GIS specialists
• Survey equipment
• Laboratory facilities",5/10/2038,5/22/2038,0,b92b7a3d-0228-45e0-bf18-f712cdfd81df,PlanExe
557c0a69-73f8-46a0-bc95-988a823d5959,Deploy Remote Monitoring Sensors,"Deploy Remote Monitoring Sensors

Description:
Install a network of remote sensors to continuously monitor environmental parameters such as temperature, humidity, air quality, and water levels. This data will provide real-time insights into ecological changes. Deliverable: Functional sensor network with data transmission capabilities.

Resources needed:
• Sensor technicians
• Network engineers
• Data analysts
• Remote sensors
• Communication infrastructure",5/22/2038,6/3/2038,0,df410fdc-92f3-4dbc-a4dd-cff6f96061ed,PlanExe
a898c766-7cff-4f2f-88ef-a31f72db4da9,Conduct Regular Field Inspections,"Conduct Regular Field Inspections

Description:
Organize periodic field inspections by trained personnel to visually assess ecological health, identify potential threats (e.g., pollution, invasive species), and verify sensor data. Deliverable: Field inspection reports with photographic documentation.

Resources needed:
• Field ecologists
• Environmental inspectors
• Transportation
• Monitoring equipment
• Reporting tools",6/3/2038,6/15/2038,0,557c0a69-73f8-46a0-bc95-988a823d5959,PlanExe
024b18a3-1fa4-4262-9f4e-ce7b53f099f9,Analyze Data and Generate Reports,"Analyze Data and Generate Reports

Description:
Process and analyze data collected from sensors and field inspections to identify trends, anomalies, and potential ecological risks. Generate regular reports summarizing findings and recommending appropriate actions. Deliverable: Periodic ecological health reports.

Resources needed:
• Data analysts
• Ecologists
• Report writing software
• Data visualization tools
• Communication channels",6/15/2038,6/27/2038,0,a898c766-7cff-4f2f-88ef-a31f72db4da9,PlanExe
ac2e5e82-9112-49b5-b36a-9a8c68499867,Develop Ecological Response Protocols,"Develop Ecological Response Protocols

Description:
Create protocols for responding to identified ecological threats, such as pollution spills, invasive species outbreaks, or habitat degradation. These protocols should outline specific actions to mitigate the impact and restore ecological health. Deliverable: Ecological response protocols document.

Resources needed:
• Ecologists
• Environmental scientists
• Emergency response teams
• Mitigation equipment
• Communication systems",6/27/2038,7/9/2038,0,b92b7a3d-0228-45e0-bf18-f712cdfd81df,PlanExe
27934440-4ad0-466f-bf79-2ed9f9e6f152,Enforce Zone Restrictions,,7/9/2038,10/7/2038,0,6c918f71-5d71-46b3-9c6c-76c3273d6864,PlanExe
9b73ed81-5bf5-432f-b90e-af240398fc22,Establish patrol routes and schedules,"Establish patrol routes and schedules

Description:
Define optimal patrol routes based on risk assessments and resource availability. Create patrol schedules that maximize coverage and minimize response times.

Resources needed:
• Security personnel
• Patrol vehicles
• GPS tracking devices
• Mapping software",7/9/2038,7/27/2038,0,27934440-4ad0-466f-bf79-2ed9f9e6f152,PlanExe
867d76d9-d0fd-4a00-902f-85a9e88939dc,Deploy surveillance technology,"Deploy surveillance technology

Description:
Install and maintain surveillance cameras, sensors, and other monitoring equipment along the buffer zone perimeter and at key access points.

Resources needed:
• Surveillance technicians
• Security cameras
• Motion sensors
• Data storage infrastructure",7/27/2038,8/14/2038,0,9b73ed81-5bf5-432f-b90e-af240398fc22,PlanExe
e1557273-f8ce-46d8-a32c-23b8f5e345e6,Implement access control checkpoints,"Implement access control checkpoints

Description:
Establish checkpoints at designated entry points to the buffer zone. Verify credentials and inspect vehicles to prevent unauthorized access.

Resources needed:
• Security personnel
• Access control systems
• Vehicle inspection equipment
• Communication devices",8/14/2038,9/1/2038,0,867d76d9-d0fd-4a00-902f-85a9e88939dc,PlanExe
ddc50f59-482b-469f-9b96-c612cff9ee80,Develop violation response protocols,"Develop violation response protocols

Description:
Create clear protocols for responding to violations of zone restrictions, including procedures for apprehension, investigation, and prosecution.

Resources needed:
• Legal experts
• Security personnel
• Communication devices
• Detention facilities",9/1/2038,9/19/2038,0,e1557273-f8ce-46d8-a32c-23b8f5e345e6,PlanExe
3389dce6-ffc5-4816-a74d-1c2fd8c1c2d9,Conduct public awareness campaigns,"Conduct public awareness campaigns

Description:
Inform local communities about the buffer zone restrictions and the consequences of violating them. Promote cooperation and compliance.

Resources needed:
• Communication specialists
• Public relations materials
• Community outreach personnel
• Translation services",9/19/2038,10/7/2038,0,27934440-4ad0-466f-bf79-2ed9f9e6f152,PlanExe
8d96ad82-5cce-4115-b403-64331eb963ea,Risk Mitigation & Security,,10/7/2038,2/21/2039,0,6c918f71-5d71-46b3-9c6c-76c3273d6864,PlanExe
4df71e24-36cf-4897-a5a5-72a040a110f1,Identify Potential Risks,,10/7/2038,10/19/2038,0,8d96ad82-5cce-4115-b403-64331eb963ea,PlanExe
139c42f9-d728-4d46-9d3b-6c9fb37ec443,Identify Environmental Risks,"Identify Environmental Risks

Description:
Objective: Identify potential environmental hazards and risks associated with the project.
Scope: Assess potential environmental impacts from relocation, resource extraction, and infrastructure development.
Steps: Review environmental impact assessments, consult with environmental experts, and conduct site surveys.
Deliverables: List of identified environmental risks and potential impacts.

Resources needed:
• Environmental scientists
• GIS specialists
• Environmental impact assessment reports
• Survey equipment",10/7/2038,10/10/2038,0,4df71e24-36cf-4897-a5a5-72a040a110f1,PlanExe
e9a495ca-3137-4c0b-9e10-21474a20abb4,Identify Social and Political Risks,"Identify Social and Political Risks

Description:
Objective: Identify potential social and political risks associated with the project.
Scope: Assess potential social unrest, political instability, and geopolitical tensions.
Steps: Consult with sociologists, political analysts, and international relations experts.
Deliverables: List of identified social and political risks and potential impacts.

Resources needed:
• Sociologists
• Political analysts
• International relations experts
• Intelligence reports",10/10/2038,10/13/2038,0,139c42f9-d728-4d46-9d3b-6c9fb37ec443,PlanExe
23f22a6b-3dfb-43a5-a62e-315ee30bed44,Identify Technical and Logistical Risks,"Identify Technical and Logistical Risks

Description:
Objective: Identify potential technical and logistical risks associated with the project.
Scope: Assess potential challenges in transportation, construction, and technology integration.
Steps: Consult with engineers, logistics experts, and technology specialists.
Deliverables: List of identified technical and logistical risks and potential impacts.

Resources needed:
• Engineers
• Logistics experts
• Technology specialists
• Project plans",10/13/2038,10/16/2038,0,e9a495ca-3137-4c0b-9e10-21474a20abb4,PlanExe
dfd3e570-14f6-4255-9f67-d07b8adaf321,Assess Probability and Impact of Risks,"Assess Probability and Impact of Risks

Description:
Objective: Determine the likelihood and severity of each identified risk.
Scope: Quantify the probability and potential impact of each risk on project objectives.
Steps: Conduct risk workshops, use risk assessment tools, and consult with subject matter experts.
Deliverables: Risk register with probability and impact ratings for each risk.

Resources needed:
• Risk management experts
• Risk assessment software
• Subject matter experts
• Historical data",10/16/2038,10/19/2038,0,4df71e24-36cf-4897-a5a5-72a040a110f1,PlanExe
f5435a92-dae0-44fd-9752-0a68236bea0a,Develop Mitigation Strategies,,10/19/2038,11/8/2038,0,4df71e24-36cf-4897-a5a5-72a040a110f1,PlanExe
56c5a8cc-29a3-4e26-b1d4-d348b9e2aed3,Analyze identified risks thoroughly,"Analyze identified risks thoroughly

Description:
Perform a detailed analysis of each identified risk, including assessing the likelihood of occurrence, potential impact, and interdependencies with other risks. This analysis will inform the development of effective mitigation strategies.

Resources needed:
• Risk Management Experts
• Subject Matter Experts
• Data Analysts",10/19/2038,10/24/2038,0,f5435a92-dae0-44fd-9752-0a68236bea0a,PlanExe
03a12200-84cd-4a61-b5bf-3707cf9c9825,Research potential mitigation options,"Research potential mitigation options

Description:
Investigate a range of mitigation options for each identified risk, considering factors such as cost, feasibility, effectiveness, and potential side effects. This research will involve consulting with experts, reviewing best practices, and exploring innovative solutions.

Resources needed:
• Risk Management Experts
• Subject Matter Experts
• Researchers",10/24/2038,10/29/2038,0,56c5a8cc-29a3-4e26-b1d4-d348b9e2aed3,PlanExe
5dcbe06e-c6c4-489e-b2bf-337b6329bffb,Evaluate mitigation strategy effectiveness (1),"Evaluate mitigation strategy effectiveness

Description:
Assess the effectiveness of each potential mitigation strategy in reducing the likelihood and impact of the associated risk. This evaluation will involve using quantitative and qualitative methods, such as simulations, cost-benefit analysis, and expert judgment.

Resources needed:
• Risk Management Experts
• Data Analysts
• Simulation Software",10/29/2038,11/3/2038,0,03a12200-84cd-4a61-b5bf-3707cf9c9825,PlanExe
588b4cfd-d4c2-4944-9951-5718d551799b,Document mitigation plans and responsibilities,"Document mitigation plans and responsibilities

Description:
Create detailed mitigation plans for each identified risk, outlining the specific actions to be taken, the responsible parties, the timelines, and the resources required. These plans will be documented in a central repository and communicated to all relevant stakeholders.

Resources needed:
• Risk Management Experts
• Project Managers
• Communication Specialists",11/3/2038,11/8/2038,0,f5435a92-dae0-44fd-9752-0a68236bea0a,PlanExe
d23fc801-4edd-4a14-9f73-7c563efc8d39,Implement Security Protocols,,11/8/2038,1/7/2039,0,f5435a92-dae0-44fd-9752-0a68236bea0a,PlanExe
325e3b43-1c33-4e38-9d85-700448c333ec,Establish Security Protocol Documentation,"Establish Security Protocol Documentation

Description:
Create comprehensive documentation outlining all security protocols, including access control, incident response, and data protection measures. This documentation will serve as a reference guide for security personnel and ensure consistent implementation of security procedures.

Resources needed:
• Security Experts
• Technical Writers
• Legal Counsel",11/8/2038,11/20/2038,0,d23fc801-4edd-4a14-9f73-7c563efc8d39,PlanExe
9c3d2be5-2624-4ff3-9e0c-8c2da52fccf9,Train Security Personnel on Protocols,"Train Security Personnel on Protocols

Description:
Conduct thorough training sessions for all security personnel to ensure they are proficient in implementing and enforcing the established security protocols. Training will cover topics such as threat detection, incident response, and emergency procedures.

Resources needed:
• Security Trainers
• Training Facilities
• Training Materials",11/20/2038,12/2/2038,0,325e3b43-1c33-4e38-9d85-700448c333ec,PlanExe
ceee9237-ffee-443f-8309-1f1c6ec61973,Implement Access Control Systems,"Implement Access Control Systems

Description:
Deploy and configure access control systems to restrict unauthorized access to sensitive areas and resources. This includes implementing physical access controls (e.g., biometric scanners, security badges) and logical access controls (e.g., user authentication, role-based access).

Resources needed:
• Security Technicians
• Access Control Hardware
• Software Engineers",12/2/2038,12/14/2038,0,9c3d2be5-2624-4ff3-9e0c-8c2da52fccf9,PlanExe
bbb670f4-64ee-40a6-a841-ee9ae09d33a1,Conduct Security Audits and Testing,"Conduct Security Audits and Testing

Description:
Regularly conduct security audits and penetration testing to identify vulnerabilities and weaknesses in the implemented security protocols and systems. This will help ensure that security measures are effective and up-to-date.

Resources needed:
• Security Auditors
• Penetration Testers
• Security Tools",12/14/2038,12/26/2038,0,ceee9237-ffee-443f-8309-1f1c6ec61973,PlanExe
94c9d1f0-3ac1-45db-bc33-83738a74ffd7,Develop Incident Response Procedures,"Develop Incident Response Procedures

Description:
Create detailed incident response procedures to guide security personnel in responding to security incidents, such as data breaches, cyberattacks, and physical security threats. These procedures will outline the steps to be taken to contain the incident, mitigate damage, and restore normal operations.

Resources needed:
• Security Experts
• Incident Response Team
• Communication Systems",12/26/2038,1/7/2039,0,d23fc801-4edd-4a14-9f73-7c563efc8d39,PlanExe
f9233564-ca7f-4478-a835-9501154dab17,Establish Emergency Response Plans,,1/7/2039,2/6/2039,0,d23fc801-4edd-4a14-9f73-7c563efc8d39,PlanExe
70e9361e-87d6-45d7-b394-072da570369c,Establish Communication Protocols,"Establish Communication Protocols

Description:
Define communication channels, contact lists, and escalation procedures for emergency situations. This includes establishing primary and backup communication systems and training personnel on their use.

Resources needed:
• Communication specialists
• IT support
• Emergency response team",1/7/2039,1/13/2039,0,f9233564-ca7f-4478-a835-9501154dab17,PlanExe
75bad6e4-5c30-452b-9399-96978e59c0c8,Stockpile Emergency Supplies,"Stockpile Emergency Supplies

Description:
Procure and store essential supplies such as food, water, medical equipment, and shelter materials. This involves identifying storage locations, managing inventory, and ensuring supplies are readily accessible.

Resources needed:
• Logistics personnel
• Procurement specialists
• Warehouse staff",1/13/2039,1/19/2039,0,70e9361e-87d6-45d7-b394-072da570369c,PlanExe
68fb7dbb-3991-4401-87a7-d7732fd4f1b3,Train Emergency Response Teams,"Train Emergency Response Teams

Description:
Conduct training exercises for emergency response teams, including first aid, search and rescue, and evacuation procedures. This involves developing training materials, scheduling training sessions, and evaluating team performance.

Resources needed:
• Emergency response trainers
• Medical personnel
• Security personnel",1/19/2039,1/25/2039,0,75bad6e4-5c30-452b-9399-96978e59c0c8,PlanExe
1c3d99d8-fcc4-4c05-a33d-d01849584ca3,Develop Evacuation Plans,"Develop Evacuation Plans

Description:
Create detailed evacuation plans for various emergency scenarios, including designated evacuation routes, assembly points, and transportation arrangements. This involves conducting site surveys, coordinating with local authorities, and communicating plans to stakeholders.

Resources needed:
• Emergency planners
• Transportation specialists
• Community outreach personnel",1/25/2039,1/31/2039,0,68fb7dbb-3991-4401-87a7-d7732fd4f1b3,PlanExe
a1741d6b-0870-45c6-9848-7df6b5962036,Secure Emergency Equipment,"Secure Emergency Equipment

Description:
Acquire and maintain necessary equipment for emergency response, such as vehicles, communication devices, and rescue tools. This involves identifying equipment needs, procuring equipment, and ensuring equipment is properly maintained and operational.

Resources needed:
• Procurement specialists
• Maintenance technicians
• Emergency response team",1/31/2039,2/6/2039,0,f9233564-ca7f-4478-a835-9501154dab17,PlanExe
24fc87a2-81bb-4cb7-b9ce-73cc91d978d6,Monitor and Adapt Risk Mitigation Measures,,2/6/2039,2/21/2039,0,8d96ad82-5cce-4115-b403-64331eb963ea,PlanExe
ff6f92b8-cf01-4857-95a1-e3ce49265259,Establish Key Performance Indicators (KPIs),"Establish Key Performance Indicators (KPIs)

Description:
Define measurable KPIs to track the effectiveness of risk mitigation measures. This includes setting targets for risk reduction, incident response times, and security breach rates.

Resources needed:
• Risk Management Experts
• Security Analysts
• Data Analysts",2/6/2039,2/9/2039,0,24fc87a2-81bb-4cb7-b9ce-73cc91d978d6,PlanExe
8841d129-e6c4-427a-b547-e154902065e7,Collect and Analyze Performance Data,"Collect and Analyze Performance Data

Description:
Gather data related to risk mitigation efforts, security incidents, and emergency response activities. Analyze this data to identify trends, patterns, and areas for improvement.

Resources needed:
• Data Collection Team
• Data Analysts
• IT Infrastructure",2/9/2039,2/12/2039,0,ff6f92b8-cf01-4857-95a1-e3ce49265259,PlanExe
43cfdad3-876b-499f-a91a-89bc59dfe23b,Evaluate Mitigation Strategy Effectiveness (2),"Evaluate Mitigation Strategy Effectiveness

Description:
Assess the effectiveness of existing risk mitigation strategies based on performance data and incident reports. Identify any gaps or weaknesses in the current approach.

Resources needed:
• Risk Management Experts
• Security Analysts
• Emergency Response Team",2/12/2039,2/15/2039,0,8841d129-e6c4-427a-b547-e154902065e7,PlanExe
fe02baee-b394-417a-a07c-ddb641149f23,Adapt Mitigation Strategies Based on Data,"Adapt Mitigation Strategies Based on Data

Description:
Modify existing risk mitigation strategies or develop new ones based on the evaluation of their effectiveness. Implement changes to improve risk reduction, incident response, and overall security.

Resources needed:
• Risk Management Experts
• Security Analysts
• Emergency Response Team
• Implementation Team",2/15/2039,2/18/2039,0,43cfdad3-876b-499f-a91a-89bc59dfe23b,PlanExe
5bf70b9a-24b6-4797-a44e-adeca3a2a628,Communicate Changes and Train Personnel,"Communicate Changes and Train Personnel

Description:
Communicate any changes to risk mitigation strategies to all relevant personnel. Provide training on new procedures and protocols to ensure effective implementation.

Resources needed:
• Communication Team
• Training Team
• Subject Matter Experts",2/18/2039,2/21/2039,0,24fc87a2-81bb-4cb7-b9ce-73cc91d978d6,PlanExe
3268394e-7fd0-42f7-a165-c75798897586,Project Monitoring & Control,,2/21/2039,4/19/2039,0,f3714711-c7b8-4c31-805c-ab4db9173e7e,PlanExe
4168c13a-e3be-41a6-b944-199fe20d0c96,Track Project Progress,,2/21/2039,3/5/2039,0,3268394e-7fd0-42f7-a165-c75798897586,PlanExe
9e191fb5-384e-4608-b797-79553e141ace,Collect progress data from teams,"Collect progress data from teams

Description:
Gather updates on task completion, milestones achieved, and any roadblocks encountered from each team involved in the project.

Resources needed:
• Project Management Software
• Team Leads
• Communication Platform",2/21/2039,2/24/2039,0,4168c13a-e3be-41a6-b944-199fe20d0c96,PlanExe
bfa854a3-de94-4e0e-9e76-f54312587d4e,Analyze collected progress data,"Analyze collected progress data

Description:
Review the collected data to identify trends, potential delays, and areas where the project is exceeding expectations.  Compare actual progress against the planned schedule.

Resources needed:
• Project Manager
• Data Analysis Tools
• Schedule Baseline",2/24/2039,2/27/2039,0,9e191fb5-384e-4608-b797-79553e141ace,PlanExe
996c4700-83a1-4f87-aa09-734afe5e642d,Document progress and deviations,"Document progress and deviations

Description:
Create a detailed record of the project's progress, highlighting any deviations from the original plan and the reasons for those deviations.

Resources needed:
• Project Management Software
• Documentation Specialist
• Reporting Templates",2/27/2039,3/2/2039,0,bfa854a3-de94-4e0e-9e76-f54312587d4e,PlanExe
730898b4-8a1a-40c7-a4ea-ab6c4a203a0c,Communicate progress to stakeholders,"Communicate progress to stakeholders

Description:
Share the documented progress and deviations with relevant stakeholders, providing clear and concise updates on the project's status.

Resources needed:
• Project Manager
• Communication Plan
• Stakeholder List",3/2/2039,3/5/2039,0,4168c13a-e3be-41a6-b944-199fe20d0c96,PlanExe
f2b9c734-bc9d-47d0-9d0a-224083849a46,Manage Project Budget,,3/5/2039,3/15/2039,0,4168c13a-e3be-41a6-b944-199fe20d0c96,PlanExe
68ba59ed-0046-44d6-8426-eaf018fdadf7,Refine Budget Forecast,"Refine Budget Forecast

Description:
Review initial budget estimates and refine based on updated project scope and resource requirements. This includes identifying potential cost drivers and developing contingency plans for unforeseen expenses. Deliverable: Updated budget forecast document.

Resources needed:
• Project Manager
• Financial Analyst
• Cost Estimator",3/5/2039,3/7/2039,0,f2b9c734-bc9d-47d0-9d0a-224083849a46,PlanExe
f05f2b3c-4215-4e09-a47f-bae80648ecc9,Track Expenses and Commitments,"Track Expenses and Commitments

Description:
Implement a system for tracking all project-related expenses and financial commitments. This includes setting up a coding structure for expenses, establishing approval workflows, and regularly reconciling actual expenses against the budget. Deliverable: Expense tracking system and regular financial reports.

Resources needed:
• Accountant
• Project Controller
• Financial Software",3/7/2039,3/9/2039,0,68ba59ed-0046-44d6-8426-eaf018fdadf7,PlanExe
8fa84368-6504-4e1f-871c-aab464f3006e,Conduct Variance Analysis,"Conduct Variance Analysis

Description:
Regularly analyze budget variances (actual vs. planned) to identify potential overruns or underruns. Investigate the root causes of significant variances and recommend corrective actions. Deliverable: Variance analysis reports and corrective action plans.

Resources needed:
• Project Controller
• Financial Analyst
• Subject Matter Experts",3/9/2039,3/11/2039,0,f05f2b3c-4215-4e09-a47f-bae80648ecc9,PlanExe
f0554a71-19f6-4574-a7ff-08b4c5f71fb3,Manage Change Requests Impacting Budget,"Manage Change Requests Impacting Budget

Description:
Assess the financial impact of all change requests and incorporate approved changes into the project budget. This includes updating the budget baseline and communicating the impact to stakeholders. Deliverable: Updated budget baseline and communication to stakeholders.

Resources needed:
• Project Manager
• Change Control Board
• Financial Analyst",3/11/2039,3/13/2039,0,8fa84368-6504-4e1f-871c-aab464f3006e,PlanExe
cefced3d-82f9-471c-9fcb-2f1882390f46,Optimize Resource Allocation,"Optimize Resource Allocation

Description:
Continuously review resource allocation to ensure efficient utilization of funds. Identify opportunities to reallocate resources to higher-priority activities or to reduce overall project costs. Deliverable: Optimized resource allocation plan.

Resources needed:
• Project Manager
• Resource Manager
• Financial Analyst",3/13/2039,3/15/2039,0,f2b9c734-bc9d-47d0-9d0a-224083849a46,PlanExe
9c5ac9e9-4bd0-44f0-91a6-a5b94284e9cf,Monitor Resource Utilization,,3/15/2039,3/25/2039,0,f2b9c734-bc9d-47d0-9d0a-224083849a46,PlanExe
99907dd8-4fba-424b-a96d-708e74066bb6,Establish Resource Baselines and Metrics,"Establish Resource Baselines and Metrics

Description:
Define baseline resource consumption rates and key performance indicators (KPIs) for monitoring resource utilization effectively. This includes identifying critical resources, setting acceptable usage thresholds, and establishing reporting frequencies.

Resources needed:
• Resource Management Team
• Data Analysts
• Project Managers",3/15/2039,3/17/2039,0,9c5ac9e9-4bd0-44f0-91a6-a5b94284e9cf,PlanExe
97cc2ffe-287a-48b1-8c43-64abf23361a4,Implement Resource Tracking System,"Implement Resource Tracking System

Description:
Deploy a comprehensive resource tracking system to monitor the consumption of key resources in real-time. This involves selecting appropriate tracking technologies (e.g., IoT sensors, RFID tags), integrating them with existing project management systems, and training personnel on their use.

Resources needed:
• IT Specialists
• Engineers
• Resource Management Team",3/17/2039,3/19/2039,0,99907dd8-4fba-424b-a96d-708e74066bb6,PlanExe
c1c80acb-86e9-4b7b-b0ec-e09ce323f46f,Conduct Regular Resource Audits,"Conduct Regular Resource Audits

Description:
Perform periodic audits of resource utilization to identify discrepancies between planned and actual consumption. This includes verifying inventory levels, reviewing usage logs, and investigating any anomalies or deviations from established baselines.

Resources needed:
• Auditors
• Resource Management Team
• Data Analysts",3/19/2039,3/21/2039,0,97cc2ffe-287a-48b1-8c43-64abf23361a4,PlanExe
177b82bc-9b12-4c2a-93f0-4ce3e0b76c86,Optimize Resource Allocation Strategies,"Optimize Resource Allocation Strategies

Description:
Develop and implement strategies to optimize resource allocation based on project priorities and needs. This involves analyzing resource demand patterns, identifying opportunities for efficiency improvements, and adjusting allocation plans accordingly.

Resources needed:
• Project Managers
• Resource Management Team
• AI Specialists",3/21/2039,3/23/2039,0,c1c80acb-86e9-4b7b-b0ec-e09ce323f46f,PlanExe
c87a8995-1cf0-41c6-8980-59e02856a5fb,Develop Contingency Plans for Shortages,"Develop Contingency Plans for Shortages

Description:
Create contingency plans to address potential resource shortages or disruptions in supply chains. This includes identifying alternative resource sources, establishing backup supply agreements, and developing strategies for prioritizing resource allocation during emergencies.

Resources needed:
• Supply Chain Managers
• Resource Management Team
• Project Managers",3/23/2039,3/25/2039,0,9c5ac9e9-4bd0-44f0-91a6-a5b94284e9cf,PlanExe
c1e45037-290b-417f-8248-f023e60464d6,Report Project Status,,3/25/2039,4/4/2039,0,9c5ac9e9-4bd0-44f0-91a6-a5b94284e9cf,PlanExe
a22f2305-cf47-4506-b6f2-7eaad2089694,Collect project data for status reports,"Collect project data for status reports

Description:
Gather data from various project teams and systems to compile accurate and up-to-date information for status reports. This includes progress on tasks, budget expenditures, resource utilization, and identified risks.

Resources needed:
• Project Management Software
• Data Analysts
• Team Leads",3/25/2039,3/27/2039,0,c1e45037-290b-417f-8248-f023e60464d6,PlanExe
b1a834ea-1f75-4543-82c8-f7f7628be122,Analyze project data for key insights,"Analyze project data for key insights

Description:
Analyze the collected project data to identify trends, patterns, and potential issues. This includes comparing actual progress against planned progress, identifying budget variances, and assessing the impact of risks on project outcomes.

Resources needed:
• Data Analysts
• Project Manager
• Reporting Tools",3/27/2039,3/29/2039,0,a22f2305-cf47-4506-b6f2-7eaad2089694,PlanExe
7d27cf2c-6cd3-495e-b7cb-a33a23ad7d51,Prepare draft project status reports,"Prepare draft project status reports

Description:
Create draft project status reports based on the analyzed data. These reports should include a summary of project progress, key accomplishments, identified risks and issues, and recommended corrective actions.

Resources needed:
• Project Manager
• Communication Specialist
• Reporting Templates",3/29/2039,3/31/2039,0,b1a834ea-1f75-4543-82c8-f7f7628be122,PlanExe
7ac24b98-06ac-49d0-899b-110e145ee475,Review and revise status reports,"Review and revise status reports

Description:
Review the draft project status reports with key stakeholders to ensure accuracy and completeness. Incorporate feedback and revisions as needed to finalize the reports.

Resources needed:
• Project Manager
• Stakeholders
• Subject Matter Experts",3/31/2039,4/2/2039,0,7d27cf2c-6cd3-495e-b7cb-a33a23ad7d51,PlanExe
a2c20696-a241-4c43-bdde-959a0368211f,Distribute final project status reports,"Distribute final project status reports

Description:
Distribute the final project status reports to all relevant stakeholders. Ensure that the reports are delivered in a timely manner and in a format that is easily accessible and understandable.

Resources needed:
• Communication Specialist
• Project Management Software
• Distribution Lists",4/2/2039,4/4/2039,0,c1e45037-290b-417f-8248-f023e60464d6,PlanExe
18236b82-595a-47d4-8c50-8420c06e5fb0,Implement Corrective Actions (1),Implement Corrective Actions,4/4/2039,4/19/2039,0,3268394e-7fd0-42f7-a165-c75798897586,PlanExe
4156579d-9ca7-4d27-b58c-8d4d14e67790,Identify Root Causes of Deviations,"Identify Root Causes of Deviations

Description:
Analyze project data to pinpoint the underlying reasons for deviations from the planned schedule, budget, or resource utilization. This involves reviewing performance reports, conducting interviews with team members, and examining relevant documentation to determine the source of the problem.

Resources needed:
• Project Manager
• Data Analyst
• Subject Matter Experts",4/4/2039,4/7/2039,0,18236b82-595a-47d4-8c50-8420c06e5fb0,PlanExe
c848d746-d950-4dc5-a770-bbcc395be0cb,Develop Corrective Action Plans,"Develop Corrective Action Plans

Description:
Create detailed plans outlining the specific steps required to address the identified root causes and bring the project back on track. These plans should include clear objectives, timelines, resource allocations, and performance metrics to ensure effective implementation and monitoring.

Resources needed:
• Project Manager
• Team Leads
• Risk Management Specialist",4/7/2039,4/10/2039,0,4156579d-9ca7-4d27-b58c-8d4d14e67790,PlanExe
e5d22c19-3ae8-4059-8fd5-b45182adff05,Implement Corrective Actions (2),"Implement Corrective Actions

Description:
Execute the corrective action plans by assigning tasks to team members, providing necessary resources, and monitoring progress closely. This may involve making adjustments to the project schedule, reallocating resources, or modifying project processes to mitigate the impact of the deviations.

Resources needed:
• Project Team
• Resource Managers
• Change Management Specialist",4/10/2039,4/13/2039,0,c848d746-d950-4dc5-a770-bbcc395be0cb,PlanExe
1fc9f3d7-d685-49ae-8b7e-c9b99ddbc79e,Monitor Effectiveness of Actions,"Monitor Effectiveness of Actions

Description:
Continuously track the performance of the implemented corrective actions to assess their effectiveness in addressing the root causes and improving project outcomes. This involves collecting data on key performance indicators, analyzing trends, and making adjustments to the corrective actions as needed to ensure optimal results.

Resources needed:
• Project Manager
• Data Analyst
• Quality Assurance Specialist",4/13/2039,4/16/2039,0,e5d22c19-3ae8-4059-8fd5-b45182adff05,PlanExe
5cdeb4f7-a3cb-4918-9cc2-0b2280d5e660,Document Lessons Learned,"Document Lessons Learned

Description:
Capture the insights gained from the corrective action process, including the root causes of deviations, the effectiveness of different corrective actions, and any challenges encountered during implementation. This documentation will serve as a valuable resource for future projects and help to improve project management practices.

Resources needed:
• Project Manager
• Team Leads
• Knowledge Management Specialist",4/16/2039,4/19/2039,0,18236b82-595a-47d4-8c50-8420c06e5fb0,PlanExe
