Level 1;Level 2;Level 3;Level 4;Task ID
Chimpanzee Enhancement;;;;b0a8c262-baad-4740-9f0b-c926ac87062e
;Project Initiation & Planning;;;d828d6e0-b0c4-4d49-b673-e6ff3f316287
;;Secure Initial Funding;;980f05d3-0b7b-41a6-8f13-71ea493a6b33
;;;Identify Potential Funding Sources;d44a6ebb-4425-4e34-aa1d-e12fe57ef24f
;;;Develop Funding Proposal;0a649c3f-b38f-4538-9cad-258883bcb58a
;;;Establish Offshore Accounts;f75c75e0-6194-4569-a827-60bff16a8b89
;;;Negotiate Funding Agreements;39381146-f024-47e0-838a-931eb8ee50eb
;;;Secure Initial Funding Tranche;08662fb2-d43b-4ed0-8706-ac48b067888a
;;Define Project Scope and Objectives;;6bddbd4f-4fa9-4af1-8532-dc2dec04150f
;;;Identify Key Project Stakeholders;7fb9e258-7b16-4561-afc7-b5beab504fd2
;;;Define Project Deliverables and Acceptance Criteria;4c8ef474-6f33-45cd-850e-1e048426f2fe
;;;Establish Project Success Metrics;c3b15c0f-c3da-4813-a25f-1623718117f6
;;;Develop Scope Management Plan;03fe62a1-3374-4ba0-87d7-c48b3634db79
;;;Document Project Assumptions and Constraints;69d589b1-9cd0-42e4-b74d-04c92f1aabbc
;;Develop Project Management Plan;;74d6037a-0b2b-4e37-89ee-b04627ca88d6
;;;Define Project Management Methodology;61e3bd35-5fcc-40db-bf64-97862dbe5f42
;;;Develop Communication Management Plan;545b6660-fe0c-4d96-9e3f-38a90f5c111c
;;;Create Project Schedule and Budget;b546cace-a483-4d85-b0d2-f2f8df51c06e
;;;Establish Change Management Process;51997172-6ecb-4919-a34b-b242f7b05b7a
;;;Document Project Roles and Responsibilities;7f8d235e-96a6-4ea4-980c-63ffab6a7897
;;Establish Ethical Oversight Framework;;e1a4119a-c6af-4bf9-93d8-5c0023dab590
;;;Establish Ethics Review Board;013ab8b9-9a41-42e1-b46c-820310789594
;;;Conduct Ethical Impact Assessments;dba05f83-cc98-4883-8d41-531e4afea9ee
;;;Develop Whistleblowing Mechanism;250757ee-8117-4f2f-b55b-c1d7aa9bf7ac
;;;Define Ethical Boundaries and Guidelines;8d540936-b485-4ca5-9c76-57378a2c916d
;;Develop Legal Circumvention Strategy;;fa7ab024-8672-4a7c-881b-551fcbde0f14
;;;Analyze Applicable Laws and Regulations;ac59975c-7883-4843-9395-d8c2970f972a
;;;Identify Legal Loopholes and Safe Harbors;6e985b78-1a34-4c00-a302-72a5a08da539
;;;Develop Plausible Deniability Frameworks;750ce970-84c6-47f8-84a2-57bb3558e809
;;;Establish Offshore Legal Entities;81cc36e2-b736-4c4b-89ef-bc88c72280ee
;;;Create Legal Defense Strategy;00973c39-ec6a-421b-95b1-42ce892e05a3
;;Risk Assessment and Mitigation Planning;;f9078207-b256-4a3a-9d7d-9fdb7bbc68c1
;;;Identify Potential Project Risks;8299a92b-4fd3-4fd3-a1b5-6fad049acd56
;;;Assess Risk Probabilities and Impacts;96136fba-6bc9-4ee3-84cc-4c15f4f1307b
;;;Develop Risk Mitigation Strategies;28aaa8fd-6fcf-41f9-977e-772924191956
;;;Document Risk Management Plan;ba6de573-6fc2-4bc5-bb58-2ce9e5e76d11
;;;Establish Risk Monitoring Process;e82e3df9-b5e8-4b35-b728-1390097e2567
;;Stakeholder Analysis and Engagement Planning;;f18458ff-90c2-4f0f-b664-7bf045cde8f5
;;;Identify Key Stakeholders;51465710-2a36-4e91-8279-c93073ef6179
;;;Assess Stakeholder Interests and Influence;33d3b722-a66c-4dd1-9129-0ccf77045902
;;;Develop Stakeholder Engagement Plan;0f43be81-c19e-4572-b152-09a80e0284c4
;;;Establish Communication Channels;7fee547c-223f-4225-bc78-a8f97e38b24f
;Facility Construction & Security;;;d1f93fb0-000b-4708-b25e-310fbfbdc263
;;Site Selection and Acquisition;;d3a75483-4f7d-40e8-91f0-a71cbe1985bd
;;;Identify potential Singaporean sites;3e56e9e4-31ec-46e3-ae7c-3ed744ff465e
;;;Conduct discreet site surveys;f30d77fe-dd5e-43f2-9334-fd1152db69e6
;;;Negotiate land acquisition terms;f4a7fccb-bce8-4c8a-b23f-b68ab5460f32
;;;Secure necessary permits covertly;dfecbc3d-1f3a-44d8-9909-2684dfc27bf8
;;;Establish site security perimeter;8af7ffa5-d001-4d8e-93e7-c8159ae614d3
;;BSL-4 Bunker Design and Engineering;;8cc59656-ec01-42b5-b550-990aaac8b2cb
;;;Define BSL-4 Bunker Specifications;42d51be0-4516-4ede-b3d6-b4754b04ab64
;;;Develop Detailed Architectural Blueprints;b156fd44-e970-490c-b09b-d865cbab951a
;;;Engineer Critical Infrastructure Systems;2d2a7834-00a9-482e-b520-ceb5d79c269f
;;;Simulate Bunker Performance and Safety;f39dfbc8-532d-4d71-9ce6-39d0bc404ad9
;;;Obtain Design Approvals and Certifications;5c2730fc-beec-4f72-8029-9cd0a6f2cee8
;;Bunker Construction and Fortification;;5baea29a-a24c-488e-88e7-a3b26938dda4
;;;Excavate and Prepare Bunker Site;1dc10d74-091f-4bbe-8e19-7564d5fa185b
;;;Pour Concrete Foundation and Walls;acfceb2e-f7f9-49ff-918c-5ef11ff98d9f
;;;Install Life Support and Filtration Systems;a2c23410-9a34-4367-8096-1e15533cf22f
;;;Implement Physical Security Measures;3f730419-4104-4ccf-95dc-4ed1f4b09fc1
;;;Conduct Structural Integrity Testing;8568bc32-2596-454b-ae8a-d1e0333e474b
;;Security System Installation;;88354034-5809-4996-8a16-50b213bc0db6
;;;Design Security System Architecture;10c64c7f-685c-4416-9df6-67841323a676
;;;Procure Security System Components;29ec6b05-4628-4acb-912a-cf1f1373178d
;;;Install Security Hardware and Software;83efa041-e58b-42ef-8ee1-8434939c7561
;;;Configure Security System Settings;bd66f0a7-e17e-42a9-a3be-e7468786d161
;;;Test and Validate Security System;d51db8ac-dc67-459e-b654-41ee6206bf7a
;;Establish Total Isolation Protocols;;9d91518c-8039-4db3-bbf3-8a72c47d9e4e
;;;Define Isolation Zone Parameters;ecc16b76-d293-47fa-85b7-da7830e8dc1f
;;;Implement Redundant Containment Systems;54d03d3d-36e5-45b5-b8e2-0ce710210435
;;;Establish Decontamination Procedures;5633e689-f465-49e3-8275-bff7b569caee
;;;Develop Emergency Breach Response Plan;ac1816d5-d495-4e62-842d-0bcb0a4c8f9f
;;;Train Personnel on Isolation Protocols;f2bf141e-9c15-447e-8ca5-f2f2d0455383
;Resource Acquisition;;;e1c94962-c731-415f-a670-fa112bbb2f61
;;Chimpanzee Procurement;;3bdd3eac-cf8e-4050-835c-3dacd9bec2f8
;;;Identify potential chimpanzee suppliers;905a4184-71a8-48c9-9580-52aa0fac8dd9
;;;Assess chimpanzee health and genetics;8a833e3d-5e0a-46a9-908a-f26626f4ca97
;;;Negotiate chimpanzee acquisition terms;5f9f74fc-e849-4a9b-b858-cb6d525fb8d0
;;;Arrange chimpanzee transport and quarantine;7f5bb685-9b36-44a3-9256-be2d1370bab2
;;Genetic Modification Equipment Procurement;;47286ac9-1e8f-4497-99b4-2c7fa8b1a0d4
;;;Research CRISPR-Cas9 system vendors;11ee0c21-eddf-4356-a805-033a20c3b238
;;;Evaluate DNA sequencer options;15be3ebf-e7b3-418b-b488-b7a8817dda33
;;;Establish shell corporation procurement channels;98f6fde0-8aeb-480e-b061-04efcd936c97
;;;Negotiate covert procurement contracts;ef90465f-3c1b-42e3-b9c5-a37168269ea6
;;;Secure discreet shipping and handling;ed5811bb-f282-400e-be29-7fc60d481e4d
;;Neural Implant Procurement;;da464fc8-502b-4ad8-847c-eb913017c862
;;;Define Neural Implant Specifications;d8e49248-8262-402f-8c80-70c7e3aa957e
;;;Identify Potential Implant Suppliers;e6c0df51-aa3b-49f3-bc05-260b5cf308cf
;;;Negotiate Covert Procurement Agreements;cb33ee93-8291-4adf-ab09-5dd0846b35c5
;;;Secure and Transport Neural Implants;85aed562-1bde-4aaf-8680-14dc2370e904
;;;Verify Implant Functionality and Biocompatibility;9db19f4f-98ce-48d9-a04e-60fac9ea69e9
;;Nanite Development and Production;;3285b53b-7544-4739-8e47-bf0597f842d5
;;;Nanite design and simulation;122e797a-28ba-48db-98e0-761f102d0087
;;;Nanite prototype development and testing;75c5e472-eea1-4796-9c1b-006daa59e274
;;;Nanite mass production process development;23b86935-1d9d-4a31-bc8c-5dfd22ce454d
;;;Nanite delivery mechanism development;6d14497d-b908-4ed6-85e6-3523ac3dcb89
;;;Nanite safety and toxicity assessment;e2d48ff9-5262-49b3-a1cf-53955e3832f6
;;Establish Covert Supply Chains;;5ba65f26-b811-4194-b87b-238ee08ed29f
;;;Identify Potential Shell Corporations;eee35a87-7645-47f0-a57d-c5ff95675e0c
;;;Establish Front Companies;5d51d38f-05d0-4b31-aee9-c4b996f8d70d
;;;Vet and Recruit Trusted Intermediaries;351cf06e-3a58-4724-a20f-74225a11c13e
;;;Implement Non-Disclosure Agreements;6651ab70-008d-43a1-b027-3b5d50d100d9
;;;Diversify Supply Sources;00af1b7d-c3e6-4d87-92aa-2299f6597baa
;Genetic Modification & Neural Enhancement;;;b65f0497-a872-4783-9024-53dbafc8b236
;;Develop Genetic Modification Protocols;;d9eb028b-15d1-48c0-9600-621d7ce6e83a
;;;Identify Target Genes for Intelligence;133c3465-1ea7-4f41-9a62-12dfb169be74
;;;Design CRISPR-Cas9 Guide RNAs;822927ef-a587-4e66-81a3-28673a9679d1
;;;Synthesize and Validate gRNAs;63971cc8-adab-4b8c-b546-c76b410d7fa5
;;;Optimize Gene Delivery Methods;d3b5a534-5e59-4014-9023-56aa47fda95f
;;;Assess Off-Target Effects;660a2d79-65f6-4360-a6c9-8dad74140510
;;Conduct Genetic Modification Experiments;;9bc92c42-cbf8-4cf4-aec1-b4d0693d45e9
;;;Prepare chimpanzees for genetic modification;f2f12750-792e-43c8-880c-9a7941fe3ddd
;;;Administer genetic modification reagents;a928b055-ace0-4198-b7d7-a23b186e7b76
;;;Monitor chimpanzee health post-modification;a4ad53b9-cee3-488c-ad91-b12fb7f2fc49
;;;Analyze genetic modification outcomes;9371144b-9eb4-4002-8fd4-2aa0d09fb701
;;;Refine genetic modification protocols;477b7e87-1c3e-4745-991d-44d9db8880cf
;;Develop Neural Implantation Protocols;;f293060d-1325-44a3-a094-55cd458816a6
;;;Prepare subjects for implantation;48313eba-4d6d-4f89-97ec-18e896b26ded
;;;Conduct pre-implantation brain mapping;dc4b1807-720c-45f9-8460-056195021f4f
;;;Perform neural implant surgery;883b268f-1726-4358-9e15-cb0bd049a618
;;;Monitor post-operative recovery;5f0254c0-1c16-4d31-a4ff-8ba35c7b118f
;;Perform Neural Implantation Procedures;;560d9437-a039-41f0-a159-995b8aec715e
;;;Prepare surgical suite for implantation;ebcb866c-4bc0-4580-810a-759d3b714000
;;;Administer anesthesia and monitor vitals;ab706f39-1f69-444f-af90-3833cf1642f5
;;;Perform neural implantation surgery;ce7332fe-14e6-447c-8b41-e5be32f11a7d
;;;Post-operative care and monitoring;137af06b-85a1-4d60-8540-20041ad677e8
;;;Assess implant functionality and integration;d8d17f41-a628-4056-bf9f-2c4238d16b1c
;;Monitor Subject Health and Cognitive Development;;8794caf0-0ed7-4be9-8ad8-6c7b8daaf60b
;;;Establish Baseline Health Metrics;c44c37df-bd18-4b7d-9406-fb823d4e4aeb
;;;Conduct Regular Neurological Exams;b76c6f5f-f4ca-4400-a964-2b025e517beb
;;;Administer Cognitive Assessment Tests;c63e9e94-2672-4bf9-8a0c-d2c63bbf861e
;;;Analyze Health and Cognitive Data;2b27286e-8e9e-49a2-b008-3798f8b51387
;;;Adjust Protocols Based on Monitoring;a7d19f32-7c31-49a1-95ca-9a4f0d1f96dc
;Subject Control & Training;;;45b668f7-8077-41c5-ba6b-f28d2b9cc140
;;Implement Subject Control Mechanisms;;968e91a2-650d-4f80-aea4-b0958c957611
;;;Behavioral Study for Control Mechanism Design;227d6133-d8f5-44d1-a16b-2432249074f8
;;;Develop Redundant Control Systems;12be7c45-ec69-4b38-821c-6d0ac7246f17
;;;Personnel Training on Ethical Considerations;17a48858-cbf9-4a4d-bc67-c1a9da79a033
;;;Establish Confidential Reporting System;9b312d75-a53f-4dbf-9ed4-dcbc3b4733a0
;;Develop Training Program;;d4e1d1e6-d7b5-4665-9f99-07764ffb062d
;;;Define Training Objectives and Metrics;e5c8b5be-b023-489b-9825-ca78816f32bc
;;;Design Curriculum and Training Modules;36914792-0cd6-48c2-a291-f8fa19546535
;;;Develop Specialized Training Equipment;e2caa9e0-2a1e-4a55-b463-f3e071305c92
;;;Pilot Test Training Program;3b3cea73-826d-4324-8448-7873cc07d487
;;;Refine Training Program Based on Results;b4b4ca7a-527c-4a33-8e9e-0ab4d49362fd
;;Conduct Training Exercises;;b883a805-0041-4fe5-ae08-53108887772a
;;;Design realistic covert operation scenarios;e5189faa-9ffa-41eb-8ccc-368b8bd14338
;;;Simulate operational environments and challenges;a6cd2b89-2f90-4713-83dd-28ed07352860
;;;Evaluate chimpanzee performance and adapt training;81f87964-a2d7-493a-b82d-f8faa87ece9c
;;;Implement stress testing and resilience training;6122674b-0fb7-42b6-9a42-002bbb291d11
;;;Refine training based on operational feedback;b4b09a6a-2da6-4f52-aa5b-4124457cfff7
;;Implement Rebellion Suppression Strategy;;cbf1fb46-42db-486e-a30a-07edc10facd0
;;;Establish threat assessment protocols;c2b65019-7ee6-4d98-9620-abbb81c9cf19
;;;Develop tiered response strategies;97ddf209-2d2b-42d0-ac14-6b330cbfaacf
;;;Acquire and test suppression equipment;768e0c12-1358-49b8-b1a1-e10cf8e0cac0
;;;Train personnel in suppression techniques;7205b103-d1b0-4086-9360-4da6d4f0c310
;;;Implement emergency communication system;d557006a-9e8e-4d33-b34a-130a75cbd42d
;;Monitor Subject Compliance and Behavior;;7a7ec624-93df-475c-af4c-7e0b5b3a8809
;;;Establish Baseline Behavioral Profiles;c449e498-30a0-4579-93c6-3803c9b07746
;;;Refine Biometric Monitoring Systems;3bc6a1bb-01e7-4a9a-8c73-b1678ed50e36
;;;Analyze Compliance Data for Anomalies;d45c5bd6-fed6-49ad-9942-3a7d0ae45292
;;;Evaluate Control Mechanism Effectiveness;607c134b-f9af-4bb5-95e1-5f83be51a7c0
;;;Adjust Monitoring Based on Behavior;8fc62cf0-1c14-4ac8-8a8c-fba82b6b0d62
;Intelligence Exploitation & Application;;;3f2fe364-047c-4dc6-98fb-b48b9bd0f88b
;;Develop Intelligence Exploitation Strategy;;67f6cb40-37f5-461f-b2cb-0a6a498d1217
;;;Identify Key Intelligence Requirements;fd03fb2b-7645-4541-8220-8471c45081e0
;;;Assess Chimpanzee Intelligence Gathering Capabilities;b4eeee5b-8585-4354-a038-1a2637b0c23b
;;;Develop Covert Communication Protocols;d60c806b-a22d-4ae4-8b5c-0ba357a5bd97
;;;Define Measurable Exploitation Metrics;7950f059-515d-4a04-bdb5-2dc5d2d83da3
;;;Prioritize Intelligence Objectives;87726bc5-b7a9-4fd3-b13f-32b73c4d25cd
;;Implement Intelligence Gathering Protocols;;6af1baef-9ee7-4a33-abdc-8f3e424c8585
;;;Establish secure communication channels;73e4f552-0e10-424c-bc9a-2a992bd61cbd
;;;Develop chimpanzee handler training program;57b36993-bc23-4203-a418-d30e847bccb3
;;;Deploy chimpanzees in controlled environments;7a6f879e-6415-4163-9bee-d1199a64dff6
;;;Implement data collection and analysis protocols;d353901d-99b7-44ae-9fd8-07ebae0c10ef
;;;Monitor chimpanzee performance and adapt protocols;b1d1547d-5054-43af-a300-f5480ba9f949
;;Analyze Intelligence Data;;08d0f057-5c50-484b-bbc2-647a3949b973
;;;Data Ingestion and Preprocessing;98ed06d0-2512-4c46-b016-c0c6dd3f0488
;;;Develop Analytical Frameworks;c3bdbcbd-cdfa-4572-aaf7-befe4c90117f
;;;Implement Automated Analysis Tools;6188d525-867d-46f6-a786-3086a9c0c3fb
;;;Cross-Validate Analytical Findings;a84d629a-a0cc-4200-afc7-cacce8972463
;;;Document Analysis Results and Insights;7be8a9be-c00e-4d81-99d5-18f9f33c9e26
;;Develop Intelligence Application Strategy;;2d96ddde-f051-43e6-baea-87f85125cad6
;;;Define Application Scenarios and Objectives;e3561dce-0b2e-4f3d-9e76-67b18c338e88
;;;Assess Chimpanzee Capabilities for Application;ce06082c-9801-46f8-bcb9-a105f4eec073
;;;Develop Operational Protocols and Contingencies;e3fb4dfe-46d8-499f-a251-e5189dacc8e6
;;;Simulate Application Scenarios and Refine Strategy;0ddb4424-7ff7-4ca3-959c-855ca267d72f
;;Plan and Execute Covert Operations;;983d3339-cf93-457b-b9e9-0c3492a272d5
;;;Define Operation Objectives and Scope;48d4b623-9ce2-4380-a6a4-9cfab4e4fad1
;;;Develop Detailed Operation Plan;f4326dfe-7efb-49f4-9e0c-18692b5df2a8
;;;Prepare Chimpanzee Assets for Deployment;1b37857e-15de-4f34-98a5-a95965849c20
;;;Execute Covert Operation;f0b45c48-b439-431e-9055-c22ea3390947
;;;Monitor and Evaluate Operation Results;9c9a45b7-3f0c-468b-81cc-e18171a3fe10
;Public Exposure Mitigation;;;0c1b54cc-8bb6-4ffc-aec2-29ed02adfd3d
;;Implement Operational Security Doctrine;;0c59b9b8-d95e-426d-8715-df3e8740fc69
;;;Establish Security Clearance Protocols;c25d6225-20ca-4f42-9f7f-22119fcd8326
;;;Implement Access Control Systems;f15c1a25-41f5-45c0-b9a5-d83176de0e31
;;;Develop Information Security Policies;02239076-2bc8-4e66-ae62-f2a0f035c4f5
;;;Conduct Security Awareness Training;631d792a-b151-4571-8783-361e38875b87
;;;Establish Incident Response Procedures;f2637569-ceb7-40a6-a01f-751b9889f274
;;Develop Disinformation Campaigns;;f7dff0b9-1938-42b3-9974-9bd09a1d9db3
;;;Identify Target Audiences and Their Beliefs;1e76313c-654a-4c11-9766-3e570a5f8b3d
;;;Craft Compelling Narratives and Messaging;3ceb94b1-aa72-4e04-be97-3ae13579a05e
;;;Establish Credible Information Channels;42abae5a-2b37-4471-9cfe-93c128ae21ae
;;;Monitor and Adapt Disinformation Campaigns;fea761ea-f32f-4eff-847a-f74a861fd407
;;;Develop Plausible Deniability Frameworks;86de4bfd-70ad-482c-ad4a-b9039a6996d3
;;Monitor Media and Public Sentiment;;8e83d0cc-48f5-4d67-8d22-45c1c4651c4a
;;;Identify relevant media outlets;958e27fe-30cf-4377-b522-af4d2bab9c17
;;;Track media coverage of related topics;325411a8-74a0-4d70-85d9-05ef9247a623
;;;Analyze social media sentiment;21f3a072-3e36-4bf8-96c1-75e6014ef521
;;;Identify key influencers and critics;ece09d15-c3bc-475e-a003-dc25c82b8580
;;;Assess public perception of related activities;4efb1eb1-8b1f-4333-9497-e7cbf46b55c8
;;Develop Crisis Communication Plan;;8e189d6f-c1af-49f0-9d96-9f947f70e362
;;;Identify potential crisis scenarios;6c44cad4-3581-433e-907c-1d2baf4242c8
;;;Develop key messaging and talking points;6ea47dac-9ef4-4c80-9b3d-1ca3851c07e4
;;;Establish communication channels and protocols;d21d7150-7768-4443-8614-cc8940795752
;;;Conduct media training for key personnel;3e01b84d-e4e1-4aa7-be96-b328ebe961d3
;;;Test and refine the communication plan;3082b1c3-1233-414d-94dd-fdc35735846f
;;Implement Containment Breach Protocol;;f538cb61-a7cb-4a54-829e-4a505709a21f
;;;Identify Potential Breach Scenarios;97064e12-27b9-4554-83de-7e81d7318603
;;;Define Roles and Responsibilities;c78520a5-f698-410a-ba09-11ca95e36d08
;;;Establish Communication Protocols;c1e71f25-f2b9-44d6-90a3-24ff64227de1
;;;Secure Containment Resources and Equipment;fe45bc34-8e91-4eca-ae40-beb97dffac8d
;;;Conduct Breach Response Drills;f07805f8-d16f-45b0-b3d1-7e6dc05160a4