Level 1;Level 2;Level 3;Level 4;Task ID
Gibraltar Tunnel;;;;30da5107-5fcc-4ff6-ae53-3543f68ab069
;Project Initiation and Planning;;;5507e662-cd2b-4d2a-8b55-aebc83a25eb9
;;Define Project Scope and Objectives;;6d1420cf-73d4-4b86-a5d0-408204bd2205
;;;Identify Stakeholder Requirements;be8ae663-0746-44d7-94d5-197ba89b629d
;;;Define Project Deliverables;f8566c06-5baa-4ad2-baea-05aa4dcd7853
;;;Establish Scope Boundaries;653deed9-74d0-4e8f-9bfe-46193ef97feb
;;;Document Project Objectives;dd0536bf-f93f-4747-bf4b-aa3e4f7aeacc
;;Stakeholder Identification and Analysis;;e8147aec-67f9-4d33-8d8f-1a057c0fd34d
;;;Identify Key Stakeholders;6ba63f9c-5512-419e-a728-59632fe8129f
;;;Analyze Stakeholder Interests and Influence;eb8bf53c-3fd5-4506-bfc6-8a2888da5d3c
;;;Develop Stakeholder Engagement Plan;1bc635a9-dfd3-4f45-b3b3-b7edc4bf0dae
;;;Document Stakeholder Requirements;db20e50d-e3ee-40fe-a3ba-90fff63ce9b7
;;Develop Project Management Plan;;21f39466-27d8-4567-b10b-f7b74f8e3461
;;;Define Project Management Methodology;f7d1325b-9898-44e0-b5c9-597587625370
;;;Develop Communication Management Plan;eb3046cb-757f-4bec-8873-d4c79c7ee2d3
;;;Create Risk Management Plan;a65c2359-3b3d-466b-a743-93b50fa5444d
;;;Establish Project Schedule and Budget;9aad8289-8600-4231-a7ec-6b688ec3fe47
;;Establish Project Governance Structure;;9a73fbe8-1ed0-47bd-95b8-61ec3c3c99d6
;;;Define Governance Roles and Responsibilities;5928ed1a-a76e-4093-a7c3-fecadfe185c4
;;;Establish Steering Committee Charter;d910cc46-4502-4cd0-9709-9cc52a153968
;;;Create Communication Channels and Protocols;4b775b4d-6b97-465d-9730-588706832b44
;;;Document Governance Processes and Procedures;82a2a89e-6532-4307-b688-307c15fdde54
;Feasibility Studies and Risk Assessment;;;e5bec0a8-aab8-47cd-8371-89d5f07848dc
;;Conduct Geotechnical Surveys;;7220131e-c5d6-44a3-8aab-401ee8371667
;;;Plan Geotechnical Survey;470ceb78-b137-40cc-8ad6-8136c2af563c
;;;Acquire Survey Equipment;cab07ac8-b6ac-4bae-a90e-75c28467b972
;;;Conduct Seabed Soil Sampling;4d81b4e3-887b-4cc1-b316-097f49caf31f
;;;Analyze Soil Samples;819d85cf-cc3a-4023-8c29-a85c758d9933
;;;Assess Seismic Activity;cab0296b-0f44-4dfd-a1c2-0a3f10d2ed94
;;Assess Environmental Impact;;32a35388-f9d1-4d5a-b01f-93366967a6a1
;;;Collect Baseline Environmental Data;7e35eb22-68c2-482d-bbe4-7252f260d93e
;;;Model Construction Impact on Marine Life;e50a1bc9-03a6-4b5a-ba80-29f9079b077e
;;;Develop Environmental Mitigation Strategies;de9555fd-ee01-4d09-a916-24a4d7262559
;;;Establish Environmental Monitoring Program;9b66e567-c770-44f8-983d-eb2dfbe0ffff
;;;Address Stakeholder Environmental Concerns;2e588a70-f2f2-4d37-827f-c3ffad1b65bc
;;Perform Financial Feasibility Analysis;;77bbd0d9-7547-427c-83e9-26934e6e21e2
;;;Establish Financial Modeling Framework;6f7497af-4e11-4222-8af6-0b359890452a
;;;Gather Cost and Revenue Data;afd4ce5d-1216-435e-9710-a2d9af2579b8
;;;Develop Base Case Financial Model;60dec97c-187d-4833-b487-0679f7884e28
;;;Conduct Sensitivity Analysis;65a73206-109d-459f-b419-c1119979f948
;;;Refine Model and Document Assumptions;2451b6cc-bab2-4298-82cf-0b9278e2a0da
;;Identify and Analyze Project Risks;;a09c6f19-df00-41ea-86ae-2cdfc5d36cb2
;;;Define Risk Assessment Scope and Methodology;32105186-2a2f-434b-8d69-f7d7c00b27be
;;;Identify Potential Risks and Uncertainties;647e33c6-9bb3-4b0b-9308-27250dcd82a3
;;;Analyze and Evaluate Identified Risks;5a2d0599-522d-48d4-9264-c84f8101d847
;;;Develop Risk Response Strategies;e7c4dd76-5fed-47d4-a82e-19527a7793e6
;;;Document and Communicate Risk Assessment Results;a2d174e8-9664-46b8-90e5-1c1021267e34
;;Cybersecurity Risk Assessment;;5612b2ae-b724-411b-9bd1-761f5d4f521c
;;;Identify Critical Infrastructure Systems;33bf2c53-816f-4a82-83ae-802463e6c62e
;;;Conduct Vulnerability Assessments;2ad0f799-ab4b-44df-851b-d828dd396781
;;;Analyze Threat Intelligence Data;8c583b8d-15b0-4b97-ba03-554d6885e17f
;;;Develop Security Protocols and Plans;5e75c5ab-c114-41f0-97ce-ebec0e5f0b8b
;;;Assess Data Privacy Compliance;308285c7-3e60-4125-90b9-4d5c9ac995c6
;Regulatory Approvals and Permitting;;;b83e6706-9b00-4d69-b483-9f8c652b3bdb
;;Identify Required Permits and Approvals;;7fa3c543-883f-414a-8953-e06932c07c36
;;;Research Spanish permit requirements;563645ce-90de-4960-98bc-d20f50dad2d8
;;;Research Moroccan permit requirements;ae581c3a-2529-42a8-a1d5-3e37123a011f
;;;Identify international maritime permits;41d79699-0e89-4046-914b-370faf088f47
;;;Document all permit requirements;fa0bd606-d89e-499a-923d-c4a954a95787
;;Prepare Permit Applications;;73264e7c-15a6-4453-9036-ad8af4ecbd84
;;;Gather required documentation for permits;585ec8fd-89ba-4d5e-8c82-2277b506fa85
;;;Complete permit application forms;64f3e774-9635-4c80-9bce-d3fb2b1063db
;;;Review application for accuracy;84712779-237e-460a-bc3a-1f4565963290
;;;Translate documents as needed;972e2786-7468-442f-b5bd-4fff17dae4ff
;;Submit Permit Applications;;e932a022-22d9-4361-8c24-26e63cf7e18b
;;;Finalize application packages for submission;b0e461f3-7e8e-471a-ba08-de2d8acb2dd0
;;;Coordinate submission with authorities;aec280c0-0866-409b-9970-3deb1770ba5a
;;;Track submission confirmations;c1f4ed0b-e308-4f88-97d5-15c5a3fb5356
;;;Address initial queries from regulators;8a7caf2d-c4e8-431a-8cad-e590029128f1
;;Obtain Regulatory Approvals;;ba1b0865-7278-4ff6-8059-02cd77f025e5
;;;Liaise with Spanish regulatory bodies;2275372f-0e64-47ba-be59-09c802572a62
;;;Liaise with Moroccan regulatory bodies;183a2f55-def2-48a0-b5f0-d557f2c9b46c
;;;Address environmental/community objections;79063711-f5e5-4c87-b1bd-b34a27ec9fe1
;;;Monitor regulatory review processes;cf9e4c8d-7985-45cc-90ca-95af1674dc7f
;Funding and Financing;;;acfa3adc-1e36-45f5-8777-fdb229ef1c2b
;;Develop Funding Strategy;;f3b125fe-44f6-4955-a3d1-3f82537792f8
;;;Identify potential funding sources;f4be3691-da4f-4deb-b492-ace499474542
;;;Prepare investment prospectus;35b066f2-de36-4c63-83da-33d197ec7f7d
;;;Engage with potential investors;ae3ac992-8c75-461f-913f-3498a17f586c
;;;Negotiate funding terms and agreements;8cec4262-00c7-4469-ad55-42ca6d833bd7
;;Secure Funding Commitments;;f560575f-e30b-4602-bec9-38ed7d1f6532
;;;Identify Potential Funding Sources;328e275f-8ad9-4c80-b6bc-7ef6a8d296f5
;;;Prepare Investment Proposals;64c86f2a-7ea8-41d2-a73d-4d0a69cd28f1
;;;Engage with Potential Investors;2ab2dbc9-e821-4f87-9e79-4928aaea68ad
;;;Negotiate Funding Agreements;7029bea2-d04c-406a-b31f-7004600ad470
;;Establish Financial Management Systems;;c7dca37f-2d77-4753-80d7-7c51d42ee1f8
;;;Define Chart of Accounts;09ad1bb3-1078-4ad6-82e5-c1d00f65d179
;;;Select Accounting Software;46cd0807-98ba-435d-9f87-33d8bf260512
;;;Implement Financial Controls;2859fe7f-cffd-4eed-8f57-1666f9755103
;;;Develop Budgeting Process;05dddd22-3201-444c-aa76-cc757e1ea245
;;;Set Up Reporting Framework;28953f4b-c3ec-4502-9d2d-ac4a7677984d
;;Negotiate Financing Agreements;;585dfc2e-66da-443b-8f2f-3fdd7b4f94cd
;;;Draft Loan Agreements;a287c882-6314-4886-a1c5-193645ddb8c4
;;;Review and Negotiate Loan Terms;507657d0-f1b7-4ba0-9779-5cd822d0e95f
;;;Finalize Financing Agreements;7b387f86-0b12-4b94-954a-6abf92fcf7d4
;;;Secure Legal Sign-Off;6c1378fc-cadc-46e3-b216-a73de63b1427
;Design and Engineering;;;581f0aec-fa65-47ac-9802-b9f5955e0aa0
;;Develop Conceptual Design;;04c22fdc-f6bc-4bfa-b1f3-566545c74f53
;;;Gather initial design requirements;0452e19e-e5c8-4cb4-bfe0-45888fd64020
;;;Develop preliminary design concepts;9559bac1-c7ec-4d1d-ae34-d615880ace7b
;;;Evaluate design concept feasibility;70c5940c-1d4e-48b0-8a8f-48306ca61900
;;;Refine and select design concept;02cb0afb-70f7-4428-8c57-43cc698a5656
;;Conduct Detailed Engineering Design;;4c1eaf86-fdf9-4b67-90c5-a71e09de1f3d
;;;Refine Geotechnical Model;d0cbf410-9942-425a-bb51-a6bf714931f1
;;;Simulate Tunnel Structural Behavior;536e1422-2721-4837-9e70-4b9624063710
;;;Design Tunnel Ventilation and Safety Systems;09cdfbca-6a0e-4233-8715-a34d7eb72445
;;;Optimize High-Speed Rail Alignment;f4731e06-6546-4d66-9ffa-85e8dd17b761
;;;Develop Detailed Construction Plans;5f1edac3-b50b-43d7-9431-1cb3f463617b
;;Design Tunnel Structure and Systems;;a3dac895-8de4-434d-9b86-99d0f78494f1
;;;Structural analysis of tunnel segments;e92638f6-5a54-4326-845b-7fed56b12e02
;;;Design ventilation and life support systems;50a7ae77-4bb8-4670-8788-24686f8fb68e
;;;Design electrical and communication systems;639f0663-2759-4505-82cc-2f152d713680
;;;Design safety and security systems;3ffde26d-f29a-4753-87e1-181a3d9dd18e
;;Design High-Speed Rail Infrastructure;;bdb3e744-d952-45e1-a969-37d35ca4205e
;;;Define Rail System Requirements;0f874cd2-7a48-4667-adcb-52a111468cbc
;;;Design Track Alignment and Geometry;0338181c-bc15-4548-9ae4-2cf48e5c6c08
;;;Design Electrification and Signaling Systems;aaf25ead-700a-49a8-9037-60e2a978bd93
;;;Plan Rail Integration and Interoperability;41e557ba-50f1-4909-8094-d0d1f794e9e9
;Procurement and Construction;;;d78c50a5-6a19-4471-aa75-76867b16a6ac
;;Procure Construction Materials;;0ab47dd8-2da5-4b59-9100-37f78c2d6628
;;;Define Material Specifications and Standards;6527a683-d837-47dc-b7e6-7ced5472023b
;;;Identify and Vet Potential Suppliers;53379238-68fd-4439-aea6-7884fa752448
;;;Negotiate and Finalize Supply Contracts;e9b410c1-b12b-47d1-a5d6-3d46d16b13cf
;;;Establish Logistics and Transportation Plan;481c7342-f2dd-4e90-8346-3eea3717e9b0
;;Select Construction Contractors;;a4d2dfbf-3993-4996-af6c-9e90f7f247c6
;;;Develop Contractor Selection Criteria;db5d678b-89a3-43ad-abbb-8be58ff78123
;;;Pre-qualify Potential Contractors;fbd42714-9bec-48be-be76-86dd11a3f788
;;;Prepare and Issue Request for Proposal (RFP);132d66c6-25aa-4938-a1da-ae0cf88a4001
;;;Evaluate Contractor Proposals;acfe9a12-cd02-4ab4-a57d-eafa4ae79e07
;;;Negotiate and Award Construction Contract;72867572-68b0-4041-9bd7-7a2f26f1d956
;;Construct Tunnel Segments;;118e155b-8619-44be-9743-64d5395e7ee9
;;;Prepare seabed for tunnel placement;9b158bd1-8d89-47ee-b9a6-66080713f4d1
;;;Position and connect tunnel segments;909c1955-8e82-4627-a4e0-498865532283
;;;Seal and stabilize tunnel connections;a73c900c-5634-4dc9-a3cc-a1e950071615
;;;Install internal tunnel infrastructure;43b0c6fc-62f2-4d79-83b0-523ab7564b6d
;;Install Tunnel Systems;;0e65b1e2-6ab8-4630-8a5a-ecec527173b0
;;;Procure Tunnel System Components;39416e49-0dbd-4ab5-a738-23fc435531db
;;;Prepare Installation Site;8773b85c-770e-48bd-93d9-87e3c3f2e0d1
;;;Install Life Support Systems;d80b6e3b-abd3-4d10-9a5e-5a58de31b054
;;;Install Monitoring and Control Systems;7dd26b6d-4103-4a85-a1e8-a269bebe56c9
;;;Integrate Tunnel Systems;13da1332-0245-45e8-a684-1b0e17b5dafd
;;Construct High-Speed Rail Infrastructure;;fe755886-dfc5-4a85-9c8c-fc9836659ea6
;;;Prepare Rail Bed and Subgrade;f9340cfe-d7bc-4360-8ebb-24e0fa4e831b
;;;Install Rail Tracks and Fasteners;cd048ef5-ad72-4280-88fa-66ca305879f8
;;;Implement Signaling and Communication Systems;05fd785f-8ce1-42ca-b3ba-fd89aa06b80b
;;;Construct Power Supply Infrastructure;431987f1-1d39-4dac-9891-df30b13685b1
;;;Build Stations and Support Facilities;6f273b6e-ed67-4ccf-8d2e-caddd76a71c6
;Testing and Commissioning;;;67928450-dcfc-438f-afc6-9de3ea5bbbd5
;;Test Tunnel Systems;;ba592d58-f960-4666-b94b-c0006133205f
;;;Prepare test environment and equipment;0ba192d3-9eba-4115-be39-cccb7849ab0a
;;;Execute functional tests on tunnel systems;39862ed3-76e9-4903-84e6-54cacf9965f6
;;;Conduct stress tests and simulations;580c5917-a391-4d95-8b14-9f7148509c2d
;;;Analyze test results and document findings;60304a2b-9542-4407-bd26-f29ea41ce5de
;;Commission High-Speed Rail Infrastructure;;e279268a-e851-4220-a6eb-fa661483e2d2
;;;Inspect Rail Infrastructure Components;ed9665a4-72f2-4e74-a0ad-9e2d2b583041
;;;Test Control and Safety Systems;732c122b-fa59-4d7f-a36b-23b57d6857f9
;;;Validate Power Supply and Distribution;ec8ec2e0-3d0d-449e-99b5-a9789d4e3cbb
;;;Simulate Train Operations and Scenarios;f83f6ba0-25cb-43c8-8e71-ea0208c21664
;;Conduct Integrated System Testing;;47051b28-6b08-4dca-995f-8e1936340041
;;;Verify System Component Compatibility;7cbc832e-8e34-41b7-a98a-2115800b2fb3
;;;Simulate Operational Scenarios;a22c9d6d-63c4-4212-8892-d90a59c925f1
;;;Conduct End-to-End Performance Tests;803bbd65-5298-4199-86a7-475e91fd9769
;;;Validate Safety System Functionality;8684d0e6-8832-4605-8406-fe7bc606a0f1
;Operation and Maintenance;;;52afeb04-9623-4238-bac6-8d41a10052a9
;;Develop Maintenance Plan;;59db3f0d-bbaf-42a0-871c-bb28f41e5bbd
;;;Inspect Tunnel Structure Regularly;29eb147c-9f17-4750-9d76-a531617dae58
;;;Maintain Life Support Systems;fc934a81-5d1b-480a-855d-7c20a91ed79d
;;;Manage Water Drainage and Pumping;6a5cef73-193b-4597-85b5-11959b2695b3
;;;Monitor Environmental Conditions;c5a39a6a-d1b0-427f-8b1d-aa672cee012f
;;Operate and Maintain Tunnel Systems;;eec24d8d-9a94-4158-b9f8-47869a967af1
;;;Inspect Rail Systems Regularly;4fc40b48-3d38-459d-9eca-363fa5c5fa35
;;;Maintain Rail Infrastructure Components;5b8c2095-21a3-4769-986e-5bc481fcd1ce
;;;Manage Emergency Repairs Effectively;8b458326-96a5-4b9d-baae-9c6becf68ec9
;;;Coordinate Maintenance with Train Schedules;b04f63c1-2fdf-4db8-83da-382e53951dd0
;;Operate and Maintain High-Speed Rail Infrastructure;;1ff98079-d111-4634-83ca-5894a862bd6f
;;;Inspect Rail Tracks and Infrastructure;ba161733-485e-435e-b7ac-aa564267adb9
;;;Maintain Rolling Stock and Equipment;6b399567-300e-4c8d-84ae-a7ce5e7dcafd
;;;Manage Vegetation Along Rail Lines;3ed5e81b-6101-4b1a-884d-c88f7c8db394
;;;Monitor and Maintain Power Supply;67367b02-87fd-47e4-9523-274754894547
;;;Ensure Safety and Security Measures;88b95d17-2ab3-4e25-9e89-3f49ccb0a025
;;Monitor Tunnel Integrity and Safety;;d1af721f-a931-4c78-a346-54353a7253aa
;;;Install Tunnel Monitoring Sensors;a4775683-5b8e-445b-8da3-94c9d162d00c
;;;Establish Data Acquisition System;8f5a0b48-d20c-47a9-8973-cbcbbde13a0a
;;;Develop Alerting and Response Protocols;0393e346-9e40-4bc5-b352-ebd5bea33975
;;;Conduct Regular Inspections and Maintenance;3ff54d83-3039-4e18-8f7b-2184b99c90ef
;;;Analyze Monitoring Data and Trends;acb9081a-03aa-4181-8963-f987d7c6cdc1