Level 1;Level 2;Level 3;Level 4;Task ID
E-Bus Security;;;;02dd1a2f-bf5e-42b5-9e4a-733b43585be3
;Project Initiation & Planning;;;3ff66c5d-3c14-43fe-8613-4a8613b472c3
;;Define Project Scope and Objectives;;7dade046-b1f3-4e1f-884c-8905c3d96820
;;;Gather initial project requirements;57af0854-b497-480b-a7d8-3fa6a6de0a84
;;;Identify key project stakeholders;ec2fb39b-e622-49ad-bbb2-ad59096a8e04
;;;Define project success criteria;3ff546b3-9674-4f0a-81c2-faad30b1f5d4
;;;Document project scope statement;24107db6-4358-47d5-89fe-85482d01adc6
;;Identify Stakeholders;;453c3eff-bcd0-478c-85b9-994266c01096
;;;Identify Internal Project Stakeholders;f6a01723-0a29-4fad-b4ed-8124d1d53402
;;;Identify External Project Stakeholders;e5568996-877d-4298-b2eb-dafdb3ce3705
;;;Analyze Stakeholder Interests and Influence;3a709ef4-8daa-4ad3-9fba-387b93f6fb93
;;;Develop Stakeholder Engagement Plan;12d8142e-bd13-4f72-aad1-4cd5e9730a57
;;Develop Project Management Plan;;07727b9b-6f45-49ad-8775-e91a36c16b73
;;;Define Project Governance Structure;9db64312-6cf0-416f-8cc6-15f33775ce24
;;;Create Detailed Project Schedule;84e42dfb-bb53-4b44-a198-72cd77f8b4c8
;;;Establish Risk Management Framework;fec93faa-6930-4e52-89ca-25e7893981f0
;;;Define Quality Assurance Procedures;d2d56e85-7e3c-4118-b101-3914d6f65dc3
;;;Document Change Management Process;205b722a-12da-4ab6-a625-e46ef690b78b
;;Establish Communication Plan;;20674892-fccc-4a3c-afca-016232d0046a
;;;Identify Communication Stakeholders and Their Needs;2023195d-2874-4a8e-9dca-caec49a7f260
;;;Define Communication Channels and Frequency;740e5b93-ad6e-4748-bcb9-a76964cb6414
;;;Develop Communication Templates and Protocols;4e1e6b30-9861-4eeb-bb29-b64951a6a24a
;;;Establish Feedback Mechanisms and Escalation Paths;25356b3e-1aeb-4c43-ad5d-27884f62a2dd
;;Secure Project Funding;;3366b9ac-0203-466e-bdd1-de2082e669c5
;;;Detailed budget breakdown creation;2af9a23e-3436-47dd-ae42-0e3490348e15
;;;Explore alternative funding sources;8f083515-f341-434e-9864-c6b25c508921
;;;Develop contingency budget plan;54ed2142-320c-409e-914a-1f2bc795a75d
;;;Present budget to stakeholders;2ddf5b8c-3592-4a0c-bdf2-12f6e858d2d2
;Risk Assessment & Mitigation Planning;;;457a6d59-c04d-4f81-89ac-1f970d9d2691
;;Conduct Initial Risk Assessment;;8dd660cb-d1f4-43e9-a0df-f8f322207067
;;;Identify Critical E-Bus System Vulnerabilities;4f351067-d505-4517-b8bc-013cc23968fa
;;;Analyze Potential Attack Vectors;68c440ca-d40f-4746-ba28-364369484e54
;;;Assess Impact of Successful Attacks;2f074c19-8102-4b73-a988-3fe195ad7373
;;;Prioritize Vulnerabilities by Risk Level;4f355c3f-6d13-4a55-8c47-484fbdf86e0f
;;Develop Risk Mitigation Strategies;;5a67935c-ee39-42a9-94b2-7f862982eddd
;;;Identify Critical System Vulnerabilities;1f2c6a57-6ea3-45e9-9610-a68d18f3f47f
;;;Prioritize Mitigation Strategies;6ff6cde8-2c50-40fa-8f85-676f96ae1fdd
;;;Develop Detailed Mitigation Plans;c1a732cf-19e0-46cc-a0ae-b7409814d0ec
;;;Implement Mitigation Measures;f969c759-382f-440e-adc1-5c47fcd6fe8e
;;;Test and Validate Mitigation Effectiveness;18848fde-5d89-490d-88fa-018c4c718651
;;Establish Contingency Plans;;63ff2b40-7ff7-46da-87b8-e83c4142eaf3
;;;Identify potential disruption scenarios;462f2b16-ef51-4bb8-93a3-215b1349e6eb
;;;Develop fallback resource plans;7dda274a-c81b-40fd-9ee3-efe510f82ab1
;;;Document communication protocols;987dbf1a-aa88-403b-a377-99c112a1f325
;;;Test contingency plan effectiveness;f9c237b8-5bc0-4efd-967e-819cb988e02d
;;Geopolitical Risk Assessment;;f1c15054-c4f4-4fa0-b5f7-c6ddf35ff758
;;;Identify Geopolitical Risk Factors;26259bd1-1a54-415a-821a-f3b88146a174
;;;Assess Impact on Supply Chain;aacdd8b9-f7d4-498c-b614-5839e58b5eba
;;;Evaluate Vendor Relationships;86045834-c0b8-40b5-b2a6-3c3d791e5f27
;;;Develop Mitigation Strategies;4311dc72-a6a6-46fc-a2a9-4aa45b3b13ac
;Vendor Relationship & Procurement Reform;;;3209776c-6609-470f-898b-3842f7f10724
;;Assess Existing Vendor Relationships;;7b334f95-e627-4cb2-8303-47e2866c2096
;;;Gather vendor security documentation;c4440c38-67e4-4c75-b730-247ffe64e8cd
;;;Evaluate vendor security posture;858276c8-ac53-4cdc-9698-36a25da627a9
;;;Conduct vendor security interviews;6f3f0d12-c238-4b0b-a7e0-4d94a8fbdffb
;;;Analyze vendor contracts for security clauses;43063045-ae36-46ec-82c3-0f856e7207cc
;;Develop Vendor Relationship Strategy;;a24864bc-f812-4209-9599-d19980d513fa
;;;Define Vendor Relationship Goals;0a3e7150-f557-4346-9179-9816e01f5aab
;;;Identify Key Vendor Stakeholders;2289a450-09de-42a1-bb9f-1996b111a7cf
;;;Analyze Vendor Motivations and Concerns;55b5f02f-9274-4868-ac62-54666260aa8d
;;;Develop Communication and Engagement Plan;5fc8aade-6d15-4ae7-83f6-5d757ea6bcf3
;;;Establish Incentive and Accountability Mechanisms;7f6ecc57-389b-4614-874b-146ab2ddaf46
;;Reform Procurement Processes;;b03acdf7-cf0c-4ef5-aa3b-b4690c31c86a
;;;Review Current Procurement Policies;64025544-c282-4eeb-afc8-c874e73cbe80
;;;Define New Security Requirements;78d8e574-f0e5-4b23-b45a-03c016cb8f2a
;;;Develop Compliance Verification Process;fb614d0e-2d7b-4544-9bc6-8f61c78d372c
;;;Communicate Policy Changes to Stakeholders;f159d6b3-7ef1-45f2-a88d-0911bf0639bc
;;Identify Alternative Vendors;;4bf81a33-6ea4-4b7a-9472-390a84ca5b9e
;;;Research alternative vendor capabilities;aeae639f-1fbb-4fbb-aee0-b6761bd01289
;;;Assess vendor security posture;5a1f30c1-a8c1-45bc-95fd-c1636eace289
;;;Evaluate vendor financial stability;94f9709f-8691-410f-873d-ce191d0834cc
;;;Evaluate vendor geopolitical risks;2332d5c9-0ebe-4d55-bbb7-36942e2fc2e0
;;Negotiate Contracts with Security Requirements;;773eae7a-aded-419d-a5ab-6e8096b6128a
;;;Define Security Requirements for Contracts;3ad1e25e-e6d5-4089-953b-851f800db93f
;;;Develop Standard Contract Template;e8f46323-fcbe-4504-8fc5-5731024f0bc2
;;;Negotiate Security Terms with Vendors;0673b144-b202-4073-b823-dda39807ae6c
;;;Incorporate Security Attestation Requirements;80826f82-721f-49b0-9564-9c93d4d0e3d8
;;;Finalize and Execute Contracts;fb378624-a661-47e9-bf7f-bda531f3b0c5
;Technical Assessment & Security Design;;;68d3ae52-4c41-4755-a24c-fe26a5e4b9eb
;;Conduct Technical Assessment of E-Bus Systems;;63709283-90ac-4c73-a9c6-4256f29b215e
;;;Identify E-Bus System Components;94ad8761-9ff9-4457-a10f-328d3b1aa4b1
;;;Analyze Network Architecture and Protocols;43b427ad-c32e-4020-876c-8e9a95a3dedf
;;;Assess Embedded Software Security;06dace1f-5cac-403d-a214-63f6d67b64b7
;;;Document System Security Features;0f3aa5ae-3472-4339-a802-f873df2e0bd6
;;Define 'No-Remote-Kill' Design Specifications;;afd0a7d7-4081-4f78-8d63-c4d359263e00
;;;Define 'No-Remote-Kill' Principles;410384b8-6d09-45c3-80e2-c990bf4ab213
;;;Identify Critical E-Bus Systems;317b7661-22f8-413c-9857-953531eb5374
;;;Specify Isolation Mechanisms;82234524-67a3-4d89-ac50-5b1dd23f8f27
;;;Define Verification and Attestation Process;391a2f68-ba03-46f4-8de7-1f91c897515c
;;;Document Design Specifications;94d9548c-2ffc-4703-ab33-80162c6bd5dd
;;Design Isolation Depth Strategy;;43a5dfb3-cc1d-4e07-ba96-a07bc88facea
;;;Identify Critical System Components;0bfcefed-d5ff-445c-b9ad-114ef1d680b4
;;;Map System Dependencies;78e7e2bc-c999-47a6-accf-3630ed92b9e8
;;;Assess Isolation Feasibility;c2214173-8e30-4366-9ede-ddadabbe6cb3
;;;Define Isolation Depth Levels;254f1ed5-708f-4338-a5fa-dba524d6ac68
;;Develop Rollback and Recovery Strategy;;3ca8b536-ecf7-4663-9d75-ccf5b580ba10
;;;Identify Critical System Components;c5c21f8c-3003-43e5-81d2-60ab6d8d8c05
;;;Analyze Existing Recovery Mechanisms;71b06683-55fa-4f6e-b167-ec9765b0f885
;;;Design Automated Rollback Procedures;315912f2-8555-4667-bc16-844b40ec81b1
;;;Test Rollback Procedures and Document Results;84193636-70a2-4079-b739-3b5c18b30691
;;Design Secure Gateway Architecture;;22f414e1-96bf-400a-980c-5b7bc094c158
;;;Define Secure Gateway Requirements;0a62acf7-5bc5-4391-b2f2-7d35265bd53d
;;;Evaluate Gateway Technology Options;f4907a84-3cc9-4018-a251-bde39e15319c
;;;Design Gateway Network Architecture;c257f6b8-9c16-4243-a7d6-ca2b984ae4f5
;;;Develop Gateway Security Policies;bee69f79-7633-4268-90e9-0d3f632c9b21
;;;Test and Validate Gateway Security;1693a355-e830-4b7b-851f-bd8fdae7cc53
;Implementation & Testing;;;2a32d000-fb17-4a3c-8b74-fed52b5dec55
;;Implement Isolation Measures;;a46b73c4-9eb5-4f76-94e1-27ebb79f813b
;;;Prepare isolation measure specifications;1ff7da65-41f5-4256-95d3-e5058dda9584
;;;Acquire necessary isolation hardware/software;1d7b1a77-6119-4d1e-9580-918bed0aef63
;;;Configure and test isolation measures;69f5a372-4a56-4c76-9b41-1f2a52cd7c5e
;;;Deploy isolation measures on e-buses;1d5b38f2-ce8d-4bbb-9910-baf285916d0a
;;Develop and Test Rollback Procedures;;836289a5-5636-41f6-aae2-884f09b94931
;;;Define Rollback Scope and Criteria;26ab1161-e7f3-49b5-805e-7ac612803bcc
;;;Develop Detailed Rollback Procedures;6967498e-ad20-4541-abed-7341f35cb127
;;;Set Up Test Environment;c9fce3d3-50d7-4a7e-be42-c646bb858627
;;;Test Rollback Procedures;14311cb0-d6a8-42db-bdb9-e797535cc35c
;;;Document and Refine Rollback Procedures;ebf5e63e-654e-4b54-89fe-7b4ce0e175da
;;Implement Secure Gateway;;d9bc421b-5029-4006-83a1-3c134d9ead1d
;;;Configure gateway traffic filtering rules;adf739c5-8e9c-4ea6-b176-ffd3f2fba246
;;;Harden secure gateway operating system;d77fb598-7cc5-411c-8a85-fa4ef7cf9ae1
;;;Test secure gateway security controls;ae17f3a4-8b4a-4fe7-956d-018fdff526d1
;;;Integrate gateway with network infrastructure;ac00523e-3309-47b6-aec8-3c68f992fc80
;;Conduct Penetration Testing;;49fcb204-2e9c-4ce6-9c22-167469c679bd
;;;Plan penetration testing scope and rules;7b417bb8-4ef7-4118-8e27-e6506e86f093
;;;Prepare test environment and tools;3bb12e7f-1db2-475e-a767-970700f9f67f
;;;Execute penetration tests and document findings;b73a0994-4dff-48ae-b958-a38fe208abe8
;;;Analyze test results and prioritize vulnerabilities;f9530f66-119f-4424-b5a3-d6c2252bbe74
;;;Report penetration test results and recommendations;db6a3b33-f30e-414c-9880-ec40129cef7d
;;Perform Security Audits;;a6d5f089-d6d8-4a5d-8b4f-19501af05582
;;;Define Audit Scope and Objectives;2ce45858-5664-4e6a-b8cd-0fb586396e08
;;;Gather System Documentation and Information;cb908052-1c60-4f1b-ac97-05b9f217e9e1
;;;Conduct Vulnerability Scanning and Assessment;334a5cd8-9bd1-4403-96af-cd7c1cbefd7c
;;;Review Security Policies and Procedures;9c9c35c4-44db-4337-910b-8ae11ae6a9ab
;;;Prepare and Present Audit Report;e3d44f9f-7adc-4053-a42d-d21774f3436d
;Deployment & Training;;;daca942c-1e0b-43c2-8a84-40d061be27b6
;;Develop Deployment Plan;;84c83812-321c-417c-8471-f1633a32d5db
;;;Define Deployment Scope and Objectives;efd44e49-65c4-4f7d-a6b2-2051cd7b599e
;;;Assess Infrastructure and System Compatibility;cf9ba172-3a6e-44e5-9da0-98efb3ec52be
;;;Develop Detailed Deployment Schedule;53b598ce-9afe-4bdb-a4f4-5d11084e490b
;;;Prepare Communication and Training Materials;6a1b1d12-e01e-495f-9dd1-62325d39e3b3
;;Conduct Operator Training;;b97c7a58-04fa-4c3c-b0fa-47eabe2574bf
;;;Develop Training Materials for E-Bus Operators;3bc6551d-0076-4592-9ea5-eb524bca63be
;;;Schedule Training Sessions with E-Bus Operators;7ba4ec3f-ddfd-49ba-a528-a2d42489679d
;;;Conduct Hands-On Training on Security Procedures;b70c3fff-eee5-44a0-b5d1-1cc0e3ae0d4b
;;;Assess Operator Understanding and Provide Support;8628a4a6-30a5-4dff-b896-edf8f4284d59
;;Deploy Security Measures (Copenhagen Pilot);;059b75e2-b4bf-4f29-94a3-0401aa68e2fe
;;;Prepare Copenhagen e-buses for security updates;05dfd2ee-e1ee-4c66-ae90-42fb2e45ccb4
;;;Install isolation and secure gateway components;2c9259cc-0023-4250-bbd7-cae0a8bd1493
;;;Test security measures on Copenhagen e-buses;46c88c3b-1533-4bbb-a47f-6c455d170d56
;;;Document implementation process and findings;5bc6e599-a9cd-47aa-bb5a-d6249c756267
;;Evaluate Pilot Program;;8afa72b2-fdea-44b7-9ee1-9757dec1cc7e
;;;Gather Pilot Program Data and Feedback;c43fe76c-27a1-4eb2-a78c-65cc24a9e6ae
;;;Analyze Pilot Program Results;8a6978d2-c4bf-4c2f-8302-a4522e93d054
;;;Identify Lessons Learned and Best Practices;3dda63fc-7084-4fdb-93a6-071b0ac7235b
;;;Refine Security Measures and Procedures;65def55a-1d9a-46fb-a5c4-b3bf04bc5a00
;;;Update National Rollout Plan;46e97230-4b3d-45d5-9782-deac83768806
;;National Rollout;;5952bbad-99b7-4817-8f1e-d99d6685eb3c
;;;Finalize National Rollout Plan;d318110b-fa89-4a48-8b41-9e3e7433cb3c
;;;Prepare Deployment Sites Nationally;71071393-3bdc-4afc-a8cd-fe41f140b2b1
;;;Execute Phased National Deployment;242dcea9-8d3b-44c0-be4d-2bcf13b621b3
;;;Provide Ongoing Support and Training;3027709d-144d-4684-be09-9080df203e9b
;Monitoring & Incident Response;;;d0f65b06-e9e6-4814-985c-28f034f4d7d6
;;Implement Security Monitoring Systems;;d39ed46a-e57d-423b-b61e-d5f902f7e871
;;;Identify security monitoring requirements;b47dcdf7-8ad3-47ec-8120-e6e6470be61b
;;;Evaluate security monitoring tools;244f0b2d-10b0-4aa8-9681-0890d67064e5
;;;Design security monitoring architecture;1c33182f-b3a2-4a73-94c2-ac2a32e3bf0a
;;;Configure and deploy monitoring tools;6fef73b9-8fed-41ea-adcf-bfa61c74aa69
;;;Test and validate monitoring effectiveness;e9bfd12b-1ca1-4fb9-9564-2cdaa6dc2b89
;;Develop Incident Response Plan;;f4bb2aa8-a49d-4aa4-9b93-c67c939a7d86
;;;Define Incident Response Scenarios;18cf25af-7118-4e94-9620-d9265903c8a6
;;;Establish Communication Protocols;a609e6e0-409d-42e9-b8d2-6ef02805b5cf
;;;Develop Containment and Eradication Strategies;fbad673b-c8ef-4dc9-8b0b-00beb9ae8421
;;;Create Post-Incident Activity Procedures;41797e9e-ffbd-48cb-b1a8-022871d5f8e0
;;Establish Forensics Capabilities;;8db753ce-21c3-4255-b7f3-d1a91e2ff3e6
;;;Select forensics tools and software;f697080f-4b8a-4e12-99d8-e052f23daa42
;;;Establish secure data storage for forensics;6729572d-7561-463a-a075-89b871c2d8f8
;;;Train personnel in digital forensics;47f3213e-b4fc-485f-a793-2eed6d2b74c0
;;;Document forensics procedures and policies;748097b3-977e-4841-9145-6d98f11fb08d
;;Conduct Regular Security Drills;;cad6b541-f128-4ad2-877b-094c01310528
;;;Define Drill Scenarios and Objectives;ba1b0123-5959-45de-af1f-b734329bc764
;;;Prepare Drill Materials and Logistics;6f64d0d1-e395-4e27-a4fe-1a54fef51772
;;;Conduct Security Drill and Gather Data;23f47d47-fa2e-4351-826a-f0a4326c6d99
;;;Analyze Drill Results and Identify Improvements;30366704-9d13-4532-bf32-fb4baef26af7
;;;Document Lessons Learned and Update Plans;439f853d-fd5b-4173-96ea-f47b48222e55
;;Active Threat Intelligence Gathering;;7bc1db04-e698-4286-90ff-f6ef45244b7d
;;;Identify Relevant Threat Intelligence Sources;982532fc-7121-43fc-a3c4-a5cbb9c48dde
;;;Automate Threat Data Collection and Processing;864b448d-33cb-4df4-bfa7-f9fb547cd359
;;;Analyze and Disseminate Threat Intelligence;9f7edd68-712c-42d8-a73d-ca21929ad475
;;;Integrate Threat Intelligence with Security Tools;b1dc33ce-dfea-4bf2-a024-f84779d76c75
;Regulatory Compliance & Reporting;;;490a5106-2030-4aa8-a498-165508b7b448
;;Ensure Compliance with GDPR;;354be806-3758-4f12-8e9e-26026c0f85db
;;;Identify Personal Data Processing Activities;2c9511c4-d12a-4c19-b0d3-db1520e2a2ac
;;;Conduct Data Protection Impact Assessment (DPIA);d1113465-3c60-4ca1-8981-f1612d2844cf
;;;Implement GDPR-Compliant Data Security Measures;5f118d5c-d9bd-41ce-9128-5775144e1f07
;;;Establish GDPR-Compliant Data Privacy Policy;ad732bd3-d7d9-47ae-a69b-fec3b8b4e596
;;;Train Personnel on GDPR Requirements;21da5768-c547-4f5d-9a5f-7a86a5ce950c
;;Comply with EU NIS Directive;;0e9f3990-d77b-4da6-94f6-6398e754d149
;;;Engage GDPR Specialist;d2616ec0-cc8a-44b0-a2e5-b9714c4e7718
;;;Conduct Data Protection Impact Assessment;9e8d0de7-2a8c-486d-aaa4-88d250194db1
;;;Establish Data Processing Guidelines;c803ffbf-5dc8-470e-8ddd-8c46a2e0fe4c
;;;Review Existing Data Practices;6ee2e63b-5b6c-4c8d-aa14-edff7a757e5d
;;;Train Personnel on GDPR Compliance;2a2bd4b1-dd5c-4178-b00b-32f669a2e297
;;Adhere to Danish Cybersecurity Regulations;;5040bb0e-1277-4ced-99e4-864ed398262d
;;;Research Danish Cybersecurity Regulations;6eb0f41e-159d-41c0-8e4d-ba426e01bfe8
;;;Gap Analysis: Regulations vs. Current Practices;ecc1a920-db6c-4608-a855-e92ce59ec69c
;;;Develop Compliance Action Plan;9c591375-1183-41cf-ba18-8e0b6dfb197d
;;;Implement Remediation Measures;1bd0aa93-2e96-4934-85c9-c1b5cd649bb9
;;Prepare and Submit Compliance Reports;;6fa532e3-e6d4-4cee-80ba-74c7fe497ed7
;;;Gather data for compliance reports;2349d905-2480-4fca-a3d8-47efb7c34bbe
;;;Draft compliance reports;a64050d6-d5cd-48fd-868d-048a3165398d
;;;Review draft reports internally;5c5c96b5-8825-4a66-b060-bbcfd8ef6153
;;;Revise reports based on feedback;8276702f-8637-46ee-9e0a-1d67877dda4d
;;;Submit compliance reports;17890927-fbc1-4b4e-bdbf-af1b704f3c51