Level 1;Level 2;Level 3;Level 4;Task ID
Bunker Project;;;;ccc69807-4eb7-4b2c-ac9e-00d67636b610
;Project Initiation;;;8065d3a7-857f-4604-87bc-52220b9ed19b
;;Define Project Scope;;32928c31-e4a4-445e-a9c5-05bd13443078
;;;Identify VIP requirements and preferences;38ed54da-1fb8-442a-b033-0b09130941b2
;;;Define threat landscape and security needs;6cc1c01a-ce0b-476e-ab43-8dac33e2ca30
;;;Establish performance criteria for bunker systems;14f2b374-a43f-493e-a524-8d7f32779ffa
;;;Document project assumptions and constraints;2c5a0558-c7cd-46e4-bcaa-ef5f3fd1a572
;;Conduct Stakeholder Analysis;;a2dd0b76-3ae0-48de-bea5-104cdbb9e804
;;;Identify all project stakeholders;e2cedd5a-b49d-49d5-985f-adff53d8b046
;;;Assess stakeholder influence and interest;c6f6c0ec-41e2-453a-8ae0-fddb07dc72d0
;;;Develop stakeholder engagement plan;72ec6fed-bc49-403f-84fe-addce6af52ef
;;;Document stakeholder requirements;897048d9-5df5-4284-a0df-4619860e42a1
;;Secure Project Funding;;4ada8ae3-28cf-411c-9e74-41f3bb3d1170
;;;Prepare funding proposal;4f846763-0e27-412c-bc6a-c9a795361e33
;;;Identify funding sources;12d959ab-23be-4db6-b26a-8308a2a38a07
;;;Engage potential investors;a2339422-f902-42f4-a106-cfd2181b423b
;;;Negotiate funding terms;4a75b7dd-821b-4126-b5f5-1b5489932bd4
;;Establish Project Governance;;8f84b894-939f-4060-bdab-6a69e2ae8b83
;;;Define Governance Structure and Roles;ea51703f-e90a-46fe-92c3-2e2643579dca
;;;Establish Communication Protocols;02bffb04-7a54-4ff9-99d7-a7d4832a012c
;;;Develop Risk Management Framework;decd8cd1-9ddf-4078-aea6-88287586c086
;;;Create Change Management Process;c9df29d4-3712-4f1e-9d51-26ab1f381f0e
;Planning and Design;;;10fe0bb0-9ac9-4cdc-8683-09768cd442b6
;;Conduct Geotechnical Investigation;;02d62397-1698-4517-b92b-1e62af0797e2
;;;Plan geotechnical investigation scope;e2d29f82-783b-487f-93ac-a65066021baf
;;;Conduct site reconnaissance and survey;e049cba4-8d55-4b39-b868-d49351c74ffb
;;;Perform soil borings and sampling;f61128e7-fc04-4cc6-83b0-77488ee6810f
;;;Conduct laboratory testing;197ccf75-628b-4fbd-9a58-efc05572029c
;;;Analyze data and prepare report;d9ca359c-2157-40dd-a1d5-6b8caf642ca2
;;Develop Architectural Design;;3b924ccc-876d-403d-a7b3-0c1951267dba
;;;Define VIP requirements and preferences;c567d313-9f34-4892-8665-c4938592b198
;;;Develop preliminary architectural concepts;1c9da402-2340-44b0-8cfd-ec9fc2a66974
;;;Refine design based on stakeholder feedback;ac3007c5-02e1-454d-9a73-6ecbbec7b633
;;;Prepare architectural documentation;58d62b92-c414-47e4-9832-1812ac2575f3
;;Design EMP Mitigation System;;ae6e4e94-3ebf-4894-8742-1070b968641c
;;;Define EMP threat model and standards;dad6e322-22f7-4c09-bdd5-51000791ba93
;;;Select shielding materials and techniques;08438c01-9b87-403f-a202-4b5d415d22f8
;;;Design Faraday cage layout and grounding;f5d15553-63ee-40bf-a50a-3cc7423cf114
;;;Integrate surge protection devices;ea2e3e2a-1ec7-4358-aa5c-5f1fd3ce284e
;;;Develop testing and maintenance plan;39970fba-4584-4592-83f0-5f0070f74f21
;;Design Security Hardening System;;e29bbf76-ae04-4ce0-81a9-1e6920634e64
;;;Define Security Hardening Requirements;7e8bf84d-9d27-4667-bb53-c19cac483235
;;;Select Security Technologies and Vendors;f2a9a0a2-3847-4616-ba13-c3980ec73a28
;;;Develop Security System Architecture;6eee8b4c-9147-47fb-b273-7a5ba94ab800
;;;Design Physical Security Measures;f984c959-e3fc-41ff-9718-3af534b41e1e
;;;Design Cybersecurity Measures;3b6dadd0-9545-4e2c-9012-b1db8004094e
;;Design Life Support Systems;;eb8082df-0329-4afa-991b-ac0c52ebb7d7
;;;Define Life Support Requirements;b8f734e2-8a53-4caa-babf-8d1834bf02ee
;;;Select Life Support Technologies;781086f1-98e9-4fc7-9913-aba12fcd9d36
;;;Design Integrated Life Support System;90bfe667-18f9-4c4d-af10-a6a42e7ed0c8
;;;Plan for Redundancy and Backup Systems;63fe8735-cb1d-4050-90c9-0c982f9de894
;;;Develop Maintenance and Monitoring Plan;f45b271d-fac1-4fda-9cdb-aafd759ed74f
;;Develop Occupant Well-being Plan;;9b1c9d52-dc87-47c0-8d98-7c30388c0959
;;;Define occupant needs and preferences;f996df8e-bb15-475c-8f19-c53fb64f5e9e
;;;Design recreational and social spaces;644d5fcc-351b-4730-ba98-ef0b9d47f2c5
;;;Develop mental health support protocols;908ee67a-7f30-40c3-852e-31c9461c2a89
;;;Plan for sensory stimulation and entertainment;5cbcf697-5855-42da-99ad-a1e6b3a2276e
;;;Establish conflict resolution mechanisms;a40ebf54-4fa3-4d99-a32e-1234b1f22e8c
;;Develop Resource Management Plan;;fa784284-9cea-4cd5-bb30-e34c30588113
;;;Define Resource Requirements;49a4fd0f-17e1-4543-85b9-41957bf8a1d5
;;;Forecast Long-Term Resource Needs;a5e5c816-d4a4-41aa-a8dc-63a9ab0aa1c8
;;;Establish Resource Allocation Framework;484aafaa-6d11-484c-aeee-dd5ad94abb67
;;;Implement Resource Tracking System;ca2745e2-7605-47dc-8f97-8fb303e40c5e
;;Obtain Regulatory Approvals;;8b077c4c-bb35-4d23-a4bb-dc5b4d0ca2d9
;;;Prepare permit application documentation;935a6d05-c262-4426-b97a-602ab035f944
;;;Submit permit applications to authorities;00009abc-771b-42f6-9322-eea7a0a88208
;;;Address regulatory body inquiries;0645aea7-051c-4925-8a01-ddbc46ffa7dd
;;;Track permit application progress;a9f195dd-b68a-4178-a1bc-7afcb18d4c69
;;;Secure final permit approvals;e8fb9964-6da1-423c-930f-56b8952e6647
;Procurement;;;e36f4bc5-4b37-4da9-82fa-2fe2e146873f
;;Procure UHPC;;ddd9d0f1-443f-4f11-9418-b8d94ac23534
;;;Identify UHPC Suppliers;81616ffd-3722-4159-8237-30d05375ed7c
;;;Assess Supplier Capabilities;2364fff3-4857-4708-b252-e72bbf147ede
;;;Negotiate UHPC Contracts;adf07cd6-c759-4e93-85ea-e0dee1c67ee4
;;;Establish UHPC Logistics Plan;317738cb-cbe5-4c97-b632-e481188f3c54
;;Procure EMP Shielding Materials;;a528f074-c8c5-4f2f-a29f-c21204d84635
;;;Identify EMP shielding material suppliers;3417a9cd-0fe9-4197-bb3a-56ca55abc747
;;;Evaluate supplier capabilities and capacity;2b55c52f-24a4-4424-806f-4d3e3229641d
;;;Negotiate pricing and contract terms;7e006a3c-6e74-49cc-8ce4-d96985856dac
;;;Coordinate delivery and storage;db729c74-c02a-4634-a77a-a00527c13a42
;;Procure Life Support Systems;;fc74299e-1ab9-474d-bb59-66582fdfd0b9
;;;Define Life Support System Requirements;641b2ae8-4351-4dff-b089-3e569455b5d0
;;;Evaluate and Select System Components;8894ccb9-56cb-4051-9864-a607ea48fb08
;;;Negotiate Contracts and Place Orders;c54d65b9-d726-48f5-857e-27d827960249
;;;Coordinate Delivery and Storage;30ddfbd5-e1f3-4149-b919-21c53bea1b67
;;Procure Security Systems;;2d820036-795d-42c4-b9b8-a44a62765a42
;;;Define Security System Requirements;762b2b21-b7b2-4d55-9359-98d6d42195bf
;;;Evaluate Security System Vendors;5c1b3b4a-f779-45e8-9895-e920c02081f9
;;;Negotiate Security System Contracts;72a7723a-58db-4bc7-92e7-63075a3a27ab
;;;Coordinate Security System Delivery;fadf248e-35f6-4ce9-90f4-b684e2d73bc7
;;Select Construction Contractors;;2affb9dc-0e87-43e1-924b-4dda90a74224
;;;Define Contractor Selection Criteria;8decf441-eaf9-428c-a1cc-7fec3358bc9b
;;;Identify Potential Contractors;771c247b-4b9e-4d0b-9cd1-e11c2ab4d513
;;;Issue Request for Proposal (RFP);87a0966f-66fb-46f4-a9b0-c66084aef95e
;;;Evaluate Contractor Proposals;c3d8181a-1cec-43c0-a117-b24f94623abd
;;;Negotiate and Award Contract;7a7f7dd3-50fb-478a-ad63-95eec431785d
;Construction;;;106b04c0-fe5c-4457-a495-683ead89ae0a
;;Prepare Construction Site;;30abeef3-52e6-4d82-9d79-a801c34d8e72
;;;Clear vegetation and topsoil;809bac6d-99b3-4191-8566-9f8f29a235ad
;;;Establish site access roads;bb950e44-b6cf-4170-8b00-9c26786e8544
;;;Install temporary utilities;3529fe0f-7b22-4541-893e-0c9c7a301777
;;;Set up site security perimeter;6a14fb37-3f5d-4848-9530-c22e68e24c9b
;;;Implement erosion control measures;25b0bd18-577a-4fc8-ba76-9aff4c867d3d
;;Excavate Site;;dffd6650-10ae-4081-8d98-d1eb292a29bd
;;;Clear vegetation and topsoil;80525199-df23-4069-9826-a8ccc4b3536e
;;;Implement shoring and stabilization;bf0aeadf-7b46-4609-acad-797267c0551e
;;;Excavate to specified depth;03345275-48ac-4c88-92e1-dea7b9260ec8
;;;Manage groundwater and dewatering;3b640fea-dd8d-4d76-9fb2-5752b1faa6cd
;;;Dispose of excavated materials;6fcdddd6-2218-425b-b5f7-0d263b729bb6
;;Construct Bunker Structure;;9041a254-3d0b-47c0-8350-e52764b91c87
;;;Prepare UHPC formwork and reinforcement;110f6211-427a-40c0-9664-ba6ef04fd5d5
;;;Place and cure UHPC;8c16682e-bbf7-4283-99f7-51651c676f18
;;;Install embedded components;3cbf0779-7f0a-461f-bcd8-5f4627e94973
;;;Remove formwork and inspect UHPC;98420cbb-4fc8-43c3-8130-1031273f3c99
;;Install EMP Cage;;ca0cde27-7fc5-4c0f-986b-7ab2ba6bc464
;;;Prepare EMP cage foundation;f714cddf-0958-4269-8200-fcb54be9aac2
;;;Assemble EMP cage components;f5df8c63-cefe-41b8-a9a4-3e49f046dc0b
;;;Position and secure EMP cage;aa67f29d-7f41-4168-ac7b-4eca526ba9b1
;;;Connect grounding system to cage;f1d3b982-cd11-4504-8cd6-cf3a49205e76
;;Install Life Support Systems;;afc338be-f7cb-47e3-b7ff-bed7b0997157
;;;Prepare Life Support System Installation Site;73efcbd5-4b53-4a5a-b582-9e889cb933fc
;;;Mount and Connect Life Support Components;428f0a9d-44fe-4508-8fc3-80f8fbbabfa9
;;;Integrate Life Support Control System;7040e4e0-9c09-4324-b735-add5ffe7a245
;;;Test and Calibrate Life Support Systems;63fe8986-396d-4a8f-a5c2-7da3ed13f35f
;;Install Security Systems;;eeb3b540-f3cd-49f4-8d2e-f575e2d82e72
;;;Plan security system installation;75a6cfd7-94b0-4e6e-991c-a41c79925b75
;;;Prepare site for security install;fc4dabbe-06f6-4e4f-b22b-89f74d85c62c
;;;Install security hardware;7cd4a3fd-1b51-4794-8478-48a2b78bc64c
;;;Configure security software;a1b1c1c4-3a20-4604-be8b-b201c64859ff
;;;Test security system functionality;76f528f2-f0ea-4b6e-8bef-12b6a9b10e98
;;Interior Finishing;;52d38887-8771-47d4-a32d-13c0d9a9e76b
;;;Install security system infrastructure;70f78f15-2d20-4eab-8c1f-6c82536e7064
;;;Install access control systems;138a3721-5d6c-498e-8ba0-f715b4b6e654
;;;Install surveillance systems;466c37b8-050e-406b-b55a-4a4131a763c0
;;;Install intrusion detection systems;921236c3-f8e5-4f19-a3b1-11bd364dae5b
;;;Integrate security systems;367546a3-f2b9-4f15-b5b1-4a54c093113a
;Testing and Commissioning;;;c8fd33ae-7602-4e5b-933e-4fc6bdda82e5
;;Test EMP Shielding Effectiveness;;64738e63-0711-4e79-8450-2a81e8e64fa7
;;;Define EMP testing parameters;75779296-ff84-4d57-8aa0-80580c2bd543
;;;Calibrate testing equipment;091f925b-658c-4230-99f6-fbc25bdbbd62
;;;Conduct preliminary site survey;40a728ee-58c5-4519-b351-fc9ffa02f68a
;;;Perform EMP shielding tests;62509082-d7f1-4c39-8f5b-dc25e318691e
;;;Analyze test data and report;9b6d02f0-dd42-49e1-8a13-7f8ff974ea2e
;;Test Life Support Systems;;804a5374-91b8-4808-bffe-c07ef55548b4
;;;Verify water purification system functionality;77088ebb-057a-47de-aeeb-f2d228d1d1cd
;;;Evaluate air filtration system performance;6454e624-e98f-4d8b-828b-1c1903921f14
;;;Assess waste management system efficiency;e8dd7aa8-d995-4a94-b1f7-f398190e7c5b
;;;Confirm power backup system reliability;6424b08f-a5be-45b9-91ec-b65278b30966
;;Test Security Systems;;7bab5a9c-2bcd-4f14-b341-29ee4ee1cabc
;;;Plan security systems testing;51135d54-7399-4dc4-a85a-7b1f8ac64497
;;;Execute functional security tests;4feb5467-18c4-4751-b321-27d9fc29696d
;;;Conduct penetration testing;700aa605-b92d-4450-ac66-b92163050747
;;;Remediate security vulnerabilities;481d08b9-ec3e-4c53-876d-63748d030ef0
;;;Document security testing results;56558006-e8f6-459f-a2be-8b43bec9fb2f
;;Commission Bunker;;983329ed-2124-437f-bf5b-92260331bb0e
;;;Verify system integration and functionality;637acd12-9924-446a-951f-76f66d5f2a0b
;;;Conduct final inspections and punch list;85d71b39-e9b4-4d85-8147-a39b96356625
;;;Obtain final certifications and approvals;4e6375bb-684c-4561-b5b6-289c47b62ec0
;;;Connect to external utilities;aa853944-b8d7-43c3-b7f9-6e20330a8247
;Handover and Closeout;;;23a65a24-7739-4cfc-af5b-73080b69d766
;;Train Personnel;;c2089175-fc02-4aba-9667-6b635014d59a
;;;Identify Training Needs;edaccdd3-8cf0-401d-9066-f6a8ac11e061
;;;Develop Training Materials;de4932ff-0e32-447d-8152-e6fef0fe78cd
;;;Schedule Training Sessions;f9e1908d-dda7-466f-b8df-52428c7b18a9
;;;Conduct Training and Assessment;f8ff9c80-862b-430b-bcea-daf0cb5fc4cd
;;;Evaluate Training Effectiveness;e7218ece-76c7-4faf-8517-05baf4551d76
;;Develop Maintenance Plan;;4ed726b8-5241-4b2e-bb43-d5d6d888c492
;;;Define Maintenance Requirements;0f992918-e3a8-403f-a9c5-ac79ebb3da35
;;;Assess Maintenance Challenges;2ed78f1a-c57b-4ff3-bd58-e8a9cc916d00
;;;Outline Maintenance Procedures;f09c9473-8cf3-4363-8a06-4ccdf3f920cc
;;;Plan Equipment and Spares;1e1409ca-a99b-4570-9879-602e1454495a
;;;Document Maintenance Plan;3f205f0f-be51-4150-881d-35a48867e172
;;Finalize Documentation;;d04a365f-e0ad-4839-a22c-bc356585b500
;;;Collect all project documentation;cb66f7e7-9804-4691-a417-3ff944adf9f0
;;;Review documentation for completeness;5e1b1dc1-0fa8-47de-8dc9-fa8084f88006
;;;Address documentation gaps or errors;3b79037e-b005-414e-aca9-cc159b1f54e9
;;;Organize and archive final documentation;e93d89f5-5aa9-4d71-a901-0a1c5fb1ba20
;;Project Closeout;;3d3c376e-e4f9-485d-b092-ccb601e4bf92
;;;Conduct final performance review;4dbc7e5c-00c0-4ca3-9c43-d43b953a86b9
;;;Obtain stakeholder sign-off;3483d1a5-4891-40f6-8a94-18c84ccfd4ac
;;;Archive project documentation;3a1b0bd3-b7a2-4b0a-a96b-fc5342b6c58a
;;;Release project resources;603159f1-a88c-4c38-ac51-bd314be7e7eb