project_key;project_name;originating_department;project_description;project_start_date;project_end_date;project_progress;parent_project_key;parent_project_name;dependent_on_parent_project_key
ccc69807-4eb7-4b2c-ac9e-00d67636b610;Sample Upload Project 1;PlanExe Team;Bunker Project;8/3/2025;11/5/2030;0;;;
8065d3a7-857f-4604-87bc-52220b9ed19b;Sample Upload Project 1;PlanExe Team;Project Initiation;8/3/2025;11/19/2025;0;ccc69807-4eb7-4b2c-ac9e-00d67636b610;Bunker Project;ccc69807-4eb7-4b2c-ac9e-00d67636b610
32928c31-e4a4-445e-a9c5-05bd13443078;Sample Upload Project 1;PlanExe Team;Define Project Scope;8/3/2025;8/11/2025;0;8065d3a7-857f-4604-87bc-52220b9ed19b;Project Initiation;8065d3a7-857f-4604-87bc-52220b9ed19b
38ed54da-1fb8-442a-b033-0b09130941b2;Sample Upload Project 1;PlanExe Team;Identify VIP requirements and preferences;8/3/2025;8/5/2025;0;32928c31-e4a4-445e-a9c5-05bd13443078;Define Project Scope;32928c31-e4a4-445e-a9c5-05bd13443078
6cc1c01a-ce0b-476e-ab43-8dac33e2ca30;Sample Upload Project 1;PlanExe Team;Define threat landscape and security needs;8/5/2025;8/7/2025;0;38ed54da-1fb8-442a-b033-0b09130941b2;Identify VIP requirements and preferences;38ed54da-1fb8-442a-b033-0b09130941b2
14f2b374-a43f-493e-a524-8d7f32779ffa;Sample Upload Project 1;PlanExe Team;Establish performance criteria for bunker systems;8/7/2025;8/9/2025;0;6cc1c01a-ce0b-476e-ab43-8dac33e2ca30;Define threat landscape and security needs;6cc1c01a-ce0b-476e-ab43-8dac33e2ca30
2c5a0558-c7cd-46e4-bcaa-ef5f3fd1a572;Sample Upload Project 1;PlanExe Team;Document project assumptions and constraints;8/9/2025;8/11/2025;0;32928c31-e4a4-445e-a9c5-05bd13443078;Define Project Scope;32928c31-e4a4-445e-a9c5-05bd13443078
a2dd0b76-3ae0-48de-bea5-104cdbb9e804;Sample Upload Project 1;PlanExe Team;Conduct Stakeholder Analysis;8/11/2025;8/19/2025;0;32928c31-e4a4-445e-a9c5-05bd13443078;Define Project Scope;32928c31-e4a4-445e-a9c5-05bd13443078
e2cedd5a-b49d-49d5-985f-adff53d8b046;Sample Upload Project 1;PlanExe Team;Identify all project stakeholders;8/11/2025;8/13/2025;0;a2dd0b76-3ae0-48de-bea5-104cdbb9e804;Conduct Stakeholder Analysis;a2dd0b76-3ae0-48de-bea5-104cdbb9e804
c6f6c0ec-41e2-453a-8ae0-fddb07dc72d0;Sample Upload Project 1;PlanExe Team;Assess stakeholder influence and interest;8/13/2025;8/15/2025;0;e2cedd5a-b49d-49d5-985f-adff53d8b046;Identify all project stakeholders;e2cedd5a-b49d-49d5-985f-adff53d8b046
72ec6fed-bc49-403f-84fe-addce6af52ef;Sample Upload Project 1;PlanExe Team;Develop stakeholder engagement plan;8/15/2025;8/17/2025;0;c6f6c0ec-41e2-453a-8ae0-fddb07dc72d0;Assess stakeholder influence and interest;c6f6c0ec-41e2-453a-8ae0-fddb07dc72d0
897048d9-5df5-4284-a0df-4619860e42a1;Sample Upload Project 1;PlanExe Team;Document stakeholder requirements;8/17/2025;8/19/2025;0;a2dd0b76-3ae0-48de-bea5-104cdbb9e804;Conduct Stakeholder Analysis;a2dd0b76-3ae0-48de-bea5-104cdbb9e804
4ada8ae3-28cf-411c-9e74-41f3bb3d1170;Sample Upload Project 1;PlanExe Team;Secure Project Funding;8/19/2025;10/18/2025;0;a2dd0b76-3ae0-48de-bea5-104cdbb9e804;Conduct Stakeholder Analysis;a2dd0b76-3ae0-48de-bea5-104cdbb9e804
4f846763-0e27-412c-bc6a-c9a795361e33;Sample Upload Project 1;PlanExe Team;Prepare funding proposal;8/19/2025;9/3/2025;0;4ada8ae3-28cf-411c-9e74-41f3bb3d1170;Secure Project Funding;4ada8ae3-28cf-411c-9e74-41f3bb3d1170
12d959ab-23be-4db6-b26a-8308a2a38a07;Sample Upload Project 1;PlanExe Team;Identify funding sources;9/3/2025;9/18/2025;0;4f846763-0e27-412c-bc6a-c9a795361e33;Prepare funding proposal;4f846763-0e27-412c-bc6a-c9a795361e33
a2339422-f902-42f4-a106-cfd2181b423b;Sample Upload Project 1;PlanExe Team;Engage potential investors;9/18/2025;10/3/2025;0;12d959ab-23be-4db6-b26a-8308a2a38a07;Identify funding sources;12d959ab-23be-4db6-b26a-8308a2a38a07
4a75b7dd-821b-4126-b5f5-1b5489932bd4;Sample Upload Project 1;PlanExe Team;Negotiate funding terms;10/3/2025;10/18/2025;0;4ada8ae3-28cf-411c-9e74-41f3bb3d1170;Secure Project Funding;4ada8ae3-28cf-411c-9e74-41f3bb3d1170
8f84b894-939f-4060-bdab-6a69e2ae8b83;Sample Upload Project 1;PlanExe Team;Establish Project Governance;10/18/2025;11/19/2025;0;8065d3a7-857f-4604-87bc-52220b9ed19b;Project Initiation;8065d3a7-857f-4604-87bc-52220b9ed19b
ea51703f-e90a-46fe-92c3-2e2643579dca;Sample Upload Project 1;PlanExe Team;Define Governance Structure and Roles;10/18/2025;10/26/2025;0;8f84b894-939f-4060-bdab-6a69e2ae8b83;Establish Project Governance;8f84b894-939f-4060-bdab-6a69e2ae8b83
02bffb04-7a54-4ff9-99d7-a7d4832a012c;Sample Upload Project 1;PlanExe Team;Establish Communication Protocols;10/26/2025;11/3/2025;0;ea51703f-e90a-46fe-92c3-2e2643579dca;Define Governance Structure and Roles;ea51703f-e90a-46fe-92c3-2e2643579dca
decd8cd1-9ddf-4078-aea6-88287586c086;Sample Upload Project 1;PlanExe Team;Develop Risk Management Framework;11/3/2025;11/11/2025;0;02bffb04-7a54-4ff9-99d7-a7d4832a012c;Establish Communication Protocols;02bffb04-7a54-4ff9-99d7-a7d4832a012c
c9df29d4-3712-4f1e-9d51-26ab1f381f0e;Sample Upload Project 1;PlanExe Team;Create Change Management Process;11/11/2025;11/19/2025;0;8f84b894-939f-4060-bdab-6a69e2ae8b83;Establish Project Governance;8f84b894-939f-4060-bdab-6a69e2ae8b83
10fe0bb0-9ac9-4cdc-8683-09768cd442b6;Sample Upload Project 1;PlanExe Team;Planning and Design;11/19/2025;3/16/2027;0;8065d3a7-857f-4604-87bc-52220b9ed19b;Project Initiation;8065d3a7-857f-4604-87bc-52220b9ed19b
02d62397-1698-4517-b92b-1e62af0797e2;Sample Upload Project 1;PlanExe Team;Conduct Geotechnical Investigation;11/19/2025;12/19/2025;0;10fe0bb0-9ac9-4cdc-8683-09768cd442b6;Planning and Design;10fe0bb0-9ac9-4cdc-8683-09768cd442b6
e2d29f82-783b-487f-93ac-a65066021baf;Sample Upload Project 1;PlanExe Team;Plan geotechnical investigation scope;11/19/2025;11/25/2025;0;02d62397-1698-4517-b92b-1e62af0797e2;Conduct Geotechnical Investigation;02d62397-1698-4517-b92b-1e62af0797e2
e049cba4-8d55-4b39-b868-d49351c74ffb;Sample Upload Project 1;PlanExe Team;Conduct site reconnaissance and survey;11/25/2025;12/1/2025;0;e2d29f82-783b-487f-93ac-a65066021baf;Plan geotechnical investigation scope;e2d29f82-783b-487f-93ac-a65066021baf
f61128e7-fc04-4cc6-83b0-77488ee6810f;Sample Upload Project 1;PlanExe Team;Perform soil borings and sampling;12/1/2025;12/7/2025;0;e049cba4-8d55-4b39-b868-d49351c74ffb;Conduct site reconnaissance and survey;e049cba4-8d55-4b39-b868-d49351c74ffb
197ccf75-628b-4fbd-9a58-efc05572029c;Sample Upload Project 1;PlanExe Team;Conduct laboratory testing;12/7/2025;12/13/2025;0;f61128e7-fc04-4cc6-83b0-77488ee6810f;Perform soil borings and sampling;f61128e7-fc04-4cc6-83b0-77488ee6810f
d9ca359c-2157-40dd-a1d5-6b8caf642ca2;Sample Upload Project 1;PlanExe Team;Analyze data and prepare report;12/13/2025;12/19/2025;0;02d62397-1698-4517-b92b-1e62af0797e2;Conduct Geotechnical Investigation;02d62397-1698-4517-b92b-1e62af0797e2
3b924ccc-876d-403d-a7b3-0c1951267dba;Sample Upload Project 1;PlanExe Team;Develop Architectural Design;12/19/2025;2/17/2026;0;02d62397-1698-4517-b92b-1e62af0797e2;Conduct Geotechnical Investigation;02d62397-1698-4517-b92b-1e62af0797e2
c567d313-9f34-4892-8665-c4938592b198;Sample Upload Project 1;PlanExe Team;Define VIP requirements and preferences;12/19/2025;1/3/2026;0;3b924ccc-876d-403d-a7b3-0c1951267dba;Develop Architectural Design;3b924ccc-876d-403d-a7b3-0c1951267dba
1c9da402-2340-44b0-8cfd-ec9fc2a66974;Sample Upload Project 1;PlanExe Team;Develop preliminary architectural concepts;1/3/2026;1/18/2026;0;c567d313-9f34-4892-8665-c4938592b198;Define VIP requirements and preferences;c567d313-9f34-4892-8665-c4938592b198
ac3007c5-02e1-454d-9a73-6ecbbec7b633;Sample Upload Project 1;PlanExe Team;Refine design based on stakeholder feedback;1/18/2026;2/2/2026;0;1c9da402-2340-44b0-8cfd-ec9fc2a66974;Develop preliminary architectural concepts;1c9da402-2340-44b0-8cfd-ec9fc2a66974
58d62b92-c414-47e4-9832-1812ac2575f3;Sample Upload Project 1;PlanExe Team;Prepare architectural documentation;2/2/2026;2/17/2026;0;3b924ccc-876d-403d-a7b3-0c1951267dba;Develop Architectural Design;3b924ccc-876d-403d-a7b3-0c1951267dba
ae6e4e94-3ebf-4894-8742-1070b968641c;Sample Upload Project 1;PlanExe Team;Design EMP Mitigation System;2/17/2026;4/3/2026;0;3b924ccc-876d-403d-a7b3-0c1951267dba;Develop Architectural Design;3b924ccc-876d-403d-a7b3-0c1951267dba
dad6e322-22f7-4c09-bdd5-51000791ba93;Sample Upload Project 1;PlanExe Team;Define EMP threat model and standards;2/17/2026;2/26/2026;0;ae6e4e94-3ebf-4894-8742-1070b968641c;Design EMP Mitigation System;ae6e4e94-3ebf-4894-8742-1070b968641c
08438c01-9b87-403f-a202-4b5d415d22f8;Sample Upload Project 1;PlanExe Team;Select shielding materials and techniques;2/26/2026;3/7/2026;0;dad6e322-22f7-4c09-bdd5-51000791ba93;Define EMP threat model and standards;dad6e322-22f7-4c09-bdd5-51000791ba93
f5d15553-63ee-40bf-a50a-3cc7423cf114;Sample Upload Project 1;PlanExe Team;Design Faraday cage layout and grounding;3/7/2026;3/16/2026;0;08438c01-9b87-403f-a202-4b5d415d22f8;Select shielding materials and techniques;08438c01-9b87-403f-a202-4b5d415d22f8
ea2e3e2a-1ec7-4358-aa5c-5f1fd3ce284e;Sample Upload Project 1;PlanExe Team;Integrate surge protection devices;3/16/2026;3/25/2026;0;f5d15553-63ee-40bf-a50a-3cc7423cf114;Design Faraday cage layout and grounding;f5d15553-63ee-40bf-a50a-3cc7423cf114
39970fba-4584-4592-83f0-5f0070f74f21;Sample Upload Project 1;PlanExe Team;Develop testing and maintenance plan;3/25/2026;4/3/2026;0;ae6e4e94-3ebf-4894-8742-1070b968641c;Design EMP Mitigation System;ae6e4e94-3ebf-4894-8742-1070b968641c
e29bbf76-ae04-4ce0-81a9-1e6920634e64;Sample Upload Project 1;PlanExe Team;Design Security Hardening System;4/3/2026;7/2/2026;0;ae6e4e94-3ebf-4894-8742-1070b968641c;Design EMP Mitigation System;ae6e4e94-3ebf-4894-8742-1070b968641c
7e8bf84d-9d27-4667-bb53-c19cac483235;Sample Upload Project 1;PlanExe Team;Define Security Hardening Requirements;4/3/2026;4/21/2026;0;e29bbf76-ae04-4ce0-81a9-1e6920634e64;Design Security Hardening System;e29bbf76-ae04-4ce0-81a9-1e6920634e64
f2a9a0a2-3847-4616-ba13-c3980ec73a28;Sample Upload Project 1;PlanExe Team;Select Security Technologies and Vendors;4/21/2026;5/9/2026;0;7e8bf84d-9d27-4667-bb53-c19cac483235;Define Security Hardening Requirements;7e8bf84d-9d27-4667-bb53-c19cac483235
6eee8b4c-9147-47fb-b273-7a5ba94ab800;Sample Upload Project 1;PlanExe Team;Develop Security System Architecture;5/9/2026;5/27/2026;0;f2a9a0a2-3847-4616-ba13-c3980ec73a28;Select Security Technologies and Vendors;f2a9a0a2-3847-4616-ba13-c3980ec73a28
f984c959-e3fc-41ff-9718-3af534b41e1e;Sample Upload Project 1;PlanExe Team;Design Physical Security Measures;5/27/2026;6/14/2026;0;6eee8b4c-9147-47fb-b273-7a5ba94ab800;Develop Security System Architecture;6eee8b4c-9147-47fb-b273-7a5ba94ab800
3b6dadd0-9545-4e2c-9012-b1db8004094e;Sample Upload Project 1;PlanExe Team;Design Cybersecurity Measures;6/14/2026;7/2/2026;0;e29bbf76-ae04-4ce0-81a9-1e6920634e64;Design Security Hardening System;e29bbf76-ae04-4ce0-81a9-1e6920634e64
eb8082df-0329-4afa-991b-ac0c52ebb7d7;Sample Upload Project 1;PlanExe Team;Design Life Support Systems;7/2/2026;8/31/2026;0;e29bbf76-ae04-4ce0-81a9-1e6920634e64;Design Security Hardening System;e29bbf76-ae04-4ce0-81a9-1e6920634e64
b8f734e2-8a53-4caa-babf-8d1834bf02ee;Sample Upload Project 1;PlanExe Team;Define Life Support Requirements;7/2/2026;7/14/2026;0;eb8082df-0329-4afa-991b-ac0c52ebb7d7;Design Life Support Systems;eb8082df-0329-4afa-991b-ac0c52ebb7d7
781086f1-98e9-4fc7-9913-aba12fcd9d36;Sample Upload Project 1;PlanExe Team;Select Life Support Technologies;7/14/2026;7/26/2026;0;b8f734e2-8a53-4caa-babf-8d1834bf02ee;Define Life Support Requirements;b8f734e2-8a53-4caa-babf-8d1834bf02ee
90bfe667-18f9-4c4d-af10-a6a42e7ed0c8;Sample Upload Project 1;PlanExe Team;Design Integrated Life Support System;7/26/2026;8/7/2026;0;781086f1-98e9-4fc7-9913-aba12fcd9d36;Select Life Support Technologies;781086f1-98e9-4fc7-9913-aba12fcd9d36
63fe8735-cb1d-4050-90c9-0c982f9de894;Sample Upload Project 1;PlanExe Team;Plan for Redundancy and Backup Systems;8/7/2026;8/19/2026;0;90bfe667-18f9-4c4d-af10-a6a42e7ed0c8;Design Integrated Life Support System;90bfe667-18f9-4c4d-af10-a6a42e7ed0c8
f45b271d-fac1-4fda-9cdb-aafd759ed74f;Sample Upload Project 1;PlanExe Team;Develop Maintenance and Monitoring Plan;8/19/2026;8/31/2026;0;eb8082df-0329-4afa-991b-ac0c52ebb7d7;Design Life Support Systems;eb8082df-0329-4afa-991b-ac0c52ebb7d7
9b1c9d52-dc87-47c0-8d98-7c30388c0959;Sample Upload Project 1;PlanExe Team;Develop Occupant Well-being Plan;8/31/2026;10/15/2026;0;eb8082df-0329-4afa-991b-ac0c52ebb7d7;Design Life Support Systems;eb8082df-0329-4afa-991b-ac0c52ebb7d7
f996df8e-bb15-475c-8f19-c53fb64f5e9e;Sample Upload Project 1;PlanExe Team;Define occupant needs and preferences;8/31/2026;9/9/2026;0;9b1c9d52-dc87-47c0-8d98-7c30388c0959;Develop Occupant Well-being Plan;9b1c9d52-dc87-47c0-8d98-7c30388c0959
644d5fcc-351b-4730-ba98-ef0b9d47f2c5;Sample Upload Project 1;PlanExe Team;Design recreational and social spaces;9/9/2026;9/18/2026;0;f996df8e-bb15-475c-8f19-c53fb64f5e9e;Define occupant needs and preferences;f996df8e-bb15-475c-8f19-c53fb64f5e9e
908ee67a-7f30-40c3-852e-31c9461c2a89;Sample Upload Project 1;PlanExe Team;Develop mental health support protocols;9/18/2026;9/27/2026;0;644d5fcc-351b-4730-ba98-ef0b9d47f2c5;Design recreational and social spaces;644d5fcc-351b-4730-ba98-ef0b9d47f2c5
5cbcf697-5855-42da-99ad-a1e6b3a2276e;Sample Upload Project 1;PlanExe Team;Plan for sensory stimulation and entertainment;9/27/2026;10/6/2026;0;908ee67a-7f30-40c3-852e-31c9461c2a89;Develop mental health support protocols;908ee67a-7f30-40c3-852e-31c9461c2a89
a40ebf54-4fa3-4d99-a32e-1234b1f22e8c;Sample Upload Project 1;PlanExe Team;Establish conflict resolution mechanisms;10/6/2026;10/15/2026;0;9b1c9d52-dc87-47c0-8d98-7c30388c0959;Develop Occupant Well-being Plan;9b1c9d52-dc87-47c0-8d98-7c30388c0959
fa784284-9cea-4cd5-bb30-e34c30588113;Sample Upload Project 1;PlanExe Team;Develop Resource Management Plan;10/15/2026;11/16/2026;0;9b1c9d52-dc87-47c0-8d98-7c30388c0959;Develop Occupant Well-being Plan;9b1c9d52-dc87-47c0-8d98-7c30388c0959
49a4fd0f-17e1-4543-85b9-41957bf8a1d5;Sample Upload Project 1;PlanExe Team;Define Resource Requirements;10/15/2026;10/23/2026;0;fa784284-9cea-4cd5-bb30-e34c30588113;Develop Resource Management Plan;fa784284-9cea-4cd5-bb30-e34c30588113
a5e5c816-d4a4-41aa-a8dc-63a9ab0aa1c8;Sample Upload Project 1;PlanExe Team;Forecast Long-Term Resource Needs;10/23/2026;10/31/2026;0;49a4fd0f-17e1-4543-85b9-41957bf8a1d5;Define Resource Requirements;49a4fd0f-17e1-4543-85b9-41957bf8a1d5
484aafaa-6d11-484c-aeee-dd5ad94abb67;Sample Upload Project 1;PlanExe Team;Establish Resource Allocation Framework;10/31/2026;11/8/2026;0;a5e5c816-d4a4-41aa-a8dc-63a9ab0aa1c8;Forecast Long-Term Resource Needs;a5e5c816-d4a4-41aa-a8dc-63a9ab0aa1c8
ca2745e2-7605-47dc-8f97-8fb303e40c5e;Sample Upload Project 1;PlanExe Team;Implement Resource Tracking System;11/8/2026;11/16/2026;0;fa784284-9cea-4cd5-bb30-e34c30588113;Develop Resource Management Plan;fa784284-9cea-4cd5-bb30-e34c30588113
8b077c4c-bb35-4d23-a4bb-dc5b4d0ca2d9;Sample Upload Project 1;PlanExe Team;Obtain Regulatory Approvals;11/16/2026;3/16/2027;0;10fe0bb0-9ac9-4cdc-8683-09768cd442b6;Planning and Design;10fe0bb0-9ac9-4cdc-8683-09768cd442b6
935a6d05-c262-4426-b97a-602ab035f944;Sample Upload Project 1;PlanExe Team;Prepare permit application documentation;11/16/2026;12/10/2026;0;8b077c4c-bb35-4d23-a4bb-dc5b4d0ca2d9;Obtain Regulatory Approvals;8b077c4c-bb35-4d23-a4bb-dc5b4d0ca2d9
00009abc-771b-42f6-9322-eea7a0a88208;Sample Upload Project 1;PlanExe Team;Submit permit applications to authorities;12/10/2026;1/3/2027;0;935a6d05-c262-4426-b97a-602ab035f944;Prepare permit application documentation;935a6d05-c262-4426-b97a-602ab035f944
0645aea7-051c-4925-8a01-ddbc46ffa7dd;Sample Upload Project 1;PlanExe Team;Address regulatory body inquiries;1/3/2027;1/27/2027;0;00009abc-771b-42f6-9322-eea7a0a88208;Submit permit applications to authorities;00009abc-771b-42f6-9322-eea7a0a88208
a9f195dd-b68a-4178-a1bc-7afcb18d4c69;Sample Upload Project 1;PlanExe Team;Track permit application progress;1/27/2027;2/20/2027;0;0645aea7-051c-4925-8a01-ddbc46ffa7dd;Address regulatory body inquiries;0645aea7-051c-4925-8a01-ddbc46ffa7dd
e8fb9964-6da1-423c-930f-56b8952e6647;Sample Upload Project 1;PlanExe Team;Secure final permit approvals;2/20/2027;3/16/2027;0;8b077c4c-bb35-4d23-a4bb-dc5b4d0ca2d9;Obtain Regulatory Approvals;8b077c4c-bb35-4d23-a4bb-dc5b4d0ca2d9
e36f4bc5-4b37-4da9-82fa-2fe2e146873f;Sample Upload Project 1;PlanExe Team;Procurement;3/16/2027;3/31/2028;0;10fe0bb0-9ac9-4cdc-8683-09768cd442b6;Planning and Design;10fe0bb0-9ac9-4cdc-8683-09768cd442b6
ddd9d0f1-443f-4f11-9418-b8d94ac23534;Sample Upload Project 1;PlanExe Team;Procure UHPC;3/16/2027;5/31/2027;0;e36f4bc5-4b37-4da9-82fa-2fe2e146873f;Procurement;e36f4bc5-4b37-4da9-82fa-2fe2e146873f
81616ffd-3722-4159-8237-30d05375ed7c;Sample Upload Project 1;PlanExe Team;Identify UHPC Suppliers;3/16/2027;4/4/2027;0;ddd9d0f1-443f-4f11-9418-b8d94ac23534;Procure UHPC;ddd9d0f1-443f-4f11-9418-b8d94ac23534
2364fff3-4857-4708-b252-e72bbf147ede;Sample Upload Project 1;PlanExe Team;Assess Supplier Capabilities;4/4/2027;4/23/2027;0;81616ffd-3722-4159-8237-30d05375ed7c;Identify UHPC Suppliers;81616ffd-3722-4159-8237-30d05375ed7c
adf07cd6-c759-4e93-85ea-e0dee1c67ee4;Sample Upload Project 1;PlanExe Team;Negotiate UHPC Contracts;4/23/2027;5/12/2027;0;2364fff3-4857-4708-b252-e72bbf147ede;Assess Supplier Capabilities;2364fff3-4857-4708-b252-e72bbf147ede
317738cb-cbe5-4c97-b632-e481188f3c54;Sample Upload Project 1;PlanExe Team;Establish UHPC Logistics Plan;5/12/2027;5/31/2027;0;ddd9d0f1-443f-4f11-9418-b8d94ac23534;Procure UHPC;ddd9d0f1-443f-4f11-9418-b8d94ac23534
a528f074-c8c5-4f2f-a29f-c21204d84635;Sample Upload Project 1;PlanExe Team;Procure EMP Shielding Materials;5/31/2027;7/30/2027;0;ddd9d0f1-443f-4f11-9418-b8d94ac23534;Procure UHPC;ddd9d0f1-443f-4f11-9418-b8d94ac23534
3417a9cd-0fe9-4197-bb3a-56ca55abc747;Sample Upload Project 1;PlanExe Team;Identify EMP shielding material suppliers;5/31/2027;6/15/2027;0;a528f074-c8c5-4f2f-a29f-c21204d84635;Procure EMP Shielding Materials;a528f074-c8c5-4f2f-a29f-c21204d84635
2b55c52f-24a4-4424-806f-4d3e3229641d;Sample Upload Project 1;PlanExe Team;Evaluate supplier capabilities and capacity;6/15/2027;6/30/2027;0;3417a9cd-0fe9-4197-bb3a-56ca55abc747;Identify EMP shielding material suppliers;3417a9cd-0fe9-4197-bb3a-56ca55abc747
7e006a3c-6e74-49cc-8ce4-d96985856dac;Sample Upload Project 1;PlanExe Team;Negotiate pricing and contract terms;6/30/2027;7/15/2027;0;2b55c52f-24a4-4424-806f-4d3e3229641d;Evaluate supplier capabilities and capacity;2b55c52f-24a4-4424-806f-4d3e3229641d
db729c74-c02a-4634-a77a-a00527c13a42;Sample Upload Project 1;PlanExe Team;Coordinate delivery and storage;7/15/2027;7/30/2027;0;a528f074-c8c5-4f2f-a29f-c21204d84635;Procure EMP Shielding Materials;a528f074-c8c5-4f2f-a29f-c21204d84635
fc74299e-1ab9-474d-bb59-66582fdfd0b9;Sample Upload Project 1;PlanExe Team;Procure Life Support Systems;7/30/2027;11/15/2027;0;a528f074-c8c5-4f2f-a29f-c21204d84635;Procure EMP Shielding Materials;a528f074-c8c5-4f2f-a29f-c21204d84635
641b2ae8-4351-4dff-b089-3e569455b5d0;Sample Upload Project 1;PlanExe Team;Define Life Support System Requirements;7/30/2027;8/26/2027;0;fc74299e-1ab9-474d-bb59-66582fdfd0b9;Procure Life Support Systems;fc74299e-1ab9-474d-bb59-66582fdfd0b9
8894ccb9-56cb-4051-9864-a607ea48fb08;Sample Upload Project 1;PlanExe Team;Evaluate and Select System Components;8/26/2027;9/22/2027;0;641b2ae8-4351-4dff-b089-3e569455b5d0;Define Life Support System Requirements;641b2ae8-4351-4dff-b089-3e569455b5d0
c54d65b9-d726-48f5-857e-27d827960249;Sample Upload Project 1;PlanExe Team;Negotiate Contracts and Place Orders;9/22/2027;10/19/2027;0;8894ccb9-56cb-4051-9864-a607ea48fb08;Evaluate and Select System Components;8894ccb9-56cb-4051-9864-a607ea48fb08
30ddfbd5-e1f3-4149-b919-21c53bea1b67;Sample Upload Project 1;PlanExe Team;Coordinate Delivery and Storage;10/19/2027;11/15/2027;0;fc74299e-1ab9-474d-bb59-66582fdfd0b9;Procure Life Support Systems;fc74299e-1ab9-474d-bb59-66582fdfd0b9
2d820036-795d-42c4-b9b8-a44a62765a42;Sample Upload Project 1;PlanExe Team;Procure Security Systems;11/15/2027;2/15/2028;0;fc74299e-1ab9-474d-bb59-66582fdfd0b9;Procure Life Support Systems;fc74299e-1ab9-474d-bb59-66582fdfd0b9
762b2b21-b7b2-4d55-9359-98d6d42195bf;Sample Upload Project 1;PlanExe Team;Define Security System Requirements;11/15/2027;12/8/2027;0;2d820036-795d-42c4-b9b8-a44a62765a42;Procure Security Systems;2d820036-795d-42c4-b9b8-a44a62765a42
5c1b3b4a-f779-45e8-9895-e920c02081f9;Sample Upload Project 1;PlanExe Team;Evaluate Security System Vendors;12/8/2027;12/31/2027;0;762b2b21-b7b2-4d55-9359-98d6d42195bf;Define Security System Requirements;762b2b21-b7b2-4d55-9359-98d6d42195bf
72a7723a-58db-4bc7-92e7-63075a3a27ab;Sample Upload Project 1;PlanExe Team;Negotiate Security System Contracts;12/31/2027;1/23/2028;0;5c1b3b4a-f779-45e8-9895-e920c02081f9;Evaluate Security System Vendors;5c1b3b4a-f779-45e8-9895-e920c02081f9
fadf248e-35f6-4ce9-90f4-b684e2d73bc7;Sample Upload Project 1;PlanExe Team;Coordinate Security System Delivery;1/23/2028;2/15/2028;0;2d820036-795d-42c4-b9b8-a44a62765a42;Procure Security Systems;2d820036-795d-42c4-b9b8-a44a62765a42
2affb9dc-0e87-43e1-924b-4dda90a74224;Sample Upload Project 1;PlanExe Team;Select Construction Contractors;2/15/2028;3/31/2028;0;e36f4bc5-4b37-4da9-82fa-2fe2e146873f;Procurement;e36f4bc5-4b37-4da9-82fa-2fe2e146873f
8decf441-eaf9-428c-a1cc-7fec3358bc9b;Sample Upload Project 1;PlanExe Team;Define Contractor Selection Criteria;2/15/2028;2/24/2028;0;2affb9dc-0e87-43e1-924b-4dda90a74224;Select Construction Contractors;2affb9dc-0e87-43e1-924b-4dda90a74224
771c247b-4b9e-4d0b-9cd1-e11c2ab4d513;Sample Upload Project 1;PlanExe Team;Identify Potential Contractors;2/24/2028;3/4/2028;0;8decf441-eaf9-428c-a1cc-7fec3358bc9b;Define Contractor Selection Criteria;8decf441-eaf9-428c-a1cc-7fec3358bc9b
87a0966f-66fb-46f4-a9b0-c66084aef95e;Sample Upload Project 1;PlanExe Team;Issue Request for Proposal (RFP);3/4/2028;3/13/2028;0;771c247b-4b9e-4d0b-9cd1-e11c2ab4d513;Identify Potential Contractors;771c247b-4b9e-4d0b-9cd1-e11c2ab4d513
c3d8181a-1cec-43c0-a117-b24f94623abd;Sample Upload Project 1;PlanExe Team;Evaluate Contractor Proposals;3/13/2028;3/22/2028;0;87a0966f-66fb-46f4-a9b0-c66084aef95e;Issue Request for Proposal (RFP);87a0966f-66fb-46f4-a9b0-c66084aef95e
7a7f7dd3-50fb-478a-ad63-95eec431785d;Sample Upload Project 1;PlanExe Team;Negotiate and Award Contract;3/22/2028;3/31/2028;0;2affb9dc-0e87-43e1-924b-4dda90a74224;Select Construction Contractors;2affb9dc-0e87-43e1-924b-4dda90a74224
106b04c0-fe5c-4457-a495-683ead89ae0a;Sample Upload Project 1;PlanExe Team;Construction;3/31/2028;7/2/2030;0;e36f4bc5-4b37-4da9-82fa-2fe2e146873f;Procurement;e36f4bc5-4b37-4da9-82fa-2fe2e146873f
30abeef3-52e6-4d82-9d79-a801c34d8e72;Sample Upload Project 1;PlanExe Team;Prepare Construction Site;3/31/2028;4/25/2028;0;106b04c0-fe5c-4457-a495-683ead89ae0a;Construction;106b04c0-fe5c-4457-a495-683ead89ae0a
809bac6d-99b3-4191-8566-9f8f29a235ad;Sample Upload Project 1;PlanExe Team;Clear vegetation and topsoil;3/31/2028;4/5/2028;0;30abeef3-52e6-4d82-9d79-a801c34d8e72;Prepare Construction Site;30abeef3-52e6-4d82-9d79-a801c34d8e72
bb950e44-b6cf-4170-8b00-9c26786e8544;Sample Upload Project 1;PlanExe Team;Establish site access roads;4/5/2028;4/10/2028;0;809bac6d-99b3-4191-8566-9f8f29a235ad;Clear vegetation and topsoil;809bac6d-99b3-4191-8566-9f8f29a235ad
3529fe0f-7b22-4541-893e-0c9c7a301777;Sample Upload Project 1;PlanExe Team;Install temporary utilities;4/10/2028;4/15/2028;0;bb950e44-b6cf-4170-8b00-9c26786e8544;Establish site access roads;bb950e44-b6cf-4170-8b00-9c26786e8544
6a14fb37-3f5d-4848-9530-c22e68e24c9b;Sample Upload Project 1;PlanExe Team;Set up site security perimeter;4/15/2028;4/20/2028;0;3529fe0f-7b22-4541-893e-0c9c7a301777;Install temporary utilities;3529fe0f-7b22-4541-893e-0c9c7a301777
25b0bd18-577a-4fc8-ba76-9aff4c867d3d;Sample Upload Project 1;PlanExe Team;Implement erosion control measures;4/20/2028;4/25/2028;0;30abeef3-52e6-4d82-9d79-a801c34d8e72;Prepare Construction Site;30abeef3-52e6-4d82-9d79-a801c34d8e72
dffd6650-10ae-4081-8d98-d1eb292a29bd;Sample Upload Project 1;PlanExe Team;Excavate Site;4/25/2028;7/24/2028;0;30abeef3-52e6-4d82-9d79-a801c34d8e72;Prepare Construction Site;30abeef3-52e6-4d82-9d79-a801c34d8e72
80525199-df23-4069-9826-a8ccc4b3536e;Sample Upload Project 1;PlanExe Team;Clear vegetation and topsoil;4/25/2028;5/13/2028;0;dffd6650-10ae-4081-8d98-d1eb292a29bd;Excavate Site;dffd6650-10ae-4081-8d98-d1eb292a29bd
bf0aeadf-7b46-4609-acad-797267c0551e;Sample Upload Project 1;PlanExe Team;Implement shoring and stabilization;5/13/2028;5/31/2028;0;80525199-df23-4069-9826-a8ccc4b3536e;Clear vegetation and topsoil;80525199-df23-4069-9826-a8ccc4b3536e
03345275-48ac-4c88-92e1-dea7b9260ec8;Sample Upload Project 1;PlanExe Team;Excavate to specified depth;5/31/2028;6/18/2028;0;bf0aeadf-7b46-4609-acad-797267c0551e;Implement shoring and stabilization;bf0aeadf-7b46-4609-acad-797267c0551e
3b640fea-dd8d-4d76-9fb2-5752b1faa6cd;Sample Upload Project 1;PlanExe Team;Manage groundwater and dewatering;6/18/2028;7/6/2028;0;03345275-48ac-4c88-92e1-dea7b9260ec8;Excavate to specified depth;03345275-48ac-4c88-92e1-dea7b9260ec8
6fcdddd6-2218-425b-b5f7-0d263b729bb6;Sample Upload Project 1;PlanExe Team;Dispose of excavated materials;7/6/2028;7/24/2028;0;dffd6650-10ae-4081-8d98-d1eb292a29bd;Excavate Site;dffd6650-10ae-4081-8d98-d1eb292a29bd
9041a254-3d0b-47c0-8350-e52764b91c87;Sample Upload Project 1;PlanExe Team;Construct Bunker Structure;7/24/2028;10/19/2029;0;dffd6650-10ae-4081-8d98-d1eb292a29bd;Excavate Site;dffd6650-10ae-4081-8d98-d1eb292a29bd
110f6211-427a-40c0-9664-ba6ef04fd5d5;Sample Upload Project 1;PlanExe Team;Prepare UHPC formwork and reinforcement;7/24/2028;11/14/2028;0;9041a254-3d0b-47c0-8350-e52764b91c87;Construct Bunker Structure;9041a254-3d0b-47c0-8350-e52764b91c87
8c16682e-bbf7-4283-99f7-51651c676f18;Sample Upload Project 1;PlanExe Team;Place and cure UHPC;11/14/2028;3/7/2029;0;110f6211-427a-40c0-9664-ba6ef04fd5d5;Prepare UHPC formwork and reinforcement;110f6211-427a-40c0-9664-ba6ef04fd5d5
3cbf0779-7f0a-461f-bcd8-5f4627e94973;Sample Upload Project 1;PlanExe Team;Install embedded components;3/7/2029;6/28/2029;0;8c16682e-bbf7-4283-99f7-51651c676f18;Place and cure UHPC;8c16682e-bbf7-4283-99f7-51651c676f18
98420cbb-4fc8-43c3-8130-1031273f3c99;Sample Upload Project 1;PlanExe Team;Remove formwork and inspect UHPC;6/28/2029;10/19/2029;0;9041a254-3d0b-47c0-8350-e52764b91c87;Construct Bunker Structure;9041a254-3d0b-47c0-8350-e52764b91c87
ca0cde27-7fc5-4c0f-986b-7ab2ba6bc464;Sample Upload Project 1;PlanExe Team;Install EMP Cage;10/19/2029;12/18/2029;0;9041a254-3d0b-47c0-8350-e52764b91c87;Construct Bunker Structure;9041a254-3d0b-47c0-8350-e52764b91c87
f714cddf-0958-4269-8200-fcb54be9aac2;Sample Upload Project 1;PlanExe Team;Prepare EMP cage foundation;10/19/2029;11/3/2029;0;ca0cde27-7fc5-4c0f-986b-7ab2ba6bc464;Install EMP Cage;ca0cde27-7fc5-4c0f-986b-7ab2ba6bc464
f5df8c63-cefe-41b8-a9a4-3e49f046dc0b;Sample Upload Project 1;PlanExe Team;Assemble EMP cage components;11/3/2029;11/18/2029;0;f714cddf-0958-4269-8200-fcb54be9aac2;Prepare EMP cage foundation;f714cddf-0958-4269-8200-fcb54be9aac2
aa67f29d-7f41-4168-ac7b-4eca526ba9b1;Sample Upload Project 1;PlanExe Team;Position and secure EMP cage;11/18/2029;12/3/2029;0;f5df8c63-cefe-41b8-a9a4-3e49f046dc0b;Assemble EMP cage components;f5df8c63-cefe-41b8-a9a4-3e49f046dc0b
f1d3b982-cd11-4504-8cd6-cf3a49205e76;Sample Upload Project 1;PlanExe Team;Connect grounding system to cage;12/3/2029;12/18/2029;0;ca0cde27-7fc5-4c0f-986b-7ab2ba6bc464;Install EMP Cage;ca0cde27-7fc5-4c0f-986b-7ab2ba6bc464
afc338be-f7cb-47e3-b7ff-bed7b0997157;Sample Upload Project 1;PlanExe Team;Install Life Support Systems;12/18/2029;3/4/2030;0;ca0cde27-7fc5-4c0f-986b-7ab2ba6bc464;Install EMP Cage;ca0cde27-7fc5-4c0f-986b-7ab2ba6bc464
73efcbd5-4b53-4a5a-b582-9e889cb933fc;Sample Upload Project 1;PlanExe Team;Prepare Life Support System Installation Site;12/18/2029;1/6/2030;0;afc338be-f7cb-47e3-b7ff-bed7b0997157;Install Life Support Systems;afc338be-f7cb-47e3-b7ff-bed7b0997157
428f0a9d-44fe-4508-8fc3-80f8fbbabfa9;Sample Upload Project 1;PlanExe Team;Mount and Connect Life Support Components;1/6/2030;1/25/2030;0;73efcbd5-4b53-4a5a-b582-9e889cb933fc;Prepare Life Support System Installation Site;73efcbd5-4b53-4a5a-b582-9e889cb933fc
7040e4e0-9c09-4324-b735-add5ffe7a245;Sample Upload Project 1;PlanExe Team;Integrate Life Support Control System;1/25/2030;2/13/2030;0;428f0a9d-44fe-4508-8fc3-80f8fbbabfa9;Mount and Connect Life Support Components;428f0a9d-44fe-4508-8fc3-80f8fbbabfa9
63fe8986-396d-4a8f-a5c2-7da3ed13f35f;Sample Upload Project 1;PlanExe Team;Test and Calibrate Life Support Systems;2/13/2030;3/4/2030;0;afc338be-f7cb-47e3-b7ff-bed7b0997157;Install Life Support Systems;afc338be-f7cb-47e3-b7ff-bed7b0997157
eeb3b540-f3cd-49f4-8d2e-f575e2d82e72;Sample Upload Project 1;PlanExe Team;Install Security Systems;3/4/2030;5/3/2030;0;afc338be-f7cb-47e3-b7ff-bed7b0997157;Install Life Support Systems;afc338be-f7cb-47e3-b7ff-bed7b0997157
75a6cfd7-94b0-4e6e-991c-a41c79925b75;Sample Upload Project 1;PlanExe Team;Plan security system installation;3/4/2030;3/16/2030;0;eeb3b540-f3cd-49f4-8d2e-f575e2d82e72;Install Security Systems;eeb3b540-f3cd-49f4-8d2e-f575e2d82e72
fc4dabbe-06f6-4e4f-b22b-89f74d85c62c;Sample Upload Project 1;PlanExe Team;Prepare site for security install;3/16/2030;3/28/2030;0;75a6cfd7-94b0-4e6e-991c-a41c79925b75;Plan security system installation;75a6cfd7-94b0-4e6e-991c-a41c79925b75
7cd4a3fd-1b51-4794-8478-48a2b78bc64c;Sample Upload Project 1;PlanExe Team;Install security hardware;3/28/2030;4/9/2030;0;fc4dabbe-06f6-4e4f-b22b-89f74d85c62c;Prepare site for security install;fc4dabbe-06f6-4e4f-b22b-89f74d85c62c
a1b1c1c4-3a20-4604-be8b-b201c64859ff;Sample Upload Project 1;PlanExe Team;Configure security software;4/9/2030;4/21/2030;0;7cd4a3fd-1b51-4794-8478-48a2b78bc64c;Install security hardware;7cd4a3fd-1b51-4794-8478-48a2b78bc64c
76f528f2-f0ea-4b6e-8bef-12b6a9b10e98;Sample Upload Project 1;PlanExe Team;Test security system functionality;4/21/2030;5/3/2030;0;eeb3b540-f3cd-49f4-8d2e-f575e2d82e72;Install Security Systems;eeb3b540-f3cd-49f4-8d2e-f575e2d82e72
52d38887-8771-47d4-a32d-13c0d9a9e76b;Sample Upload Project 1;PlanExe Team;Interior Finishing;5/3/2030;7/2/2030;0;106b04c0-fe5c-4457-a495-683ead89ae0a;Construction;106b04c0-fe5c-4457-a495-683ead89ae0a
70f78f15-2d20-4eab-8c1f-6c82536e7064;Sample Upload Project 1;PlanExe Team;Install security system infrastructure;5/3/2030;5/15/2030;0;52d38887-8771-47d4-a32d-13c0d9a9e76b;Interior Finishing;52d38887-8771-47d4-a32d-13c0d9a9e76b
138a3721-5d6c-498e-8ba0-f715b4b6e654;Sample Upload Project 1;PlanExe Team;Install access control systems;5/15/2030;5/27/2030;0;70f78f15-2d20-4eab-8c1f-6c82536e7064;Install security system infrastructure;70f78f15-2d20-4eab-8c1f-6c82536e7064
466c37b8-050e-406b-b55a-4a4131a763c0;Sample Upload Project 1;PlanExe Team;Install surveillance systems;5/27/2030;6/8/2030;0;138a3721-5d6c-498e-8ba0-f715b4b6e654;Install access control systems;138a3721-5d6c-498e-8ba0-f715b4b6e654
921236c3-f8e5-4f19-a3b1-11bd364dae5b;Sample Upload Project 1;PlanExe Team;Install intrusion detection systems;6/8/2030;6/20/2030;0;466c37b8-050e-406b-b55a-4a4131a763c0;Install surveillance systems;466c37b8-050e-406b-b55a-4a4131a763c0
367546a3-f2b9-4f15-b5b1-4a54c093113a;Sample Upload Project 1;PlanExe Team;Integrate security systems;6/20/2030;7/2/2030;0;52d38887-8771-47d4-a32d-13c0d9a9e76b;Interior Finishing;52d38887-8771-47d4-a32d-13c0d9a9e76b
c8fd33ae-7602-4e5b-933e-4fc6bdda82e5;Sample Upload Project 1;PlanExe Team;Testing and Commissioning;7/2/2030;8/29/2030;0;106b04c0-fe5c-4457-a495-683ead89ae0a;Construction;106b04c0-fe5c-4457-a495-683ead89ae0a
64738e63-0711-4e79-8450-2a81e8e64fa7;Sample Upload Project 1;PlanExe Team;Test EMP Shielding Effectiveness;7/2/2030;7/12/2030;0;c8fd33ae-7602-4e5b-933e-4fc6bdda82e5;Testing and Commissioning;c8fd33ae-7602-4e5b-933e-4fc6bdda82e5
75779296-ff84-4d57-8aa0-80580c2bd543;Sample Upload Project 1;PlanExe Team;Define EMP testing parameters;7/2/2030;7/4/2030;0;64738e63-0711-4e79-8450-2a81e8e64fa7;Test EMP Shielding Effectiveness;64738e63-0711-4e79-8450-2a81e8e64fa7
091f925b-658c-4230-99f6-fbc25bdbbd62;Sample Upload Project 1;PlanExe Team;Calibrate testing equipment;7/4/2030;7/6/2030;0;75779296-ff84-4d57-8aa0-80580c2bd543;Define EMP testing parameters;75779296-ff84-4d57-8aa0-80580c2bd543
40a728ee-58c5-4519-b351-fc9ffa02f68a;Sample Upload Project 1;PlanExe Team;Conduct preliminary site survey;7/6/2030;7/8/2030;0;091f925b-658c-4230-99f6-fbc25bdbbd62;Calibrate testing equipment;091f925b-658c-4230-99f6-fbc25bdbbd62
62509082-d7f1-4c39-8f5b-dc25e318691e;Sample Upload Project 1;PlanExe Team;Perform EMP shielding tests;7/8/2030;7/10/2030;0;40a728ee-58c5-4519-b351-fc9ffa02f68a;Conduct preliminary site survey;40a728ee-58c5-4519-b351-fc9ffa02f68a
9b6d02f0-dd42-49e1-8a13-7f8ff974ea2e;Sample Upload Project 1;PlanExe Team;Analyze test data and report;7/10/2030;7/12/2030;0;64738e63-0711-4e79-8450-2a81e8e64fa7;Test EMP Shielding Effectiveness;64738e63-0711-4e79-8450-2a81e8e64fa7
804a5374-91b8-4808-bffe-c07ef55548b4;Sample Upload Project 1;PlanExe Team;Test Life Support Systems;7/12/2030;7/28/2030;0;64738e63-0711-4e79-8450-2a81e8e64fa7;Test EMP Shielding Effectiveness;64738e63-0711-4e79-8450-2a81e8e64fa7
77088ebb-057a-47de-aeeb-f2d228d1d1cd;Sample Upload Project 1;PlanExe Team;Verify water purification system functionality;7/12/2030;7/16/2030;0;804a5374-91b8-4808-bffe-c07ef55548b4;Test Life Support Systems;804a5374-91b8-4808-bffe-c07ef55548b4
6454e624-e98f-4d8b-828b-1c1903921f14;Sample Upload Project 1;PlanExe Team;Evaluate air filtration system performance;7/16/2030;7/20/2030;0;77088ebb-057a-47de-aeeb-f2d228d1d1cd;Verify water purification system functionality;77088ebb-057a-47de-aeeb-f2d228d1d1cd
e8dd7aa8-d995-4a94-b1f7-f398190e7c5b;Sample Upload Project 1;PlanExe Team;Assess waste management system efficiency;7/20/2030;7/24/2030;0;6454e624-e98f-4d8b-828b-1c1903921f14;Evaluate air filtration system performance;6454e624-e98f-4d8b-828b-1c1903921f14
6424b08f-a5be-45b9-91ec-b65278b30966;Sample Upload Project 1;PlanExe Team;Confirm power backup system reliability;7/24/2030;7/28/2030;0;804a5374-91b8-4808-bffe-c07ef55548b4;Test Life Support Systems;804a5374-91b8-4808-bffe-c07ef55548b4
7bab5a9c-2bcd-4f14-b341-29ee4ee1cabc;Sample Upload Project 1;PlanExe Team;Test Security Systems;7/28/2030;8/17/2030;0;804a5374-91b8-4808-bffe-c07ef55548b4;Test Life Support Systems;804a5374-91b8-4808-bffe-c07ef55548b4
51135d54-7399-4dc4-a85a-7b1f8ac64497;Sample Upload Project 1;PlanExe Team;Plan security systems testing;7/28/2030;8/1/2030;0;7bab5a9c-2bcd-4f14-b341-29ee4ee1cabc;Test Security Systems;7bab5a9c-2bcd-4f14-b341-29ee4ee1cabc
4feb5467-18c4-4751-b321-27d9fc29696d;Sample Upload Project 1;PlanExe Team;Execute functional security tests;8/1/2030;8/5/2030;0;51135d54-7399-4dc4-a85a-7b1f8ac64497;Plan security systems testing;51135d54-7399-4dc4-a85a-7b1f8ac64497
700aa605-b92d-4450-ac66-b92163050747;Sample Upload Project 1;PlanExe Team;Conduct penetration testing;8/5/2030;8/9/2030;0;4feb5467-18c4-4751-b321-27d9fc29696d;Execute functional security tests;4feb5467-18c4-4751-b321-27d9fc29696d
481d08b9-ec3e-4c53-876d-63748d030ef0;Sample Upload Project 1;PlanExe Team;Remediate security vulnerabilities;8/9/2030;8/13/2030;0;700aa605-b92d-4450-ac66-b92163050747;Conduct penetration testing;700aa605-b92d-4450-ac66-b92163050747
56558006-e8f6-459f-a2be-8b43bec9fb2f;Sample Upload Project 1;PlanExe Team;Document security testing results;8/13/2030;8/17/2030;0;7bab5a9c-2bcd-4f14-b341-29ee4ee1cabc;Test Security Systems;7bab5a9c-2bcd-4f14-b341-29ee4ee1cabc
983329ed-2124-437f-bf5b-92260331bb0e;Sample Upload Project 1;PlanExe Team;Commission Bunker;8/17/2030;8/29/2030;0;c8fd33ae-7602-4e5b-933e-4fc6bdda82e5;Testing and Commissioning;c8fd33ae-7602-4e5b-933e-4fc6bdda82e5
637acd12-9924-446a-951f-76f66d5f2a0b;Sample Upload Project 1;PlanExe Team;Verify system integration and functionality;8/17/2030;8/20/2030;0;983329ed-2124-437f-bf5b-92260331bb0e;Commission Bunker;983329ed-2124-437f-bf5b-92260331bb0e
85d71b39-e9b4-4d85-8147-a39b96356625;Sample Upload Project 1;PlanExe Team;Conduct final inspections and punch list;8/20/2030;8/23/2030;0;637acd12-9924-446a-951f-76f66d5f2a0b;Verify system integration and functionality;637acd12-9924-446a-951f-76f66d5f2a0b
4e6375bb-684c-4561-b5b6-289c47b62ec0;Sample Upload Project 1;PlanExe Team;Obtain final certifications and approvals;8/23/2030;8/26/2030;0;85d71b39-e9b4-4d85-8147-a39b96356625;Conduct final inspections and punch list;85d71b39-e9b4-4d85-8147-a39b96356625
aa853944-b8d7-43c3-b7f9-6e20330a8247;Sample Upload Project 1;PlanExe Team;Connect to external utilities;8/26/2030;8/29/2030;0;983329ed-2124-437f-bf5b-92260331bb0e;Commission Bunker;983329ed-2124-437f-bf5b-92260331bb0e
23a65a24-7739-4cfc-af5b-73080b69d766;Sample Upload Project 1;PlanExe Team;Handover and Closeout;8/29/2030;11/5/2030;0;ccc69807-4eb7-4b2c-ac9e-00d67636b610;Bunker Project;ccc69807-4eb7-4b2c-ac9e-00d67636b610
c2089175-fc02-4aba-9667-6b635014d59a;Sample Upload Project 1;PlanExe Team;Train Personnel;8/29/2030;9/18/2030;0;23a65a24-7739-4cfc-af5b-73080b69d766;Handover and Closeout;23a65a24-7739-4cfc-af5b-73080b69d766
edaccdd3-8cf0-401d-9066-f6a8ac11e061;Sample Upload Project 1;PlanExe Team;Identify Training Needs;8/29/2030;9/2/2030;0;c2089175-fc02-4aba-9667-6b635014d59a;Train Personnel;c2089175-fc02-4aba-9667-6b635014d59a
de4932ff-0e32-447d-8152-e6fef0fe78cd;Sample Upload Project 1;PlanExe Team;Develop Training Materials;9/2/2030;9/6/2030;0;edaccdd3-8cf0-401d-9066-f6a8ac11e061;Identify Training Needs;edaccdd3-8cf0-401d-9066-f6a8ac11e061
f9e1908d-dda7-466f-b8df-52428c7b18a9;Sample Upload Project 1;PlanExe Team;Schedule Training Sessions;9/6/2030;9/10/2030;0;de4932ff-0e32-447d-8152-e6fef0fe78cd;Develop Training Materials;de4932ff-0e32-447d-8152-e6fef0fe78cd
f8ff9c80-862b-430b-bcea-daf0cb5fc4cd;Sample Upload Project 1;PlanExe Team;Conduct Training and Assessment;9/10/2030;9/14/2030;0;f9e1908d-dda7-466f-b8df-52428c7b18a9;Schedule Training Sessions;f9e1908d-dda7-466f-b8df-52428c7b18a9
e7218ece-76c7-4faf-8517-05baf4551d76;Sample Upload Project 1;PlanExe Team;Evaluate Training Effectiveness;9/14/2030;9/18/2030;0;c2089175-fc02-4aba-9667-6b635014d59a;Train Personnel;c2089175-fc02-4aba-9667-6b635014d59a
4ed726b8-5241-4b2e-bb43-d5d6d888c492;Sample Upload Project 1;PlanExe Team;Develop Maintenance Plan;9/18/2030;10/8/2030;0;c2089175-fc02-4aba-9667-6b635014d59a;Train Personnel;c2089175-fc02-4aba-9667-6b635014d59a
0f992918-e3a8-403f-a9c5-ac79ebb3da35;Sample Upload Project 1;PlanExe Team;Define Maintenance Requirements;9/18/2030;9/22/2030;0;4ed726b8-5241-4b2e-bb43-d5d6d888c492;Develop Maintenance Plan;4ed726b8-5241-4b2e-bb43-d5d6d888c492
2ed78f1a-c57b-4ff3-bd58-e8a9cc916d00;Sample Upload Project 1;PlanExe Team;Assess Maintenance Challenges;9/22/2030;9/26/2030;0;0f992918-e3a8-403f-a9c5-ac79ebb3da35;Define Maintenance Requirements;0f992918-e3a8-403f-a9c5-ac79ebb3da35
f09c9473-8cf3-4363-8a06-4ccdf3f920cc;Sample Upload Project 1;PlanExe Team;Outline Maintenance Procedures;9/26/2030;9/30/2030;0;2ed78f1a-c57b-4ff3-bd58-e8a9cc916d00;Assess Maintenance Challenges;2ed78f1a-c57b-4ff3-bd58-e8a9cc916d00
1e1409ca-a99b-4570-9879-602e1454495a;Sample Upload Project 1;PlanExe Team;Plan Equipment and Spares;9/30/2030;10/4/2030;0;f09c9473-8cf3-4363-8a06-4ccdf3f920cc;Outline Maintenance Procedures;f09c9473-8cf3-4363-8a06-4ccdf3f920cc
3f205f0f-be51-4150-881d-35a48867e172;Sample Upload Project 1;PlanExe Team;Document Maintenance Plan;10/4/2030;10/8/2030;0;4ed726b8-5241-4b2e-bb43-d5d6d888c492;Develop Maintenance Plan;4ed726b8-5241-4b2e-bb43-d5d6d888c492
d04a365f-e0ad-4839-a22c-bc356585b500;Sample Upload Project 1;PlanExe Team;Finalize Documentation;10/8/2030;10/20/2030;0;4ed726b8-5241-4b2e-bb43-d5d6d888c492;Develop Maintenance Plan;4ed726b8-5241-4b2e-bb43-d5d6d888c492
cb66f7e7-9804-4691-a417-3ff944adf9f0;Sample Upload Project 1;PlanExe Team;Collect all project documentation;10/8/2030;10/11/2030;0;d04a365f-e0ad-4839-a22c-bc356585b500;Finalize Documentation;d04a365f-e0ad-4839-a22c-bc356585b500
5e1b1dc1-0fa8-47de-8dc9-fa8084f88006;Sample Upload Project 1;PlanExe Team;Review documentation for completeness;10/11/2030;10/14/2030;0;cb66f7e7-9804-4691-a417-3ff944adf9f0;Collect all project documentation;cb66f7e7-9804-4691-a417-3ff944adf9f0
3b79037e-b005-414e-aca9-cc159b1f54e9;Sample Upload Project 1;PlanExe Team;Address documentation gaps or errors;10/14/2030;10/17/2030;0;5e1b1dc1-0fa8-47de-8dc9-fa8084f88006;Review documentation for completeness;5e1b1dc1-0fa8-47de-8dc9-fa8084f88006
e93d89f5-5aa9-4d71-a901-0a1c5fb1ba20;Sample Upload Project 1;PlanExe Team;Organize and archive final documentation;10/17/2030;10/20/2030;0;d04a365f-e0ad-4839-a22c-bc356585b500;Finalize Documentation;d04a365f-e0ad-4839-a22c-bc356585b500
3d3c376e-e4f9-485d-b092-ccb601e4bf92;Sample Upload Project 1;PlanExe Team;Project Closeout;10/20/2030;11/5/2030;0;23a65a24-7739-4cfc-af5b-73080b69d766;Handover and Closeout;23a65a24-7739-4cfc-af5b-73080b69d766
4dbc7e5c-00c0-4ca3-9c43-d43b953a86b9;Sample Upload Project 1;PlanExe Team;Conduct final performance review;10/20/2030;10/24/2030;0;3d3c376e-e4f9-485d-b092-ccb601e4bf92;Project Closeout;3d3c376e-e4f9-485d-b092-ccb601e4bf92
3483d1a5-4891-40f6-8a94-18c84ccfd4ac;Sample Upload Project 1;PlanExe Team;Obtain stakeholder sign-off;10/24/2030;10/28/2030;0;4dbc7e5c-00c0-4ca3-9c43-d43b953a86b9;Conduct final performance review;4dbc7e5c-00c0-4ca3-9c43-d43b953a86b9
3a1b0bd3-b7a2-4b0a-a96b-fc5342b6c58a;Sample Upload Project 1;PlanExe Team;Archive project documentation;10/28/2030;11/1/2030;0;3483d1a5-4891-40f6-8a94-18c84ccfd4ac;Obtain stakeholder sign-off;3483d1a5-4891-40f6-8a94-18c84ccfd4ac
603159f1-a88c-4c38-ac51-bd314be7e7eb;Sample Upload Project 1;PlanExe Team;Release project resources;11/1/2030;11/5/2030;0;3d3c376e-e4f9-485d-b092-ccb601e4bf92;Project Closeout;3d3c376e-e4f9-485d-b092-ccb601e4bf92