Level 1;Level 2;Level 3;Level 4;Task ID
Capsule Copenhagen;;;;b41fad05-20f1-40fb-a2e2-3078ed81852d
;Project Initiation & Planning;;;9b02c544-27ba-488c-8cea-48bf43a24cde
;;Define Project Scope and Objectives;;6b096cad-e7c3-4f33-b10e-5e67fec4182a
;;;Identify Key Stakeholders;27ab2c20-0bbf-42cd-b607-e0e30259726d
;;;Gather Stakeholder Requirements;99838929-1792-42bf-b90d-e9e00b0b33e3
;;;Define Measurable Objectives;e3d03fae-c409-4faf-92aa-314bb526812f
;;;Document Project Scope;88e5438d-7065-408f-9dc8-cf55e292b295
;;Conduct Stakeholder Analysis;;b1785eb8-d34a-4ec3-8426-c1aaaba4f914
;;;Identify all project stakeholders;e8c8359c-24a4-4eb4-ac3c-305bcedfc168
;;;Assess stakeholder influence and interest;6a0cb806-7d17-4099-9b5d-ba299576b86c
;;;Develop stakeholder engagement plan;df18ad7e-c508-450f-aebe-6b03a23dd928
;;;Document stakeholder requirements and expectations;773ac500-789e-4087-8d58-89025064945f
;;Develop Project Management Plan;;55db3a22-183a-4378-bd66-1cb0f45c99d1
;;;Define Project Governance Structure;41dd72c9-8ab5-4e00-ba98-dbff3d5f28da
;;;Develop Detailed Project Schedule;7b0c3300-9ea9-42cc-b0b3-494bddfa6bb1
;;;Establish Communication Plan;7066978c-2413-4d62-80e8-2efd63027875
;;;Create Risk Management Plan;fd06c2a8-24be-4237-8a52-b19bbb42b103
;;;Define Quality Assurance Procedures;f32ffb9f-d9a1-498f-b93c-604cb200b4b0
;;Secure Initial Funding;;7ec788a9-2a9b-4dbd-bc5a-18e27d119d85
;;;Prepare funding proposal documents;2452b1ef-6d9b-46a8-ad0f-36efd06035e1
;;;Identify potential funding sources;a48ca614-b17c-44af-b42a-4532554c4658
;;;Present proposal to investors;d42ed6a3-9d45-4d13-91cb-a2488f9b0320
;;;Negotiate funding terms and agreements;027a3d3a-f4e1-4ac3-8377-3d41eca64ae6
;Market Research & Validation;;;f0aaf33c-23f8-45f9-b1c8-7a49fefd142d
;;Analyze Copenhagen Hospitality Market;;f1107cae-19b9-4dd1-b80d-bac31cb3d9dd
;;;Gather Copenhagen hospitality market data;9752ccb4-edb3-4c70-b7b8-6d1d063bd515
;;;Analyze market trends and seasonality;39617055-c075-4981-b9e2-6b503bc8136d
;;;Assess impact of tourism on accommodation;25dea491-d618-4326-bd8a-183b77abca63
;;;Evaluate economic factors affecting hospitality;173f5e21-dc78-4370-9f8e-7290f9feb34d
;;Conduct Competitor Analysis;;c6dd5e13-48fb-4716-9911-ce55172a3026
;;;Identify Key Competitors;8817b853-717d-4d63-a26b-21b38c8c7bc4
;;;Analyze Competitor Pricing Strategies;6355f3a8-8c7e-4436-bf9e-293250cb0fd6
;;;Assess Competitor Service Offerings;d5bd0be3-9516-4d4c-a1c1-f8bebd9e1fd6
;;;Review Competitor Marketing Tactics;2d3b1d05-ac14-4d1a-976c-546eedc23d25
;;;Summarize Competitor Strengths & Weaknesses;34ebf9d6-f455-48ba-bf23-0ab7ca5a6f02
;;Survey Target Market Preferences;;fcf4faf6-bcf2-4f39-b8a4-d0f6df2c7320
;;;Design Survey Questionnaire;2ae2f1b7-e9e1-4a06-b899-b099cf2da0d1
;;;Pilot Test Survey;ce0f4526-ff84-466d-a797-c32a1c7c917b
;;;Distribute Survey to Target Market;9a477fc9-5a1c-4887-8b33-0d63f772e3eb
;;;Analyze Survey Data;dd21859f-1467-4185-9c8c-2bff919535e9
;;;Report Survey Findings;a379d4f5-dad7-4d79-a8d2-ed6668cf38bf
;;Validate Financial Model Assumptions;;5d50f776-d44d-4052-ad84-cff0fbaba972
;;;Review Copenhagen market occupancy data;423f634d-a2d6-4380-b07c-636ef230edbc
;;;Refine ADR and occupancy rate assumptions;45d31099-568a-4432-9b33-6601c7eef4bd
;;;Conduct sensitivity analysis on revenue projections;ce4589e2-cb3c-4263-98a4-a77867365a52
;;;Consult hospitality expert on model validity;8624f6e4-ab6f-443b-8a53-52306c9d60ea
;Location Acquisition & Permitting;;;8aca6d31-b5d9-4b60-a165-d4349f7c04e3
;;Identify Potential Locations;;91e48398-f1da-4eb3-ab0b-179b3029c44c
;;;Define Location Criteria;01716b12-f7c0-447b-8ffb-7aa98902ede6
;;;Research Available Properties;521f669d-f414-4b58-bd69-c06ac0183028
;;;Initial Property Screening;e043dc99-75a8-42b3-b5e7-68f9a410fb79
;;;Conduct Site Visits;e6f40e12-0a69-4537-817f-fa9474b6554c
;;;Assess Infrastructure Capacity;2868e2ad-5811-4040-9dce-d5e629d1fcbb
;;Evaluate Location Suitability;;33ed98e3-c25d-4941-b263-e9a8cc6f59a7
;;;Assess location demographics and foot traffic;edd12cf7-5dee-4677-9483-a21641c31718
;;;Evaluate proximity to transport and amenities;ce8f45ef-7eaf-401f-a028-dc731818ba49
;;;Analyze zoning regulations and restrictions;deee4629-c4ca-47ca-b156-a8ca98cdf61c
;;;Conduct site visits and inspections;61b91c4e-d878-4c72-92ce-63d29579a413
;;;Estimate renovation and construction costs;7d52ade2-55ac-411f-b674-d858a66b9cf1
;;Negotiate Lease Terms;;7423a946-3fa1-423f-aab9-e50571249fed
;;;Research Market Lease Rates;50073cd0-9d33-45a8-a985-2b4e5750d65e
;;;Define Lease Requirements;8a95bea2-6985-4555-bc03-84744aa8d434
;;;Prepare Negotiation Strategy;d4f241e1-92e3-4923-bf8d-8481480f220c
;;;Conduct Lease Negotiations;bb1f37c1-dbc5-453e-b6d1-033123c05a8e
;;Obtain Building Permits;;9d01a978-493d-4739-ab1b-ba7395be6cb6
;;;Prepare building permit application package;040f4b59-bfa3-4162-886a-1cc19167fd03
;;;Submit building permit application;88627b80-b5b1-43ac-b63c-5ef853aa370f
;;;Address municipality feedback on application;ca86958a-b8c9-43cc-80ba-dffc3ea4c73f
;;;Pay building permit fees;f26569d6-e495-4c88-8f42-0c7ee2c67f7e
;;;Track building permit approval progress;eaf8c7e3-7990-42f5-b373-7aba49949118
;;Obtain Fire Safety Permit;;b52aea50-221c-4851-8c07-45f639db22e9
;;;Review fire safety regulations for hotels;8a62317b-b4f7-4c78-9330-f0494b860262
;;;Prepare fire safety documentation package;66f44f91-5ed9-4f52-a4d0-c2eaf39912ee
;;;Submit fire safety permit application;c285939e-d0ca-41c9-bcda-7ce8bd35e624
;;;Liaise with fire safety authority;e024c4b3-dda6-4bb0-bf9e-a9af2e6e862f
;;;Address fire safety inspection findings;f639b276-c21b-45fb-b418-6574fcf2e894
;;Obtain Zoning Approval;;052859f1-c6eb-4ea2-bf0c-adad2067b86c
;;;Review Hotel License Requirements;32bf18c4-14d5-4b13-924f-b6f22cc86c28
;;;Prepare Hotel License Application;489ff8e4-575e-445f-a765-7fdb478425e7
;;;Submit Hotel License Application;b529b727-0b0c-4326-9b43-c9fb076c44f0
;;;Address Inquiries and Compliance Issues;71ef0de0-a5f1-4dd5-b315-eb46829c9afb
;;Obtain Hotel License;;31923276-a7d2-45e9-9f92-d69588402594
;;;Prepare Hotel License Application Package;31a8a7cd-be88-4efe-9470-1d7c44c59ed5
;;;Ensure Compliance with Health and Safety Standards;cdd86868-ee32-4be7-86c9-a288e3cf322a
;;;Submit Hotel License Application;57a6a676-68ba-418f-9916-7de6dfc5defc
;;;Track Application Progress and Respond to Inquiries;5d025ea7-3b73-4917-a32c-d12db29db39c
;Supply Chain & Manufacturing;;;33c962c9-1a9d-4f2a-81d9-6dbd18f6bf5f
;;Identify and Vet Suppliers;;976c6431-77a4-4b41-994f-0ce389664217
;;;Define Supplier Selection Criteria;0fe7ee06-3d61-4cb0-8c9f-2e33793527e3
;;;Research Potential Suppliers;f928cbb2-233f-4f5c-9cd2-47915323244b
;;;Evaluate Supplier Capabilities;ab82b6b1-1857-4dcb-95e9-61448c2eb837
;;;Request and Analyze Supplier Quotes;6c50a888-d15d-499d-9bde-8d1a77fb37ad
;;;Conduct Supplier Due Diligence;167e3607-df13-43e7-843f-a32d3ea4ae93
;;Negotiate Supplier Contracts;;5b5703f8-1d0d-4a62-8a87-70ba4ea9fa88
;;;Define contract requirements and specifications;1982469c-84d5-4f93-8582-86f380587fd1
;;;Research supplier contract templates;0235737e-d02f-41c8-adb8-5a413cc0fd8a
;;;Conduct negotiation with shortlisted suppliers;42a3aaf3-794b-48ed-b2f7-74f4cfe0dba3
;;;Finalize and execute supplier contracts;d4c76de8-821c-4e20-9e0c-f9f6637d90e5
;;Procure Capsule Components;;f4de81bc-7d01-4dbb-8e33-62cd94a359b1
;;;Finalize capsule component specifications;b4d42027-66a1-4821-8958-6eefef877817
;;;Issue RFQs for capsule components;68689624-2775-4d1a-8f65-b8a02f6af068
;;;Evaluate supplier quotes and select vendors;9438f5a4-a59c-4860-928e-0ec7e1ad3652
;;;Negotiate component pricing and contracts;9404833e-0558-4057-a9d2-a091c6690c3a
;;;Issue purchase orders for components;676728fb-84d3-4f0e-aaa2-a77b3236fea6
;;Establish Manufacturing Process;;d0e8ab59-5850-43f0-9e3d-7a959d02371b
;;;Design Manufacturing Workflow;4acdae56-f34a-4b87-b2e2-115b7277f382
;;;Set Up Production Line;cc4ad33e-e73a-4201-8093-bbd1050da362
;;;Train Manufacturing Staff;cba43d11-caf4-4b60-a4e8-d980a1260367
;;;Test Production Run;846c22eb-a7db-49ff-96f8-7b8b9652d66b
;;;Optimize Manufacturing Process;93bc07fc-7fc8-4b2a-b953-034961c92984
;;Implement Quality Control Measures;;9673b2c7-7095-4a4b-9ce0-4359655c3bf7
;;;Define Quality Control Standards;6017e792-7d2b-4cfc-a1f3-4cd21065d3ab
;;;Implement Inspection Procedures;c2d71d7d-0771-4a29-bf50-bb25587cfabe
;;;Conduct Supplier Audits;181649cc-4745-4013-862b-edd43c6a3255
;;;Establish Corrective Action Process;ad66fe1e-59ce-4c89-a609-a97bc96f4000
;;;Monitor and Improve Quality Control;20dc566d-6a23-49f0-a5ba-e04c0761a2eb
;Construction & Installation;;;e965d140-36a1-4ba7-b168-261d2c7ef4af
;;Prepare Site for Construction;;be72865f-c0c6-4ce8-bada-a82eea7bedbf
;;;Assess Site Soil Conditions;f1597cd9-d64a-46a5-af92-79b8ffe70bb9
;;;Map Existing Underground Utilities;20b0c609-9828-4c8e-9a94-403c6b3dabe1
;;;Clear and Level Construction Site;9612c4c6-c0af-46ae-af4b-72b3493a98f2
;;;Establish Site Security Measures;96a5a90c-0295-4641-9853-226d995a0d2c
;;Modify Shipping Containers;;5385050b-94d4-427e-b7f3-8f8b791b7c56
;;;Design container modification plans;c3f159f1-4d8b-466c-9ca4-7675e33850af
;;;Source container modification materials;0a2b3f23-1f41-4d2a-852d-70d05f17e6be
;;;Perform container structural modifications;c3f65c63-3be2-4a13-9011-48c727fe8776
;;;Inspect and approve modifications;75109863-8237-401c-a216-da43e0338eb4
;;Install Capsule Modules;;8b6b1d15-d958-48e7-bda6-b23f3feca09d
;;;Prepare Capsule Module Installation Site;635da61c-99c8-4aab-ab9d-518fc1cd8c26
;;;Position and Secure Capsule Modules;3e8a57ef-f5e4-4410-9488-834e66be1911
;;;Connect Inter-Module Utilities;ccd6e1d0-3979-4e4e-9ce0-66d0d3a8b710
;;;Inspect Module Installation Quality;97d1e291-3d43-4ea5-98e6-50cac7b5a7fc
;;Complete Interior Finishing;;f8b1efff-8597-44be-ad1f-e8944dc138c0
;;;Select Interior Finishes and Fixtures;0e12f17c-b18c-4adb-85f5-4e6bcbd6fa68
;;;Prepare Surfaces for Finishing;04a85434-4551-4b52-a8e4-f2c9f4e51167
;;;Install Flooring and Wall Coverings;2dfbafae-ba4b-48f1-9cb6-ba0f0ee86924
;;;Install Interior Trim and Fixtures;f1c36702-d0ff-45d9-a411-f06940571383
;;Install Utilities (Electrical, Plumbing);;f70436df-34a4-4a23-aefe-935fd29c4cf9
;;;Plan utility integration with container modules;0ea3f220-3adb-45da-898f-abc3ca38f388
;;;Inspect existing building infrastructure;97b76bd8-f6a3-4835-bc84-a6b029733252
;;;Coordinate utility connections with municipality;5fed0084-f945-43cc-8e36-d462a817c9b9
;;;Install electrical and plumbing systems;38c1af21-5274-4697-8c87-cdf3c93cd8c6
;Marketing & Pre-Launch;;;7bcd1bb9-1b16-4bea-bbe9-c4862966dc2c
;;Develop Marketing Strategy;;c8a26c11-8bc7-4809-bcb0-ef07de6e5ebb
;;;Design Website Mockups and Wireframes;afd2f9da-3ed7-4667-9e8c-793884552c68
;;;Develop Website Content and Copy;bad7581d-fad8-4411-bab1-ac0f1c6832ab
;;;Build and Test Website Functionality;5bf5a80a-4e0a-4a15-aaa3-a07b4fb6610e
;;;Integrate Booking System API;854660a4-07e7-4127-9224-16b6059b6ded
;;;Deploy Website to Production Server;19b95f05-e13c-4022-bcb2-5d28db4dd3ab
;;Create Marketing Materials;;d39ac25a-8aa6-4527-8d17-d6e1ec5180e6
;;;Design marketing materials;606e2006-337b-4b09-9ccb-d9c4c4f4b9dd
;;;Write compelling marketing copy;4d193ced-d2a1-47f6-a4d0-0bef3da53ed9
;;;Obtain stakeholder approvals;f975fe0e-d7c7-479a-9961-168a2fc3cb2a
;;;Produce marketing materials;206a7989-72c5-49d3-a3b1-b60d2b58ca83
;;Launch Website and Booking System;;2bbe0638-1669-40e1-a6be-6dc344724d7b
;;;Design Website User Interface and Experience;f0065c8f-33f8-4223-93f9-b1708fdf37e6
;;;Develop Website Frontend;58fe5910-4a1f-4f0b-b140-925d8772d2c3
;;;Develop Website Backend and API;23da1051-20a9-4439-b52d-d622dd8c7907
;;;Integrate Booking System;9d613ab0-9dc0-4f6b-8b40-d1cd8d764096
;;;Test and Deploy Website and Booking System;b8d27e6d-f905-478d-aee5-6bc1746d1d8a
;;Conduct Pre-Launch Marketing Campaigns;;9643d716-0c26-49c9-b80c-a5bd51526fc6
;;;Plan pre-launch marketing campaigns;851f7044-c6ed-4c74-b10d-74c75a36cd36
;;;Create engaging campaign content;930413da-26ee-4586-8bd6-bae4f07191fb
;;;Execute pre-launch marketing campaigns;3333cd86-ed0a-47e4-b250-6c223b1f2662
;;;Manage public relations and media outreach;726d1775-4e75-471b-99c5-03c9ddf66565
;Hotel Operations & Management;;;9a56196c-94d6-4751-bb99-c04767379d45
;;Hire and Train Hotel Staff;;04ba3f80-dbc1-45cf-b228-b0f2454cf2fa
;;;Develop Job Descriptions;5a11fade-3092-40f6-84a9-2b52c1b48687
;;;Post Job Openings;393282a7-0701-425e-aa19-7f1ea503e673
;;;Conduct Initial Screening;6bb72aaf-14b2-4d3a-a059-99929b045c92
;;;Conduct Interviews;fb9aa2d4-680a-4683-8a9a-23d960c3a543
;;;Background Checks and Onboarding;3caf9609-070c-4d15-ba1e-51d7c9cb3ab0
;;;Provide Job-Specific Training;2720eb95-abc4-4be8-98b9-144bc5c6288a
;;Establish Operational Procedures;;f40a0ac9-bb91-4128-8d11-c1f791f856ea
;;;Document current operational workflows;0ea2e126-db53-460f-9f5d-e9826679ff5a
;;;Identify areas for procedure improvement;072ec3bc-ca4e-472a-8c90-9ddc7dbd74b4
;;;Draft new operational procedures;510bf42f-0f4c-45ba-92e8-1bb3c4499845
;;;Review and approve new procedures;53dcb04b-b513-44ba-81b0-bd19e5dae1e7
;;;Communicate and train staff on procedures;8ab4a963-50c0-4b2b-83b2-f892ae7dc4fa
;;Implement Revenue Management System;;575820e1-95b2-4d20-84f9-64e1ab2c56dc
;;;Select Revenue Management System;56d993b7-1697-4604-a525-68845f96cbb5
;;;Configure RMS Settings;06c8846a-a098-4fce-a1d0-1e112d835d46
;;;Integrate RMS with Booking System;d60e48d7-abdb-42e9-8de9-a56ae5892348
;;;Train Staff on RMS Usage;1db117de-cb06-47ab-bfe0-ade5c7544e8c
;;Manage Customer Service;;e27426c0-74ae-45b4-8878-0412b32ffe6d
;;;Establish Customer Service Standards;cb858ff3-c691-4f82-87d8-9ade441dc4e8
;;;Train Staff on Service Protocols;58b4377c-ecd7-4849-a01c-7efffc7330f4
;;;Implement Feedback Collection System;a1e5b2cd-0029-4308-87dc-07c0ab8e8ac4
;;;Monitor Service Performance & Improve;dae0af65-63d2-4bdd-ab1d-6ac584b44243
;;;Handle Guest Issues and Complaints;3e2371ad-b7e5-4345-a8d7-c08172bde4f5
;;Monitor and Evaluate Performance;;9f8737b4-4dc1-41fb-8f8d-adb8112a9afb
;;;Define Key Performance Indicators (KPIs);4380984e-f089-45f0-beaa-72860a64fcfe
;;;Collect and Analyze Performance Data;3dda7032-72f9-418a-bfb2-9c1fbf76e67f
;;;Compare Actual vs. Projected Performance;a0988078-e088-472f-a8c6-0e054b8934af
;;;Implement Corrective Actions;f821f63a-8e5c-4105-8b70-b80f00b6035b
;;;Report Performance to Stakeholders;dbf14226-d4a5-4ebe-85c6-9fb011ba8bd7
;Expansion and Scaling (Phase 2 & Beyond);;;c4671a9c-74e2-4189-b001-0413096c02b0
;;Analyze Phase 1 Performance Data;;2de32599-222b-4936-ace0-c0e77682c7d6
;;;Collect Phase 1 data;ecc6270b-7d0c-4a12-a266-a75a464f3d1b
;;;Analyze occupancy and revenue trends;81e6d86d-6423-4f20-99fc-0ea39303b8f8
;;;Assess customer satisfaction levels;3c95c1dc-cf77-4c0e-a851-e8b9d423f9c4
;;;Evaluate operational efficiency;480501ab-07ad-411d-a681-bd4de32ede4b
;;;Prepare Phase 1 performance report;238cad39-1848-46cf-a8a2-b0648e89eb30
;;Secure Funding for Expansion;;ab6dad09-c5e1-420d-b9f4-606e0a3d88de
;;;Refine Business Plan for Expansion;b3350ae8-903b-4750-9c3d-c85e52dd484b
;;;Prepare Investor Pitch Deck;926579a3-1a6d-45e8-bce3-b3f58d19826a
;;;Identify Potential Funding Sources;56d422ca-cba7-4766-8128-506758167c58
;;;Schedule and Conduct Investor Meetings;5140e9e8-bbe2-41b3-b34e-93cc26b8f764
;;;Negotiate Funding Terms and Agreements;779a30d9-df0b-4c56-a393-a200caf3bb61
;;Identify New Locations;;85cbda67-ef48-4892-ac26-b2b45a5522be
;;;Define Expansion Location Criteria;fa71f8ec-7b11-4d16-802a-8aee4c3c94b5
;;;Scout Potential Expansion Locations;d6fa6443-271f-47ea-b75e-f32279f59ad7
;;;Evaluate Location Feasibility;c15faf70-4109-422d-a9e3-1e1bc09d9942
;;;Negotiate Location Acquisition Terms;7e821bf6-d348-439a-b1b8-a4f194640612
;;Scale Manufacturing Capacity;;ad69a368-a1ee-4279-ac2e-89ac450d1c31
;;;Assess current production capacity;48a7e315-05b1-4894-a225-aeb0a52adcef
;;;Research scaling options (in-house vs. outsource);a12c5033-669c-48e6-8b5c-64c39e10e7a4
;;;Identify potential manufacturing partners;f06be6fd-b9f0-4f1f-a544-65e448972014
;;;Negotiate manufacturing agreements;ad1e1b59-1834-4765-9020-332ee603b750
;;;Implement expanded quality control processes;215f95e5-3f81-4690-8db8-cc11771b5f9f