Level 1;Level 2;Level 3;Level 4;Task ID
Squid Game USA;;;;fea254f6-cdb9-4555-a2df-128df6d40a0c
;Legal and Ethical Framework Establishment;;;693dd4e1-bcd9-448f-8283-e60f72a6a78b
;;Define Ethical Guidelines and Principles;;0c826d34-c00b-43f6-ade8-ff1dbd89576c
;;;Research existing ethical frameworks;12d92d4a-287e-47ea-89bd-c6c08a87c9b0
;;;Identify key ethical considerations;69f4efce-d6bd-4c53-aff0-06f83c54f883
;;;Draft preliminary ethical guidelines;a9e78bce-e588-4243-90ba-3d412aecd54a
;;;Consult with ethics experts;f47e0efc-9698-4f9a-afed-7713c376fdd3
;;;Finalize ethical guidelines and principles;a1cdb5af-5d73-4d0f-9c52-4e8d928b3fb7
;;Research and Analyze Relevant Laws and Regulations;;ef3c7daa-adbf-465f-8f23-2fa72dfe665a
;;;Identify Applicable Federal Laws;0ed54b0b-8ae6-4244-a742-bc277362fe32
;;;Identify Applicable State Laws;4d55fe83-64a1-4cde-ad20-cfe94ba0d526
;;;Analyze Constitutional Law Implications;090fdca0-b558-4582-9fe3-7c52bd269e86
;;;Assess Gambling Law Applicability;abe268da-69d9-482e-9349-75b2aa7eb978
;;;Document Compliance with Data Privacy Laws;cc60f574-ae89-4726-9e69-f6e7be4ac776
;;Develop Legal Compliance Strategy;;e590f9ca-bc6e-4cda-b57a-ab75e468c2e3
;;;Identify applicable legal precedents;0f912c2a-dcb1-4305-b397-7678426cd3c8
;;;Assess constitutional law implications;bea62162-0057-4788-b4d4-95e3c6f5b263
;;;Develop legal defense strategies;43bf6b0d-6790-4e7b-b6a0-63fb56effe7a
;;;Document compliance with laws;d61e9db8-0f00-4f1f-8ae7-f252017e7fdc
;;;Monitor legislative changes;8169195b-eb1e-4fae-8d33-6a70d17ffcae
;;Establish Ethical Oversight Board;;cf491b7a-c62b-4229-b0b8-72906520f844
;;;Define Board Member Selection Criteria;37757a3d-d3d6-45ce-8358-d087c649af54
;;;Identify Potential Board Members;96fb229a-293c-4969-95f4-8fcbfc2663e5
;;;Conduct Background Checks and Interviews;7575e680-5931-46a9-b42f-9b30d4608808
;;;Establish Board Governance and Procedures;71d6b152-bc41-4501-b6e5-4866da99cedc
;;;Onboard and Train Board Members;eb7a67bb-eba7-4803-adb6-3363ad2b7ce3
;;Design DAO Governance Structure;;69cc9478-7023-4518-9464-834693da9993
;;;Define DAO Tokenomics and Distribution;a4c4496b-ee6a-47a5-ada5-9b77fb9ad9bd
;;;Develop Smart Contracts for DAO Governance;50ad8802-e390-4ba4-b956-5ca5abd3a7a8
;;;Establish Voting and Proposal Mechanisms;dc0775f1-63ba-4670-934a-75d4441def01
;;;Implement Security Audits and Testing;d4f7d19c-26ac-416f-bf18-351137eac541
;;;Document DAO Governance Procedures;69d204ad-ac56-419c-a95c-def0201a2657
;Participant Recruitment and Selection;;;b3105760-deb4-4034-85e7-18614d410df0
;;Develop Participant Selection Criteria;;58f1cc20-05f4-4670-b0be-d6b6c1087c8e
;;;Define Target Participant Demographics;07ce43f6-25d1-4ecc-bd1e-835f8a58366c
;;;Research Effective Recruitment Channels;6028d035-5ed0-4192-943d-c42e074d681e
;;;Develop Compelling Recruitment Messaging;f7378a06-339c-42e1-9ca8-c630196483f7
;;;Establish Application Tracking System;78cff169-a2ab-4340-ac78-ca3119f08bf5
;;Design Recruitment Strategy;;0dc681b3-1923-4102-8895-9dcc33cbbb9b
;;;Identify Target Participant Demographics;fd0e2359-23cd-4c25-9c3c-abe6960fcce0
;;;Select Advertising Channels and Platforms;b44a1398-72b6-414d-af5f-096f4623dbe1
;;;Craft Compelling Recruitment Messaging;5fd1be11-677a-47c9-835b-5fb91b5c196f
;;;Establish Application Submission Process;9bd71fd4-2085-4f72-9f3f-fa1f7c955b58
;;;Develop Screening and Verification Protocols;c2cb039b-15de-4bf3-b89e-c2be2486145e
;;Implement Application and Screening Process;;5bd65e23-6745-4f25-9ea3-999e03bb538a
;;;Develop application form and instructions;478f1499-0323-4d73-8853-143a9f37aee5
;;;Establish data verification process;3b493ba4-da2d-4f87-95f3-0dd347e18df4
;;;Train screening committee members;a9e76623-a20a-4d66-8658-774f3176ba3e
;;;Implement initial application review;68142b39-916f-4d97-861e-42f1bc0e9f53
;;;Conduct background checks on applicants;ef18bfec-cae7-4db3-874d-cdcc2fbe3d09
;;Obtain Informed Consent from Participants;;3fc1a933-db37-4a5c-b032-b4ff1205deb9
;;;Draft Informed Consent Document;33fd5c3a-8d2b-44d5-910a-ff739b3558bd
;;;Review Document with Legal Counsel;6bb083f0-977a-4ba2-a5b4-4b4042007d7f
;;;Ethical Review of Consent Process;280c85fc-8341-4232-a14e-553979702c8e
;;;Develop Consent Administration Protocol;afcbe5b5-dcaa-4e3a-84aa-209ccaf91a0a
;;;Pilot Test Consent Process;99e30b04-8366-4458-9980-cf88b85b0eb4
;;Conduct Psychological Assessments;;10c68971-ddba-481c-868b-b532aa694ec8
;;;Select Psychological Assessment Tools;b6c426f1-016e-4350-b0c7-cef79be972bd
;;;Develop Assessment Protocol;6580d47b-d8e3-4ddd-91a3-1001927d0d47
;;;Train Assessment Personnel;9e1f089f-9512-4865-8e4a-d03c674e37af
;;;Conduct Psychological Evaluations;21ad46c5-fa59-4c0a-96ca-dfac2acca1f3
;;;Analyze Assessment Results and Report;a66a452b-772f-45a9-bf3e-0ab48932c061
;Risk Mitigation and Safety Planning;;;f70ea04d-0e20-418e-94b5-1716ec021c8b
;;Conduct Comprehensive Risk Assessment;;f52a2ed0-4590-485f-b049-81c20403d147
;;;Identify potential hazards and threats;b4a932ce-fa17-49e7-92b7-8747dc81af53
;;;Assess likelihood and impact of risks;5a41c7e6-5c35-45f4-8c38-bcd7aff911f7
;;;Develop mitigation strategies for each risk;ace8ba9f-ab5e-4a16-aa07-e97c8a8725e8
;;;Document risk assessment findings;c47a4602-c362-4262-b165-356e09c3660b
;;Develop Risk Mitigation Protocols;;61c04a0a-ad29-4821-b178-63297549b4f9
;;;Define Security Protocol Scope and Objectives;650b5993-f935-4750-b55b-96981141e87e
;;;Identify Potential Security Threats and Vulnerabilities;a7d04ced-b4a8-47d7-b0a6-5849a02de895
;;;Develop Security Protocols for Access Control;914e9710-aa8c-4a4b-87e3-5876b3ce35d5
;;;Establish Communication and Incident Response Plans;22485b70-b838-4306-bb96-a70a01433e48
;;;Train Security Personnel and Staff;950d377e-e963-4e50-95dd-d10c2f15dfde
;;Establish Emergency Response Procedures;;f754d0d2-8433-4f24-94a9-5252478249f8
;;;Establish Communication Protocols with Emergency Services;af6ec833-2193-4147-88ad-bb166c1087ad
;;;Develop On-Site Evacuation Plans;7250348b-e494-4f5b-b4af-f2f4c396b4f7
;;;Train Staff on Emergency Response Procedures;68c74adb-cda0-4916-b3c1-99e335ba1f94
;;;Stock Emergency Supplies and Equipment;8430c5e6-b24d-4177-b8af-07e2b7768809
;;;Conduct Emergency Drills and Simulations;8a85d489-1d53-42c5-a46f-6cf288a4f9d0
;;Secure Medical Support and Resources;;b529d213-7cf0-4652-af50-c4437b75482a
;;;Identify Medical Personnel Requirements;3aa35763-7534-47ec-9e62-dc10e6a66e6f
;;;Source and Vet Medical Professionals;304d28b5-57d5-46d2-9696-691ea12a8e59
;;;Negotiate and Finalize Medical Contracts;bd5a190b-5c27-4ab0-95e3-34310f4b589f
;;;Acquire Medical Supplies and Equipment;34908513-1920-4843-951c-1ff0883e84a6
;;;Establish On-Site Medical Facilities;59f743e1-551e-44a8-97f3-b803137edb92
;;Implement Security Measures;;a2cc5073-28e7-4dc2-ae12-eb2cfc48d8ab
;;;Establish Security Personnel Requirements;0a10d5d8-643b-481d-97da-937aadc969c5
;;;Source and Vet Security Providers;030365bf-a8a0-4df9-b2dc-7819c656be79
;;;Develop Security Protocols and Procedures;198bff5c-6998-4162-a3a5-4d375102fa22
;;;Acquire Security Equipment and Technology;3dec8341-6f48-4c40-beae-a7a4578954b0
;;;Coordinate with Law Enforcement Agencies;a5d06d62-71da-4e33-8305-a933c2f2fc53
;Game Design and Development;;;48f01ff6-582b-4329-9119-c918de033ab4
;;Define Game Rules and Mechanics;;6df408bd-b772-497f-8a38-5805dfac3078
;;;Draft initial game rules document;d7b3d730-c87e-4748-ab28-e908a612f629
;;;Review rules for ethical concerns;f4f09e2e-c329-4dc7-a30d-d48f6c4831d5
;;;Define game mechanics and interactions;d32d0c67-4963-4f04-9a15-f0f2ce12a450
;;;Balance risk, reward, and entertainment;d992a0a0-e7cd-423b-8dcd-0874146f794d
;;;Finalize and document game rules;c43a6893-a00f-496b-a9ca-4a4b75694799
;;Design Game Environments and Challenges;;fb535ad2-26de-47b0-96f2-868103d4624a
;;;Brainstorm Environment Concepts;12fd6559-82e4-42b4-b610-49f49a9982cc
;;;Develop Detailed Environment Designs;f6a1c76b-8241-479c-b898-208bb02873af
;;;Design Interactive Challenges;5873c08c-0397-4e1b-83bc-bdfdb21007ad
;;;Prototype and Test Challenges;330bb2fc-37ae-40f6-89f9-52cebe7f727d
;;;Integrate Challenges into Environments;b832468d-702e-4762-a8ff-4c67546514eb
;;Develop AI/Robotics Systems;;9ee4a622-89b6-4db8-8fe5-5424f9c57531
;;;Design AI Game Logic and Behavior;b5c0ba50-a4fd-48ce-ba89-b73dc513f536
;;;Develop Robotic System Control Software;49be5f72-04c0-4bf8-a86a-124fb7320bf3
;;;Integrate AI and Robotics Systems;5d414b2e-dd56-4293-95f7-cf9911694e9b
;;;Test AI/Robotics Performance and Safety;4bef8e09-762e-4757-b98f-89b8f7869b56
;;Test and Refine Game Design;;aefc36d8-332e-4dc4-bc5a-bb6f218234e8
;;;Recruit diverse test participant groups;0ea565d3-27e4-4ba4-98e8-96d2d3f92385
;;;Conduct initial playtesting sessions;db1e76dc-095b-4e68-930b-2e2bb908d8af
;;;Analyze playtest feedback and data;6e6ff53d-3c86-4b0f-b3b4-f79f23cb0f61
;;;Iterate on game design and mechanics;a1ac4e1f-ece7-4951-bb30-1ba462e6f724
;;;Conduct final round of playtesting;241a4ffa-0e88-40e4-b217-a16ab9451d1e
;;Procure Game-Specific Equipment;;d8ab8e03-5b37-42f7-b8ce-fa2899ab1fb5
;;;Analyze AI/Robotics performance data;186e620f-0602-4ab9-9667-a8f521436411
;;;Review participant incident reports;bc782759-ef48-4e3d-a40f-4a3685f29abe
;;;Assess game design effectiveness;35e9bdef-b8c1-462c-81cd-3d8f98020905
;;;Identify ethical concerns from gameplay;d134b20d-fb28-4c7a-98bd-ee9cfff10f62
;Public Relations and Marketing;;;d6b3ebea-c8dc-4903-afc7-000332198338
;;Develop Public Perception Management Strategy;;01db7955-2796-49c9-92af-dbf0ca2c14a3
;;;Research public opinion on Squid Game concept;1bcd2a7f-c9e0-4d9a-9a22-c98b0fe00142
;;;Identify key stakeholders and their concerns;45e374f8-6c05-499f-bfc5-9ad929a23035
;;;Develop key messages addressing public concerns;f9be5659-0f5c-40ca-9e4f-4b3b23dc0b5d
;;;Create a crisis communication plan;e03e58a3-7130-4c56-bc6a-376835c5bdab
;;Establish Media Relations and Communication Channels;;5f5fec09-1125-4693-b942-2b8448fea79b
;;;Identify Key Media Contacts;e47d442f-c2ed-4d0d-a001-96a64fb85db3
;;;Craft Media Outreach Strategy;49e87d71-20a1-4e17-8c70-b566ee10917b
;;;Prepare Press Materials;4b2c5462-e6d8-49f9-a110-1409c9af964b
;;;Establish Communication Protocols;207e95b0-c590-4e71-b74c-1b2058f4cb1c
;;;Build Relationships with Journalists;9dfb0c73-2f28-48ce-ab2f-99b14ad46006
;;Implement Marketing and Advertising Campaigns;;3b62e2f7-0dc0-4005-a622-3805fcf6af4a
;;;Define Target Audience and Campaign Goals;ce69a128-4df1-4dfa-b057-3a10385b0475
;;;Develop Campaign Messaging and Creative Assets;ff007a51-163c-4829-839e-f37725821d7b
;;;Select Advertising Channels and Platforms;c3190eed-a2fa-4c74-b673-a3f73db63b20
;;;Negotiate Advertising Rates and Contracts;a49ebf19-55b6-4046-9738-28f05034da0d
;;;Monitor Campaign Performance and Optimize;62230902-0426-4b35-8c56-880c5b412ba7
;;Manage Social Media and Online Presence;;c7ae8d62-7b73-4cbc-aea9-e73895fd00cf
;;;Establish Social Media Guidelines;3e4ae11f-3554-4e18-a3bc-d0fd466e43da
;;;Monitor Social Media Channels;8017da9b-18e9-4f73-ba28-9b2ce51f64eb
;;;Create Engaging Content Calendar;4cb0d440-1a05-4316-98df-13ba9664aadc
;;;Respond to Comments and Inquiries;5acc2a40-d1ec-4f10-8c4b-33a2163b0a2d
;;;Manage Online Reputation;618f5e14-2c2f-4971-b3c9-4c5bcd6c5a1a
;;Address Public Concerns and Feedback;;53c3dc7c-2e07-458f-a02d-a41780c49730
;;;Monitor online channels for mentions;4108c30b-26c2-4e1a-a5cc-25ac1d08c533
;;;Categorize and analyze public feedback;67e55eb1-81ca-4118-b801-3ce9703ad620
;;;Draft responses to common questions;a5424001-e8b4-4eba-9df6-6648ca78e8bc
;;;Engage with public comments and inquiries;fe3e0743-415a-48a5-b7b0-ac72aec38c16
;;;Escalate critical issues to relevant teams;6a019835-84c0-40e1-a29c-a0da0e9d4020
;Event Execution and Management;;;9e8a43d6-1ba3-40bb-b779-7c43211b97b6
;;Secure Venue and Infrastructure;;b1c0a2ab-0475-4def-9639-a7bb482ba05a
;;;Finalize venue contract and agreements;6ae04819-cb65-4908-810d-2bd09729efa3
;;;Coordinate infrastructure setup with venue;224e04b1-ec9d-4c54-8655-57e4a8e6f68a
;;;Develop venue layout and floor plans;8d005dc7-fc65-4d71-9db3-cc2ee9f2514c
;;;Establish communication systems at venue;7767eaa0-69c8-41f5-97dc-b8312568a24a
;;Coordinate Event Logistics and Operations;;ebe46ba6-dcf1-42d5-9d7b-c4b5d10fd63f
;;;Finalize venue layout and floor plans;da6eaa42-1115-43ff-884b-d4a91580819d
;;;Manage equipment delivery and setup;0d2b02fe-34b2-42fa-85bf-199ccad2c37e
;;;Coordinate catering and vendor services;30810fa8-619f-49eb-bdfa-6360fffb01d3
;;;Manage waste disposal and sanitation;e8570d9c-62a2-43cb-8cae-fcc80bc8d624
;;Manage Spectator Access and Viewing Experience;;d4d8320c-ccbb-47e5-b0a6-9f98208297e7
;;;Plan Spectator Entry and Exit Routes;8f2088c7-4967-46d1-aa79-88e09be88357
;;;Design Ticketing and Access Control System;0bee7167-4e0b-4a36-8cfd-e51b0f62e289
;;;Establish Communication Channels for Spectators;5823f62f-73f2-41aa-92b6-cc92a837f3f5
;;;Coordinate Transportation and Parking;7de69eaf-7f86-410b-bca6-fe35c0cee8e8
;;;Ensure Accessibility for All Spectators;d0cf4af7-2ee0-4d0c-9c01-22a485a9c17c
;;Oversee Game Execution and Safety;;8a03ff97-7d23-486b-82b5-ec7c4bcf4aa8
;;;Monitor AI/Robotics performance;504cdbb7-6333-4c8d-b77f-a6fa26f287d1
;;;Provide immediate medical assistance;f7a7db9a-12f4-435d-934a-ace2c0f524f6
;;;Enforce safety protocols rigorously;4b533bb0-e029-4807-924d-c40faad827e3
;;;Manage incident reporting and response;165b5625-e92d-4986-a2aa-e38d333aec84
;;Provide Post-Event Support and Resources;;5838c502-274e-467e-9d66-91919357193c
;;;Establish Participant Support Hotline;f5744c06-f3d2-4922-a615-f52f32b9e195
;;;Coordinate Psychological Support Services;cd1fff8b-60bf-48f2-a431-40a9e6733ef8
;;;Process Debt Resolution Paperwork;27686b10-c4e5-4b79-ab0c-5cab459b36ab
;;;Develop Reintegration Programs;36d3d602-6ff6-4097-a592-99fe2b45d808
;;;Gather Participant Feedback and Improve;ad6606a6-a841-48df-adaf-68972a8f194b
;Post-Event Analysis and Reporting;;;9c64dbee-360a-4a86-8e8f-e6dd639f2d30
;;Collect Data on Event Performance and Outcomes;;8ab35e6e-dfe1-4e34-98f5-47cae7d34174
;;;Define data collection scope and metrics;63a30836-96c8-42c2-957f-f553e5a00700
;;;Establish data collection procedures;cc09257e-41be-49eb-a8ca-b07d21367dd7
;;;Implement data collection tools and systems;0710f8aa-4a3b-4e6c-a287-269baa5255c0
;;;Train data collection personnel;83208b97-15d5-4395-9642-7e91f75703e8
;;;Monitor data collection process;ed2b4590-1761-42bf-b4bc-5960a5cc08cb
;;Analyze Event Data and Identify Lessons Learned;;22712dbb-b9a9-42a9-9c43-37651844fbd6
;;;Clean and Prepare Event Data;8ef101ed-7dc4-4d92-a3a6-c393a9da076d
;;;Analyze Participant Performance Data;62d8ec52-f5ed-4680-8480-523eceef8435
;;;Assess Ethical and Welfare Outcomes;01151038-1339-40d0-8340-7089e9de3d6c
;;;Evaluate Security and Risk Management;5a719ae7-b676-4bbe-82d3-e8c9791b5d51
;;Prepare Post-Event Reports and Documentation;;4d76f1cc-4b3b-4651-9517-0f145f38d7d1
;;;Define Societal Impact Metrics;ea080f8d-7f5e-4037-81e2-4373545d0c02
;;;Collect Societal Data;179e9ebf-27a2-48a6-bc4b-90b83ae99603
;;;Analyze Societal Impact Data;25bb0f7c-6256-48ce-93b6-c3d6c53cce98
;;;Interpret Findings and Draw Conclusions;8562dc02-477f-4671-96b6-a0b3874c6871
;;;Document Societal Impact Evaluation;7b425a15-e6e9-4ce7-acf7-b274637d22c3
;;Evaluate Long-Term Societal Impact;;1bfd737d-29aa-45ce-8123-724414683f7a
;;;Define Societal Impact Metrics;3f6cc685-7bdd-49de-8b98-a082736e8212
;;;Gather Relevant Societal Data;40deefa1-317f-4d2b-91fa-1ff7d48a2363
;;;Analyze Societal Data Trends;29524bc8-d180-4cf1-8fd0-f0112c878f34
;;;Isolate Squid Game Impact Factors;47a2d999-64e2-4a46-badb-9b821bd989e7
;;;Prepare Societal Impact Report;b9361b18-9552-48b1-9868-90f58fe87ee4
;;Disseminate Findings and Recommendations;;f9d247ef-c59a-4551-a01d-ce27107c7bc5
;;;Identify Target Audiences;eac32ad4-90e9-43cd-8456-025bd12bbe8e
;;;Select Dissemination Channels;4b4d3ce6-af5c-42e5-8020-963790af586a
;;;Prepare Dissemination Materials;e4506bfb-1f41-43f7-a671-5f8de09a8350
;;;Execute Dissemination Plan;da77a7a6-00b0-4d00-8287-fd3e5b2e92f4
;;;Monitor and Evaluate Impact;9e39c289-7537-467b-ba3c-e645e56ba49b