Level 1;Level 2;Level 3;Level 4;Task ID
Yacht Construction;;;;213615b2-bc1a-470c-8ed4-af680fda2704
;Project Initiation & Planning;;;d354a718-b0ea-4597-b578-e1395c335aa7
;;Secure Project Funding;;6a43b4db-b7cb-43a3-8a9d-1effc4f2c54f
;;;Prepare funding proposal and pitch deck;e73c35b8-6fc3-434d-8fa5-0966b16c458b
;;;Identify potential investors and lenders;6a8819a3-4bd2-49ad-b694-fd55a2014c2a
;;;Conduct investor meetings and negotiations;a816f058-e193-4622-91ac-4a1691f9c60c
;;;Finalize funding agreements and secure funds;a001abe6-deb3-443d-b29c-e27005564921
;;Define Project Scope and Objectives;;2324562a-e0ff-43ed-ab21-60c11076df9f
;;;Identify Key Stakeholders and Their Needs;f9037dbb-73ed-462e-aa76-f903a379d436
;;;Define Measurable Project Objectives;03e3f8e0-a581-44e9-9188-8b86f9dcd443
;;;Establish Project Success Criteria;058eb9cd-b46e-4518-892c-77a86aa15c49
;;;Document Project Scope and Boundaries;2e464ce0-ad8a-4546-bc08-00ae225d3a06
;;Develop Project Management Plan;;3f53fa32-01a2-4bbc-89d0-f3c6902ee917
;;;Define Project Scope and Deliverables;d43e94ee-3398-4b97-912d-f13eaa3e1334
;;;Develop Detailed Project Schedule;16c6c3fd-6cc5-4abb-a31b-a219c008b85f
;;;Establish Communication Plan;75d0276f-8852-4ea1-b339-d4e39c580f8b
;;;Define Resource Management Plan;55ef6e06-4905-441c-a064-844f45621bb6
;;;Create Risk Management Plan;6dbd8b99-c2cb-420e-a511-fb375277f71f
;;Establish Project Governance Structure;;3fcd258f-4702-40eb-8418-83515db2c97f
;;;Define Project Management Methodology;decf80bf-7e63-43ac-b68e-803b4ecd5947
;;;Develop Communication Management Plan;fd918167-cdb0-4622-86f6-c1bcd4523dd1
;;;Establish Change Management Process;d63cea34-b498-4619-8a39-07be8d324476
;;;Create Resource Management Plan;7d9c3f2c-5bce-4c8d-aae4-2d47844a811d
;;;Document Project Roles and Responsibilities;96d2bf18-65f1-4783-82fe-3f53b63fe68e
;;Conduct Initial Risk Assessment;;3ffa292a-2fbf-4fe0-92f1-91cfd1aa773c
;;;Identify potential project risks;08f49c07-1107-42f5-aecd-80ad963cbf96
;;;Assess likelihood and impact of risks;6e2bbed7-92c5-48d9-b253-540dca4bc16f
;;;Prioritize risks for mitigation;16cf0f14-08ff-4d91-8b00-e2813ac8b30d
;;;Develop risk response strategies;248f66f8-a411-41d1-8ebd-be6ab3a87c80
;;;Document initial risk assessment results;9a587138-edee-44ca-adff-cb9d62ff5482
;Design & Engineering;;;ce8cd0a8-2908-4f09-ae66-3c79a4de7d44
;;Finalize Yacht Design (AI-Driven);;85d62f00-dbd4-46c9-9189-e923c1c43c6e
;;;Gather yacht design requirements and constraints;beb7cbdb-0495-4287-99d9-7b994d0c6bc3
;;;Develop initial AI-driven design concepts;edf834e9-2484-4ed0-a87a-e0acabdefb99
;;;Evaluate and refine AI-generated designs;bed26073-5ac6-4b0f-bcb9-7569d211f25a
;;;Integrate AI design with naval architecture standards;586cd762-c855-47b0-a605-8454b2deccf9
;;;Finalize yacht design and create detailed plans;0bc99222-b639-450b-9684-4fc8725df31c
;;Develop Detailed Engineering Specifications;;f02f76b2-6f71-4f62-87dc-aec51fe65c62
;;;Define Detailed Material Specifications;7bfbf729-c290-47b9-a4eb-64d48fc6f323
;;;Create Detailed System Schematics;6ec91c0f-ff14-4e36-ad98-440ee3ad174b
;;;Develop Structural Engineering Plans;b0658f1c-6a94-4160-9503-a8d163a9cd27
;;;Generate 3D Models and CAD Drawings;c2ace604-e4ad-4171-87ba-50801a7113f8
;;;Conduct Engineering Simulations and Analysis;228f581b-76a1-4971-bed6-c53664b06c33
;;Select Technology Integration Platform (Blockchain Secured);;b117e346-b6bf-41e8-ba25-5654f655aabe
;;;Research blockchain platforms for maritime use;33236bf7-e33e-4e3a-ac2f-0a27b3e3eace
;;;Assess security vulnerabilities of platforms;bf1eb947-25a3-45ce-a6ed-38c1eb720123
;;;Develop integration plan with yacht systems;c71e1a8e-1088-406f-bdfa-331f203df004
;;;Train personnel on blockchain platform;c76e6cac-60be-4dab-9377-7f029f532da9
;;Plan Modular Construction Strategy;;081960db-9dca-43e2-990b-c38ea8d7e29c
;;;Define modular construction standards;b64e2e4a-3cbe-4242-88d2-68587f4480df
;;;Identify modular component suppliers;b48f9515-f5e3-4706-8a59-c68c156408d5
;;;Design modular interfaces and connections;a1be288c-d7c6-4572-b887-9a5a431a055c
;;;Simulate modular assembly process;ab929a3d-e363-4fac-9fd6-b7ede49338f2
;;;Develop module transportation plan;1e85a425-8b72-45a4-8aec-4844db82c6cd
;;Design Interior Furnishings and Layout;;be8548a0-a86e-4aeb-b0eb-ee70082adf43
;;;Develop Interior Design Concepts;ae64e0bb-d843-4dd6-8250-ff07881fcc38
;;;Select Materials and Finishes;4371e771-7c05-4ea0-bb42-fdb15a6c6ea4
;;;Create Detailed Interior Layout Plans;3417cf49-5e71-4eae-9a60-f460f0a11534
;;;Finalize Furniture Design and Specifications;f244db11-58e3-4fa8-8cab-6998daefbf68
;;;Integrate Interior Design with Yacht Systems;6bdb4060-b4f8-4af2-acef-822e81a1ae36
;Shipyard Selection & Contracting;;;8ffe2e65-a40d-4d61-9333-a26269480cbf
;;Identify Potential Shipyards (Modular Construction Specialist);;c6b4c9de-d127-4565-babf-6a7389582028
;;;Define Shipyard Selection Criteria;195903d1-8f76-401f-91f2-641e80bb16f6
;;;Research Potential Shipyards Globally;e5eb64da-c07c-45a3-925a-c0d13999d7bd
;;;Assess Shipyard Financial Stability;8dad720a-1ca1-4790-a8c0-a869dd85b88d
;;;Evaluate Shipyard Technical Capabilities;ecfd7062-4800-4d44-bbb9-ceb1f2e25a3b
;;;Verify Shipyard Quality Control Processes;2099e328-ace1-4fe5-909c-b4a050ee8d21
;;Conduct Shipyard Due Diligence;;66f158a4-167b-48bd-b8b4-50a0fc1e4cfe
;;;Review shipyard's financial health;8e3db4d4-be4b-4311-a23f-e84c874826ac
;;;Assess shipyard's legal compliance;eed2b8d2-fb0a-44ab-b297-8e601f892c7b
;;;Evaluate shipyard's project history;217f503a-195e-4d2f-8b90-037d1c478111
;;;Analyze shipyard's insurance coverage;3c2bfab6-6aaf-4d68-8c09-06b337d860b2
;;Negotiate and Award Shipyard Contract;;7049d8ec-3f7e-4242-a762-4845dc4f8012
;;;Prepare contract draft;939abc96-f35e-4de0-b1a0-daefa48f7fb7
;;;Review contract terms;178d9d9b-7ca3-4915-ae28-53984d335c1e
;;;Negotiate contract with shipyard;a1999df5-0a36-4740-b49c-371d125e20c8
;;;Finalize and execute contract;6b42a7dd-3b8e-4f95-a5d6-cace61743fe8
;;Establish Quality Control Procedures with Shipyard;;b3182662-acbc-436c-ab95-d4c79bade27b
;;;Define Quality Standards with Shipyard;3f408c56-8fe7-48fd-bd43-802192515789
;;;Develop Inspection and Testing Plan;38d12994-241d-4552-a45c-bad98cced47d
;;;Establish Communication Protocols for Quality;05476379-853b-477b-a45a-fe2ecff46f13
;;;Implement a Non-Conformance Management System;f9d949e2-f5a9-451b-a0bf-a199936c845f
;Supply Chain Establishment;;;d0b77e6d-21e2-43ec-a9f3-699db3eed307
;;Establish Vertically Integrated Supply Chain;;299d1bc0-529f-480f-b84c-6af0fd1ad8a1
;;;Map existing supplier relationships;54ed07e4-0667-450f-be97-ade28e711168
;;;Define integration requirements and standards;a0b95129-eab9-402f-bfe4-2558209341b1
;;;Develop a communication plan;64030687-4a29-48ca-abd8-07b883526ea3
;;;Implement a unified tracking system;07d77018-6b89-47a0-976a-7a9e002543c6
;;;Conduct training and onboarding sessions;f9969fa1-53c8-4ad5-ad96-4623a8031221
;;Acquire Key Suppliers;;6774f3ae-b9cf-46bf-b961-1d0b7c026b17
;;;Identify potential key suppliers;0b3e7f91-3d90-49ca-8baf-da30f237f04c
;;;Assess supplier capabilities and capacity;76339bb7-29ec-4cd2-9fc6-23a482b03432
;;;Negotiate supply agreements;9ec0f786-80ce-407a-9948-8d5474fc1c72
;;;Establish supplier relationships;9d029260-0d01-495c-9457-ddfb97319ff8
;;Set Up 3D Printing Facility for On-Demand Manufacturing;;2970161b-3bba-4857-8fb5-0ec13dd2c6ed
;;;Select 3D printing technology and vendors;4d2be895-f59c-43b5-be38-e390358bb400
;;;Design facility layout and infrastructure;dcda931b-295b-4f85-a578-75b12f8022a5
;;;Procure and install 3D printing equipment;863650bc-cc23-4ddf-b31b-c2a492716132
;;;Develop material handling and storage procedures;dd7786ef-2644-413a-b78d-b0b8a8afc254
;;;Train personnel on 3D printing operations;bf713030-db0f-4b54-8226-313048b75d59
;;Negotiate Material Supply Agreements;;df3f5be8-cd69-4e13-9600-ce312015c5f3
;;;Research Material Pricing and Market Trends;5c84d6fe-4aa0-47cb-8936-498a553f6602
;;;Identify Potential Material Suppliers;3890aed8-c647-4781-9f78-a6707ccd5b94
;;;Develop Negotiation Strategy;a81f6640-8bb7-4809-bef2-664d954cf4fe
;;;Draft Material Supply Agreements;979376be-a33d-45ff-91d6-f916ec50ba18
;;Implement Supply Chain Management System;;b3cb942b-efc2-437f-ab85-419d63f26aaf
;;;Select SCM Software and Hardware;f7468b4d-8ff0-44d0-8449-829c2a710284
;;;Configure and Customize SCM System;6ac1975a-0fc9-4fd4-8eab-c2b9056524a0
;;;Migrate Data to New SCM System;84102819-9e3a-4765-a166-6012ac68407f
;;;Train Staff on SCM System Usage;1b0ff82c-648a-4a86-abf0-ad76b34d45ff
;;;Test and Optimize SCM System Performance;4258ac0a-6913-422b-9a9c-dc9aa719bbe2
;Construction & Integration;;;80882999-eb8d-4ee7-9abb-8a0782723df2
;;Commence Yacht Construction (Modular);;9cf0b953-cb31-4f1e-acf5-06d5d236ca30
;;;Fabricate Hull Modules;d4689203-ae8c-4c9e-a451-9caeb8a674b0
;;;Fabricate Superstructure Modules;e1e3bb24-aa0f-4da8-83ab-d2d1b9011256
;;;Outfit Modules (Piping, Electrical);2fbfa599-e271-4ccc-9861-01e3e2e223b8
;;;Transport Modules to Shipyard;d490d05e-8706-49c9-90e3-cb91eee67b53
;;;Assemble Modules at Shipyard;a3d70eed-3c3e-49d1-aab4-059a6d41e7fe
;;Install Marine Engines and Propulsion Systems;;79020917-2f54-42ab-a60b-994b3b4c6dad
;;;Prepare Engine Room for Installation;605fff7c-d49e-4afe-a313-b124f4f1362c
;;;Receive and Inspect Engines and Systems;b24664f5-369f-418c-979c-a6a0ccb99dbb
;;;Position and Mount Engines and Systems;9150009a-2b77-48e3-9607-bc6e25f3b86a
;;;Connect Utilities and Control Systems;1e46d02b-0b6a-4f02-aa01-ebfa6930d974
;;;Test and Commission Propulsion Systems;11f563ad-e288-41fa-8d3a-0247b3b3b23b
;;Integrate Navigation and Communication Equipment;;f947158b-a6e1-4920-951c-975069651316
;;;Procure Navigation and Communication Equipment;5ae278c0-c354-441f-807a-81913e506f35
;;;Install Equipment and Wiring;4fa49a3e-6c6e-4041-91ab-f4daac1b3607
;;;Integrate Systems with Yacht's Network;e399dc70-9a9f-4695-ae41-737fa4e53ef6
;;;Test and Calibrate Equipment;e12de5ba-b180-406a-917c-0ad53d3bbbfe
;;;Obtain Regulatory Approvals;2833d073-b595-478c-8d9e-6d9b405174b8
;;Implement Blockchain-Secured Operational Platform;;d5732584-48d5-4769-aaab-14360d3e5072
;;;Design Blockchain Integration Architecture;30c26ae7-1869-4a1c-83b7-c792023e4bef
;;;Develop Blockchain Smart Contracts;44d36786-8f50-4617-bd6f-3eb4f01cbba6
;;;Integrate Blockchain with Yacht Systems;740184dc-d0bc-4f0c-be3d-8245aee25c31
;;;Test and Deploy Blockchain Platform;137fcf54-8ee9-4f47-8fda-29f71bae426f
;;Install Luxury Interior Furnishings;;8267ace0-6160-4093-9b8c-f82d19431723
;;;Source luxury interior materials;9f4c28ad-09dc-4fe0-b465-abbd9f490e63
;;;Fabricate bespoke furniture pieces;0fa5e166-6136-4b6f-ac1f-fdfd7e53132d
;;;Integrate furnishings with yacht systems;c67dfd08-c8e5-4a6b-8ec1-bcd8653be296
;;;Install interior furnishings;41fb9532-f2a5-448d-9d29-bc8934b6c622
;;;Final inspection and quality assurance;b9012b85-f517-42a1-b029-25f3057eba50
;Legal & Regulatory Compliance;;;19f8d48e-1ae1-41dd-ab5c-ed32d238dd54
;;Establish Network of Shell Corporations and Offshore Accounts;;417c63b1-e853-4069-83e2-eec5b4c58c4f
;;;Research Favorable Jurisdictions;ad38075b-d7f4-4cea-bb16-de6955165c35
;;;Structure Shell Corporation Network;37e831e0-dc3f-4804-9fba-ca55b888c067
;;;Establish Offshore Bank Accounts;467e3a26-4917-4f41-9607-9f8912a38a2a
;;;Document Corporate Structure;ed01152f-30ac-4476-b4e3-a3f4115fea55
;;Register Yacht Under Flag of Convenience;;b78f6017-9541-4cc5-b6ec-b5a31b143979
;;;Research Flag of Convenience Options;26935198-b0b0-42be-941e-23fb903c2d63
;;;Prepare Flag Registration Application;fe4eee7d-d63e-49f9-a715-27098bb16fd9
;;;Liaise with Flag State Authorities;2f187f69-da42-478d-a684-f414b104592e
;;;Pay Flag Registration Fees;999650e5-87f6-4e75-a2fe-b0ef4c5da29d
;;Obtain Necessary Permits and Licenses;;fc737d6f-6aa3-4c03-b36a-f12fb8a5db8e
;;;Identify Required Permits and Licenses;d7618589-2227-401a-8d77-2a9cd3fe224c
;;;Prepare Permit Application Packages;10aef663-ba90-4390-8c87-8b335fea3bbb
;;;Submit Applications and Track Progress;ec8f367b-8ea7-462f-af06-72f1e44c40d7
;;;Address Agency Queries and Revisions;6a1e59e8-de46-4418-abf8-d4a56c9dcd4b
;;;Obtain Final Permit Approvals;b892551d-3195-4d0e-8ce5-a1c62191d0e4
;;Ensure Compliance with International Maritime Regulations;;1d16b2bb-5a1e-4970-b17d-19db3c09152e
;;;Review IMO regulations and SOLAS convention;5d4e5127-8a91-4414-a362-29c929a69565
;;;Assess MARPOL compliance requirements;7857f569-53bc-447f-95d8-2b4e92c76b0c
;;;Implement ISM Code safety management system;a5917a01-68f9-4095-8cb6-1d4364bed9a6
;;;Conduct internal compliance audits;04860353-6554-4cba-9edf-e1678b7b5990
;;;Crew training in safety and environmental regulations;e0a00e95-9442-4f65-8003-6ae5e9552400
;Testing & Commissioning;;;8f8ef069-254a-4348-b187-fe0366fb6829
;;Conduct Sea Trials;;45b691f4-c930-4f94-a58c-bbf95b4d75b9
;;;Pre-Sea Trial Inspections and System Checks;2fc03919-7da8-4a9e-920c-2dc0913b7310
;;;Simulate Emergency Scenarios;96800e95-9a69-4f7b-9909-39c2c1f5ebf5
;;;Assess Yacht Performance Under Various Conditions;0404b410-d9b4-4c5b-84ff-766e43a798e0
;;;Address Mechanical Failures During Sea Trials;96110fe1-142c-4d4a-9dc6-25821ab1d856
;;Test and Calibrate Navigation and Communication Systems;;a7ea0eb9-452b-48ec-b308-904373a54e10
;;;Verify sensor functionality and placement;f5dbfc15-b401-4b42-8a59-6266e1451e31
;;;Calibrate navigation systems with GPS;521ba09c-544c-4aa9-a10d-dd811aa5ddbc
;;;Test communication systems range and clarity;3bfac72f-dba5-4a4b-92d4-5978813ada3e
;;;Integrate systems with central control unit;29f8eac0-b1b6-42cd-8ea3-597e8f9da3e6
;;Verify Functionality of Blockchain Platform;;12ee2aff-ea11-4691-bc8b-bb25fd28e86e
;;;Verify sensor data accuracy and reliability;9c58e193-0fa6-46ca-a128-f301dc82968e
;;;Test communication system range and bandwidth;7625008b-e87e-49ec-9686-1bf8cb319fc0
;;;Integrate navigation systems with yacht's control;b3e2ae1e-7ee1-44b2-bc14-5c56d731ffaf
;;;Validate emergency communication protocols;d813ec4c-042c-4a0f-a761-7202df2fe159
;;Commission All Yacht Systems;;e0d59eae-fdc2-447e-a056-56e328a4b972
;;;Verify Power Supply and Distribution;b2697a54-8b14-4803-8b21-5d8575f1bfc4
;;;Test Network Connectivity and Bandwidth;91174b65-3580-45ef-92bc-6ffdd8eb4409
;;;Validate System Integration and Data Flow;0a928370-bca4-448b-9f6f-aa50e7dcc780
;;;Run System Diagnostics and Error Checks;d69e7752-f212-44d0-ba1c-7c8106b9e2e8
;;;Document Commissioning Process and Results;b4bc6343-0a96-415c-8237-a3281987cb50
;Handover & Operations;;;c4256551-660b-4991-966f-4e352de6c7f2
;;Handover Yacht to Owner;;65ba5b3e-1261-4f3f-8e0e-e40833dc29e3
;;;Define Crew Roles and Responsibilities;ebef78ba-e0e2-4c9d-8035-9b8b5e3aa349
;;;Develop Crew Recruitment Strategy;46b50462-d073-438e-9baa-68efa3db368b
;;;Conduct Crew Interviews and Assessments;682c19cd-2f52-432d-9634-b271d21b8f8a
;;;Negotiate Crew Contracts and Compensation;fac4cd95-bd5f-41d1-b313-019dd510c827
;;;Onboard and Integrate Crew;0184375b-8bcc-49d5-9cf1-769fa2d505ba
;;Recruit and Train Crew (Specialized);;238244d7-bef5-4714-88b3-3d54d76be727
;;;Define Crew Roles and Responsibilities;d9de3a05-7dc2-4335-9779-308f42ca9076
;;;Develop Training Curriculum;83fe3f1e-df0e-4da6-b908-3856fdc0f76a
;;;Recruit Specialized Crew Members;98f697d7-1085-430c-ba58-572e7a029730
;;;Conduct Background Checks and Security Clearances;37327a2e-1276-4026-b951-bceb711b3c84
;;;Provide Specialized Training and Certification;57360495-4e2e-436e-a94b-f38b2f31192b
;;Establish Operational Procedures;;b300ee85-efb3-46b1-b6d1-6712c9835006
;;;Define Standard Operating Procedures (SOPs);07286e90-fe76-45d5-9d39-bf7d207c260b
;;;Establish Emergency Response Protocols;7be601ca-9737-412e-8800-c84842fb0aa9
;;;Develop Maintenance Schedules and Procedures;a2dac024-43a8-4513-9b81-88e1b925d04e
;;;Create Communication Protocols;5430bf98-11dd-47ec-9fda-f21d287b5848
;;;Document Operational Procedures;6e5455c3-8782-4057-a581-36032a175832
;;Implement Security Protocols;;62b75252-cb9a-4a5d-b3f7-9ae83029201c
;;;Identify potential security vulnerabilities;c52a1c57-fd3c-4003-9e8d-9511454d2e97
;;;Develop security protocols and procedures;4a748085-962d-4859-8888-e9d4a5e5467b
;;;Implement physical security measures;a741f0ee-46e3-4b04-bd0a-50901ecb37fd
;;;Conduct security training for crew;860902c6-be8f-48ba-b4e2-96ce7f317caf
;;;Establish incident response plan;2f3ed44e-9922-4815-ad52-d36ba05a3ef3