project_key,project_name,project_description,project_start_date,project_end_date,project_progress,project_parent,originating_department
213615b2-bc1a-470c-8ed4-af680fda2704,Yacht Construction,"Yacht Construction

Final deliverable:
Expedition Yacht",8/21/2025,9/1/2033,0,,PlanExe
d354a718-b0ea-4597-b578-e1395c335aa7,Project Initiation & Planning,,8/21/2025,1/31/2026,0,213615b2-bc1a-470c-8ed4-af680fda2704,PlanExe
6a43b4db-b7cb-43a3-8a9d-1effc4f2c54f,Secure Project Funding,,8/21/2025,11/21/2025,0,d354a718-b0ea-4597-b578-e1395c335aa7,PlanExe
e73c35b8-6fc3-434d-8fa5-0966b16c458b,Prepare funding proposal and pitch deck,"Prepare funding proposal and pitch deck

Description:
Develop a compelling funding proposal outlining the project's vision, financial projections, and potential return on investment. Create a visually appealing pitch deck to present the project to potential investors.

Resources needed:
• Financial Advisor
• Project Manager
• Marketing Specialist",8/21/2025,9/13/2025,0,6a43b4db-b7cb-43a3-8a9d-1effc4f2c54f,PlanExe
6a8819a3-4bd2-49ad-b694-fd55a2014c2a,Identify potential investors and lenders,"Identify potential investors and lenders

Description:
Research and identify potential investors and lenders who align with the project's goals and financial requirements. This includes venture capital firms, private equity firms, high-net-worth individuals, and banks specializing in maritime financing.

Resources needed:
• Financial Advisor
• Research Analyst",9/13/2025,10/6/2025,0,e73c35b8-6fc3-434d-8fa5-0966b16c458b,PlanExe
a816f058-e193-4622-91ac-4a1691f9c60c,Conduct investor meetings and negotiations,"Conduct investor meetings and negotiations

Description:
Schedule and conduct meetings with potential investors and lenders to present the project and negotiate funding terms. This includes addressing investor concerns, answering questions, and reaching mutually agreeable terms.

Resources needed:
• Project Manager
• Financial Advisor
• Legal Counsel",10/6/2025,10/29/2025,0,6a8819a3-4bd2-49ad-b694-fd55a2014c2a,PlanExe
a001abe6-deb3-443d-b29c-e27005564921,Finalize funding agreements and secure funds,"Finalize funding agreements and secure funds

Description:
Finalize funding agreements with selected investors and lenders, ensuring all legal and financial requirements are met. Secure the necessary funds to initiate the project.

Resources needed:
• Legal Counsel
• Financial Advisor
• Project Manager",10/29/2025,11/21/2025,0,6a43b4db-b7cb-43a3-8a9d-1effc4f2c54f,PlanExe
2324562a-e0ff-43ed-ab21-60c11076df9f,Define Project Scope and Objectives,,11/21/2025,12/7/2025,0,6a43b4db-b7cb-43a3-8a9d-1effc4f2c54f,PlanExe
f9037dbb-73ed-462e-aa76-f903a379d436,Identify Key Stakeholders and Their Needs,"Identify Key Stakeholders and Their Needs

Description:
Identify all individuals and groups with a vested interest in the project. Understand their specific requirements, expectations, and concerns regarding the yacht's design, functionality, and operational capabilities. This includes the owner, potential crew members, legal counsel, and financial advisors.

Resources needed:
• Project Manager
• Stakeholder Engagement Specialist
• Legal Counsel",11/21/2025,11/25/2025,0,2324562a-e0ff-43ed-ab21-60c11076df9f,PlanExe
03e3f8e0-a581-44e9-9188-8b86f9dcd443,Define Measurable Project Objectives,"Define Measurable Project Objectives

Description:
Establish clear, measurable, achievable, relevant, and time-bound (SMART) objectives for the project. These objectives should encompass the yacht's technical specifications (size, ice-class), functional capabilities (mobile residence, operational headquarters), and financial constraints (budget adherence).

Resources needed:
• Project Manager
• Naval Architect
• Financial Advisor",11/25/2025,11/29/2025,0,f9037dbb-73ed-462e-aa76-f903a379d436,PlanExe
058eb9cd-b46e-4518-892c-77a86aa15c49,Establish Project Success Criteria,"Establish Project Success Criteria

Description:
Define the specific criteria that will be used to determine whether the project has been successful. These criteria should be aligned with the project objectives and should be measurable and verifiable. Examples include on-time completion, budget adherence, and achievement of specified performance metrics.

Resources needed:
• Project Manager
• Stakeholder Engagement Specialist
• Naval Architect",11/29/2025,12/3/2025,0,03e3f8e0-a581-44e9-9188-8b86f9dcd443,PlanExe
2e464ce0-ad8a-4546-bc08-00ae225d3a06,Document Project Scope and Boundaries,"Document Project Scope and Boundaries

Description:
Clearly define the scope of the project, including all deliverables, features, and functionalities that will be included. Also, explicitly identify any elements that are outside the scope of the project to prevent scope creep and manage expectations. This includes defining the limits of AI and blockchain integration.

Resources needed:
• Project Manager
• Naval Architect
• Technology Specialist",12/3/2025,12/7/2025,0,2324562a-e0ff-43ed-ab21-60c11076df9f,PlanExe
3f53fa32-01a2-4bbc-89d0-f3c6902ee917,Develop Project Management Plan,,12/7/2025,1/6/2026,0,2324562a-e0ff-43ed-ab21-60c11076df9f,PlanExe
d43e94ee-3398-4b97-912d-f13eaa3e1334,Define Project Scope and Deliverables,"Define Project Scope and Deliverables

Description:
Clearly define the project scope, including all deliverables, acceptance criteria, and key performance indicators (KPIs). This involves detailed discussions with stakeholders to ensure alignment and avoid scope creep.

Resources needed:
• Project Manager
• Stakeholders
• Business Analyst",12/7/2025,12/13/2025,0,3f53fa32-01a2-4bbc-89d0-f3c6902ee917,PlanExe
16c6c3fd-6cc5-4abb-a31b-a219c008b85f,Develop Detailed Project Schedule,"Develop Detailed Project Schedule

Description:
Create a comprehensive project schedule outlining all tasks, dependencies, milestones, and resource allocations. This includes estimating task durations, identifying critical path activities, and establishing a baseline schedule for tracking progress.

Resources needed:
• Project Manager
• Scheduler
• Team Leads",12/13/2025,12/19/2025,0,d43e94ee-3398-4b97-912d-f13eaa3e1334,PlanExe
75d0276f-8852-4ea1-b339-d4e39c580f8b,Establish Communication Plan,"Establish Communication Plan

Description:
Define a clear communication plan outlining how project information will be disseminated to stakeholders. This includes identifying communication channels, frequency of updates, and responsible parties for each communication activity.

Resources needed:
• Project Manager
• Communication Specialist
• Stakeholders",12/19/2025,12/25/2025,0,16c6c3fd-6cc5-4abb-a31b-a219c008b85f,PlanExe
55ef6e06-4905-441c-a064-844f45621bb6,Define Resource Management Plan,"Define Resource Management Plan

Description:
Develop a resource management plan outlining how resources will be acquired, allocated, and managed throughout the project lifecycle. This includes identifying resource requirements, establishing roles and responsibilities, and developing a plan for addressing resource conflicts.

Resources needed:
• Project Manager
• Resource Manager
• Team Leads",12/25/2025,12/31/2025,0,75d0276f-8852-4ea1-b339-d4e39c580f8b,PlanExe
6dbd8b99-c2cb-420e-a511-fb375277f71f,Create Risk Management Plan,"Create Risk Management Plan

Description:
Develop a comprehensive risk management plan outlining how risks will be identified, assessed, and mitigated throughout the project lifecycle. This includes creating a risk register, defining risk response strategies, and establishing a process for monitoring and controlling risks.

Resources needed:
• Project Manager
• Risk Management Specialist
• Team Leads",12/31/2025,1/6/2026,0,3f53fa32-01a2-4bbc-89d0-f3c6902ee917,PlanExe
3fcd258f-4702-40eb-8418-83515db2c97f,Establish Project Governance Structure,,1/6/2026,1/21/2026,0,3f53fa32-01a2-4bbc-89d0-f3c6902ee917,PlanExe
decf80bf-7e63-43ac-b68e-803b4ecd5947,Define Project Management Methodology,"Define Project Management Methodology

Description:
Select and document the project management methodology (e.g., Agile, Waterfall, Hybrid) to be used for the project. This includes defining processes, templates, and tools.

Resources needed:
• Project Manager
• Senior Management
• PMO (if applicable)",1/6/2026,1/9/2026,0,3fcd258f-4702-40eb-8418-83515db2c97f,PlanExe
fd918167-cdb0-4622-86f6-c1bcd4523dd1,Develop Communication Management Plan,"Develop Communication Management Plan

Description:
Create a plan outlining how project information will be communicated to stakeholders, including frequency, channels, and responsible parties. This ensures transparency and alignment.

Resources needed:
• Project Manager
• Communication Specialist
• Stakeholders",1/9/2026,1/12/2026,0,decf80bf-7e63-43ac-b68e-803b4ecd5947,PlanExe
d63cea34-b498-4619-8a39-07be8d324476,Establish Change Management Process,"Establish Change Management Process

Description:
Define the process for managing changes to the project scope, schedule, or budget. This includes identifying, evaluating, and approving changes, as well as communicating them to stakeholders.

Resources needed:
• Project Manager
• Change Control Board
• Stakeholders",1/12/2026,1/15/2026,0,fd918167-cdb0-4622-86f6-c1bcd4523dd1,PlanExe
7d9c3f2c-5bce-4c8d-aae4-2d47844a811d,Create Resource Management Plan,"Create Resource Management Plan

Description:
Develop a plan for identifying, acquiring, and managing the resources needed for the project, including personnel, equipment, and materials. This ensures resources are available when needed.

Resources needed:
• Project Manager
• Resource Managers
• Department Heads",1/15/2026,1/18/2026,0,d63cea34-b498-4619-8a39-07be8d324476,PlanExe
96d2bf18-65f1-4783-82fe-3f53b63fe68e,Document Project Roles and Responsibilities,"Document Project Roles and Responsibilities

Description:
Clearly define the roles and responsibilities of each team member involved in the project. This ensures accountability and avoids confusion.

Resources needed:
• Project Manager
• Team Leads
• HR Department",1/18/2026,1/21/2026,0,3fcd258f-4702-40eb-8418-83515db2c97f,PlanExe
3ffa292a-2fbf-4fe0-92f1-91cfd1aa773c,Conduct Initial Risk Assessment,,1/21/2026,1/31/2026,0,d354a718-b0ea-4597-b578-e1395c335aa7,PlanExe
08f49c07-1107-42f5-aecd-80ad963cbf96,Identify potential project risks,"Identify potential project risks

Description:
Identify all potential risks associated with the yacht construction project, including technical, financial, regulatory, and operational risks. This involves brainstorming sessions, reviewing historical data from similar projects, and consulting with subject matter experts.

Resources needed:
• Project Manager
• Risk Management Specialist
• Naval Architect
• Maritime Legal Counsel
• Financial Advisor",1/21/2026,1/23/2026,0,3ffa292a-2fbf-4fe0-92f1-91cfd1aa773c,PlanExe
6e2bbed7-92c5-48d9-b253-540dca4bc16f,Assess likelihood and impact of risks,"Assess likelihood and impact of risks

Description:
Evaluate the likelihood and potential impact of each identified risk. This involves using qualitative and quantitative risk assessment techniques, such as probability and impact matrices, Monte Carlo simulations, and sensitivity analysis.

Resources needed:
• Risk Management Specialist
• Financial Analyst
• Project Engineer
• Simulation Software",1/23/2026,1/25/2026,0,08f49c07-1107-42f5-aecd-80ad963cbf96,PlanExe
16cf0f14-08ff-4d91-8b00-e2813ac8b30d,Prioritize risks for mitigation,"Prioritize risks for mitigation

Description:
Prioritize the identified risks based on their likelihood and impact scores. Focus on mitigating the highest-priority risks that pose the greatest threat to the project's success. This involves establishing risk thresholds and escalation procedures.

Resources needed:
• Project Manager
• Risk Management Specialist
• Stakeholders",1/25/2026,1/27/2026,0,6e2bbed7-92c5-48d9-b253-540dca4bc16f,PlanExe
248f66f8-a411-41d1-8ebd-be6ab3a87c80,Develop risk response strategies,"Develop risk response strategies

Description:
Develop specific risk response strategies for each prioritized risk. This may include risk avoidance, risk transfer, risk mitigation, or risk acceptance. Document the chosen response strategies in a risk register.

Resources needed:
• Project Manager
• Risk Management Specialist
• Subject Matter Experts",1/27/2026,1/29/2026,0,16cf0f14-08ff-4d91-8b00-e2813ac8b30d,PlanExe
9a587138-edee-44ca-adff-cb9d62ff5482,Document initial risk assessment results,"Document initial risk assessment results

Description:
Document the results of the initial risk assessment in a comprehensive risk register. This includes a description of each risk, its likelihood and impact scores, its priority level, and the chosen risk response strategy. The risk register will be used to track and manage risks throughout the project lifecycle.

Resources needed:
• Project Manager
• Risk Management Specialist
• Risk Register Template",1/29/2026,1/31/2026,0,3ffa292a-2fbf-4fe0-92f1-91cfd1aa773c,PlanExe
ce8cd0a8-2908-4f09-ae66-3c79a4de7d44,Design & Engineering,,1/31/2026,3/27/2027,0,d354a718-b0ea-4597-b578-e1395c335aa7,PlanExe
85d62f00-dbd4-46c9-9189-e923c1c43c6e,Finalize Yacht Design (AI-Driven),,1/31/2026,5/1/2026,0,ce8cd0a8-2908-4f09-ae66-3c79a4de7d44,PlanExe
beb7cbdb-0495-4287-99d9-7b994d0c6bc3,Gather yacht design requirements and constraints,"Gather yacht design requirements and constraints

Description:
Collect all necessary information regarding the yacht's intended use, performance requirements, regulatory constraints, and owner preferences. This includes detailed discussions with the owner, naval architects, and regulatory bodies.

Resources needed:
• Project Manager
• Naval Architect
• Owner Representative",1/31/2026,2/18/2026,0,85d62f00-dbd4-46c9-9189-e923c1c43c6e,PlanExe
edf834e9-2484-4ed0-a87a-e0acabdefb99,Develop initial AI-driven design concepts,"Develop initial AI-driven design concepts

Description:
Utilize AI-driven generative design software to create a range of initial yacht design concepts based on the gathered requirements and constraints. Explore different hull forms, superstructure configurations, and interior layouts.

Resources needed:
• AI Design Software
• Naval Architect
• AI Specialist",2/18/2026,3/8/2026,0,beb7cbdb-0495-4287-99d9-7b994d0c6bc3,PlanExe
bed26073-5ac6-4b0f-bcb9-7569d211f25a,Evaluate and refine AI-generated designs,"Evaluate and refine AI-generated designs

Description:
Assess the feasibility, performance, and aesthetics of the AI-generated design concepts. Refine the most promising designs based on expert feedback and further analysis, ensuring compliance with all relevant regulations and standards.

Resources needed:
• Naval Architect
• Marine Engineer
• Design Review Committee",3/8/2026,3/26/2026,0,edf834e9-2484-4ed0-a87a-e0acabdefb99,PlanExe
586cd762-c855-47b0-a605-8454b2deccf9,Integrate AI design with naval architecture standards,"Integrate AI design with naval architecture standards

Description:
Ensure the AI-driven design adheres to established naval architecture principles and standards. This involves validating the structural integrity, stability, and hydrodynamic performance of the design using traditional engineering methods.

Resources needed:
• Naval Architect
• Structural Engineer
• Hydrodynamic Specialist",3/26/2026,4/13/2026,0,bed26073-5ac6-4b0f-bcb9-7569d211f25a,PlanExe
0bc99222-b639-450b-9684-4fc8725df31c,Finalize yacht design and create detailed plans,"Finalize yacht design and create detailed plans

Description:
Produce a complete and detailed yacht design package, including hull lines, general arrangement plans, structural drawings, and system schematics. This package will serve as the basis for the subsequent engineering and construction phases.

Resources needed:
• Naval Architect
• CAD Technicians
• Project Manager",4/13/2026,5/1/2026,0,85d62f00-dbd4-46c9-9189-e923c1c43c6e,PlanExe
f02f76b2-6f71-4f62-87dc-aec51fe65c62,Develop Detailed Engineering Specifications,,5/1/2026,9/13/2026,0,85d62f00-dbd4-46c9-9189-e923c1c43c6e,PlanExe
7bfbf729-c290-47b9-a4eb-64d48fc6f323,Define Detailed Material Specifications,"Define Detailed Material Specifications

Description:
Specify all materials required, including quantities, grades, and certifications. This includes steel, aluminum, composites, interior finishing materials, and all other components. Deliverable: Comprehensive material specification document.

Resources needed:
• Naval Architect
• Materials Engineer
• Supply Chain Manager",5/1/2026,5/28/2026,0,f02f76b2-6f71-4f62-87dc-aec51fe65c62,PlanExe
6ec91c0f-ff14-4e36-ad98-440ee3ad174b,Create Detailed System Schematics,"Create Detailed System Schematics

Description:
Develop detailed schematics for all yacht systems, including electrical, plumbing, HVAC, propulsion, navigation, communication, and automation systems. Deliverable: Complete set of system schematics.

Resources needed:
• Electrical Engineer
• Mechanical Engineer
• Systems Engineer",5/28/2026,6/24/2026,0,7bfbf729-c290-47b9-a4eb-64d48fc6f323,PlanExe
b0658f1c-6a94-4160-9503-a8d163a9cd27,Develop Structural Engineering Plans,"Develop Structural Engineering Plans

Description:
Create detailed structural engineering plans for the yacht's hull, superstructure, and internal structures, ensuring compliance with ice-class requirements and safety standards. Deliverable: Approved structural engineering plans.

Resources needed:
• Naval Architect
• Structural Engineer
• Classification Society Surveyor",6/24/2026,7/21/2026,0,6ec91c0f-ff14-4e36-ad98-440ee3ad174b,PlanExe
c2ace604-e4ad-4171-87ba-50801a7113f8,Generate 3D Models and CAD Drawings,"Generate 3D Models and CAD Drawings

Description:
Generate detailed 3D models and CAD drawings of all yacht components and systems, ensuring accuracy and compatibility. Deliverable: Complete set of 3D models and CAD drawings.

Resources needed:
• CAD Designers
• Naval Architect
• Engineers",7/21/2026,8/17/2026,0,b0658f1c-6a94-4160-9503-a8d163a9cd27,PlanExe
228f581b-76a1-4971-bed6-c53664b06c33,Conduct Engineering Simulations and Analysis,"Conduct Engineering Simulations and Analysis

Description:
Conduct engineering simulations and analysis to validate the design and performance of the yacht's systems, including structural analysis, hydrodynamic analysis, and thermal analysis. Deliverable: Simulation and analysis reports.

Resources needed:
• Simulation Engineers
• Naval Architect
• Specialized Software",8/17/2026,9/13/2026,0,f02f76b2-6f71-4f62-87dc-aec51fe65c62,PlanExe
b117e346-b6bf-41e8-ba25-5654f655aabe,Select Technology Integration Platform (Blockchain Secured),,9/13/2026,11/12/2026,0,f02f76b2-6f71-4f62-87dc-aec51fe65c62,PlanExe
33236bf7-e33e-4e3a-ac2f-0a27b3e3eace,Research blockchain platforms for maritime use,"Research blockchain platforms for maritime use

Description:
Identify and evaluate blockchain platforms suitable for integration with maritime systems, considering factors like security, scalability, and compatibility.

Resources needed:
• Technology Integration Specialist
• Blockchain Developer
• Maritime Consultant",9/13/2026,9/28/2026,0,b117e346-b6bf-41e8-ba25-5654f655aabe,PlanExe
bf1eb947-25a3-45ce-a6ed-38c1eb720123,Assess security vulnerabilities of platforms,"Assess security vulnerabilities of platforms

Description:
Conduct a thorough security assessment of potential blockchain platforms to identify and mitigate potential vulnerabilities.

Resources needed:
• Cybersecurity Expert
• Blockchain Developer
• Penetration Tester",9/28/2026,10/13/2026,0,33236bf7-e33e-4e3a-ac2f-0a27b3e3eace,PlanExe
c71e1a8e-1088-406f-bdfa-331f203df004,Develop integration plan with yacht systems,"Develop integration plan with yacht systems

Description:
Create a detailed plan for integrating the selected blockchain platform with the yacht's existing systems, including navigation, communication, and security systems.

Resources needed:
• Technology Integration Specialist
• Blockchain Developer
• Naval Architect
• Marine Engineer",10/13/2026,10/28/2026,0,bf1eb947-25a3-45ce-a6ed-38c1eb720123,PlanExe
c76e6cac-60be-4dab-9377-7f029f532da9,Train personnel on blockchain platform,"Train personnel on blockchain platform

Description:
Provide specialized training to project team members and yacht crew on the operation and maintenance of the integrated blockchain platform.

Resources needed:
• Training Specialist
• Blockchain Developer
• Technology Integration Specialist",10/28/2026,11/12/2026,0,b117e346-b6bf-41e8-ba25-5654f655aabe,PlanExe
081960db-9dca-43e2-990b-c38ea8d7e29c,Plan Modular Construction Strategy,,11/12/2026,12/27/2026,0,b117e346-b6bf-41e8-ba25-5654f655aabe,PlanExe
b64e2e4a-3cbe-4242-88d2-68587f4480df,Define modular construction standards,"Define modular construction standards

Description:
Establish clear standards for module dimensions, interfaces, and materials to ensure compatibility and ease of assembly.

Resources needed:
• Naval Architect
• Marine Engineer
• Shipyard Representative",11/12/2026,11/21/2026,0,081960db-9dca-43e2-990b-c38ea8d7e29c,PlanExe
b48f9515-f5e3-4706-8a59-c68c156408d5,Identify modular component suppliers,"Identify modular component suppliers

Description:
Research and select suppliers capable of providing high-quality modular components that meet the project's specifications.

Resources needed:
• Supply Chain Manager
• Quality Control Inspector
• Procurement Specialist",11/21/2026,11/30/2026,0,b64e2e4a-3cbe-4242-88d2-68587f4480df,PlanExe
a1be288c-d7c6-4572-b887-9a5a431a055c,Design modular interfaces and connections,"Design modular interfaces and connections

Description:
Develop detailed designs for the interfaces and connections between modules, ensuring structural integrity and ease of assembly.

Resources needed:
• Structural Engineer
• CAD Designer
• Welding Specialist",11/30/2026,12/9/2026,0,b48f9515-f5e3-4706-8a59-c68c156408d5,PlanExe
ab929a3d-e363-4fac-9fd6-b7ede49338f2,Simulate modular assembly process,"Simulate modular assembly process

Description:
Use computer simulations to model the modular assembly process, identifying potential challenges and optimizing the assembly sequence.

Resources needed:
• Simulation Engineer
• Project Manager
• Shipyard Representative",12/9/2026,12/18/2026,0,a1be288c-d7c6-4572-b887-9a5a431a055c,PlanExe
1e85a425-8b72-45a4-8aec-4844db82c6cd,Develop module transportation plan,"Develop module transportation plan

Description:
Create a detailed plan for transporting the modular components from the suppliers to the shipyard, considering logistical constraints and potential risks.

Resources needed:
• Logistics Coordinator
• Transportation Specialist
• Risk Management Officer",12/18/2026,12/27/2026,0,081960db-9dca-43e2-990b-c38ea8d7e29c,PlanExe
be8548a0-a86e-4aeb-b0eb-ee70082adf43,Design Interior Furnishings and Layout,,12/27/2026,3/27/2027,0,ce8cd0a8-2908-4f09-ae66-3c79a4de7d44,PlanExe
ae64e0bb-d843-4dd6-8250-ff07881fcc38,Develop Interior Design Concepts,"Develop Interior Design Concepts

Description:
Create initial design concepts for the yacht's interior, including mood boards, sketches, and preliminary layouts. Consider owner preferences, functionality, and aesthetic appeal.

Resources needed:
• Interior Designer
• Naval Architect
• Project Manager",12/27/2026,1/14/2027,0,be8548a0-a86e-4aeb-b0eb-ee70082adf43,PlanExe
4371e771-7c05-4ea0-bb42-fdb15a6c6ea4,Select Materials and Finishes,"Select Materials and Finishes

Description:
Choose materials and finishes for the interior, considering factors such as durability, aesthetics, weight, and compliance with maritime regulations. Source samples and obtain quotes from suppliers.

Resources needed:
• Interior Designer
• Materials Specialist
• Supply Chain Manager",1/14/2027,2/1/2027,0,ae64e0bb-d843-4dd6-8250-ff07881fcc38,PlanExe
3417cf49-5e71-4eae-9a60-f460f0a11534,Create Detailed Interior Layout Plans,"Create Detailed Interior Layout Plans

Description:
Develop detailed layout plans for each area of the yacht's interior, including furniture placement, lighting design, and integration of systems such as HVAC and entertainment. Ensure compliance with safety regulations and accessibility requirements.

Resources needed:
• Interior Designer
• Naval Architect
• Engineer",2/1/2027,2/19/2027,0,4371e771-7c05-4ea0-bb42-fdb15a6c6ea4,PlanExe
f244db11-58e3-4fa8-8cab-6998daefbf68,Finalize Furniture Design and Specifications,"Finalize Furniture Design and Specifications

Description:
Finalize the design and specifications for all furniture and fixtures, including custom pieces. Prepare detailed drawings and specifications for fabrication.

Resources needed:
• Interior Designer
• Draftsperson
• Furniture Maker",2/19/2027,3/9/2027,0,3417cf49-5e71-4eae-9a60-f460f0a11534,PlanExe
6bdb4060-b4f8-4af2-acef-822e81a1ae36,Integrate Interior Design with Yacht Systems,"Integrate Interior Design with Yacht Systems

Description:
Coordinate with engineers and other specialists to ensure seamless integration of the interior design with the yacht's systems, including electrical, plumbing, and HVAC. Address any potential conflicts or challenges.

Resources needed:
• Interior Designer
• Engineer
• Project Manager",3/9/2027,3/27/2027,0,be8548a0-a86e-4aeb-b0eb-ee70082adf43,PlanExe
8ffe2e65-a40d-4d61-9333-a26269480cbf,Shipyard Selection & Contracting,,3/27/2027,8/12/2027,0,ce8cd0a8-2908-4f09-ae66-3c79a4de7d44,PlanExe
c6b4c9de-d127-4565-babf-6a7389582028,Identify Potential Shipyards (Modular Construction Specialist),,3/27/2027,4/26/2027,0,8ffe2e65-a40d-4d61-9333-a26269480cbf,PlanExe
195903d1-8f76-401f-91f2-641e80bb16f6,Define Shipyard Selection Criteria,"Define Shipyard Selection Criteria

Description:
Establish clear criteria for evaluating potential shipyards, including experience with ice-class vessels, modular construction capabilities, financial stability, and quality control processes. This involves defining specific metrics and weighting factors for each criterion.

Resources needed:
• Project Manager
• Naval Architect
• Marine Engineer",3/27/2027,4/2/2027,0,c6b4c9de-d127-4565-babf-6a7389582028,PlanExe
e5eb64da-c07c-45a3-925a-c0d13999d7bd,Research Potential Shipyards Globally,"Research Potential Shipyards Globally

Description:
Conduct a comprehensive search to identify shipyards worldwide that possess the necessary expertise and facilities for constructing a 180-meter luxury ice-class expedition yacht using modular construction techniques. This includes online research, industry contacts, and database searches.

Resources needed:
• Project Manager
• Research Team
• Database Access",4/2/2027,4/8/2027,0,195903d1-8f76-401f-91f2-641e80bb16f6,PlanExe
8dad720a-1ca1-4790-a8c0-a869dd85b88d,Assess Shipyard Financial Stability,"Assess Shipyard Financial Stability

Description:
Evaluate the financial health of potential shipyards by reviewing their financial statements, credit ratings, and project portfolios. This assessment aims to identify shipyards that are financially sound and capable of completing the project without financial risks.

Resources needed:
• Financial Analyst
• Accountant
• Project Manager",4/8/2027,4/14/2027,0,e5eb64da-c07c-45a3-925a-c0d13999d7bd,PlanExe
ecfd7062-4800-4d44-bbb9-ceb1f2e25a3b,Evaluate Shipyard Technical Capabilities,"Evaluate Shipyard Technical Capabilities

Description:
Assess the technical expertise and infrastructure of potential shipyards, including their experience with ice-class construction, modular construction techniques, and integration of advanced technologies. This involves site visits, technical audits, and review of past projects.

Resources needed:
• Naval Architect
• Marine Engineer
• Technical Auditor",4/14/2027,4/20/2027,0,8dad720a-1ca1-4790-a8c0-a869dd85b88d,PlanExe
2099e328-ace1-4fe5-909c-b4a050ee8d21,Verify Shipyard Quality Control Processes,"Verify Shipyard Quality Control Processes

Description:
Examine the quality control procedures implemented by potential shipyards to ensure adherence to industry standards and project specifications. This includes reviewing quality manuals, conducting audits of quality control systems, and interviewing quality control personnel.

Resources needed:
• Quality Control Expert
• Project Manager
• Auditor",4/20/2027,4/26/2027,0,c6b4c9de-d127-4565-babf-6a7389582028,PlanExe
66f158a4-167b-48bd-b8b4-50a0fc1e4cfe,Conduct Shipyard Due Diligence,,4/26/2027,5/12/2027,0,c6b4c9de-d127-4565-babf-6a7389582028,PlanExe
8e3db4d4-be4b-4311-a23f-e84c874826ac,Review shipyard's financial health,"Review shipyard's financial health

Description:
Objective: Assess the financial stability of potential shipyards to mitigate the risk of project disruption due to insolvency.
Scope: Analyze financial statements, credit ratings, and debt levels.
Steps: Obtain financial documents, consult with financial analysts, and prepare a risk assessment report.
Deliverables: Financial risk assessment report for each shipyard.

Resources needed:
• Financial Analyst
• Accountant
• Project Manager",4/26/2027,4/30/2027,0,66f158a4-167b-48bd-b8b4-50a0fc1e4cfe,PlanExe
eed2b8d2-fb0a-44ab-b297-8e601f892c7b,Assess shipyard's legal compliance,"Assess shipyard's legal compliance

Description:
Objective: Evaluate the legal and regulatory compliance of potential shipyards to avoid legal issues and penalties.
Scope: Review permits, licenses, environmental records, and labor practices.
Steps: Obtain compliance documents, consult with legal counsel, and conduct site visits.
Deliverables: Legal compliance report for each shipyard.

Resources needed:
• Maritime Legal Counsel
• Environmental Consultant
• Project Manager",4/30/2027,5/4/2027,0,8e3db4d4-be4b-4311-a23f-e84c874826ac,PlanExe
217f503a-195e-4d2f-8b90-037d1c478111,Evaluate shipyard's project history,"Evaluate shipyard's project history

Description:
Objective: Analyze the past performance of potential shipyards to determine their ability to deliver the project successfully.
Scope: Review completed projects, client references, and performance metrics.
Steps: Obtain project details, contact previous clients, and analyze performance data.
Deliverables: Project history evaluation report for each shipyard.

Resources needed:
• Project Manager
• Maritime Engineer
• Quality Control Specialist",5/4/2027,5/8/2027,0,eed2b8d2-fb0a-44ab-b297-8e601f892c7b,PlanExe
3c2bfab6-6aaf-4d68-8c09-06b337d860b2,Analyze shipyard's insurance coverage,"Analyze shipyard's insurance coverage

Description:
Objective: Determine the adequacy of the shipyard's insurance coverage to protect against potential liabilities and losses.
Scope: Review insurance policies, coverage limits, and exclusions.
Steps: Obtain insurance documents, consult with insurance brokers, and assess coverage adequacy.
Deliverables: Insurance coverage analysis report for each shipyard.

Resources needed:
• Insurance Broker
• Risk Manager
• Project Manager",5/8/2027,5/12/2027,0,66f158a4-167b-48bd-b8b4-50a0fc1e4cfe,PlanExe
7049d8ec-3f7e-4242-a762-4845dc4f8012,Negotiate and Award Shipyard Contract,,5/12/2027,7/11/2027,0,66f158a4-167b-48bd-b8b4-50a0fc1e4cfe,PlanExe
939abc96-f35e-4de0-b1a0-daefa48f7fb7,Prepare contract draft,"Prepare contract draft

Description:
Draft the initial shipyard contract based on preliminary agreements and legal requirements.

Resources needed:
• Maritime Legal Counsel
• Project Manager",5/12/2027,5/27/2027,0,7049d8ec-3f7e-4242-a762-4845dc4f8012,PlanExe
178d9d9b-7ca3-4915-ae28-53984d335c1e,Review contract terms,"Review contract terms

Description:
Thoroughly review the contract draft with internal stakeholders (legal, financial, technical) to identify potential risks and areas for negotiation.

Resources needed:
• Maritime Legal Counsel
• Financial Advisor
• Project Manager
• Naval Architect",5/27/2027,6/11/2027,0,939abc96-f35e-4de0-b1a0-daefa48f7fb7,PlanExe
a1999df5-0a36-4740-b49c-371d125e20c8,Negotiate contract with shipyard,"Negotiate contract with shipyard

Description:
Engage in negotiations with the preferred shipyard to finalize contract terms, including pricing, payment schedules, performance guarantees, and dispute resolution mechanisms.

Resources needed:
• Project Manager
• Maritime Legal Counsel
• Financial Advisor",6/11/2027,6/26/2027,0,178d9d9b-7ca3-4915-ae28-53984d335c1e,PlanExe
6b42a7dd-3b8e-4f95-a5d6-cace61743fe8,Finalize and execute contract,"Finalize and execute contract

Description:
Incorporate agreed-upon changes into the contract, obtain final approvals from all relevant parties, and formally execute the contract with the selected shipyard.

Resources needed:
• Project Manager
• Maritime Legal Counsel
• Shipyard Representatives",6/26/2027,7/11/2027,0,7049d8ec-3f7e-4242-a762-4845dc4f8012,PlanExe
b3182662-acbc-436c-ab95-d4c79bade27b,Establish Quality Control Procedures with Shipyard,,7/11/2027,8/12/2027,0,8ffe2e65-a40d-4d61-9333-a26269480cbf,PlanExe
3f408c56-8fe7-48fd-bd43-802192515789,Define Quality Standards with Shipyard,"Define Quality Standards with Shipyard

Description:
Establish clear and measurable quality standards for all phases of construction, referencing industry best practices and regulatory requirements. This includes defining acceptable tolerances, inspection protocols, and documentation requirements.

Resources needed:
• Project Manager
• Quality Control Manager
• Shipyard Representatives
• Marine Surveyor",7/11/2027,7/19/2027,0,b3182662-acbc-436c-ab95-d4c79bade27b,PlanExe
38d12994-241d-4552-a45c-bad98cced47d,Develop Inspection and Testing Plan,"Develop Inspection and Testing Plan

Description:
Create a detailed plan outlining the frequency, methods, and acceptance criteria for inspections and tests throughout the construction process. This includes identifying critical checkpoints, assigning responsibilities, and establishing a system for documenting results.

Resources needed:
• Quality Control Manager
• Inspection Team
• Testing Engineers
• Shipyard Representatives",7/19/2027,7/27/2027,0,3f408c56-8fe7-48fd-bd43-802192515789,PlanExe
05476379-853b-477b-a45a-fe2ecff46f13,Establish Communication Protocols for Quality,"Establish Communication Protocols for Quality

Description:
Define clear communication channels and reporting procedures for addressing quality-related issues. This includes establishing escalation paths, defining roles and responsibilities for communication, and implementing a system for tracking and resolving non-conformances.

Resources needed:
• Project Manager
• Quality Control Manager
• Shipyard Management
• Communication Specialist",7/27/2027,8/4/2027,0,38d12994-241d-4552-a45c-bad98cced47d,PlanExe
f9d949e2-f5a9-451b-a0bf-a199936c845f,Implement a Non-Conformance Management System,"Implement a Non-Conformance Management System

Description:
Set up a system for identifying, documenting, and resolving non-conformances. This includes defining procedures for root cause analysis, corrective action planning, and verification of effectiveness.

Resources needed:
• Quality Control Manager
• Inspection Team
• Engineering Team
• Shipyard Representatives",8/4/2027,8/12/2027,0,b3182662-acbc-436c-ab95-d4c79bade27b,PlanExe
d0b77e6d-21e2-43ec-a9f3-699db3eed307,Supply Chain Establishment,,8/12/2027,12/23/2028,0,8ffe2e65-a40d-4d61-9333-a26269480cbf,PlanExe
299d1bc0-529f-480f-b84c-6af0fd1ad8a1,Establish Vertically Integrated Supply Chain,,8/12/2027,12/25/2027,0,d0b77e6d-21e2-43ec-a9f3-699db3eed307,PlanExe
54ed07e4-0667-450f-be97-ade28e711168,Map existing supplier relationships,"Map existing supplier relationships

Description:
Identify and document all current relationships with suppliers, including contact information, contract terms, and performance history. This will provide a baseline for integrating them into the vertically integrated supply chain.

Resources needed:
• Supply Chain Manager
• Procurement Team
• Database Administrator",8/12/2027,9/8/2027,0,299d1bc0-529f-480f-b84c-6af0fd1ad8a1,PlanExe
a0b95129-eab9-402f-bfe4-2558209341b1,Define integration requirements and standards,"Define integration requirements and standards

Description:
Establish clear requirements and standards for integrating suppliers and internal departments into the unified system. This includes data formats, communication protocols, and performance metrics.

Resources needed:
• Supply Chain Manager
• IT Architect
• Process Engineer",9/8/2027,10/5/2027,0,54ed07e4-0667-450f-be97-ade28e711168,PlanExe
64030687-4a29-48ca-abd8-07b883526ea3,Develop a communication plan,"Develop a communication plan

Description:
Create a detailed communication plan to ensure all stakeholders are informed about the integration process and their roles and responsibilities. This includes regular meetings, progress reports, and a dedicated communication channel for addressing issues.

Resources needed:
• Project Manager
• Communication Specialist
• Stakeholder Representatives",10/5/2027,11/1/2027,0,a0b95129-eab9-402f-bfe4-2558209341b1,PlanExe
07d77018-6b89-47a0-976a-7a9e002543c6,Implement a unified tracking system,"Implement a unified tracking system

Description:
Deploy a project management software or other tracking system to monitor progress, identify bottlenecks, and ensure all tasks are completed on time and within budget. This system should be accessible to all relevant stakeholders.

Resources needed:
• IT Team
• Project Manager
• Data Analyst",11/1/2027,11/28/2027,0,64030687-4a29-48ca-abd8-07b883526ea3,PlanExe
f9969fa1-53c8-4ad5-ad96-4623a8031221,Conduct training and onboarding sessions,"Conduct training and onboarding sessions

Description:
Provide training and onboarding sessions for all suppliers and internal departments to ensure they understand the new integration requirements and how to use the unified tracking system. This will help to minimize disruption and ensure a smooth transition.

Resources needed:
• Training Specialist
• IT Support
• Subject Matter Experts",11/28/2027,12/25/2027,0,299d1bc0-529f-480f-b84c-6af0fd1ad8a1,PlanExe
6774f3ae-b9cf-46bf-b961-1d0b7c026b17,Acquire Key Suppliers,,12/25/2027,3/26/2028,0,299d1bc0-529f-480f-b84c-6af0fd1ad8a1,PlanExe
0b3e7f91-3d90-49ca-8baf-da30f237f04c,Identify potential key suppliers,"Identify potential key suppliers

Description:
Identify potential suppliers for critical materials and components, considering factors such as quality, reliability, and cost-effectiveness. This involves market research, supplier databases, and industry contacts.

Resources needed:
• Supply Chain Manager
• Procurement Specialist
• Market Research Analyst",12/25/2027,1/17/2028,0,6774f3ae-b9cf-46bf-b961-1d0b7c026b17,PlanExe
76339bb7-29ec-4cd2-9fc6-23a482b03432,Assess supplier capabilities and capacity,"Assess supplier capabilities and capacity

Description:
Evaluate the technical capabilities, production capacity, and financial stability of potential key suppliers. This includes site visits, audits, and review of financial statements.

Resources needed:
• Supply Chain Manager
• Engineer
• Financial Analyst",1/17/2028,2/9/2028,0,0b3e7f91-3d90-49ca-8baf-da30f237f04c,PlanExe
9ec0f786-80ce-407a-9948-8d5474fc1c72,Negotiate supply agreements,"Negotiate supply agreements

Description:
Negotiate favorable supply agreements with selected key suppliers, including pricing, delivery schedules, quality standards, and payment terms. This requires strong negotiation skills and legal expertise.

Resources needed:
• Supply Chain Manager
• Legal Counsel
• Contract Specialist",2/9/2028,3/3/2028,0,76339bb7-29ec-4cd2-9fc6-23a482b03432,PlanExe
9d029260-0d01-495c-9457-ddfb97319ff8,Establish supplier relationships,"Establish supplier relationships

Description:
Build strong and collaborative relationships with key suppliers to ensure reliable supply and long-term partnerships. This involves regular communication, performance monitoring, and joint problem-solving.

Resources needed:
• Supply Chain Manager
• Project Manager
• Supplier Relationship Manager",3/3/2028,3/26/2028,0,6774f3ae-b9cf-46bf-b961-1d0b7c026b17,PlanExe
2970161b-3bba-4857-8fb5-0ec13dd2c6ed,Set Up 3D Printing Facility for On-Demand Manufacturing,,3/26/2028,9/22/2028,0,6774f3ae-b9cf-46bf-b961-1d0b7c026b17,PlanExe
4d2be895-f59c-43b5-be38-e390358bb400,Select 3D printing technology and vendors,"Select 3D printing technology and vendors

Description:
Research and select the appropriate 3D printing technology (e.g., FDM, SLA, SLS) based on material requirements and production volume. Identify and evaluate potential vendors for 3D printing equipment and materials. Negotiate contracts and establish partnerships with selected vendors.

Resources needed:
• Materials Engineer
• Manufacturing Engineer
• Procurement Specialist
• Budget",3/26/2028,5/1/2028,0,2970161b-3bba-4857-8fb5-0ec13dd2c6ed,PlanExe
dcda931b-295b-4f85-a578-75b12f8022a5,Design facility layout and infrastructure,"Design facility layout and infrastructure

Description:
Develop a detailed layout for the 3D printing facility, considering factors such as equipment placement, material storage, ventilation, and safety requirements. Design the necessary infrastructure, including power supply, compressed air, and network connectivity. Ensure compliance with relevant building codes and regulations.

Resources needed:
• Facility Planner
• Architect
• Electrical Engineer
• HVAC Technician",5/1/2028,6/6/2028,0,4d2be895-f59c-43b5-be38-e390358bb400,PlanExe
863650bc-cc23-4ddf-b31b-c2a492716132,Procure and install 3D printing equipment,"Procure and install 3D printing equipment

Description:
Purchase and install the selected 3D printing equipment, including printers, post-processing equipment, and quality control tools. Coordinate delivery, installation, and setup with vendors. Conduct initial testing and calibration to ensure proper functionality.

Resources needed:
• Technicians
• Logistics Coordinator
• Equipment Vendors
• Installation Team",6/6/2028,7/12/2028,0,dcda931b-295b-4f85-a578-75b12f8022a5,PlanExe
dd7786ef-2644-413a-b78d-b0b8a8afc254,Develop material handling and storage procedures,"Develop material handling and storage procedures

Description:
Establish procedures for handling and storing 3D printing materials, including powders, filaments, and resins. Implement inventory management systems to track material usage and ensure adequate supply. Develop safety protocols for handling hazardous materials.

Resources needed:
• Materials Scientist
• Safety Officer
• Inventory Manager
• Storage Equipment",7/12/2028,8/17/2028,0,863650bc-cc23-4ddf-b31b-c2a492716132,PlanExe
bf713030-db0f-4b54-8226-313048b75d59,Train personnel on 3D printing operations,"Train personnel on 3D printing operations

Description:
Develop and deliver training programs for personnel on 3D printing operations, including equipment operation, material handling, design optimization, and quality control. Provide ongoing support and mentorship to ensure proficiency.

Resources needed:
• Training Specialist
• Experienced Operators
• Training Materials
• 3D Printing Experts",8/17/2028,9/22/2028,0,2970161b-3bba-4857-8fb5-0ec13dd2c6ed,PlanExe
df3f5be8-cd69-4e13-9600-ce312015c5f3,Negotiate Material Supply Agreements,,9/22/2028,10/24/2028,0,2970161b-3bba-4857-8fb5-0ec13dd2c6ed,PlanExe
5c84d6fe-4aa0-47cb-8936-498a553f6602,Research Material Pricing and Market Trends,"Research Material Pricing and Market Trends

Description:
Objective: Gather data on current and projected prices for key construction materials (steel, aluminum, composites, etc.).
Scope: Analyze market trends, identify potential price fluctuations, and assess the impact on the project budget.
Steps: Research industry reports, consult with market analysts, and track commodity prices.
Deliverables: A comprehensive report on material pricing and market trends.

Resources needed:
• Market Analyst
• Financial Advisor
• Supply Chain Manager",9/22/2028,9/30/2028,0,df3f5be8-cd69-4e13-9600-ce312015c5f3,PlanExe
3890aed8-c647-4781-9f78-a6707ccd5b94,Identify Potential Material Suppliers,"Identify Potential Material Suppliers

Description:
Objective: Identify and evaluate potential suppliers for key construction materials.
Scope: Assess supplier capabilities, financial stability, and quality control processes.
Steps: Conduct online research, attend industry trade shows, and request supplier information.
Deliverables: A list of potential material suppliers with detailed profiles.

Resources needed:
• Supply Chain Manager
• Procurement Specialist
• Quality Control Engineer",9/30/2028,10/8/2028,0,5c84d6fe-4aa0-47cb-8936-498a553f6602,PlanExe
a81f6640-8bb7-4809-bef2-664d954cf4fe,Develop Negotiation Strategy,"Develop Negotiation Strategy

Description:
Objective: Develop a negotiation strategy for securing favorable material supply agreements.
Scope: Define negotiation objectives, identify leverage points, and prepare alternative scenarios.
Steps: Analyze supplier pricing, assess market conditions, and develop a negotiation plan.
Deliverables: A detailed negotiation strategy document.

Resources needed:
• Supply Chain Manager
• Legal Counsel
• Financial Advisor",10/8/2028,10/16/2028,0,3890aed8-c647-4781-9f78-a6707ccd5b94,PlanExe
979376be-a33d-45ff-91d6-f916ec50ba18,Draft Material Supply Agreements,"Draft Material Supply Agreements

Description:
Objective: Draft legally sound and comprehensive material supply agreements.
Scope: Define material specifications, delivery schedules, payment terms, and dispute resolution mechanisms.
Steps: Consult with legal counsel, review industry best practices, and draft agreement templates.
Deliverables: Draft material supply agreements for key construction materials.

Resources needed:
• Legal Counsel
• Supply Chain Manager
• Procurement Specialist",10/16/2028,10/24/2028,0,df3f5be8-cd69-4e13-9600-ce312015c5f3,PlanExe
b3cb942b-efc2-437f-ab85-419d63f26aaf,Implement Supply Chain Management System,,10/24/2028,12/23/2028,0,d0b77e6d-21e2-43ec-a9f3-699db3eed307,PlanExe
f7468b4d-8ff0-44d0-8449-829c2a710284,Select SCM Software and Hardware,"Select SCM Software and Hardware

Description:
Evaluate and select appropriate Supply Chain Management (SCM) software and hardware solutions based on project requirements and budget. This includes researching different vendors, comparing features, and conducting trials.

Resources needed:
• IT Specialist
• Supply Chain Manager
• Financial Analyst",10/24/2028,11/5/2028,0,b3cb942b-efc2-437f-ab85-419d63f26aaf,PlanExe
6ac1975a-0fc9-4fd4-8eab-c2b9056524a0,Configure and Customize SCM System,"Configure and Customize SCM System

Description:
Configure and customize the selected SCM software to align with the project's specific needs and workflows. This involves setting up user roles, defining data fields, and integrating the system with existing IT infrastructure.

Resources needed:
• IT Specialist
• SCM Software Vendor
• Database Administrator",11/5/2028,11/17/2028,0,f7468b4d-8ff0-44d0-8449-829c2a710284,PlanExe
84102819-9e3a-4765-a166-6012ac68407f,Migrate Data to New SCM System,"Migrate Data to New SCM System

Description:
Transfer existing supply chain data from legacy systems to the new SCM platform. This includes data cleansing, transformation, and validation to ensure data integrity and accuracy.

Resources needed:
• Data Migration Specialist
• IT Specialist
• Supply Chain Analyst",11/17/2028,11/29/2028,0,6ac1975a-0fc9-4fd4-8eab-c2b9056524a0,PlanExe
1b0ff82c-648a-4a86-abf0-ad76b34d45ff,Train Staff on SCM System Usage,"Train Staff on SCM System Usage

Description:
Provide comprehensive training to all relevant staff members on how to effectively use the new SCM system. This includes creating training materials, conducting workshops, and providing ongoing support.

Resources needed:
• Training Specialist
• SCM Software Vendor
• Supply Chain Manager",11/29/2028,12/11/2028,0,84102819-9e3a-4765-a166-6012ac68407f,PlanExe
4258ac0a-6913-422b-9a9c-dc9aa719bbe2,Test and Optimize SCM System Performance,"Test and Optimize SCM System Performance

Description:
Conduct thorough testing of the implemented SCM system to identify and resolve any performance issues or bugs. This includes load testing, stress testing, and user acceptance testing.

Resources needed:
• IT Specialist
• Quality Assurance Tester
• Supply Chain Analyst",12/11/2028,12/23/2028,0,b3cb942b-efc2-437f-ab85-419d63f26aaf,PlanExe
80882999-eb8d-4ee7-9abb-8a0782723df2,Construction & Integration,,12/23/2028,8/25/2031,0,d0b77e6d-21e2-43ec-a9f3-699db3eed307,PlanExe
9cf0b953-cb31-4f1e-acf5-06d5d236ca30,Commence Yacht Construction (Modular),,12/23/2028,9/14/2030,0,80882999-eb8d-4ee7-9abb-8a0782723df2,PlanExe
d4689203-ae8c-4c9e-a451-9caeb8a674b0,Fabricate Hull Modules,"Fabricate Hull Modules

Description:
Construct the individual hull sections according to the finalized engineering specifications. This includes cutting, welding, and shaping the steel or aluminum plates. Quality control checks will be performed at each stage.

Resources needed:
• Shipyard welders
• Metal fabricators
• Quality control inspectors
• Welding equipment
• Cutting tools
• Steel/Aluminum plates",12/23/2028,4/28/2029,0,9cf0b953-cb31-4f1e-acf5-06d5d236ca30,PlanExe
e1e3bb24-aa0f-4da8-83ab-d2d1b9011256,Fabricate Superstructure Modules,"Fabricate Superstructure Modules

Description:
Construct the superstructure modules, including decks, walls, and internal structures. This involves similar processes to hull fabrication, with a focus on precision and integration with the hull modules.

Resources needed:
• Shipyard welders
• Metal fabricators
• Quality control inspectors
• Welding equipment
• Cutting tools
• Steel/Aluminum plates",4/28/2029,9/1/2029,0,d4689203-ae8c-4c9e-a451-9caeb8a674b0,PlanExe
2fbfa599-e271-4ccc-9861-01e3e2e223b8,"Outfit Modules (Piping, Electrical)","Outfit Modules (Piping, Electrical)

Description:
Install piping, electrical wiring, and other essential systems within the fabricated modules. This includes connecting pipes, running cables, and installing junction boxes. Testing will be conducted to ensure proper functionality.

Resources needed:
• Piping technicians
• Electricians
• HVAC technicians
• Plumbing materials
• Electrical wiring
• Testing equipment",9/1/2029,1/5/2030,0,e1e3bb24-aa0f-4da8-83ab-d2d1b9011256,PlanExe
d490d05e-8706-49c9-90e3-cb91eee67b53,Transport Modules to Shipyard,"Transport Modules to Shipyard

Description:
Transport the completed modules from the fabrication facility to the shipyard. This requires careful planning and coordination to ensure safe and timely delivery. Specialized transportation equipment may be needed.

Resources needed:
• Logistics coordinator
• Transportation crew
• Heavy-lift equipment
• Trucks/Barges
• Shipping containers",1/5/2030,5/11/2030,0,2fbfa599-e271-4ccc-9861-01e3e2e223b8,PlanExe
a3d70eed-3c3e-49d1-aab4-059a6d41e7fe,Assemble Modules at Shipyard,"Assemble Modules at Shipyard

Description:
Assemble the modules at the shipyard to form the complete yacht hull and superstructure. This involves aligning, welding, and securing the modules together. Precise measurements and quality control are crucial.

Resources needed:
• Shipyard welders
• Riggers
• Crane operators
• Alignment tools
• Welding equipment
• Heavy-lift cranes",5/11/2030,9/14/2030,0,9cf0b953-cb31-4f1e-acf5-06d5d236ca30,PlanExe
79020917-2f54-42ab-a60b-994b3b4c6dad,Install Marine Engines and Propulsion Systems,,9/14/2030,11/28/2030,0,9cf0b953-cb31-4f1e-acf5-06d5d236ca30,PlanExe
605fff7c-d49e-4afe-a313-b124f4f1362c,Prepare Engine Room for Installation,"Prepare Engine Room for Installation

Description:
Prepare the engine room by ensuring structural supports are ready, access points are clear, and all necessary connections for utilities (power, cooling, fuel) are in place. Verify dimensions and clearances to accommodate the engines and propulsion systems.

Resources needed:
• Shipyard workers
• Engineers
• Welders
• Inspectors",9/14/2030,9/29/2030,0,79020917-2f54-42ab-a60b-994b3b4c6dad,PlanExe
b24664f5-369f-418c-979c-a6a0ccb99dbb,Receive and Inspect Engines and Systems,"Receive and Inspect Engines and Systems

Description:
Receive the marine engines and propulsion systems at the shipyard. Conduct a thorough inspection to verify that all components are present, undamaged, and match the specifications outlined in the purchase agreements. Document any discrepancies or damage.

Resources needed:
• Receiving crew
• Inspectors
• Engineers
• Inventory management personnel",9/29/2030,10/14/2030,0,605fff7c-d49e-4afe-a313-b124f4f1362c,PlanExe
9150009a-2b77-48e3-9607-bc6e25f3b86a,Position and Mount Engines and Systems,"Position and Mount Engines and Systems

Description:
Carefully position and mount the engines and propulsion systems onto the prepared structural supports in the engine room. Ensure proper alignment and secure fastening according to manufacturer specifications and engineering plans. Use specialized lifting equipment and techniques.

Resources needed:
• Shipyard workers
• Engineers
• Riggers
• Heavy equipment operators",10/14/2030,10/29/2030,0,b24664f5-369f-418c-979c-a6a0ccb99dbb,PlanExe
1e46d02b-0b6a-4f02-aa01-ebfa6930d974,Connect Utilities and Control Systems,"Connect Utilities and Control Systems

Description:
Connect the engines and propulsion systems to the yacht's utility systems (fuel, cooling water, exhaust) and control systems (engine management, navigation interface). Verify proper connections and functionality of all systems. Conduct initial tests to ensure basic operation.

Resources needed:
• Marine engineers
• Electricians
• Plumbers
• Control systems specialists",10/29/2030,11/13/2030,0,9150009a-2b77-48e3-9607-bc6e25f3b86a,PlanExe
11f563ad-e288-41fa-8d3a-0247b3b3b23b,Test and Commission Propulsion Systems,"Test and Commission Propulsion Systems

Description:
Conduct comprehensive testing and commissioning of the installed engines and propulsion systems. Verify performance parameters (power output, fuel consumption, emissions) and ensure proper integration with the yacht's overall systems. Address any issues or adjustments required for optimal operation.

Resources needed:
• Marine engineers
• Test engineers
• Commissioning specialists
• Regulatory inspectors",11/13/2030,11/28/2030,0,79020917-2f54-42ab-a60b-994b3b4c6dad,PlanExe
f947158b-a6e1-4920-951c-975069651316,Integrate Navigation and Communication Equipment,,11/28/2030,1/27/2031,0,79020917-2f54-42ab-a60b-994b3b4c6dad,PlanExe
5ae278c0-c354-441f-807a-81913e506f35,Procure Navigation and Communication Equipment,"Procure Navigation and Communication Equipment

Description:
Select and purchase all necessary navigation and communication equipment, ensuring compatibility and compliance with maritime regulations. This includes GPS, radar, satellite communication systems, and VHF radios.

Resources needed:
• Project Manager
• Technology Specialist
• Supply Chain Manager",11/28/2030,12/10/2030,0,f947158b-a6e1-4920-951c-975069651316,PlanExe
4fa49a3e-6c6e-4041-91ab-f4daac1b3607,Install Equipment and Wiring,"Install Equipment and Wiring

Description:
Physically install all navigation and communication equipment on the yacht, including running necessary wiring and connections. Ensure proper grounding and shielding to prevent interference.

Resources needed:
• Electrical Engineer
• Marine Technicians
• Shipyard Personnel",12/10/2030,12/22/2030,0,5ae278c0-c354-441f-807a-81913e506f35,PlanExe
e399dc70-9a9f-4695-ae41-737fa4e53ef6,Integrate Systems with Yacht's Network,"Integrate Systems with Yacht's Network

Description:
Integrate the navigation and communication systems with the yacht's central network and control systems. This includes configuring software, setting up data sharing protocols, and ensuring seamless communication between all devices.

Resources needed:
• Technology Specialist
• Software Engineer
• Network Engineer",12/22/2030,1/3/2031,0,4fa49a3e-6c6e-4041-91ab-f4daac1b3607,PlanExe
e12de5ba-b180-406a-917c-0ad53d3bbbfe,Test and Calibrate Equipment,"Test and Calibrate Equipment

Description:
Thoroughly test and calibrate all navigation and communication equipment to ensure proper functionality and accuracy. This includes conducting sea trials and verifying performance under various conditions.

Resources needed:
• Navigation Officer
• Communication Officer
• Marine Technicians",1/3/2031,1/15/2031,0,e399dc70-9a9f-4695-ae41-737fa4e53ef6,PlanExe
2833d073-b595-478c-8d9e-6d9b405174b8,Obtain Regulatory Approvals,"Obtain Regulatory Approvals

Description:
Obtain all necessary regulatory approvals and certifications for the navigation and communication systems. This includes submitting documentation to relevant authorities and undergoing inspections.

Resources needed:
• Maritime Legal Counsel
• Project Manager
• Regulatory Compliance Officer",1/15/2031,1/27/2031,0,f947158b-a6e1-4920-951c-975069651316,PlanExe
d5732584-48d5-4769-aaab-14360d3e5072,Implement Blockchain-Secured Operational Platform,,1/27/2031,5/27/2031,0,f947158b-a6e1-4920-951c-975069651316,PlanExe
30c26ae7-1869-4a1c-83b7-c792023e4bef,Design Blockchain Integration Architecture,"Design Blockchain Integration Architecture

Description:
Define the architecture for integrating the blockchain platform with the yacht's existing systems, including data flow, security protocols, and API specifications. This includes defining the scope of data to be stored on the blockchain, such as maintenance records, sensor data, and operational logs.

Resources needed:
• Blockchain Developers
• System Architects
• Cybersecurity Experts
• Maritime Engineers",1/27/2031,2/26/2031,0,d5732584-48d5-4769-aaab-14360d3e5072,PlanExe
44d36786-8f50-4617-bd6f-3eb4f01cbba6,Develop Blockchain Smart Contracts,"Develop Blockchain Smart Contracts

Description:
Develop and test smart contracts for various yacht operations, such as supply chain management, maintenance scheduling, and data logging. Ensure the smart contracts are secure, efficient, and compliant with relevant regulations. This includes defining the logic for data validation, access control, and dispute resolution.

Resources needed:
• Blockchain Developers
• Smart Contract Auditors
• Maritime Legal Counsel",2/26/2031,3/28/2031,0,30c26ae7-1869-4a1c-83b7-c792023e4bef,PlanExe
740184dc-d0bc-4f0c-be3d-8245aee25c31,Integrate Blockchain with Yacht Systems,"Integrate Blockchain with Yacht Systems

Description:
Integrate the blockchain platform with the yacht's existing systems, including navigation, communication, and control systems. Ensure seamless data exchange and interoperability between the blockchain and other systems. This includes developing APIs and interfaces for data access and control.

Resources needed:
• Software Engineers
• System Integrators
• Network Engineers
• Maritime Engineers",3/28/2031,4/27/2031,0,44d36786-8f50-4617-bd6f-3eb4f01cbba6,PlanExe
137fcf54-8ee9-4f47-8fda-29f71bae426f,Test and Deploy Blockchain Platform,"Test and Deploy Blockchain Platform

Description:
Conduct thorough testing of the integrated blockchain platform to ensure its functionality, security, and performance. Deploy the platform on the yacht and provide training to the crew on its operation and maintenance. This includes conducting penetration testing, performance testing, and user acceptance testing.

Resources needed:
• Quality Assurance Engineers
• Cybersecurity Experts
• System Administrators
• Training Specialists",4/27/2031,5/27/2031,0,d5732584-48d5-4769-aaab-14360d3e5072,PlanExe
8267ace0-6160-4093-9b8c-f82d19431723,Install Luxury Interior Furnishings,,5/27/2031,8/25/2031,0,80882999-eb8d-4ee7-9abb-8a0782723df2,PlanExe
9f4c28ad-09dc-4fe0-b465-abbd9f490e63,Source luxury interior materials,"Source luxury interior materials

Description:
Identify and procure high-end materials like rare woods, custom fabrics, and precious metals for the yacht's interior. This includes researching suppliers, obtaining samples, and negotiating contracts.

Resources needed:
• Interior Designer
• Procurement Specialist
• Material Suppliers",5/27/2031,6/14/2031,0,8267ace0-6160-4093-9b8c-f82d19431723,PlanExe
0fa5e166-6136-4b6f-ac1f-fdfd7e53132d,Fabricate bespoke furniture pieces,"Fabricate bespoke furniture pieces

Description:
Oversee the creation of custom-designed furniture according to the yacht's specifications. This involves coordinating with artisans, monitoring production quality, and ensuring timely delivery.

Resources needed:
• Interior Designer
• Furniture Makers
• Quality Control Inspector",6/14/2031,7/2/2031,0,9f4c28ad-09dc-4fe0-b465-abbd9f490e63,PlanExe
c67dfd08-c8e5-4a6b-8ec1-bcd8653be296,Integrate furnishings with yacht systems,"Integrate furnishings with yacht systems

Description:
Ensure seamless integration of interior furnishings with the yacht's electrical, plumbing, and HVAC systems. This includes coordinating with engineers, running tests, and resolving any compatibility issues.

Resources needed:
• Interior Designer
• Electrical Engineer
• Mechanical Engineer",7/2/2031,7/20/2031,0,0fa5e166-6136-4b6f-ac1f-fdfd7e53132d,PlanExe
41fb9532-f2a5-448d-9d29-bc8934b6c622,Install interior furnishings,"Install interior furnishings

Description:
Carefully install all furniture, fixtures, and decorative elements within the yacht's interior. This requires skilled labor, precise measurements, and adherence to design plans.

Resources needed:
• Installation Crew
• Interior Designer
• Project Manager",7/20/2031,8/7/2031,0,c67dfd08-c8e5-4a6b-8ec1-bcd8653be296,PlanExe
b9012b85-f517-42a1-b029-25f3057eba50,Final inspection and quality assurance,"Final inspection and quality assurance

Description:
Conduct a thorough inspection of the installed interior furnishings to ensure they meet quality standards and design specifications. This includes addressing any defects or imperfections.

Resources needed:
• Interior Designer
• Quality Control Inspector
• Project Manager",8/7/2031,8/25/2031,0,8267ace0-6160-4093-9b8c-f82d19431723,PlanExe
19f8d48e-1ae1-41dd-ab5c-ed32d238dd54,Legal & Regulatory Compliance,,8/25/2031,9/18/2032,0,80882999-eb8d-4ee7-9abb-8a0782723df2,PlanExe
417c63b1-e853-4069-83e2-eec5b4c58c4f,Establish Network of Shell Corporations and Offshore Accounts,,8/25/2031,12/23/2031,0,19f8d48e-1ae1-41dd-ab5c-ed32d238dd54,PlanExe
ad38075b-d7f4-4cea-bb16-de6955165c35,Research Favorable Jurisdictions,"Research Favorable Jurisdictions

Description:
Identify jurisdictions with favorable tax laws and regulations for shell corporations and offshore accounts. Analyze political stability, legal frameworks, and banking secrecy laws.

Resources needed:
• International Tax Lawyer
• Financial Advisor
• Research Analyst",8/25/2031,9/24/2031,0,417c63b1-e853-4069-83e2-eec5b4c58c4f,PlanExe
37e831e0-dc3f-4804-9fba-ca55b888c067,Structure Shell Corporation Network,"Structure Shell Corporation Network

Description:
Design the optimal structure for the network of shell corporations, considering ownership, control, and inter-company transactions. Minimize tax liabilities and maintain anonymity.

Resources needed:
• International Tax Lawyer
• Corporate Structuring Specialist
• Accountant",9/24/2031,10/24/2031,0,ad38075b-d7f4-4cea-bb16-de6955165c35,PlanExe
467e3a26-4917-4f41-9607-9f8912a38a2a,Establish Offshore Bank Accounts,"Establish Offshore Bank Accounts

Description:
Open and manage offshore bank accounts in jurisdictions with strong banking secrecy laws. Ensure compliance with KYC (Know Your Customer) and AML (Anti-Money Laundering) regulations.

Resources needed:
• Financial Advisor
• Banking Consultant
• Compliance Officer",10/24/2031,11/23/2031,0,37e831e0-dc3f-4804-9fba-ca55b888c067,PlanExe
ed01152f-30ac-4476-b4e3-a3f4115fea55,Document Corporate Structure,"Document Corporate Structure

Description:
Prepare all necessary legal documentation for the shell corporations and offshore accounts, including articles of incorporation, shareholder agreements, and trust deeds. Ensure compliance with local laws and regulations.

Resources needed:
• Corporate Lawyer
• Paralegal
• Document Specialist",11/23/2031,12/23/2031,0,417c63b1-e853-4069-83e2-eec5b4c58c4f,PlanExe
b78f6017-9541-4cc5-b6ec-b5a31b143979,Register Yacht Under Flag of Convenience,,12/23/2031,2/21/2032,0,417c63b1-e853-4069-83e2-eec5b4c58c4f,PlanExe
26935198-b0b0-42be-941e-23fb903c2d63,Research Flag of Convenience Options,"Research Flag of Convenience Options

Description:
Objective: Identify suitable flag of convenience jurisdictions.
Scope: Research various flag states, considering factors like fees, regulations, and reputation.
Steps: 1. Compile a list of potential flag states. 2. Analyze their maritime laws and regulations. 3. Assess their reputation and track record. 4. Evaluate associated costs and fees.
Deliverables: A report summarizing the pros and cons of each flag state.

Resources needed:
• Maritime Legal Counsel
• Financial Advisor",12/23/2031,1/7/2032,0,b78f6017-9541-4cc5-b6ec-b5a31b143979,PlanExe
fe4eee7d-d63e-49f9-a715-27098bb16fd9,Prepare Flag Registration Application,"Prepare Flag Registration Application

Description:
Objective: Complete the application for yacht registration under the chosen flag.
Scope: Gather all required documentation and information for the application.
Steps: 1. Obtain the application form from the selected flag state. 2. Collect necessary documents (ownership proof, yacht specifications, etc.). 3. Complete the application form accurately. 4. Submit the application to the flag state authorities.
Deliverables: A completed and submitted flag registration application.

Resources needed:
• Project Manager
• Maritime Legal Counsel",1/7/2032,1/22/2032,0,26935198-b0b0-42be-941e-23fb903c2d63,PlanExe
2f187f69-da42-478d-a684-f414b104592e,Liaise with Flag State Authorities,"Liaise with Flag State Authorities

Description:
Objective: Communicate with the flag state authorities throughout the registration process.
Scope: Respond to inquiries, provide additional information, and address any concerns raised by the authorities.
Steps: 1. Establish communication channels with the flag state authorities. 2. Respond promptly to their requests for information. 3. Address any issues or concerns they may have. 4. Track the progress of the application.
Deliverables: Effective communication and resolution of any issues with the flag state authorities.

Resources needed:
• Project Manager
• Maritime Legal Counsel",1/22/2032,2/6/2032,0,fe4eee7d-d63e-49f9-a715-27098bb16fd9,PlanExe
999650e5-87f6-4e75-a2fe-b0ef4c5da29d,Pay Flag Registration Fees,"Pay Flag Registration Fees

Description:
Objective: Ensure timely payment of all required flag registration fees.
Scope: Calculate the fees, arrange payment, and obtain proof of payment.
Steps: 1. Determine the total amount of fees due. 2. Arrange for payment through the appropriate channels. 3. Obtain proof of payment (receipt, transaction confirmation). 4. Submit proof of payment to the flag state authorities.
Deliverables: Proof of payment for all flag registration fees.

Resources needed:
• Financial Advisor
• Project Manager",2/6/2032,2/21/2032,0,b78f6017-9541-4cc5-b6ec-b5a31b143979,PlanExe
fc737d6f-6aa3-4c03-b36a-f12fb8a5db8e,Obtain Necessary Permits and Licenses,,2/21/2032,5/21/2032,0,b78f6017-9541-4cc5-b6ec-b5a31b143979,PlanExe
d7618589-2227-401a-8d77-2a9cd3fe224c,Identify Required Permits and Licenses,"Identify Required Permits and Licenses

Description:
Determine all necessary permits and licenses for yacht construction, flag registration, and operation, considering international, national, and local regulations. This includes environmental permits, construction permits, operating licenses, and any specific permits related to the yacht's technology and features.

Resources needed:
• Maritime Legal Counsel
• Project Manager
• Regulatory Compliance Officer",2/21/2032,3/10/2032,0,fc737d6f-6aa3-4c03-b36a-f12fb8a5db8e,PlanExe
10aef663-ba90-4390-8c87-8b335fea3bbb,Prepare Permit Application Packages,"Prepare Permit Application Packages

Description:
Compile all required documentation for each identified permit and license. This includes technical specifications, environmental impact assessments, safety plans, and any other information required by the relevant regulatory bodies. Ensure all documents are accurate, complete, and formatted according to the specific requirements of each application.

Resources needed:
• Project Engineer
• Technical Writer
• Permitting Specialist",3/10/2032,3/28/2032,0,d7618589-2227-401a-8d77-2a9cd3fe224c,PlanExe
ec8f367b-8ea7-462f-af06-72f1e44c40d7,Submit Applications and Track Progress,"Submit Applications and Track Progress

Description:
Submit the completed permit application packages to the appropriate regulatory agencies. Establish a system for tracking the progress of each application, including deadlines, review stages, and any requests for additional information. Maintain regular communication with the agencies to address any questions or concerns and expedite the approval process.

Resources needed:
• Permitting Specialist
• Project Manager
• Administrative Assistant",3/28/2032,4/15/2032,0,10aef663-ba90-4390-8c87-8b335fea3bbb,PlanExe
6a1e59e8-de46-4418-abf8-d4a56c9dcd4b,Address Agency Queries and Revisions,"Address Agency Queries and Revisions

Description:
Respond promptly and thoroughly to any queries or requests for additional information from the regulatory agencies. Revise application materials as needed based on agency feedback. Ensure all revisions are accurate, complete, and submitted within the specified deadlines.

Resources needed:
• Project Engineer
• Technical Writer
• Permitting Specialist
• Maritime Legal Counsel",4/15/2032,5/3/2032,0,ec8f367b-8ea7-462f-af06-72f1e44c40d7,PlanExe
b892551d-3195-4d0e-8ce5-a1c62191d0e4,Obtain Final Permit Approvals,"Obtain Final Permit Approvals

Description:
Secure final approval for all required permits and licenses. Verify that all conditions and requirements associated with the approvals are clearly understood and documented. Communicate the approval status to all relevant stakeholders and ensure that all permits and licenses are readily accessible for inspection and compliance monitoring.

Resources needed:
• Permitting Specialist
• Project Manager
• Regulatory Compliance Officer",5/3/2032,5/21/2032,0,fc737d6f-6aa3-4c03-b36a-f12fb8a5db8e,PlanExe
1d16b2bb-5a1e-4970-b17d-19db3c09152e,Ensure Compliance with International Maritime Regulations,,5/21/2032,9/18/2032,0,19f8d48e-1ae1-41dd-ab5c-ed32d238dd54,PlanExe
5d4e5127-8a91-4414-a362-29c929a69565,Review IMO regulations and SOLAS convention,"Review IMO regulations and SOLAS convention

Description:
Thoroughly examine the latest versions of IMO regulations and the SOLAS convention to identify all applicable requirements for the yacht's design, construction, and operation.

Resources needed:
• Maritime Legal Counsel
• Naval Architect
• Marine Engineer",5/21/2032,6/14/2032,0,1d16b2bb-5a1e-4970-b17d-19db3c09152e,PlanExe
7857f569-53bc-447f-95d8-2b4e92c76b0c,Assess MARPOL compliance requirements,"Assess MARPOL compliance requirements

Description:
Evaluate the yacht's design and operational plans to ensure compliance with the MARPOL convention, focusing on pollution prevention measures and waste management systems.

Resources needed:
• Environmental Consultant
• Marine Engineer
• Maritime Legal Counsel",6/14/2032,7/8/2032,0,5d4e5127-8a91-4414-a362-29c929a69565,PlanExe
a5917a01-68f9-4095-8cb6-1d4364bed9a6,Implement ISM Code safety management system,"Implement ISM Code safety management system

Description:
Develop and implement a comprehensive safety management system (SMS) that adheres to the International Safety Management (ISM) Code, covering all aspects of the yacht's operation and maintenance.

Resources needed:
• Safety Management Expert
• Crew Training Manager
• Maritime Legal Counsel",7/8/2032,8/1/2032,0,7857f569-53bc-447f-95d8-2b4e92c76b0c,PlanExe
04860353-6554-4cba-9edf-e1678b7b5990,Conduct internal compliance audits,"Conduct internal compliance audits

Description:
Establish a schedule for regular internal audits to assess the effectiveness of the SMS and ensure ongoing compliance with all applicable international maritime regulations.

Resources needed:
• Internal Auditor
• Safety Management Expert
• Maritime Legal Counsel",8/1/2032,8/25/2032,0,a5917a01-68f9-4095-8cb6-1d4364bed9a6,PlanExe
e0a00e95-9442-4f65-8003-6ae5e9552400,Crew training in safety and environmental regulations,"Crew training in safety and environmental regulations

Description:
Develop and deliver comprehensive training programs for all crew members on safety procedures, emergency response protocols, and environmental regulations, ensuring they are fully aware of their responsibilities.

Resources needed:
• Crew Training Manager
• Safety Management Expert
• Experienced Seafarers",8/25/2032,9/18/2032,0,1d16b2bb-5a1e-4970-b17d-19db3c09152e,PlanExe
8f8ef069-254a-4348-b187-fe0366fb6829,Testing & Commissioning,,9/18/2032,12/20/2032,0,19f8d48e-1ae1-41dd-ab5c-ed32d238dd54,PlanExe
45b691f4-c930-4f94-a58c-bbf95b4d75b9,Conduct Sea Trials,,9/18/2032,11/5/2032,0,8f8ef069-254a-4348-b187-fe0366fb6829,PlanExe
2fc03919-7da8-4a9e-920c-2dc0913b7310,Pre-Sea Trial Inspections and System Checks,"Pre-Sea Trial Inspections and System Checks

Description:
Objective: Conduct thorough inspections of all yacht systems and components before sea trials to identify and rectify any potential issues.
Scope: Includes hull integrity, engine performance, navigation equipment, communication systems, safety equipment, and interior systems.
Steps: Visual inspections, functional tests, calibration checks, and documentation review.
Deliverables: Inspection reports, system performance data, and a list of identified issues.

Resources needed:
• Marine Engineers
• Naval Architects
• Electrical Technicians
• Mechanical Technicians
• Inspection Equipment",9/18/2032,9/30/2032,0,45b691f4-c930-4f94-a58c-bbf95b4d75b9,PlanExe
96800e95-9a69-4f7b-9909-39c2c1f5ebf5,Simulate Emergency Scenarios,"Simulate Emergency Scenarios

Description:
Objective: Simulate various emergency scenarios during sea trials to assess the yacht's response capabilities and crew preparedness.
Scope: Includes fire drills, man overboard drills, engine failure simulations, and navigation system failures.
Steps: Plan and execute simulated emergency scenarios, monitor crew response, and document performance.
Deliverables: Emergency response reports, crew performance evaluations, and recommendations for improvement.

Resources needed:
• Captain
• Crew
• Safety Officer
• Simulation Equipment
• Emergency Response Team",9/30/2032,10/12/2032,0,2fc03919-7da8-4a9e-920c-2dc0913b7310,PlanExe
0404b410-d9b4-4c5b-84ff-766e43a798e0,Assess Yacht Performance Under Various Conditions,"Assess Yacht Performance Under Various Conditions

Description:
Objective: Evaluate the yacht's performance under various sea conditions, including speed, maneuverability, stability, and fuel efficiency.
Scope: Includes testing in calm waters, rough seas, and different wind conditions.
Steps: Conduct performance tests, collect data, and analyze results.
Deliverables: Performance reports, fuel consumption data, and stability analysis.

Resources needed:
• Captain
• Naval Architects
• Marine Engineers
• Testing Equipment
• Data Analysis Software",10/12/2032,10/24/2032,0,96800e95-9a69-4f7b-9909-39c2c1f5ebf5,PlanExe
96110fe1-142c-4d4a-9dc6-25821ab1d856,Address Mechanical Failures During Sea Trials,"Address Mechanical Failures During Sea Trials

Description:
Objective: Develop a contingency plan for addressing mechanical failures that may occur during sea trials.
Scope: Includes identifying potential failure points, securing spare parts, and training technicians to perform repairs.
Steps: Identify potential failure points, secure spare parts, and train technicians to perform repairs.
Deliverables: Contingency plan, spare parts inventory, and trained technicians.

Resources needed:
• Marine Engineers
• Mechanical Technicians
• Spare Parts
• Repair Tools
• Contingency Budget",10/24/2032,11/5/2032,0,45b691f4-c930-4f94-a58c-bbf95b4d75b9,PlanExe
a7ea0eb9-452b-48ec-b308-904373a54e10,Test and Calibrate Navigation and Communication Systems,,11/5/2032,11/17/2032,0,45b691f4-c930-4f94-a58c-bbf95b4d75b9,PlanExe
f5dbfc15-b401-4b42-8a59-6266e1451e31,Verify sensor functionality and placement,"Verify sensor functionality and placement

Description:
Objective: Ensure all navigation and communication sensors are functioning correctly and are optimally placed for accurate data collection.
Scope: Includes visual inspection, power checks, and initial data readings.
Steps: 1. Visually inspect all sensors for damage. 2. Verify power supply to each sensor. 3. Take initial data readings and compare against expected values. 4. Document any discrepancies.
Deliverables: Sensor verification report.

Resources needed:
• Navigation Technician
• Communication Technician
• Electrical Engineer",11/5/2032,11/8/2032,0,a7ea0eb9-452b-48ec-b308-904373a54e10,PlanExe
521ba09c-544c-4aa9-a10d-dd811aa5ddbc,Calibrate navigation systems with GPS,"Calibrate navigation systems with GPS

Description:
Objective: Calibrate the navigation systems using GPS data to ensure accurate positioning and course plotting.
Scope: Includes GPS signal acquisition, data comparison, and system adjustments.
Steps: 1. Acquire GPS signal. 2. Compare GPS data with navigation system readings. 3. Adjust navigation system parameters to match GPS data. 4. Document calibration results.
Deliverables: Navigation system calibration report.

Resources needed:
• Navigation Technician
• GPS Specialist
• Software Engineer",11/8/2032,11/11/2032,0,f5dbfc15-b401-4b42-8a59-6266e1451e31,PlanExe
3bfac72f-dba5-4a4b-92d4-5978813ada3e,Test communication systems range and clarity,"Test communication systems range and clarity

Description:
Objective: Test the range and clarity of all communication systems to ensure reliable communication in various conditions.
Scope: Includes radio, satellite, and internal communication systems.
Steps: 1. Test radio communication range and clarity. 2. Test satellite communication range and clarity. 3. Test internal communication system functionality. 4. Document test results.
Deliverables: Communication system test report.

Resources needed:
• Communication Technician
• Radio Operator
• Satellite Communication Specialist",11/11/2032,11/14/2032,0,521ba09c-544c-4aa9-a10d-dd811aa5ddbc,PlanExe
29f8eac0-b1b6-42cd-8ea3-597e8f9da3e6,Integrate systems with central control unit,"Integrate systems with central control unit

Description:
Objective: Integrate all navigation and communication systems with the central control unit for seamless operation.
Scope: Includes software integration, data flow verification, and user interface testing.
Steps: 1. Integrate navigation systems with the central control unit. 2. Integrate communication systems with the central control unit. 3. Verify data flow between systems. 4. Test user interface functionality.
Deliverables: Integrated system test report.

Resources needed:
• Software Engineer
• System Integrator
• Navigation Technician
• Communication Technician",11/14/2032,11/17/2032,0,a7ea0eb9-452b-48ec-b308-904373a54e10,PlanExe
12ee2aff-ea11-4691-bc8b-bb25fd28e86e,Verify Functionality of Blockchain Platform,,11/17/2032,11/25/2032,0,a7ea0eb9-452b-48ec-b308-904373a54e10,PlanExe
9c58e193-0fa6-46ca-a128-f301dc82968e,Verify sensor data accuracy and reliability,"Verify sensor data accuracy and reliability

Description:
Objective: Ensure accurate and reliable data from navigation and communication sensors.
Scope: Testing and calibration of all sensors, including GPS, radar, sonar, and communication antennas.
Steps: 1. Collect sensor data in various environmental conditions. 2. Compare sensor data with known reference points. 3. Calibrate sensors to minimize errors. 4. Document calibration procedures and results.
Deliverables: Calibration reports for each sensor.

Resources needed:
• Navigation specialist
• Communication technician
• Calibration equipment
• Testing vessel",11/17/2032,11/19/2032,0,12ee2aff-ea11-4691-bc8b-bb25fd28e86e,PlanExe
7625008b-e87e-49ec-9686-1bf8cb319fc0,Test communication system range and bandwidth,"Test communication system range and bandwidth

Description:
Objective: Validate the communication system's range and bandwidth capabilities.
Scope: Testing of satellite communication, VHF radio, and other communication systems.
Steps: 1. Conduct range tests to determine maximum communication distance. 2. Measure bandwidth to ensure sufficient data transmission capacity. 3. Test communication system performance in different weather conditions. 4. Document test procedures and results.
Deliverables: Communication system performance report.

Resources needed:
• Communication technician
• Satellite communication equipment
• VHF radio
• Testing vessel",11/19/2032,11/21/2032,0,9c58e193-0fa6-46ca-a128-f301dc82968e,PlanExe
b3e2ae1e-7ee1-44b2-bc14-5c56d731ffaf,Integrate navigation systems with yacht's control,"Integrate navigation systems with yacht's control

Description:
Objective: Ensure seamless integration of navigation systems with the yacht's control systems.
Scope: Integration of GPS, autopilot, and other navigation systems with the yacht's steering and propulsion systems.
Steps: 1. Connect navigation systems to the yacht's control systems. 2. Test the integration by simulating various navigation scenarios. 3. Calibrate the autopilot system to ensure accurate course keeping. 4. Document integration procedures and results.
Deliverables: Integration report and system configuration documentation.

Resources needed:
• Navigation specialist
• Control systems engineer
• Integration software
• Testing vessel",11/21/2032,11/23/2032,0,7625008b-e87e-49ec-9686-1bf8cb319fc0,PlanExe
d813ec4c-042c-4a0f-a761-7202df2fe159,Validate emergency communication protocols,"Validate emergency communication protocols

Description:
Objective: Verify the effectiveness of emergency communication protocols.
Scope: Testing of distress signals, emergency radio channels, and satellite communication for emergency situations.
Steps: 1. Simulate emergency scenarios, such as a distress call. 2. Test the transmission and reception of distress signals. 3. Verify the functionality of emergency radio channels. 4. Document test procedures and results.
Deliverables: Emergency communication protocol validation report.

Resources needed:
• Communication technician
• Emergency communication equipment
• Testing vessel
• Maritime safety officer",11/23/2032,11/25/2032,0,12ee2aff-ea11-4691-bc8b-bb25fd28e86e,PlanExe
e0d59eae-fdc2-447e-a056-56e328a4b972,Commission All Yacht Systems,,11/25/2032,12/20/2032,0,8f8ef069-254a-4348-b187-fe0366fb6829,PlanExe
b2697a54-8b14-4803-8b21-5d8575f1bfc4,Verify Power Supply and Distribution,"Verify Power Supply and Distribution

Description:
Ensure the yacht's power supply is stable and correctly distributed to all systems before commissioning. This includes checking voltage levels, grounding, and circuit protection.

Resources needed:
• Electrical Engineer
• Marine Electrician
• Testing Equipment",11/25/2032,11/30/2032,0,e0d59eae-fdc2-447e-a056-56e328a4b972,PlanExe
91174b65-3580-45ef-92bc-6ffdd8eb4409,Test Network Connectivity and Bandwidth,"Test Network Connectivity and Bandwidth

Description:
Verify network connectivity between all yacht systems and external communication channels. Measure bandwidth to ensure sufficient capacity for data transfer and communication.

Resources needed:
• Network Engineer
• IT Specialist
• Testing Tools",11/30/2032,12/5/2032,0,b2697a54-8b14-4803-8b21-5d8575f1bfc4,PlanExe
0a928370-bca4-448b-9f6f-aa50e7dcc780,Validate System Integration and Data Flow,"Validate System Integration and Data Flow

Description:
Confirm that all yacht systems are correctly integrated and data flows seamlessly between them. This includes navigation, communication, security, and entertainment systems.

Resources needed:
• Systems Integrator
• Software Engineer
• Data Analyst",12/5/2032,12/10/2032,0,91174b65-3580-45ef-92bc-6ffdd8eb4409,PlanExe
d69e7752-f212-44d0-ba1c-7c8106b9e2e8,Run System Diagnostics and Error Checks,"Run System Diagnostics and Error Checks

Description:
Execute comprehensive system diagnostics and error checks to identify any potential issues or malfunctions before full commissioning. Review logs and error reports.

Resources needed:
• Technical Support Team
• Diagnostic Software
• System Logs",12/10/2032,12/15/2032,0,0a928370-bca4-448b-9f6f-aa50e7dcc780,PlanExe
b4bc6343-0a96-415c-8237-a3281987cb50,Document Commissioning Process and Results,"Document Commissioning Process and Results

Description:
Thoroughly document the commissioning process, including all tests performed, results obtained, and any issues encountered. Create a detailed report for future reference.

Resources needed:
• Technical Writer
• Project Manager
• Documentation Tools",12/15/2032,12/20/2032,0,e0d59eae-fdc2-447e-a056-56e328a4b972,PlanExe
c4256551-660b-4991-966f-4e352de6c7f2,Handover & Operations,,12/20/2032,9/1/2033,0,213615b2-bc1a-470c-8ed4-af680fda2704,PlanExe
65ba5b3e-1261-4f3f-8e0e-e40833dc29e3,Handover Yacht to Owner,,12/20/2032,4/19/2033,0,c4256551-660b-4991-966f-4e352de6c7f2,PlanExe
ebef78ba-e0e2-4c9d-8035-9b8b5e3aa349,Define Crew Roles and Responsibilities (1),"Define Crew Roles and Responsibilities

Description:
Clearly define the roles and responsibilities for each crew member, considering the yacht's unique operational requirements and advanced technology. This includes defining reporting structures, communication protocols, and decision-making authority.

Resources needed:
• Project Manager
• Maritime Legal Counsel
• Yacht Operations Manager",12/20/2032,1/13/2033,0,65ba5b3e-1261-4f3f-8e0e-e40833dc29e3,PlanExe
46b50462-d073-438e-9baa-68efa3db368b,Develop Crew Recruitment Strategy,"Develop Crew Recruitment Strategy

Description:
Develop a comprehensive recruitment strategy to attract qualified candidates with specialized skills for an ice-class expedition yacht. This includes identifying target demographics, advertising channels, and recruitment agencies.

Resources needed:
• Human Resources Manager
• Recruitment Agency
• Yacht Operations Manager",1/13/2033,2/6/2033,0,ebef78ba-e0e2-4c9d-8035-9b8b5e3aa349,PlanExe
682c19cd-2f52-432d-9634-b271d21b8f8a,Conduct Crew Interviews and Assessments,"Conduct Crew Interviews and Assessments

Description:
Conduct thorough interviews and assessments to evaluate candidates' skills, experience, and suitability for the roles. This includes technical assessments, personality tests, and background checks.

Resources needed:
• Human Resources Manager
• Technical Experts
• Psychometric Assessor",2/6/2033,3/2/2033,0,46b50462-d073-438e-9baa-68efa3db368b,PlanExe
fac4cd95-bd5f-41d1-b313-019dd510c827,Negotiate Crew Contracts and Compensation,"Negotiate Crew Contracts and Compensation

Description:
Negotiate contracts and compensation packages with selected candidates, ensuring compliance with maritime labor laws and industry standards. This includes salary, benefits, and working conditions.

Resources needed:
• Human Resources Manager
• Maritime Legal Counsel
• Financial Advisor",3/2/2033,3/26/2033,0,682c19cd-2f52-432d-9634-b271d21b8f8a,PlanExe
0184375b-8bcc-49d5-9cf1-769fa2d505ba,Onboard and Integrate Crew,"Onboard and Integrate Crew

Description:
Onboard and integrate the new crew members into the yacht's operations, providing necessary training and support. This includes familiarization with the yacht's systems, safety procedures, and operational protocols.

Resources needed:
• Yacht Operations Manager
• Chief Engineer
• Experienced Crew Members",3/26/2033,4/19/2033,0,65ba5b3e-1261-4f3f-8e0e-e40833dc29e3,PlanExe
238244d7-bef5-4714-88b3-3d54d76be727,Recruit and Train Crew (Specialized),,4/19/2033,6/18/2033,0,65ba5b3e-1261-4f3f-8e0e-e40833dc29e3,PlanExe
d9de3a05-7dc2-4335-9779-308f42ca9076,Define Crew Roles and Responsibilities (2),"Define Crew Roles and Responsibilities

Description:
Clearly define the roles and responsibilities for each crew member, considering the specialized skills required for an ice-class expedition yacht. This includes defining responsibilities related to navigation, engineering, security, hospitality, and scientific research (if applicable).

Resources needed:
• Project Manager
• Maritime Legal Counsel
• Human Resources Specialist
• Experienced Captain",4/19/2033,5/1/2033,0,238244d7-bef5-4714-88b3-3d54d76be727,PlanExe
83fe3f1e-df0e-4da6-b908-3856fdc0f76a,Develop Training Curriculum,"Develop Training Curriculum

Description:
Create a comprehensive training curriculum that covers all aspects of yacht operation, including navigation, engineering, safety procedures, emergency response, and the operation of specialized equipment (e.g., ice navigation systems, scientific instruments). The curriculum should also address the unique challenges of operating in remote and potentially hazardous environments.

Resources needed:
• Training Specialists
• Experienced Captain
• Chief Engineer
• Navigation Officer
• Safety Officer",5/1/2033,5/13/2033,0,d9de3a05-7dc2-4335-9779-308f42ca9076,PlanExe
98f697d7-1085-430c-ba58-572e7a029730,Recruit Specialized Crew Members,"Recruit Specialized Crew Members

Description:
Utilize specialized maritime recruitment agencies and online platforms to identify and attract qualified candidates with the necessary skills and experience. This includes experienced captains, engineers, navigation officers, security personnel, and hospitality staff with experience in luxury yacht operations.

Resources needed:
• Human Resources Specialist
• Recruitment Agencies
• Project Manager",5/13/2033,5/25/2033,0,83fe3f1e-df0e-4da6-b908-3856fdc0f76a,PlanExe
37327a2e-1276-4026-b951-bceb711b3c84,Conduct Background Checks and Security Clearances,"Conduct Background Checks and Security Clearances

Description:
Perform thorough background checks and security clearances on all potential crew members to ensure their suitability for working on a high-value asset and in potentially sensitive environments. This includes verifying their credentials, checking their criminal records, and conducting reference checks.

Resources needed:
• Security Personnel
• Background Check Services
• Maritime Legal Counsel",5/25/2033,6/6/2033,0,98f697d7-1085-430c-ba58-572e7a029730,PlanExe
57360495-4e2e-436e-a94b-f38b2f31192b,Provide Specialized Training and Certification,"Provide Specialized Training and Certification

Description:
Provide specialized training and certification to all crew members in areas such as ice navigation, emergency response, security protocols, and the operation of specialized equipment. This may involve partnering with external training providers and obtaining certifications from recognized maritime organizations.

Resources needed:
• Training Specialists
• External Training Providers
• Certification Agencies
• Experienced Captain",6/6/2033,6/18/2033,0,238244d7-bef5-4714-88b3-3d54d76be727,PlanExe
b300ee85-efb3-46b1-b6d1-6712c9835006,Establish Operational Procedures,,6/18/2033,8/2/2033,0,238244d7-bef5-4714-88b3-3d54d76be727,PlanExe
07286e90-fe76-45d5-9d39-bf7d207c260b,Define Standard Operating Procedures (SOPs),"Define Standard Operating Procedures (SOPs)

Description:
Develop detailed SOPs for all critical yacht operations, including navigation, maintenance, security, and emergency response. This includes creating checklists, flowcharts, and other visual aids to ensure clarity and consistency.

Resources needed:
• Captain
• Chief Engineer
• Security Officer
• Navigation Officer",6/18/2033,6/27/2033,0,b300ee85-efb3-46b1-b6d1-6712c9835006,PlanExe
7be601ca-9737-412e-8800-c84842fb0aa9,Establish Emergency Response Protocols,"Establish Emergency Response Protocols

Description:
Create comprehensive emergency response protocols for various scenarios, such as fire, medical emergencies, piracy, and environmental hazards. This includes defining roles and responsibilities, communication channels, and evacuation procedures.

Resources needed:
• Captain
• Security Officer
• Medical Officer
• Emergency Response Team",6/27/2033,7/6/2033,0,07286e90-fe76-45d5-9d39-bf7d207c260b,PlanExe
a2dac024-43a8-4513-9b81-88e1b925d04e,Develop Maintenance Schedules and Procedures,"Develop Maintenance Schedules and Procedures

Description:
Establish detailed maintenance schedules and procedures for all yacht systems and equipment, including engines, generators, navigation equipment, and safety systems. This includes creating maintenance logs, inspection checklists, and repair procedures.

Resources needed:
• Chief Engineer
• Electrical Engineer
• Mechanical Engineer
• Maintenance Crew",7/6/2033,7/15/2033,0,7be601ca-9737-412e-8800-c84842fb0aa9,PlanExe
5430bf98-11dd-47ec-9fda-f21d287b5848,Create Communication Protocols,"Create Communication Protocols

Description:
Define clear communication protocols for internal and external communications, including radio communications, satellite communications, and internet communications. This includes establishing communication frequencies, call signs, and reporting procedures.

Resources needed:
• Communication Officer
• Navigation Officer
• Captain
• IT Specialist",7/15/2033,7/24/2033,0,a2dac024-43a8-4513-9b81-88e1b925d04e,PlanExe
6e5455c3-8782-4057-a581-36032a175832,Document Operational Procedures,"Document Operational Procedures

Description:
Compile all operational procedures into a comprehensive manual that is easily accessible to all crew members. This includes creating a digital version of the manual that can be accessed on tablets and other mobile devices.

Resources needed:
• Project Manager
• Technical Writer
• Training Officer
• All Crew",7/24/2033,8/2/2033,0,b300ee85-efb3-46b1-b6d1-6712c9835006,PlanExe
62b75252-cb9a-4a5d-b3f7-9ae83029201c,Implement Security Protocols,,8/2/2033,9/1/2033,0,c4256551-660b-4991-966f-4e352de6c7f2,PlanExe
c52a1c57-fd3c-4003-9e8d-9511454d2e97,Identify potential security vulnerabilities,"Identify potential security vulnerabilities

Description:
Conduct a comprehensive assessment to identify potential vulnerabilities in the yacht's physical and cybersecurity infrastructure. This includes assessing access points, communication systems, and data storage protocols.

Resources needed:
• Cybersecurity expert
• Security consultant
• IT specialist",8/2/2033,8/8/2033,0,62b75252-cb9a-4a5d-b3f7-9ae83029201c,PlanExe
4a748085-962d-4859-8888-e9d4a5e5467b,Develop security protocols and procedures,"Develop security protocols and procedures

Description:
Create detailed security protocols and procedures to address identified vulnerabilities. This includes establishing access controls, implementing encryption methods, and developing incident response plans.

Resources needed:
• Security consultant
• Maritime security expert
• Project manager",8/8/2033,8/14/2033,0,c52a1c57-fd3c-4003-9e8d-9511454d2e97,PlanExe
a741f0ee-46e3-4b04-bd0a-50901ecb37fd,Implement physical security measures,"Implement physical security measures

Description:
Install physical security measures such as surveillance systems, access control systems, and alarm systems to protect the yacht from unauthorized access and potential threats.

Resources needed:
• Security installer
• Electrician
• Security personnel",8/14/2033,8/20/2033,0,4a748085-962d-4859-8888-e9d4a5e5467b,PlanExe
860902c6-be8f-48ba-b4e2-96ce7f317caf,Conduct security training for crew,"Conduct security training for crew

Description:
Provide comprehensive security training to all crew members to ensure they are aware of potential threats and know how to respond in emergency situations. This includes training on cybersecurity awareness, physical security protocols, and emergency response procedures.

Resources needed:
• Security trainer
• Maritime security expert
• Crew members",8/20/2033,8/26/2033,0,a741f0ee-46e3-4b04-bd0a-50901ecb37fd,PlanExe
2f3ed44e-9922-4815-ad52-d36ba05a3ef3,Establish incident response plan,"Establish incident response plan

Description:
Develop a detailed incident response plan to outline the steps to be taken in the event of a security breach or emergency. This includes establishing communication protocols, identifying key personnel, and defining escalation procedures.

Resources needed:
• Security consultant
• Project manager
• Crew members",8/26/2033,9/1/2033,0,62b75252-cb9a-4a5d-b3f7-9ae83029201c,PlanExe
