Level 1;Level 2;Level 3;Level 4;Task ID
Bulls Reform;;;;6c08a911-8d8b-402a-a98f-b0ec85e5a645
;Project Initiation & Planning;;;ca5d2ab5-f8a2-465b-9e03-c0f3bc0234db
;;Secure Project Funding;;0055a6ea-8b93-4d64-aed0-dd8bbecdc1ee
;;;Identify potential funding sources;e91641a4-c862-422e-ad71-c41753ead3de
;;;Prepare funding proposal documents;3c368b5a-a770-4cba-a06b-1e8aaea6d99d
;;;Submit funding proposals;409ddb76-ee8e-4b36-8187-fe945057a59d
;;;Track proposal status and follow-up;ec43eb84-2665-44bc-a416-bb1c3ebaba9e
;;;Negotiate funding agreements;46893e22-6121-45d7-8180-643b3a493da3
;;Establish Steering Committee;;e417a325-742a-459c-b8c7-deee54a76d84
;;;Define Committee Selection Criteria;75f73021-ed52-44c0-bb97-1f7aa26785e7
;;;Identify Potential Committee Members;f696f1fd-c9cc-4c97-92be-0103419730e7
;;;Contact and Recruit Committee Members;7bdb2819-7712-45f6-b396-0e5e8dcae3a2
;;;Formalize Committee Membership;c399f289-1e9b-44bc-8356-42a6f35a0a2a
;;;Schedule Inaugural Committee Meeting;ddb2503c-265c-41d4-bdb9-ddd0632a0797
;;Obtain Necessary Permits and Approvals;;4b96c7c0-5d1c-4b63-816f-f8b8b37a6095
;;;Identify Required Permits and Approvals;8a40f137-0c3b-4a00-9bd8-428b31dd41a4
;;;Prepare Permit Applications;ce6fd131-fc1b-4e1d-bdfe-d8de2289ba2f
;;;Submit Permit Applications;40d8e61a-59df-46cd-8a6c-2edfb82ffde4
;;;Engage with Regulatory Bodies;0a53b2e0-18cc-47f1-8bda-9b16af104219
;;;Address Permit Conditions and Requirements;658bdef9-6c9d-4d71-a623-b7c9fb67383c
;;Develop Detailed Project Plan;;60cda242-899b-44e8-9548-565713ca425b
;;;Define Project Scope and Objectives;a244c4ea-ee7e-41ab-bb25-c3094dea8c53
;;;Identify Key Project Activities;be4681be-f674-4f00-a180-d155bbb94eea
;;;Estimate Activity Durations and Costs;31f45071-f0b1-4f0f-a9f9-1705b758008f
;;;Develop Project Schedule and Budget;a3f4a768-bdb6-4f27-abdf-974012322ae5
;;;Identify and Assess Project Risks;3ecc6f55-9f10-4912-b210-47aaae36a8ef
;;Set Up Project Management System;;f276759c-6b7e-4565-8803-63095e3b6cc1
;;;Select Project Management Software;23d8fd90-b016-460d-9874-bfbfe3bc0c15
;;;Configure System Settings and Access;57871a9a-e96c-4a16-a1f9-c89c57c04d5c
;;;Import Initial Project Data;79951511-9b8f-4d6c-a5de-8ad32cc42f36
;;;Train Team on System Usage;ea7496be-df2f-4454-9b38-da12ecfca553
;Data Collection & Analysis;;;015445ee-b5f6-4e03-9add-1510f3d0286b
;;Conduct Stakeholder Mapping and Analysis;;774f9996-f3e2-4563-a604-0fae0ec414b7
;;;Identify Key Stakeholder Groups;8547521b-a8a1-4a67-9b0c-1ca14478362d
;;;Assess Stakeholder Influence and Interest;e7325ce3-c01b-4aaa-9cf6-fffb7e2b3b8b
;;;Map Stakeholder Relationships;0482bf90-cf6e-4add-8702-09daecd3beaf
;;;Develop Stakeholder Engagement Strategy;23653f13-1f31-4444-95e9-1f1cef734d33
;;Define Animal Welfare Standards and Metrics;;1fe778ba-7bd7-446c-ba48-7afd6ced9078
;;;Research existing animal welfare standards;6f1cace2-3164-4389-b74c-df0f8f0f58f3
;;;Define measurable welfare metrics;efb2e551-8b20-4bc2-a89d-4f538c15dc6a
;;;Establish baseline data collection methods;5e86b5ab-340d-4427-a5a4-7acd70d57c21
;;;Validate standards with stakeholders;714c7019-538b-460e-8dc9-560e06e56631
;;Perform Economic Impact Assessment;;83b2adda-85ff-4481-a948-40553df340e7
;;;Gather Tourism Revenue Data;fef9d7a3-98e0-415e-9065-9765761e1bad
;;;Quantify Employment Impact;3e5c5b84-53d8-48e4-8fe7-0588122bcfbb
;;;Identify Vulnerable Economic Groups;f52334b8-688b-4404-b378-e1fa9a10d21c
;;;Simulate Reform Impact on Economy;1c7c394f-90ed-46b9-adf3-c32f77c84654
;;;Validate Economic Impact Assessment;9f1813c7-0e2b-4c22-8b60-5f726b5da305
;;Develop Ethical Framework;;1e0a0408-4c53-4597-acd6-529464b21d2a
;;;Define Ethical Principles;7348d0cc-4855-4258-8709-3e5e6af910ca
;;;Establish Evaluation Criteria;04ffa333-ffc6-42c0-a3ae-080ddcc92d7c
;;;Outline Decision-Making Process;1df10d5b-d2b2-4633-b63e-54ab4044ee40
;;;Consult Ethicists and Stakeholders;c30da2c6-cf67-432a-9994-6e0332d3ea4f
;;Gather Baseline Data on Running of the Bulls;;fae94204-6bc1-47ab-bf37-79b9742078ea
;;;Identify Data Sources and Contacts;4bc57c64-07e7-4ad8-8971-5181b8255a0d
;;;Design Data Collection Instruments;8df83ace-67ec-4bfd-8372-1067d976c5e7
;;;Conduct On-Site Observations;fcf3ca8b-df57-47d3-a00c-6cd326c7dfb1
;;;Analyze Historical Data;2d4737a5-32e6-48b6-b5c8-8bc39ecacaec
;;;Document Data Collection Process;ca6b7531-e4e6-478f-bfbf-315d9b03041d
;Reform Proposal Development;;;aa1e1ce0-200c-496a-9a6c-906ff82e021f
;;Brainstorm Potential Reform Options;;2388e90c-8a7b-4d80-bc38-c20df3c6bbbf
;;;Research Innovative Reform Models;ee1211f1-e79b-48f8-a25f-77ad356168d2
;;;Organize Brainstorming Sessions;54d166c3-6339-4767-b6a6-e4997633660d
;;;Document Brainstorming Session Results;5ec82203-56e9-4d22-ada3-11ba3d3fdda4
;;;Synthesize Ideas and Identify Themes;1a03c354-f296-45a3-8522-6c0df37d6c71
;;Evaluate Reform Options Against Ethical Framework;;0e2eeb7e-17a0-4f71-a6da-73d24c73a2fc
;;;Define Ethical Evaluation Criteria;476d2e6f-c5d8-429f-b52f-3cc346195e82
;;;Score Reform Options Against Criteria;1776c0d5-c24f-4a53-a1d7-cea97b6e1af0
;;;Identify Ethical Trade-offs;0b9506db-a8c8-4b1f-ae12-15d8adef33c4
;;;Document Ethical Evaluation Results;31bccf01-abd3-43c3-bb93-0bc45b07de76
;;Assess Feasibility of Reform Options;;f82e5400-02c3-44cf-aaf7-0a5f234b5d57
;;;Identify Technical Feasibility Constraints;7531484b-4cdf-4776-928e-bb54e391b025
;;;Estimate Costs for Each Reform Option;b8cc528a-a51a-4716-8925-644104d819bc
;;;Assess Logistical Implementation Challenges;63f2e104-731a-4835-b29d-98b88902ceda
;;;Evaluate Regulatory Compliance Requirements;96ec18d8-4116-4a33-9f69-7e60e03e043f
;;Develop Detailed Reform Proposals;;06676337-c6e2-4a2c-9e9f-361dda7ea366
;;;Define Reform Proposal Components;5234b7d6-74c1-4753-82f1-198a8a421e86
;;;Draft Detailed Reform Actions;cd8a7888-43bb-4492-8144-6073092dff8d
;;;Develop Budget for Each Reform;05174c49-a0fd-4e5a-af0e-5b0d8ce948d5
;;;Create Timeline for Each Reform;df98f6cf-3960-40c8-9cf8-2a153e45c229
;;;Document Potential Risks and Mitigation;5809adf7-69bd-43a5-9820-71ef894e5dfc
;;Draft Implementation Plan for Reforms;;bad8bfe2-0447-4906-a522-aabe9405f2f5
;;;Define Reform Implementation Scope;214ec801-47a3-4cd2-ae56-cb0caca1de7a
;;;Identify Implementation Steps and Timeline;b95d62d8-ed86-417e-87cb-05ee8ef447f0
;;;Allocate Resources and Assign Responsibilities;a096d386-7143-4ac1-87a7-0770ebd8d768
;;;Develop Monitoring and Evaluation Plan;199cb2c1-f77b-44b2-a70f-5e7e15b3ea02
;;;Draft Implementation Plan Document;6bb85c80-d4d5-458f-a58f-a750b572d627
;Stakeholder Engagement & Communication;;;6b13f8e4-9ae7-4fc0-b84b-2c424386e87c
;;Conduct Regular Stakeholder Meetings;;5c80fefd-e47a-4756-b448-97ae9be15c09
;;;Prepare Meeting Agendas and Materials;b4ae1b7b-f203-4875-bf5d-b1dd6474d9e2
;;;Schedule and Coordinate Stakeholder Meetings;9b0eb88f-e08b-496d-ab62-827f83e7765e
;;;Facilitate Stakeholder Discussions;59c45efe-9ad1-4cd7-9e21-d1f1c3ef1ebf
;;;Document and Distribute Meeting Minutes;a04c694e-061f-4af9-8be0-c1ed5b5ce210
;;Issue Public Announcements and Press Releases;;72b5d713-e314-403a-9be5-228e6c22b1b1
;;;Draft initial press release content;20400be4-5bac-44c8-8073-beb7efe38d0d
;;;Obtain internal approvals for release;2b114c82-1400-4000-9392-1e3b6d8ca84c
;;;Distribute press release to media outlets;9a54b31a-db3d-42f3-96cc-4a7c2a3d7907
;;;Monitor media coverage and public response;c690f5ee-d4ae-4f4f-88e8-66b7a8221133
;;Update Website and Social Media;;d016fc91-9dcc-4947-bd62-6be1017cac38
;;;Create content calendar for updates;f7418249-9e85-407e-916f-26601589a71d
;;;Design engaging visuals for updates;65ae360d-0582-4b88-9ce0-6f54775b9bcd
;;;Draft update content for web and social;7f972688-9f98-4ead-a1c6-a481a1c59299
;;;Schedule and publish updates regularly;885be41d-f4c6-4872-bd02-c04e00530d99
;;Establish Feedback Channels;;82f70111-61c5-4d6e-af2a-c65f6f56ab1b
;;;Select appropriate feedback channels;dc551b5c-723e-4dbc-9db0-4fae73b616c3
;;;Develop feedback guidelines and templates;4864a979-29c0-45d8-880e-92ce0fd4b36f
;;;Implement feedback collection system;d732e286-15fc-40bf-b9a6-f523cc52b4fe
;;;Monitor and manage feedback channels;2273b750-860a-4972-971f-f94cf8c4c7f0
;;Address Stakeholder Concerns Proactively;;0825df3f-8311-48e8-a1a7-c57a1e999e3d
;;;Identify Key Stakeholder Concerns;c1e612d9-1557-43b9-9e24-c3ec836e3b08
;;;Develop a Feedback Response Protocol;5d584932-c284-4e45-b0c9-79b9da2c9eec
;;;Implement Feedback Tracking System;013afd96-a24a-4808-93b1-90e185bd146b
;;;Monitor Feedback Channel Effectiveness;c2e33844-3d68-41c1-bda9-7a60328531fa
;Finalization & Reporting;;;9949073d-aa74-451a-8c99-eb96795b12e5
;;Finalize Reform Proposals;;49fe22bf-7862-41e8-bd29-b5bc3d6203e0
;;;Incorporate Stakeholder Feedback;c302cb0b-3732-4754-a26c-e99b6f1e2225
;;;Address Legal and Regulatory Concerns;d3b0fd28-1473-4ad9-8a83-3e560ef6d19f
;;;Conduct Final Review and Editing;7fb291df-dda8-4c07-a2cc-645fc407d07e
;;;Obtain Internal Approvals;3d7f46da-4707-4fb5-9daf-090610e4d7be
;;Prepare Final Project Report;;805d6ed7-d176-4792-ab86-7fb54234a141
;;;Gather all project data and findings;78fc34c3-5212-4b58-abe8-0fe72d22c1e1
;;;Structure the report content logically;d095b480-b955-4209-a0fb-33f4b254cc9d
;;;Write and edit report sections;f37aa1ea-8c74-4d88-a6bb-cadc5f922997
;;;Incorporate stakeholder feedback;44c055a2-9e38-4406-a258-564956263140
;;;Finalize report and obtain approvals;57e698fd-b8ac-4b51-948d-a2d7c2428ecf
;;Present Reform Proposals to Stakeholders;;88e4be38-defc-4edc-8575-57b908fadb91
;;;Prepare presentation materials for stakeholders;1e5e1919-f592-4097-8dd2-f0abada877bf
;;;Schedule stakeholder presentation meetings;0a0092c8-9d34-4a2c-ac90-bc35a2009416
;;;Deliver presentations and gather feedback;34e1d1d6-579d-4385-90cc-181b1fb0a4f3
;;;Address stakeholder feedback and revise;94bd1e91-a6b5-4d88-8b73-bbd0b9a77b22
;;Obtain Final Approvals;;82e12433-01a2-4a45-a1b0-9a4b9b7733a9
;;;Identify Key Decision-Makers;9c386ae6-6abd-48f2-af92-133658c4f338
;;;Schedule Presentation Meetings;1d679ea9-1035-43b2-91dd-0033ed40b6cb
;;;Prepare Approval Documentation;b6badf5a-efe7-44bd-8445-0c91f38d0b53
;;;Address Concerns and Revise Proposals;e62dd267-041e-44a9-8ba9-f65c8438ff44
;;Archive Project Documentation;;fc439c01-a92f-4251-b833-89ef643c3a7b
;;;Organize Project Files and Data;2792acd3-5b41-46ec-bb95-35499c6a2901
;;;Create Archiving Index and Metadata;12262a27-3898-43f9-8319-b7716f4d260e
;;;Transfer Files to Archive System;6658be82-cec3-4d19-9266-9c59f86c4d48
;;;Verify Archive Completeness and Accuracy;e18c204a-7851-4ad2-953f-57c0c31df7f8