Level 1;Level 2;Level 3;Level 4;Task ID
Border Canal;;;;d86d5fef-e767-49c2-a1d5-c10d72afe8b7
;Project Initiation and Planning;;;4918d46f-99fe-4f4e-bb76-ccdc0dffa0ec
;;Define Project Scope and Objectives;;e366acc4-7ae2-4436-91f5-862f198830d1
;;;Identify Stakeholders and Their Requirements;058b8819-7443-4380-9569-a5d2ba57d7bb
;;;Define Project Deliverables and Acceptance Criteria;4e8a4d87-2da8-4382-8157-837ab7785ccd
;;;Establish Project Boundaries and Constraints;e3415a26-657b-4955-a2dc-eca67e59b381
;;;Document Scope Statement;6950658c-4522-486b-9d99-f6b26fc1af64
;;Conduct Feasibility Study;;651d2b60-859f-4fca-8b18-c8bf912cd309
;;;Gather Existing Data and Studies;a3743586-6da1-4726-a2ca-1e96c2ab13ec
;;;Conduct Preliminary Site Investigations;3914be18-5e3b-482b-82c8-decbf17565a0
;;;Analyze Potential Economic Impacts;353da4bd-d46a-44f4-a7ff-2c94e44163d7
;;;Assess Environmental and Social Risks;d0cbc068-8cdf-49e1-933a-bc2184c7408b
;;;Prepare Feasibility Study Report;d04927c5-4691-494b-821e-bd4bb92e6e28
;;Develop Project Management Plan;;050766b4-3fa5-4053-baf7-39779f4208df
;;;Define Project Governance Structure;739c1906-e7a2-4921-b509-3e88377e2ca4
;;;Develop Communication Plan;90191474-bcf8-483c-b41d-3a5e079e0a36
;;;Create Risk Management Plan;84340e0f-2309-46b6-968e-c1bf505546cc
;;;Establish Change Management Process;e8b8fbc9-877f-4838-a46a-98a47f7c3cda
;;;Define Project Schedule and Budget;c606ac25-b6d0-487f-bf56-176a122fae1f
;;Establish US-Mexico Joint Commission;;9c725d7d-645d-4820-9907-58af69df328a
;;;Draft Commission Charter and Mandate;350bf28e-20dc-4c80-bcb2-aa1fbb868d6f
;;;Identify and Appoint Commission Members;d13555be-1376-4db1-9c6e-f560280b61b9
;;;Establish Commission Operating Procedures;eec7dd74-052e-4d48-86f0-1ed098e02fbd
;;;Secure Bi-National Agreement on Commission;997d5fe7-db0a-4dca-b6e3-a4167b296d89
;;Secure Initial Funding;;50b4373b-e6a8-40c3-acb1-468699664b5b
;;;Identify Potential Funding Sources;7e17ea62-9397-412a-a1f3-0c8e64fcb4a2
;;;Prepare Funding Proposals;6e03e8ad-80f5-4fb2-ab27-8bdf36b11ac6
;;;Engage with Potential Investors;9498b3f7-56f4-4a66-af30-47671807c476
;;;Negotiate Funding Agreements;89800104-a17a-4483-9606-1e66cbf3f86f
;;;Establish Funding Disbursement Procedures;e445620e-0d1e-4115-9a96-b1bc106630f4
;Environmental and Social Impact Assessment;;;a8183639-962b-4ae5-8f29-774abccf2404
;;Conduct Environmental Impact Assessment (EIA);;78709d59-fe35-4907-8e72-5d6abfaefea8
;;;Gather Baseline Environmental Data;8e129265-cf23-44b0-8cbc-7f3d229e7c39
;;;Conduct Field Surveys and Sampling;884308d6-eb92-4ff3-8a08-70d6f5975a78
;;;Analyze Data and Assess Impacts;c62a4d45-c880-4350-9eb5-0a0aa2655641
;;;Prepare EIA Report Sections;2605ac9b-237b-4ee3-bffc-b3fb24dfed88
;;Conduct Social Impact Assessment (SIA);;a6680589-249f-472f-bd86-29b22c94b527
;;;Identify Key Social Impact Indicators;bc6614c9-ffc6-494f-baf8-5276ab47a2d9
;;;Collect Baseline Social Data;acb10f82-598f-437b-86aa-ed468e59624e
;;;Analyze Potential Social Impacts;2702c795-c022-4fc8-ba77-ebcf561e3003
;;;Develop Mitigation and Enhancement Measures;4ec0db03-5043-4c1e-995a-b7d4bd6c9e57
;;;Document Social Impact Assessment Findings;d1be358b-40cd-4de9-942f-e34f71061193
;;Develop Mitigation Plans;;859c2874-9891-4be1-a924-00d4db5a1403
;;;Identify Mitigation Options;59e95d73-5ee5-4cf1-86f1-ced4e70eba94
;;;Evaluate Mitigation Effectiveness;3bf4556f-7bdc-4cda-8df5-99bcde10d6da
;;;Select Preferred Mitigation Measures;536fab4e-044e-4378-9d8f-53a1a234c445
;;;Document Mitigation Plans;849d5878-b8de-4226-ac0a-369f68c914ad
;;;Integrate Plans into Project Design;05ed0220-596e-44a2-b2c4-7235f5cedec8
;;Public Consultations and Stakeholder Engagement;;5491e966-f2f2-4b4e-b507-09ba073401f2
;;;Identify Key Stakeholders for Consultation;bc81687d-6bdc-4637-bf04-62432bebc8e2
;;;Develop Consultation Plan and Materials;e7dad85a-7657-4a24-9b0d-fc85d4097f24
;;;Conduct Public Meetings and Workshops;5ad9aa26-113c-4b69-b07b-131596761326
;;;Collect and Analyze Stakeholder Feedback;493f0725-4449-43a3-9754-96d4234a9d9c
;;;Incorporate Feedback into Project Design;fe2973c7-bb73-481b-88f3-278e44ff7801
;;Obtain Environmental Permits;;483f57d9-f22b-47b8-9277-0cf827570dbf
;;;Prepare Environmental Permit Applications;8b28ec9f-5844-44df-b00c-3303d4675b7c
;;;Submit Permit Applications to Agencies;e949f76a-2045-4bbc-b400-b50e6fa0037f
;;;Respond to Agency Inquiries;68434b5f-7248-47f1-8363-ffb513ded7be
;;;Address Public Comments on Permits;756c49cf-85fa-4f83-a623-cda79194dc46
;;;Track Permit Approval Status;bec9b582-db56-4321-addf-f79cb05d98f4
;Land Acquisition and Relocation;;;e2d4d28c-3e19-4deb-9d2b-4a3e8c337c0a
;;Identify Affected Landowners and Communities;;f9fcee59-1739-4e2e-a4cf-85d02b5cc800
;;;Review Existing Land Records;5948aa96-d996-4f86-bb16-1362eebb26f8
;;;Conduct Physical Site Surveys;8d30e991-35f3-4fe7-a787-7d6037c12ce7
;;;Engage Community Leaders;da0e0172-b0d0-4c86-b269-e806883d32d4
;;;Cross-Reference Data and Resolve Discrepancies;70f9838e-612b-4764-b950-45d2361f1698
;;Negotiate Land Acquisition Agreements;;3cb3e149-cd69-4f0f-a251-15e96bca9734
;;;Determine Land Valuation Methods;f7c2ba92-4e6a-4391-8804-8c11583a1fb0
;;;Appraise Affected Properties;d25cc39a-5ba2-4f39-9e51-001d9b205386
;;;Present Offers to Landowners;95e1a5b3-8ec7-4645-8ae7-145e01473991
;;;Address Landowner Concerns and Disputes;e0101f51-2fd6-4e72-84f4-b28430fcaeeb
;;;Finalize Acquisition Agreements;6f1800dc-143a-43fa-89db-35eb062bbdd2
;;Provide Compensation and Relocation Assistance;;9c6c6283-a2f6-4e3a-a834-6a495f6ffda9
;;;Determine Compensation Packages;e13fa6e0-9d95-462c-9f3d-5603b1c2243e
;;;Establish Grievance Mechanism;78eeaa9e-9fb1-40f8-baf5-51954a6375f0
;;;Disburse Compensation Funds;dca81732-5995-4582-884f-655e6d589ef6
;;;Coordinate Relocation Logistics;d4e8287e-80c3-43e5-ab79-19e3242f0121
;;Clear Land for Construction;;95a009f7-e02e-4e55-a869-be6f540eafc6
;;;Demolish Existing Structures;24db1d4e-b4b2-4305-af3a-8b1667202967
;;;Remove and Dispose of Debris;4a062d49-e239-4062-ba52-1ef8d953c150
;;;Clear Vegetation and Topsoil;2361b2c7-2536-4b4f-84ef-7375c4dc9d55
;;;Grade and Level the Land;d50cffe8-6ecc-46fd-95b1-3aad454f2a21
;Engineering and Design;;;8d5ff319-324e-4ee6-8b60-ed5ea8b649e9
;;Conduct Topographical Survey;;8eed0aeb-e9ac-4082-afa6-819cb0c760eb
;;;Define Survey Area and Control Points;e5d45e4f-6531-4307-9cd9-92132e9d5317
;;;Acquire Permits for Surveying Activities;fb21187f-0fe5-4b9e-b233-2d0fca511c29
;;;Conduct Field Survey and Data Collection;6a94f726-28c0-4884-aa69-e501059be472
;;;Process and Analyze Survey Data;f8be228b-247d-4fed-94be-7a3cb26193f4
;;;Validate and Verify Survey Accuracy;1685936e-9fbe-400f-b1d6-e97429680243
;;Develop Canal Design Specifications;;33ad9170-d39a-4c34-abdc-697e0908429d
;;;Define Canal Dimensions and Capacity;c494ceb4-d922-4d00-b1fb-163411f8f864
;;;Select Canal Lining and Materials;9df32383-991d-4b03-aa69-1f6636c0d5c4
;;;Design Lock and Dam Systems;3b2787db-1362-4e29-b0b7-2936ece60182
;;;Plan Navigation and Safety Features;56570ccf-86e6-4858-8960-46257c4b28f6
;;;Integrate Security Design Requirements;cc5f486c-b0af-4155-887b-0170c9b0769f
;;Design Security Infrastructure;;c9f17b19-ebb3-479a-a9ed-f4f139a51223
;;;Define Security Requirements and Objectives;f2859602-2e8a-4b26-8f55-55d28897853e
;;;Evaluate Security Technology Options;08162e8d-c836-46d8-952b-c8df10a66399
;;;Develop Security System Architecture;e7339ebf-b7e4-4cba-9223-9254d640fdb4
;;;Create Detailed Security System Design;18eaae94-4cfe-4757-ac49-647ad765676d
;;Design Water Management Systems;;3f5189e5-0b91-4a2b-8371-ecbcfdbf4c62
;;;Gather Hydrological Data and Requirements;937cf759-50a1-416a-a379-6a89430701a6
;;;Develop Water Flow Models;e1ad9528-1c73-4d4d-b04c-657b0b68d1ce
;;;Design Water Control Structures;ca474c13-593c-455a-9792-08ff86fbf465
;;;Design Drainage and Irrigation Systems;df63c307-48f2-4a08-a150-bfab55ab5af0
;;;Integrate US-Mexico Design Considerations;4abc4cbc-1218-4599-a55a-039034ceab11
;;Obtain Design Approvals;;54330135-e8cf-44c6-b326-6156fd4fb617
;;;Prepare Design Documents for Submission;37391bd8-b3d3-460c-ac71-8bd9b414f90d
;;;Submit Design Package to Regulatory Agencies;6f2cd559-b529-405c-b87f-e3e042d1d1de
;;;Address Agency Feedback and Revise Designs;57afc8df-7905-439b-ae43-4236f674f276
;;;Obtain Final Design Approval;9a2502e7-2b5e-44b0-b6f1-8f933928ccff
;Canal Construction;;;4074d35f-30d9-40da-87d0-96f5a0c13e25
;;Excavate Canal Route;;b980812f-2f2d-49ec-93ef-4273aaa46677
;;;Clear Vegetation and Topsoil;946c7b33-5783-4b80-b6e0-2449740c6557
;;;Rough Excavation of Canal Channel;07ecdfc6-a430-42c4-b471-d079706dc634
;;;Shape and Grade Canal Bed;bc2e7334-2966-4f77-a23b-9dc5e5c6f923
;;;Dispose of Excavated Materials;8f6a823a-ff6c-4bc6-ae13-5da0f4d58ffa
;;Construct Canal Walls and Bed;;1b74618d-9af8-4c97-b300-e3d1f0ca2278
;;;Prepare foundation for canal walls;0662caae-f7d8-4fb0-9dd1-7e4b3dbac49d
;;;Pour concrete for canal wall sections;bd3ebe7f-1db0-44b8-92b8-7f0969d4af8f
;;;Install steel reinforcement within walls;aafcce2b-5db7-4c16-8eb4-e0d705d8ed81
;;;Cure and inspect concrete wall sections;611f9634-5100-468a-828b-4d97f2f5052b
;;;Assemble and seal canal wall sections;4955f902-20a6-470d-83b8-cd1bc4fa8ac9
;;Install Water Management Systems;;6c17841a-4317-4784-bd4b-ea036ae2ccd6
;;;Procure Water Management Equipment;9895c41d-c1d3-4618-a06c-b59bf194a937
;;;Install Pumps and Control Systems;1ba1b8fa-29aa-43e7-8317-0443d58a7186
;;;Integrate System Components;c17644b7-6054-48f6-855c-9d3d39fafa1b
;;;Test and Commission Water Systems;5ca03477-5d3d-402a-ae3c-d2c7bba3c557
;;Build Locks and Dams;;a8896b48-8ff9-4b35-97b4-f0582ae63a82
;;;Procure Lock and Dam Components;f0cafacb-9533-4e4b-82e1-9b7c6afa96d7
;;;Prepare Lock and Dam Construction Sites;8ea2b0c9-5dfc-4848-9c0b-1f32f821c20d
;;;Construct Lock Structures;f72fc08b-732e-42b0-9b3d-ff87fdfd257a
;;;Construct Dam Structures;a4d5d64b-efd8-42f1-b997-2ea0c2f59398
;;;Test and Commission Locks and Dams;fc0d2e6d-c7e0-4a9b-882b-7819bf4b46e4
;;Construct Bridges and Crossings;;b45d38b4-8b50-4830-aed2-31a547a9503d
;;;Survey Bridge/Crossing Locations;f4515ddd-71e7-4975-9857-7012142c7e85
;;;Design Bridges and Crossings;61228ebf-4b08-4376-b480-516dbed849e1
;;;Obtain Bridge/Crossing Permits;e6ceaa51-9f1d-4c95-bb03-c15d2af2bd9d
;;;Construct Bridge Foundations;49d1c7f7-eeb0-4879-b425-7f2420c2878a
;;;Erect Bridge Superstructure;768d01ed-df73-4360-9698-26e277cf00a4
;Security Infrastructure Development;;;b8da6d83-3038-485d-999d-aeef8085d5a0
;;Install Security Cameras and Sensors;;10b1b0ad-aecc-435e-967b-82e193860b6c
;;;Prepare Camera and Sensor Locations;e0e28d08-20b2-4e86-b68e-b0f6b3a940d7
;;;Procure Security Cameras and Sensors;dc308be7-15d2-4882-8555-fd586cee74ea
;;;Install Power and Network Infrastructure;0aac47da-51c5-461c-b287-16f924c6a353
;;;Mount Cameras and Sensors;1f38da88-affe-47e5-9905-f1f3bc6b713d
;;;Test and Calibrate Security System;3f26da0a-d129-4b05-b57c-01a2df13d562
;;Establish Border Patrol Stations;;c2fa35cd-ea97-4b66-979d-39b24862029a
;;;Select Border Patrol Station Locations;0233ebf8-62e4-444b-97db-52a783d8d787
;;;Design Border Patrol Station Facilities;7786ae53-7d55-4008-a0b0-6b9cf7a47bf4
;;;Construct Border Patrol Station Buildings;7848c980-d235-47d3-a85d-3a3ec7505802
;;;Install Communication and Security Systems;aaf24b62-f8c0-421c-9e62-e31580b3a72c
;;Implement Surveillance Systems;;12e81bc6-d514-4d4d-9fe6-3e0e09519202
;;;Select Surveillance Technology Components;217f3b59-0225-4e60-a346-47205e1fc122
;;;Develop Surveillance Software Interface;9268ce07-6d74-447f-ae32-4582eb4e1d5f
;;;Integrate Surveillance Systems with Infrastructure;031b06a3-f23c-4b29-8eef-936fe72c2d86
;;;Test and Calibrate Surveillance Systems;3244409d-9793-4e9b-a989-fdb2aa2ad1a3
;;Develop Security Protocols;;b81b650a-67d9-4caf-9ac2-c1258a862c71
;;;Define Security Protocol Scope and Objectives;86ae8f63-f316-40bd-9bd6-31e60da43639
;;;Research and Analyze Existing Security Protocols;3a74422a-685d-4a71-9913-69708bbc8c85
;;;Develop Draft Security Protocols;806cad1b-01ee-467a-8b53-dbcf7c99cf93
;;;Review and Revise Security Protocols;5bdefd2e-4ed0-4483-9464-ee627d80dbb2
;;;Finalize and Implement Security Protocols;358ab100-44f2-4a48-926c-75e3aa778378
;Canal Operation and Maintenance;;;da443daa-b732-41ba-8cca-b4ffd9089c86
;;Establish Canal Operation Procedures;;054882c4-d4b8-49a9-9ed0-a328a5a35fdd
;;;Develop Standard Operating Procedures (SOPs);b3e38599-0df4-4e0a-9175-dd3f556cdddd
;;;Train Canal Operation Personnel;6bc57cf7-f6c2-43e5-a019-f502ee90cc2a
;;;Establish Emergency Response Team;1cdfb304-0556-4399-a8e2-83251c90ba9f
;;;Test and Validate Operation Procedures;5134083f-7e47-484d-a1fa-e115b93b0f94
;;Implement Maintenance Schedule;;1c08f000-e22d-4433-897d-95501f593e0f
;;;Inspect Canal Infrastructure Regularly;93692114-4c51-4c43-b990-14269fdf4a48
;;;Lubricate and Test Mechanical Components;28458812-a8e2-4ac6-b515-920727258a26
;;;Repair or Replace Damaged Structures;36084452-f376-45e7-ad4d-87c1c1345522
;;;Clear Debris and Vegetation;44241434-5434-4eb3-aa0b-1388dc4f020e
;;;Document Maintenance Activities;a95bf292-676c-4fc3-8fa8-a17c938dc881
;;Monitor Water Quality;;382330d0-cbff-409d-af4e-42c421766c84
;;;Collect Water Samples;60934d9c-46c6-4c34-82d0-9b643e875aad
;;;Analyze Water Samples in Laboratory;07cd5cb3-9a77-4660-883f-d6162d4921f7
;;;Install and Maintain Monitoring Sensors;21e01a1a-4780-4820-b54e-87d58f74449a
;;;Data Analysis and Reporting;df96c781-9617-43f9-a338-d6df0be21ebc
;;;Respond to Pollution Incidents;c7d22f09-a97e-40ee-beab-c7e7874799c6
;;Manage Shipping Traffic;;44fbfef5-51f4-4070-ba33-cbbe38d231c6
;;;Forecast Shipping Traffic Volume;962390aa-ddf5-49f1-bf80-028997256da3
;;;Develop Vessel Scheduling System;7bc54b5a-57e2-4904-80ef-b2ff83e9ecf1
;;;Establish Communication Protocols;acae1504-73d0-4b00-bbd6-f901da2944f0
;;;Implement Emergency Response Plan;fafe9f88-aaee-43a9-a664-b27a3e2df229
;;Conduct Regular Security Audits;;ad97db96-e136-4811-9c57-0fb635a317da
;;;Define Audit Scope and Objectives;fa0dd1d1-2dbd-4b64-9483-59d64dbe05a7
;;;Gather Audit Evidence and Documentation;1e3fcc4d-d355-49d2-964d-af39cd370740
;;;Conduct Security Assessment and Testing;e4f75e3c-bc5b-4ff3-a133-1671521555dd
;;;Prepare Audit Report and Recommendations;39bc669d-ea95-423b-bf2b-325dea7f4c1a
;;;Present Findings and Track Remediation;825a4483-396c-424f-aa61-ec86fdfe50d9
;Regulatory Compliance and Reporting;;;e60a1027-0564-45d7-aae7-d6605e7f9837
;;Comply with Environmental Regulations;;53ca6160-f212-4794-8fc3-673d1680a422
;;;Monitor Environmental Regulations Changes;f1d26cca-c2c4-4f7d-a266-a6027c2b2790
;;;Conduct Regular Site Inspections;3ecbd5cf-c914-482b-a769-63caacf6d84f
;;;Maintain Erosion and Sediment Control;63db789b-d057-452e-9555-8f2e23a27c0d
;;;Manage Hazardous Materials Properly;2e161194-3f48-4a92-b07c-11036fa9e101
;;;Report Environmental Incidents;f542e5f5-4e10-4941-82ae-46b239cec62c
;;Comply with Safety Standards;;2901f829-4ab5-42b3-a824-bab0e3dbbc66
;;;Research US and Mexican safety standards;54fb580f-a056-4b62-8b8e-ca61d2d16894
;;;Establish a joint safety committee;45846624-3035-49ee-9ee9-99e29c69df9e
;;;Develop a comprehensive safety plan;560a011b-87c9-4b03-b028-2492d20e41a6
;;;Implement safety training programs;38261d62-0a59-4e30-912c-64db61da7be9
;;Submit Regular Progress Reports;;b1d1c1eb-8647-48b9-bdbb-aebd6b1c1fab
;;;Gather Data for Progress Reports;c626fd2f-a0de-44d9-ade3-7a35f58a0d6a
;;;Analyze Data and Identify Key Metrics;8424674b-4f54-450c-9d8f-6d210e0b03cd
;;;Prepare Draft Progress Report;ba68140a-c51f-4457-ad5b-7467ac70163b
;;;Review and Approve Progress Report;7a9e3efc-18d1-4cca-98b4-2526a1efee4e
;;;Submit Progress Report to Agencies;572bffc2-f2cb-415b-997e-4e36245b7954
;;Conduct Compliance Audits;;a80c5fdc-39fa-4134-9c95-436fcfbd1cad
;;;Prepare Audit Documentation;3f21adc6-a48b-4337-808e-95c99c82e328
;;;Schedule Audit Logistics;3cf1d713-de86-453d-a90d-e5b9c2607219
;;;Conduct Internal Audit Review;9996bd83-1e93-4373-a257-4d033a09b42c
;;;Address Audit Findings;0d4db1e2-89e4-4eb9-bb32-294d743d12ab