Level 1;Level 2;Level 3;Level 4;Task ID
Police Robots;;;;e8aae8a4-f19e-4f9e-9290-b5a2e431d40d
;Project Initiation & Planning;;;50d15e1c-df15-4f0a-8bdc-e98d62b9f2c6
;;Define Project Scope and Objectives;;6e363b12-26b0-4dd1-91bb-f9fa83f6d472
;;;Identify Key Project Stakeholders;de35134e-d6f7-4476-b476-8697fe811674
;;;Assess Stakeholder Influence and Impact;554e1ee2-ae53-4425-9aae-e4a21439a9be
;;;Define Stakeholder Communication Plan;f4a2b4af-dfcc-462e-ac28-2ca6b16eea94
;;;Document Project Objectives and Goals;d6d541a8-fc14-4d45-8cfc-eb53fa94b163
;;Conduct Stakeholder Analysis;;0b32cc89-46d7-45c8-9ca9-e77cb6e47407
;;;Identify Key Stakeholders;ec8b2350-4615-42fd-b8c8-adedb62bf9a2
;;;Assess Stakeholder Influence and Impact;8fc3baaa-e259-42a9-988d-02fbc90134bb
;;;Develop Stakeholder Engagement Strategy;c5991a0c-2877-4bc0-9423-a0124488dda9
;;;Document Stakeholder Requirements;6138daf3-5111-452b-8eb0-8d80313f6141
;;Develop Project Management Plan;;722461ae-480b-41ea-8082-740ae1563a46
;;;Define Scope Baseline;f201b6e9-6077-4482-a3db-c8a5b70ed961
;;;Create Project Schedule;7b1e81b1-c842-4428-ac1a-7491ffcdfb78
;;;Develop Budget and Resource Plan;403d9b59-6615-4b1d-b92e-0cf9a6ae831f
;;;Establish Risk Management Plan;ca7f2f2f-264b-4dbf-a871-2f7c7fe78ae4
;;;Define Communication Management Plan;bb3db84c-eda4-48e4-89e6-855ff9903004
;;Secure Initial Funding;;a12522a3-c037-4210-9a60-8b78907d95b9
;;;Prepare funding proposal documentation;75cafdc7-b971-44d3-bd95-71d81de5574c
;;;Identify potential funding sources;1355d414-0ba0-4b0c-8a60-eddc321b9e0b
;;;Submit funding proposal;20e100be-d30f-49d8-8d67-4c858e7bcbe3
;;;Negotiate funding terms;e5129510-c500-464c-ab9c-46843c822d1f
;;;Finalize funding agreement;2a490518-fc12-4e72-be89-eda1923a0d09
;Regulatory & Ethical Approval;;;3d151af1-120a-45cf-a1e6-0b9ca5149595
;;Conduct Legal Review;;4cc533e8-e80c-4956-ae6f-99e867b22c69
;;;Identify Applicable Laws and Regulations;cb649b1f-ac7f-4347-90e4-4c961f0b5809
;;;Analyze Robot's Compliance with Laws;4a49ba51-3635-4b30-a85c-3f8bec251a74
;;;Prepare Legal Documentation;82fcc737-8f8d-4c07-ac4f-dfa4dc6d95a2
;;;Assess Liability and Risk Mitigation;bb898c3c-ee7a-40ac-a3b3-cb75af4a2781
;;Address Regulatory Concerns;;044823e4-bc3d-45d2-ba96-4265b39867a9
;;;Identify Key Regulatory Bodies;30d0b62b-6928-4bcb-ae57-45487f13677e
;;;Analyze Regulatory Requirements;4100bc9a-c787-4b44-87e4-673462b76622
;;;Prepare Responses to Concerns;44b1be09-d692-4f6e-90dc-2f2195e56fd6
;;;Engage with Regulatory Bodies;77ad0116-ed97-468b-8010-02b8798b802d
;;;Document All Interactions;c696c3ba-a081-4c5c-afd8-552a684a28ff
;;Obtain AI System Permit;;1f8751e1-50b5-4913-82b0-b430fcfda281
;;;Prepare AI System Permit Application;848dfb81-f56f-4f42-ab50-4231aa0f6d0e
;;;Conduct Ethical Impact Assessment;cd3e23e8-1d60-43d5-925e-371834b25e45
;;;Address Data Privacy Concerns;da9163cc-f9d4-4917-868c-0cef2bbfef44
;;;Submit AI System Permit Application;7423a578-3824-4269-a055-f5ea0f2d3d75
;;;Respond to Authority Inquiries;d2508a70-a0d9-4b55-8238-4058623edac5
;;Obtain Data Collection Permit;;b2761c2f-4db7-450b-aeca-264a807281ac
;;;Define Data Collection Scope and Purpose;a52ab71a-baed-4aac-a7b9-0eccad11d6f3
;;;Conduct Data Privacy Impact Assessment (DPIA);535a2896-6cdd-4760-bf06-b431387ee694
;;;Develop Data Anonymization Techniques;ffea6716-d0e7-4d2a-8334-19de3cfcb6c1
;;;Establish Data Security Protocols;e8874fae-1b56-44af-a08d-f45dea7c6601
;;;Prepare Permit Application Documentation;359bf36d-dd1e-4cb2-ac7d-5556ddc1c5be
;;Obtain Public Safety Permit;;feba54bb-1165-4577-951b-ce806a2ae4f6
;;;Prepare Public Safety Permit Application;40254a57-c9b8-4703-85bf-fb72b0b6ac29
;;;Conduct Robot Safety Testing and Assessment;d0e7aa43-e78b-4ae3-82d1-2dee764e49c3
;;;Develop Emergency Response Protocols;8293df1f-805d-44f3-b203-29e5ccbc6a6d
;;;Engage with Law Enforcement and Emergency Services;6894c335-4c14-4063-896a-1d9c480e0915
;;Obtain Robotics Operation License;;aa23f6e6-a691-4e4c-8434-4ed98141e2d8
;;;Prepare Robotics Operation License Application;a31817ec-8820-4d7a-966e-7cf351bb73f1
;;;Conduct Ethical and Legal Compliance Review;ef969235-3f47-4eaf-ac95-e58a5c7d0cfd
;;;Engage with Regulatory Bodies for Feedback;969476df-5387-47f8-a770-8e34cb829882
;;;Submit Robotics Operation License Application;1d1f4091-c4d7-4d0f-b195-57e16e0f8a24
;;;Address Regulatory Queries and Revisions;b786391b-64ac-4f1a-b733-f3d479b039dd
;;Address Ethical Concerns;;bc02873a-110e-4a3c-81d0-e8a30b8dc728
;;;Review robotics operation legal framework;9c12cebc-0f4e-45c6-890c-ca12e0c74cb3
;;;Develop ethical framework for robot decisions;14fe40d0-f312-4f28-a5b2-554355ceabb5
;;;Conduct independent audits and certifications;c416d99f-d58f-48d5-abba-ffd8ea4c39b7
;;;Address regulatory concerns proactively;77ae3057-2ff6-4be3-bfd8-103e6659aad0
;Robot Procurement & Manufacturing;;;6a73b238-4811-45e5-b51f-96c096c0b359
;;Finalize Robot Specifications;;7b42ef0e-2fc3-4e90-a13f-3ee7aebe839a
;;;Gather stakeholder requirements for robots;dbe35036-8792-4d2f-a015-f9026b9eb2a1
;;;Research available robot technologies;7a2331b6-3dad-4b00-8691-65e591fd98c5
;;;Draft initial robot specifications document;2bec0bf9-0713-47b5-a5de-6735afd43bdf
;;;Review and refine robot specifications;129e4149-3a2f-4274-96a1-11ce85b82cd3
;;;Finalize robot specifications document;0ae31f88-5394-461b-adbd-5ff4ef89e7fa
;;Negotiate Contract with Unitree;;51aedbfa-a4fa-4351-8f3d-6b038e24872a
;;;Define Contract Requirements;2564ac4a-febe-4072-8c35-57cfe3341fa0
;;;Prepare Contract Draft;e2b4a106-7ed3-4fcc-884d-9fd9b3314ca7
;;;Review Contract Internally;41b1da9e-d7c9-430b-8033-ee0e43883545
;;;Negotiate Contract Terms;8ccbb222-71ea-4af0-95a8-51002d3e424c
;;;Finalize and Sign Contract;015c2232-af44-42ac-be9f-10644be560ac
;;Establish Manufacturing Facility;;eeeb4469-8fa3-495e-9f51-69c6e7d998ae
;;;Prepare facility site for equipment;84a19016-6389-4f90-979c-e9eaef65a7f2
;;;Install robot manufacturing equipment;abf41056-4085-4e31-bfeb-d64b02282cb1
;;;Set up component storage and handling;3f77c009-d006-44b5-94e6-1885f986ef38
;;;Establish quality control processes;b1459d21-1822-4df5-aa92-2262462c9229
;;Procure Robot Components;;6d4a7b67-cda1-43b7-9b1e-9f0be625c172
;;;Identify Robot Component Suppliers;8d513ab5-0cc7-469a-832a-6618d38a7d21
;;;Assess Supplier Reliability and Quality;1b9f5d8e-4995-4ef4-a532-f8770a956175
;;;Negotiate Component Pricing and Contracts;aaaf1e83-da78-41b2-a058-828eda2965c2
;;;Establish Component Delivery Logistics;56f4c8a1-9a90-41f3-a6c2-ef14a07df2a1
;;;Manage Component Inventory and Storage;6d9700a4-bd74-4a20-bd2e-e6dd85bfb164
;;Manufacture Robots;;8ed57f07-2de9-47d7-b09b-34a3ea66c660
;;;Prepare Manufacturing Work Orders;5fdaac22-3f33-41dd-bcf5-ce6feb5890e6
;;;Assemble Robot Chassis and Components;cb1f415a-f667-417b-9a23-b04c8e23d088
;;;Install and Test Software and AI;825174bf-977a-4d7c-8611-e6bf44a57243
;;;Conduct Quality Control and Testing;6e4e7e24-d07d-4e03-88d9-b300202edc13
;;;Package and Prepare Robots for Deployment;0e8f68d0-9bb0-48f8-92b3-0a370621550d
;AI Development & Ethical Programming;;;467c39da-b3c1-4985-ba94-ed0233a99968
;;Develop Ethical Programming Strategy;;76ad86cb-5fc5-4d5f-a2e4-a234deb7a94f
;;;Define Ethical Principles for AI;93a7ebdc-2fa4-4d06-949b-8c4239010150
;;;Translate Principles into Programming Rules;c2ca56f8-8745-462f-b9c5-5ad72298e262
;;;Develop Bias Detection Methods;750b65c6-f390-4e21-a6b4-e46ef50cbbba
;;;Establish Ethical Review Board;affe0bcf-c75a-4d14-bdbf-dc6c831b9789
;;Develop Judgement Protocol Strategy;;25adf589-2616-4154-b0a5-b8664779a456
;;;Define Judgement Protocol Scope;5bd8883c-d3e4-4a75-8c35-086e49b7f76c
;;;Research Existing Legal Frameworks;89940fe6-6df7-4cd3-b77b-aa61e0b04ddc
;;;Develop Ethical Guidelines;161399d6-89a5-40f2-9ca0-a8407192163d
;;;Design Judgement Protocol Algorithm;29abcd61-c203-4056-8390-e75d07f078c2
;;;Test and Validate Protocol;e3c7e12f-840e-49cb-8e9f-c55aabbf354b
;;Develop Data Privacy and Security Strategy;;a0f6798d-9b14-4163-b6be-a9af0e3bf03a
;;;Define Data Collection Scope and Retention;7b12beb1-1991-4d30-b2ab-768d09851310
;;;Implement Data Encryption and Access Control;cc934992-64e1-4628-aab0-eed6a74cd62d
;;;Establish Data Governance Framework;03952428-d377-4d10-a298-cac72565162f
;;;Conduct Data Privacy Impact Assessment (DPIA);5422cbf5-b126-495b-aaad-bb3274c26e1a
;;;Develop Incident Response Plan;788f81e9-7a54-429f-836f-b16fb6a66661
;;Train AI Algorithms;;05703a71-cfde-431d-a3b8-d4db6d33194a
;;;Gather initial training data;71f051d7-6c22-48f1-a4d9-574300b574e1
;;;Preprocess and clean training data;3c19f035-1d91-4c35-8a68-84f8ebbaa83e
;;;Develop and test AI models;e95e9380-e8da-4496-b6f3-4ee58a24bb54
;;;Refine algorithms based on feedback;c69dda4d-d0e0-45c0-89a6-643e72ab3beb
;;Implement Bias Detection and Mitigation;;66d988a5-418c-403c-9acd-6cbe14f8faef
;;;Identify potential bias sources;ca3365bf-a7d3-4348-a838-8155584bc4ed
;;;Implement bias detection metrics;8b074ebc-cc4a-4200-92e8-0423f2417a68
;;;Apply bias mitigation techniques;64e2a9cb-f08a-4456-9e01-109875a4b01e
;;;Test for bias across demographics;494bdbf7-3441-47c2-8815-32fd1e64f177
;;;Document bias mitigation process;cda33b55-a55c-459c-aac3-b091a102d42a
;;Validate AI Performance;;3a6b2839-dcde-4613-ae19-072b24ddc35d
;;;Define Validation Metrics;a6f408b6-2f80-403f-91bc-d65471060069
;;;Simulate Real-World Scenarios;138a7f12-3f54-41a0-bc1a-e19d27eb076a
;;;Conduct Controlled Environment Testing;fdb6a2d8-f578-4edc-84b9-9ac83af0bfd4
;;;Gather Law Enforcement Feedback;87b3f31f-8452-43e3-a786-948f5c0691d5
;;;Analyze Validation Results;793eb997-b44e-4b08-bf71-ebfd59c47d38
;Infrastructure & Network Setup;;;1b1d9810-f53d-4a49-9f80-bbe6215a6883
;;Establish Secure Communication Network;;bbc98ffd-26ce-46f3-862f-19cf6378b80c
;;;Select Network Hardware Vendors;dc2f4966-3edf-4d4e-90cf-6cf6f2c7400c
;;;Conduct Compatibility Testing;1b02c01b-77e6-4392-b5f1-9b404be768b7
;;;Implement Security Audit Program;9055e61f-75c6-490e-af69-c3b09bdd8d0c
;;;Configure Network Hardware;ba3f0b47-4b53-4059-a2c7-fbc507e12d82
;;Set Up Maintenance and Repair Infrastructure;;0ee3adb5-cdf4-46a6-adfb-4f69c19df742
;;;Secure location for maintenance facility;4cc1a280-ddb6-40cb-92b5-6f9d2167af21
;;;Procure specialized repair equipment;ca6fd54b-62a2-4b8f-a2b5-6adc0b7c470c
;;;Train maintenance personnel;3d593322-4ef0-40eb-be3d-587f96375f99
;;;Establish spare parts inventory;9feec0b3-1e5d-4cd8-971a-fcc1dfd46f58
;;;Develop maintenance protocols;ca3458fb-1ba6-4f01-9e62-ea738346f68a
;;Establish Data Storage and Processing Infrastructure;;adcb0881-ff57-4e16-9cfc-a649ef8935c1
;;;Select Data Storage Solution;fc9542f7-c8af-46cf-bc42-54951de64945
;;;Configure Data Processing Infrastructure;5f9e7c33-7721-41d1-97b8-24515c2b023b
;;;Implement Security Protocols;fe1c8b5a-bd05-4a2a-badc-3cfc021057f9
;;;Integrate with Law Enforcement Systems;075e8d30-be45-4c6f-98c8-5c7e8a946dac
;Deployment & Training;;;6d5b24e2-8d57-466c-9291-f66315b483cc
;;Train Law Enforcement Personnel;;38f89d77-a5bd-43ac-9800-bab890311bd0
;;;Develop Training Curriculum;e32c9fe2-f5d2-4747-a6e8-0615cb9c1bb5
;;;Prepare Training Materials;3a0ffcc6-404d-41e2-a5d4-26a33000fafa
;;;Schedule Training Sessions;5b8bae94-c39e-4c17-bf7c-541e42c889d3
;;;Conduct Training Assessments;31559b6c-9bc5-43f6-93c9-8a2f1c88249a
;;Deploy Robots in Brussels;;ff85db78-c1a6-461e-800e-133791e423b9
;;;Prepare deployment sites in Brussels;22482aac-46b0-4fa2-97ab-6a4da1dd0f5b
;;;Configure robots for specific locations;c935f22b-bff1-488f-8d6d-9208ca71661c
;;;Coordinate with local authorities;a128ea3d-04e5-4d9d-a70c-b62c0f91c6a0
;;;Inform local community about deployment;dcf355cd-c498-4c86-bdbf-08ef964d6e53
;;Monitor Robot Performance;;db5f66ff-e47c-48be-abbc-a30b4d4a178a
;;;Define Key Performance Indicators (KPIs);8556b74e-64c0-406c-8794-ef133cc106ba
;;;Collect and Analyze Performance Data;9611a48b-5161-4eae-98cc-e1b142e2f0f2
;;;Identify and Address Performance Issues;b6d754fd-fb52-45d2-953b-db2a6bfe7183
;;;Report Performance to Stakeholders;f9f78f6a-b095-4d1b-8ae5-4e5d039da55e
;Public Relations & Community Engagement;;;5e89f4e5-6ba7-41b2-a6fc-b7e55ce5f82d
;;Launch Public Awareness Campaigns;;b9622e27-74fa-4668-a621-674a6a946efd
;;;Define Target Audience and Key Messages;7ab25dfe-c74e-4b00-bf19-6013265cea43
;;;Develop Campaign Materials;8bc9993b-ec03-4a69-aa26-8a224c4f9341
;;;Select Communication Channels;5856184e-1c57-4f23-b6ff-aee5bd7ab701
;;;Schedule and Execute Campaign Activities;a1b89c72-8511-48c3-8030-23edebf58045
;;Engage with Community Leaders;;7bf6d43f-348a-490a-adb6-615361019508
;;;Identify Key Community Influencers;4d35917a-4c7c-4265-aa46-a2ca81f34c21
;;;Schedule Initial Engagement Meetings;0370fdbb-2cd9-4cd0-a692-fcdef9abfd9c
;;;Prepare Tailored Communication Materials;d3d4de20-0ddc-4c62-8a17-e75bcc8e4871
;;;Conduct Engagement Meetings and Gather Feedback;8ca3ec8f-1412-4800-8696-0db9a591bd61
;;Address Public Concerns;;55e7e656-577a-4979-ba5a-9f6ca0ad7f4e
;;;Identify Key Public Concerns;f1d617e4-177f-4bc5-8708-7dc681cff7c2
;;;Develop Targeted Response Strategies;663058ed-1fb3-4f68-a0f6-dd6ccb5eebfe
;;;Communicate Responses to the Public;066402ce-2c0e-434e-894e-102e13798246
;;;Monitor Effectiveness of Responses;b7bb2337-f507-4a9b-ac60-b0cbfaa530c4
;Monitoring & Evaluation;;;5ea318cc-843e-404e-bbe1-bf9fc0e14156
;;Track Crime Rates;;d8830583-413a-4215-ab81-65761c386f77
;;;Define Crime Data Collection Scope;4e66d7eb-0c41-46a1-a73d-355fd8942269
;;;Establish Data Sharing Agreements;cc9154b5-17f1-4aab-b4fe-f0253027e612
;;;Implement Data Validation Procedures;521dcf97-eed5-4d8d-b420-3a5f0fd69d91
;;;Analyze Crime Data Trends;f2685c12-db29-485a-8164-3e9c8f30a878
;;Monitor Public Satisfaction;;b5a03c25-aad7-4d7c-b363-f898a62da2ff
;;;Design Public Satisfaction Surveys;75d38705-f7bd-4436-9ef8-947e6940d82d
;;;Distribute Surveys to Brussels Residents;08c4ec00-3547-4995-9ad0-e3e660923b5e
;;;Analyze Survey Data and Identify Trends;a66f69e2-e9eb-4a3b-9033-139519e8f074
;;;Report Public Satisfaction Levels;24e44fa6-42ad-4fc9-a8e4-b9a91e1cb6db
;;Evaluate Robot Performance;;63c47c58-0271-462e-8cca-a8ac73c3227b
;;;Define Robot Performance Metrics;6515fc1c-b1c4-48fc-af20-5263eec07ae3
;;;Collect Robot Operational Data;9cc3d06c-8c91-4cac-93da-a90759c9607f
;;;Analyze Robot Performance Data;5a134bd7-4984-4c67-8ce4-5b0639cee34c
;;;Compare Robot Performance to Benchmarks;8e87da8a-485f-417c-8e53-d125bba25650
;;;Document Performance Evaluation Results;a4033da3-eb54-4158-b64e-593b86a3c1d5
;;Assess Data Privacy and Security;;bb01be03-a798-450f-959e-19581e324ef4
;;;Review Data Logging Procedures;5de73487-46ba-4480-929e-2724285001bb
;;;Update Privacy Compliance Knowledge;169f928c-4bec-4d7e-a0b5-836c7a1cef0d
;;;Conduct Data Privacy Audit;3f54b614-4785-42fd-af85-e55ed04ba8ba
;;;Perform Security Vulnerability Assessment;73b490f0-749e-4750-8aba-a1b2f4493f84