project_key,project_name,project_description,project_start_date,project_end_date,project_progress,project_parent,originating_department
e8aae8a4-f19e-4f9e-9290-b5a2e431d40d,Police Robots,"Police Robots

Final deliverable:
Deployed Robots",8/24/2025,3/3/2031,0,,PlanExe
50d15e1c-df15-4f0a-8bdc-e98d62b9f2c6,Project Initiation & Planning,,8/24/2025,12/16/2025,0,e8aae8a4-f19e-4f9e-9290-b5a2e431d40d,PlanExe
6e363b12-26b0-4dd1-91bb-f9fa83f6d472,Define Project Scope and Objectives,,8/24/2025,9/1/2025,0,50d15e1c-df15-4f0a-8bdc-e98d62b9f2c6,PlanExe
de35134e-d6f7-4476-b476-8697fe811674,Identify Key Project Stakeholders,"Identify Key Project Stakeholders

Description:
Identify all individuals, groups, or organizations that have an interest in or may be affected by the project. This includes law enforcement, city officials, community groups, and technology providers.

Resources needed:
• Project Manager
• Community Liaison
• Legal Counsel",8/24/2025,8/26/2025,0,6e363b12-26b0-4dd1-91bb-f9fa83f6d472,PlanExe
554e1ee2-ae53-4425-9aae-e4a21439a9be,Assess Stakeholder Influence and Impact (1),"Assess Stakeholder Influence and Impact

Description:
Determine the level of influence and potential impact each stakeholder has on the project's success. Prioritize stakeholders based on their power, interest, and potential to support or hinder the project.

Resources needed:
• Project Manager
• Stakeholder Analysis Tool
• Communication Specialist",8/26/2025,8/28/2025,0,de35134e-d6f7-4476-b476-8697fe811674,PlanExe
f4a2b4af-dfcc-462e-ac28-2ca6b16eea94,Define Stakeholder Communication Plan,"Define Stakeholder Communication Plan

Description:
Develop a communication plan that outlines how and when stakeholders will be informed about the project's progress, key decisions, and potential risks. Tailor communication methods to each stakeholder group.

Resources needed:
• Communication Specialist
• Project Manager
• Stakeholder List",8/28/2025,8/30/2025,0,554e1ee2-ae53-4425-9aae-e4a21439a9be,PlanExe
d6d541a8-fc14-4d45-8cfc-eb53fa94b163,Document Project Objectives and Goals,"Document Project Objectives and Goals

Description:
Clearly define the project's objectives and goals, ensuring they are specific, measurable, achievable, relevant, and time-bound (SMART). Align these objectives with stakeholder expectations and project scope.

Resources needed:
• Project Manager
• Subject Matter Experts
• Stakeholder Input",8/30/2025,9/1/2025,0,6e363b12-26b0-4dd1-91bb-f9fa83f6d472,PlanExe
0b32cc89-46d7-45c8-9ca9-e77cb6e47407,Conduct Stakeholder Analysis,,9/1/2025,9/17/2025,0,6e363b12-26b0-4dd1-91bb-f9fa83f6d472,PlanExe
ec8b2350-4615-42fd-b8c8-adedb62bf9a2,Identify Key Stakeholders,"Identify Key Stakeholders

Description:
Identify all individuals, groups, or organizations that have an interest in or are affected by the project. This includes law enforcement, city officials, community groups, and technology providers.

Resources needed:
• Project Manager
• Community Liaison
• Legal Counsel",9/1/2025,9/5/2025,0,0b32cc89-46d7-45c8-9ca9-e77cb6e47407,PlanExe
8fc3baaa-e259-42a9-988d-02fbc90134bb,Assess Stakeholder Influence and Impact (2),"Assess Stakeholder Influence and Impact

Description:
Determine the level of influence and potential impact each stakeholder has on the project's success. Prioritize stakeholders based on their level of influence and potential impact.

Resources needed:
• Project Manager
• Stakeholder Analysis Template
• Communication Plan",9/5/2025,9/9/2025,0,ec8b2350-4615-42fd-b8c8-adedb62bf9a2,PlanExe
c5991a0c-2877-4bc0-9423-a0124488dda9,Develop Stakeholder Engagement Strategy,"Develop Stakeholder Engagement Strategy

Description:
Create a plan for engaging with each stakeholder group, including communication methods, frequency, and key messages. Tailor the engagement strategy to the specific needs and interests of each stakeholder group.

Resources needed:
• Project Manager
• Communication Specialist
• Public Relations Staff",9/9/2025,9/13/2025,0,8fc3baaa-e259-42a9-988d-02fbc90134bb,PlanExe
6138daf3-5111-452b-8eb0-8d80313f6141,Document Stakeholder Requirements,"Document Stakeholder Requirements

Description:
Gather and document the specific requirements, expectations, and concerns of each stakeholder group. Ensure that these requirements are incorporated into the project plan and design.

Resources needed:
• Project Manager
• Business Analyst
• Requirements Documentation Tool",9/13/2025,9/17/2025,0,0b32cc89-46d7-45c8-9ca9-e77cb6e47407,PlanExe
722461ae-480b-41ea-8082-740ae1563a46,Develop Project Management Plan,,9/17/2025,10/17/2025,0,0b32cc89-46d7-45c8-9ca9-e77cb6e47407,PlanExe
f201b6e9-6077-4482-a3db-c8a5b70ed961,Define Scope Baseline,"Define Scope Baseline

Description:
Establish a clear and documented scope baseline, including project deliverables, acceptance criteria, and work breakdown structure (WBS). This will serve as the foundation for managing scope changes and ensuring project success.

Resources needed:
• Project Manager
• Stakeholders
• Business Analyst",9/17/2025,9/23/2025,0,722461ae-480b-41ea-8082-740ae1563a46,PlanExe
7b1e81b1-c842-4428-ac1a-7491ffcdfb78,Create Project Schedule,"Create Project Schedule

Description:
Develop a detailed project schedule outlining tasks, dependencies, durations, and milestones. Utilize project management software to track progress and identify potential delays. The schedule should be realistic and achievable, considering resource availability and potential risks.

Resources needed:
• Project Manager
• Project Scheduler
• Task Leads",9/23/2025,9/29/2025,0,f201b6e9-6077-4482-a3db-c8a5b70ed961,PlanExe
403d9b59-6615-4b1d-b92e-0cf9a6ae831f,Develop Budget and Resource Plan,"Develop Budget and Resource Plan

Description:
Create a comprehensive budget outlining all project costs, including labor, materials, equipment, and overhead. Develop a resource plan identifying the resources needed for each task and their availability. The budget and resource plan should be aligned with the project scope and schedule.

Resources needed:
• Project Manager
• Financial Analyst
• Resource Managers",9/29/2025,10/5/2025,0,7b1e81b1-c842-4428-ac1a-7491ffcdfb78,PlanExe
ca7f2f2f-264b-4dbf-a871-2f7c7fe78ae4,Establish Risk Management Plan,"Establish Risk Management Plan

Description:
Identify potential risks that could impact the project, assess their likelihood and impact, and develop mitigation strategies. The risk management plan should be regularly reviewed and updated throughout the project lifecycle.

Resources needed:
• Project Manager
• Risk Management Specialist
• Subject Matter Experts",10/5/2025,10/11/2025,0,403d9b59-6615-4b1d-b92e-0cf9a6ae831f,PlanExe
bb3db84c-eda4-48e4-89e6-855ff9903004,Define Communication Management Plan,"Define Communication Management Plan

Description:
Establish a communication management plan outlining how project information will be communicated to stakeholders, including frequency, channels, and responsible parties. Effective communication is crucial for keeping stakeholders informed and engaged throughout the project.

Resources needed:
• Project Manager
• Communication Specialist
• Stakeholders",10/11/2025,10/17/2025,0,722461ae-480b-41ea-8082-740ae1563a46,PlanExe
a12522a3-c037-4210-9a60-8b78907d95b9,Secure Initial Funding,,10/17/2025,12/16/2025,0,50d15e1c-df15-4f0a-8bdc-e98d62b9f2c6,PlanExe
75cafdc7-b971-44d3-bd95-71d81de5574c,Prepare funding proposal documentation,"Prepare funding proposal documentation

Description:
Gather all necessary documents, including project plans, budget projections, risk assessments, and stakeholder analyses, to create a comprehensive funding proposal.

Resources needed:
• Project Manager
• Financial Analyst
• Legal Counsel",10/17/2025,10/29/2025,0,a12522a3-c037-4210-9a60-8b78907d95b9,PlanExe
1355d414-0ba0-4b0c-8a60-eddc321b9e0b,Identify potential funding sources,"Identify potential funding sources

Description:
Research and identify potential funding sources, including government grants, private investors, venture capital firms, and philanthropic organizations.

Resources needed:
• Research Analyst
• Project Manager",10/29/2025,11/10/2025,0,75cafdc7-b971-44d3-bd95-71d81de5574c,PlanExe
20e100be-d30f-49d8-8d67-4c858e7bcbe3,Submit funding proposal,"Submit funding proposal

Description:
Submit the completed funding proposal to the identified funding sources, ensuring all requirements and deadlines are met.

Resources needed:
• Project Manager
• Administrative Assistant",11/10/2025,11/22/2025,0,1355d414-0ba0-4b0c-8a60-eddc321b9e0b,PlanExe
e5129510-c500-464c-ab9c-46843c822d1f,Negotiate funding terms,"Negotiate funding terms

Description:
Negotiate the terms of the funding agreement with the selected funding source, including interest rates, repayment schedules, and equity stakes.

Resources needed:
• Project Manager
• Legal Counsel
• Financial Analyst",11/22/2025,12/4/2025,0,20e100be-d30f-49d8-8d67-4c858e7bcbe3,PlanExe
2a490518-fc12-4e72-be89-eda1923a0d09,Finalize funding agreement,"Finalize funding agreement

Description:
Finalize the funding agreement and secure the necessary approvals from all parties involved.

Resources needed:
• Project Manager
• Legal Counsel
• Executive Team",12/4/2025,12/16/2025,0,a12522a3-c037-4210-9a60-8b78907d95b9,PlanExe
3d151af1-120a-45cf-a1e6-0b9ca5149595,Regulatory & Ethical Approval,,12/16/2025,5/13/2027,0,50d15e1c-df15-4f0a-8bdc-e98d62b9f2c6,PlanExe
4cc533e8-e80c-4956-ae6f-99e867b22c69,Conduct Legal Review,,12/16/2025,1/17/2026,0,3d151af1-120a-45cf-a1e6-0b9ca5149595,PlanExe
cb649b1f-ac7f-4347-90e4-4c961f0b5809,Identify Applicable Laws and Regulations,"Identify Applicable Laws and Regulations

Description:
Objective: Identify all relevant laws and regulations pertaining to AI, robotics, data privacy, and law enforcement in Brussels and the EU.
Scope: Includes researching existing legislation, case law, and regulatory guidelines.
Steps: Consult legal databases, engage with legal experts, and review relevant EU directives.
Deliverables: A comprehensive list of applicable laws and regulations.

Resources needed:
• Legal experts
• Legal databases
• Research staff",12/16/2025,12/24/2025,0,4cc533e8-e80c-4956-ae6f-99e867b22c69,PlanExe
4a49ba51-3635-4b30-a85c-3f8bec251a74,Analyze Robot's Compliance with Laws,"Analyze Robot's Compliance with Laws

Description:
Objective: Assess the robot's design, functionality, and operational protocols for compliance with identified laws and regulations.
Scope: Includes evaluating data collection practices, decision-making processes, and potential for bias.
Steps: Conduct a thorough review of the robot's technical specifications, algorithms, and operational procedures. Engage with AI specialists and ethicists.
Deliverables: A detailed compliance report identifying potential legal risks.

Resources needed:
• Legal experts
• AI specialists
• Ethicists
• Technical documentation",12/24/2025,1/1/2026,0,cb649b1f-ac7f-4347-90e4-4c961f0b5809,PlanExe
82fcc737-8f8d-4c07-ac4f-dfa4dc6d95a2,Prepare Legal Documentation,"Prepare Legal Documentation

Description:
Objective: Prepare all necessary legal documentation for regulatory submissions and compliance purposes.
Scope: Includes drafting legal opinions, compliance statements, and risk assessments.
Steps: Compile relevant information, draft legal documents, and obtain necessary approvals.
Deliverables: A complete set of legal documentation ready for submission.

Resources needed:
• Legal experts
• Technical writers
• Project manager",1/1/2026,1/9/2026,0,4a49ba51-3635-4b30-a85c-3f8bec251a74,PlanExe
bb898c3c-ee7a-40ac-a3b3-cb75af4a2781,Assess Liability and Risk Mitigation,"Assess Liability and Risk Mitigation

Description:
Objective: Evaluate potential legal liabilities associated with the robot's deployment and develop risk mitigation strategies.
Scope: Includes assessing potential for harm, data breaches, and algorithmic bias.
Steps: Conduct a risk assessment, develop mitigation plans, and establish insurance coverage.
Deliverables: A comprehensive risk mitigation plan and insurance policy.

Resources needed:
• Legal experts
• Risk management specialists
• Insurance providers",1/9/2026,1/17/2026,0,4cc533e8-e80c-4956-ae6f-99e867b22c69,PlanExe
044823e4-bc3d-45d2-ba96-4265b39867a9,Address Regulatory Concerns,,1/17/2026,3/18/2026,0,4cc533e8-e80c-4956-ae6f-99e867b22c69,PlanExe
30d0b62b-6928-4bcb-ae57-45487f13677e,Identify Key Regulatory Bodies,"Identify Key Regulatory Bodies

Description:
Identify all relevant regulatory bodies at the Brussels, EU, and international levels that have jurisdiction over the deployment and operation of police robots, including those related to AI, data privacy, and public safety.

Resources needed:
• Legal Experts
• Regulatory Compliance Officer
• Research Staff",1/17/2026,1/29/2026,0,044823e4-bc3d-45d2-ba96-4265b39867a9,PlanExe
4100bc9a-c787-4b44-87e4-673462b76622,Analyze Regulatory Requirements,"Analyze Regulatory Requirements

Description:
Thoroughly analyze all applicable regulations, standards, and guidelines to determine the specific requirements for obtaining necessary permits and approvals. This includes GDPR, EU Robotics Regulations, and any relevant national or local laws.

Resources needed:
• Legal Experts
• Regulatory Compliance Officer
• AI Specialists",1/29/2026,2/10/2026,0,30d0b62b-6928-4bcb-ae57-45487f13677e,PlanExe
44b1be09-d692-4f6e-90dc-2f2195e56fd6,Prepare Responses to Concerns,"Prepare Responses to Concerns

Description:
Develop comprehensive responses to potential regulatory concerns regarding ethical considerations, data privacy, algorithmic bias, and public safety. This includes preparing detailed documentation and impact assessments.

Resources needed:
• Legal Experts
• Ethicists
• AI Specialists
• Public Relations Staff",2/10/2026,2/22/2026,0,4100bc9a-c787-4b44-87e4-673462b76622,PlanExe
77ad0116-ed97-468b-8010-02b8798b802d,Engage with Regulatory Bodies,"Engage with Regulatory Bodies

Description:
Proactively engage with regulatory bodies to present the project, address their concerns, and seek guidance on compliance requirements. This includes scheduling meetings, providing regular updates, and participating in consultations.

Resources needed:
• Project Manager
• Legal Experts
• Regulatory Compliance Officer
• Public Relations Staff",2/22/2026,3/6/2026,0,44b1be09-d692-4f6e-90dc-2f2195e56fd6,PlanExe
c696c3ba-a081-4c5c-afd8-552a684a28ff,Document All Interactions,"Document All Interactions

Description:
Maintain detailed records of all interactions with regulatory bodies, including meeting minutes, correspondence, and any feedback received. This documentation will be essential for demonstrating compliance and addressing any future inquiries.

Resources needed:
• Project Manager
• Administrative Staff
• Regulatory Compliance Officer",3/6/2026,3/18/2026,0,044823e4-bc3d-45d2-ba96-4265b39867a9,PlanExe
1f8751e1-50b5-4913-82b0-b430fcfda281,Obtain AI System Permit,,3/18/2026,5/2/2026,0,044823e4-bc3d-45d2-ba96-4265b39867a9,PlanExe
848dfb81-f56f-4f42-ab50-4231aa0f6d0e,Prepare AI System Permit Application,"Prepare AI System Permit Application

Description:
Gather all necessary documentation, including system specifications, ethical impact assessments, and compliance reports, to prepare a comprehensive application for the AI System Permit.

Resources needed:
• Legal Experts
• AI Specialists
• Project Manager",3/18/2026,3/27/2026,0,1f8751e1-50b5-4913-82b0-b430fcfda281,PlanExe
cd3e23e8-1d60-43d5-925e-371834b25e45,Conduct Ethical Impact Assessment,"Conduct Ethical Impact Assessment

Description:
Perform a thorough ethical impact assessment to identify and mitigate potential risks associated with the AI system's deployment, including bias, discrimination, and privacy violations.

Resources needed:
• Ethicists
• AI Specialists
• Legal Experts",3/27/2026,4/5/2026,0,848dfb81-f56f-4f42-ab50-4231aa0f6d0e,PlanExe
da9163cc-f9d4-4917-868c-0cef2bbfef44,Address Data Privacy Concerns,"Address Data Privacy Concerns

Description:
Implement robust data privacy measures, including anonymization techniques and access controls, to ensure compliance with GDPR and other relevant regulations.

Resources needed:
• Data Privacy Specialists
• Legal Experts
• IT Security Experts",4/5/2026,4/14/2026,0,cd3e23e8-1d60-43d5-925e-371834b25e45,PlanExe
7423a578-3824-4269-a055-f5ea0f2d3d75,Submit AI System Permit Application,"Submit AI System Permit Application

Description:
Submit the completed AI System Permit application to the relevant regulatory authority and track its progress.

Resources needed:
• Project Manager
• Legal Experts",4/14/2026,4/23/2026,0,da9163cc-f9d4-4917-868c-0cef2bbfef44,PlanExe
d2508a70-a0d9-4b55-8238-4058623edac5,Respond to Authority Inquiries,"Respond to Authority Inquiries

Description:
Address any inquiries or requests for additional information from the regulatory authority in a timely and comprehensive manner.

Resources needed:
• Legal Experts
• AI Specialists
• Project Manager",4/23/2026,5/2/2026,0,1f8751e1-50b5-4913-82b0-b430fcfda281,PlanExe
b2761c2f-4db7-450b-aeca-264a807281ac,Obtain Data Collection Permit,,5/2/2026,7/1/2026,0,1f8751e1-50b5-4913-82b0-b430fcfda281,PlanExe
a52ab71a-baed-4aac-a7b9-0eccad11d6f3,Define Data Collection Scope and Purpose,"Define Data Collection Scope and Purpose

Description:
Clearly define the scope of data collection, specifying the types of data to be collected, the purpose of data collection, and the duration of data retention. This includes identifying the specific data points required for robot operation, performance monitoring, and compliance reporting.

Resources needed:
• Data Privacy Expert
• Legal Counsel
• Law Enforcement Liaison
• AI Specialist",5/2/2026,5/14/2026,0,b2761c2f-4db7-450b-aeca-264a807281ac,PlanExe
535a2896-6cdd-4760-bf06-b431387ee694,Conduct Data Privacy Impact Assessment (DPIA) (1),"Conduct Data Privacy Impact Assessment (DPIA)

Description:
Perform a thorough DPIA to identify and assess the potential risks to individual privacy associated with the data collection and processing activities of the police robots. This includes evaluating the necessity and proportionality of the data collection, identifying potential mitigation measures, and documenting the assessment process.

Resources needed:
• Data Privacy Expert
• Legal Counsel
• Risk Management Coordinator",5/14/2026,5/26/2026,0,a52ab71a-baed-4aac-a7b9-0eccad11d6f3,PlanExe
ffea6716-d0e7-4d2a-8334-19de3cfcb6c1,Develop Data Anonymization Techniques,"Develop Data Anonymization Techniques

Description:
Develop and implement robust data anonymization techniques to protect the privacy of individuals whose data is collected by the police robots. This includes exploring various anonymization methods, such as pseudonymization, generalization, and suppression, and selecting the most appropriate techniques based on the sensitivity of the data and the purpose of data collection.

Resources needed:
• AI Specialist
• Data Privacy Expert
• Cybersecurity Expert",5/26/2026,6/7/2026,0,535a2896-6cdd-4760-bf06-b431387ee694,PlanExe
e8874fae-1b56-44af-a08d-f45dea7c6601,Establish Data Security Protocols,"Establish Data Security Protocols

Description:
Establish comprehensive data security protocols to protect the data collected by the police robots from unauthorized access, use, disclosure, or destruction. This includes implementing technical and organizational measures, such as encryption, access controls, and security audits, to ensure the confidentiality, integrity, and availability of the data.

Resources needed:
• Cybersecurity Expert
• IT Infrastructure Specialist
• Data Privacy Expert",6/7/2026,6/19/2026,0,ffea6716-d0e7-4d2a-8334-19de3cfcb6c1,PlanExe
359bf36d-dd1e-4cb2-ac7d-5556ddc1c5be,Prepare Permit Application Documentation,"Prepare Permit Application Documentation

Description:
Compile all necessary documentation required for the Data Collection Permit application, including the DPIA report, data anonymization techniques, data security protocols, and a detailed description of the data collection scope and purpose. Ensure that the documentation is accurate, complete, and compliant with all applicable regulations and guidelines.

Resources needed:
• Legal Counsel
• Project Manager
• Data Privacy Expert",6/19/2026,7/1/2026,0,b2761c2f-4db7-450b-aeca-264a807281ac,PlanExe
feba54bb-1165-4577-951b-ce806a2ae4f6,Obtain Public Safety Permit,,7/1/2026,9/15/2026,0,b2761c2f-4db7-450b-aeca-264a807281ac,PlanExe
40254a57-c9b8-4703-85bf-fb72b0b6ac29,Prepare Public Safety Permit Application,"Prepare Public Safety Permit Application

Description:
Objective: Compile all necessary documentation and information required for the Public Safety Permit application.
Scope: Gathering safety reports, risk assessments, emergency response plans, and robot operational guidelines.
Steps: Identify required documents, collect data, draft application, review with legal team.
Deliverables: Completed Public Safety Permit application package.

Resources needed:
• Project Manager
• Safety Engineer
• Legal Counsel
• Technical Writer",7/1/2026,7/20/2026,0,feba54bb-1165-4577-951b-ce806a2ae4f6,PlanExe
d0e7aa43-e78b-4ae3-82d1-2dee764e49c3,Conduct Robot Safety Testing and Assessment,"Conduct Robot Safety Testing and Assessment

Description:
Objective: Perform thorough safety testing and risk assessment of the robots' operation in various public scenarios.
Scope: Testing robot functionality, emergency stop mechanisms, obstacle avoidance, and potential hazards.
Steps: Develop testing protocols, conduct simulations, perform physical tests, analyze results.
Deliverables: Safety testing reports and risk assessment documentation.

Resources needed:
• Robotics Engineer
• Safety Engineer
• Testing Facility
• Simulation Software",7/20/2026,8/8/2026,0,40254a57-c9b8-4703-85bf-fb72b0b6ac29,PlanExe
8293df1f-805d-44f3-b203-29e5ccbc6a6d,Develop Emergency Response Protocols,"Develop Emergency Response Protocols

Description:
Objective: Create detailed emergency response protocols for various scenarios involving the robots.
Scope: Defining procedures for robot malfunctions, accidents, security breaches, and public safety incidents.
Steps: Identify potential scenarios, develop response plans, train personnel, document protocols.
Deliverables: Comprehensive emergency response protocols document.

Resources needed:
• Emergency Response Expert
• Law Enforcement Liaison
• Robotics Engineer
• Training Personnel",8/8/2026,8/27/2026,0,d0e7aa43-e78b-4ae3-82d1-2dee764e49c3,PlanExe
6894c335-4c14-4063-896a-1d9c480e0915,Engage with Law Enforcement and Emergency Services,"Engage with Law Enforcement and Emergency Services

Description:
Objective: Establish clear lines of communication and collaboration with law enforcement and emergency services.
Scope: Coordinating with police, fire departments, and ambulance services to ensure seamless integration.
Steps: Schedule meetings, share information, develop joint protocols, conduct training exercises.
Deliverables: Signed agreements and collaborative protocols with relevant agencies.

Resources needed:
• Project Manager
• Law Enforcement Liaison
• Emergency Services Representatives
• Communication Specialist",8/27/2026,9/15/2026,0,feba54bb-1165-4577-951b-ce806a2ae4f6,PlanExe
aa23f6e6-a691-4e4c-8434-4ed98141e2d8,Obtain Robotics Operation License,,9/15/2026,1/13/2027,0,feba54bb-1165-4577-951b-ce806a2ae4f6,PlanExe
a31817ec-8820-4d7a-966e-7cf351bb73f1,Prepare Robotics Operation License Application,"Prepare Robotics Operation License Application

Description:
Compile all necessary documentation, including technical specifications, safety protocols, and ethical considerations, for the Robotics Operation License application.

Resources needed:
• Legal Experts
• Robotics Engineers
• AI Specialists
• Project Manager",9/15/2026,10/9/2026,0,aa23f6e6-a691-4e4c-8434-4ed98141e2d8,PlanExe
ef969235-3f47-4eaf-ac95-e58a5c7d0cfd,Conduct Ethical and Legal Compliance Review,"Conduct Ethical and Legal Compliance Review

Description:
Ensure the robot's design and operation comply with all relevant ethical guidelines, human rights laws, and EU regulations. Address any potential conflicts or concerns.

Resources needed:
• Ethicists
• Legal Experts
• Regulatory Compliance Officer",10/9/2026,11/2/2026,0,a31817ec-8820-4d7a-966e-7cf351bb73f1,PlanExe
969476df-5387-47f8-a770-8e34cb829882,Engage with Regulatory Bodies for Feedback,"Engage with Regulatory Bodies for Feedback

Description:
Proactively communicate with regulatory bodies to understand their requirements and address any concerns they may have regarding the Robotics Operation License.

Resources needed:
• Legal Experts
• Government Liaison
• Project Manager",11/2/2026,11/26/2026,0,ef969235-3f47-4eaf-ac95-e58a5c7d0cfd,PlanExe
1d1f4091-c4d7-4d0f-b195-57e16e0f8a24,Submit Robotics Operation License Application,"Submit Robotics Operation License Application

Description:
Submit the completed application package to the appropriate regulatory authority and track its progress.

Resources needed:
• Administrative Staff
• Project Manager",11/26/2026,12/20/2026,0,969476df-5387-47f8-a770-8e34cb829882,PlanExe
b786391b-64ac-4f1a-b733-f3d479b039dd,Address Regulatory Queries and Revisions,"Address Regulatory Queries and Revisions

Description:
Respond to any queries or requests for additional information from the regulatory authority and make necessary revisions to the application based on their feedback.

Resources needed:
• Legal Experts
• Robotics Engineers
• AI Specialists
• Project Manager",12/20/2026,1/13/2027,0,aa23f6e6-a691-4e4c-8434-4ed98141e2d8,PlanExe
bc02873a-110e-4a3c-81d0-e8a30b8dc728,Address Ethical Concerns,,1/13/2027,5/13/2027,0,3d151af1-120a-45cf-a1e6-0b9ca5149595,PlanExe
9c12cebc-0f4e-45c6-890c-ca12e0c74cb3,Review robotics operation legal framework,"Review robotics operation legal framework

Description:
Objective: Understand the existing legal landscape for robotics operation in Brussels and the EU.
Scope: Review relevant laws, regulations, and legal precedents related to autonomous robots, data privacy, and human rights.
Steps: Conduct legal research, consult with legal experts, and analyze relevant case law.
Deliverables: A comprehensive report outlining the legal framework for robotics operation.

Resources needed:
• Legal experts
• Legal researchers
• AI ethics specialists",1/13/2027,2/12/2027,0,bc02873a-110e-4a3c-81d0-e8a30b8dc728,PlanExe
14fe40d0-f312-4f28-a5b2-554355ceabb5,Develop ethical framework for robot decisions,"Develop ethical framework for robot decisions

Description:
Objective: Create a robust ethical framework to guide robot decision-making, ensuring fairness, transparency, and accountability.
Scope: Define ethical principles, develop decision-making algorithms, and establish oversight mechanisms.
Steps: Conduct ethical reviews, consult with ethicists, and develop a code of conduct for robot behavior.
Deliverables: A detailed ethical framework document and a set of ethical guidelines for robot programming.

Resources needed:
• Ethicists
• AI specialists
• Legal experts
• Community representatives",2/12/2027,3/14/2027,0,9c12cebc-0f4e-45c6-890c-ca12e0c74cb3,PlanExe
c416d99f-d58f-48d5-abba-ffd8ea4c39b7,Conduct independent audits and certifications,"Conduct independent audits and certifications

Description:
Objective: Ensure the robots' adherence to ethical principles and human rights through independent audits and certifications.
Scope: Engage independent auditors to assess the robots' compliance with ethical guidelines and legal requirements.
Steps: Select auditors, conduct audits, and obtain certifications.
Deliverables: Audit reports and certifications demonstrating compliance.

Resources needed:
• Independent auditors
• Legal experts
• Ethicists",3/14/2027,4/13/2027,0,14fe40d0-f312-4f28-a5b2-554355ceabb5,PlanExe
77ae3057-2ff6-4be3-bfd8-103e6659aad0,Address regulatory concerns proactively,"Address regulatory concerns proactively

Description:
Objective: Engage with regulatory bodies to address concerns and ensure compliance with all relevant laws and regulations.
Scope: Communicate with regulatory agencies, provide documentation, and address any concerns they may have.
Steps: Schedule meetings with regulators, prepare documentation, and respond to inquiries.
Deliverables: Documentation of communication with regulatory bodies and evidence of compliance.

Resources needed:
• Legal experts
• Regulatory affairs specialists
• Project manager",4/13/2027,5/13/2027,0,bc02873a-110e-4a3c-81d0-e8a30b8dc728,PlanExe
6a73b238-4811-45e5-b51f-96c096c0b359,Robot Procurement & Manufacturing,,5/13/2027,11/3/2028,0,3d151af1-120a-45cf-a1e6-0b9ca5149595,PlanExe
7b42ef0e-2fc3-4e90-a13f-3ee7aebe839a,Finalize Robot Specifications,,5/13/2027,7/12/2027,0,6a73b238-4811-45e5-b51f-96c096c0b359,PlanExe
dbe35036-8792-4d2f-a015-f9026b9eb2a1,Gather stakeholder requirements for robots,"Gather stakeholder requirements for robots

Description:
Collect detailed requirements from law enforcement, ethicists, and engineers regarding robot functionalities, ethical considerations, and technical specifications. This includes performance metrics, operational constraints, and desired features.

Resources needed:
• Project Manager
• Law Enforcement Liaison
• AI Specialist
• Ethicist",5/13/2027,5/25/2027,0,7b42ef0e-2fc3-4e90-a13f-3ee7aebe839a,PlanExe
7a2331b6-3dad-4b00-8691-65e591fd98c5,Research available robot technologies,"Research available robot technologies

Description:
Conduct a thorough review of available robot technologies, focusing on Unitree models, to identify capabilities, limitations, and potential customization options. This includes assessing sensors, actuators, processing power, and communication protocols.

Resources needed:
• Robotics Engineer
• AI Specialist
• Technical Writer",5/25/2027,6/6/2027,0,dbe35036-8792-4d2f-a015-f9026b9eb2a1,PlanExe
2bec0bf9-0713-47b5-a5de-6735afd43bdf,Draft initial robot specifications document,"Draft initial robot specifications document

Description:
Create a preliminary document outlining the robot's technical specifications, functionalities, and performance requirements based on stakeholder input and technology research. This document will serve as the basis for further refinement and negotiation with Unitree.

Resources needed:
• Robotics Engineer
• AI Specialist
• Project Manager
• Technical Writer",6/6/2027,6/18/2027,0,7a2331b6-3dad-4b00-8691-65e591fd98c5,PlanExe
129e4149-3a2f-4274-96a1-11ce85b82cd3,Review and refine robot specifications,"Review and refine robot specifications

Description:
Circulate the draft specifications document to stakeholders for review and feedback. Incorporate feedback and revise the document to ensure alignment with project goals, ethical considerations, and technical feasibility.

Resources needed:
• Project Manager
• Law Enforcement Liaison
• AI Specialist
• Ethicist
• Robotics Engineer",6/18/2027,6/30/2027,0,2bec0bf9-0713-47b5-a5de-6735afd43bdf,PlanExe
0ae31f88-5394-461b-adbd-5ff4ef89e7fa,Finalize robot specifications document,"Finalize robot specifications document

Description:
Incorporate all feedback and revisions into a final robot specifications document. Obtain sign-off from all key stakeholders to ensure agreement on the robot's capabilities, functionalities, and performance requirements. This document will be used for contract negotiation with Unitree.

Resources needed:
• Project Manager
• Law Enforcement Liaison
• AI Specialist
• Ethicist
• Robotics Engineer",6/30/2027,7/12/2027,0,7b42ef0e-2fc3-4e90-a13f-3ee7aebe839a,PlanExe
51aedbfa-a4fa-4351-8f3d-6b038e24872a,Negotiate Contract with Unitree,,7/12/2027,8/11/2027,0,7b42ef0e-2fc3-4e90-a13f-3ee7aebe839a,PlanExe
2564ac4a-febe-4072-8c35-57cfe3341fa0,Define Contract Requirements,"Define Contract Requirements

Description:
Clearly outline all project requirements, including robot specifications, delivery schedules, payment terms, and performance guarantees, to ensure a comprehensive and enforceable contract.

Resources needed:
• Project Manager
• Legal Counsel
• Technical Experts",7/12/2027,7/18/2027,0,51aedbfa-a4fa-4351-8f3d-6b038e24872a,PlanExe
e2b4a106-7ed3-4fcc-884d-9fd9b3314ca7,Prepare Contract Draft,"Prepare Contract Draft

Description:
Draft a preliminary contract document incorporating all defined requirements and standard legal clauses, ensuring clarity, accuracy, and protection of the project's interests.

Resources needed:
• Legal Counsel
• Contract Specialist",7/18/2027,7/24/2027,0,2564ac4a-febe-4072-8c35-57cfe3341fa0,PlanExe
41b1da9e-d7c9-430b-8033-ee0e43883545,Review Contract Internally,"Review Contract Internally

Description:
Conduct a thorough internal review of the contract draft by relevant stakeholders, including legal, technical, and financial experts, to identify potential risks, gaps, or areas for improvement.

Resources needed:
• Project Manager
• Legal Counsel
• Technical Experts
• Financial Analyst",7/24/2027,7/30/2027,0,e2b4a106-7ed3-4fcc-884d-9fd9b3314ca7,PlanExe
8ccbb222-71ea-4af0-95a8-51002d3e424c,Negotiate Contract Terms,"Negotiate Contract Terms

Description:
Engage in negotiations with Unitree to finalize contract terms, addressing any concerns or proposed modifications while ensuring the project's key requirements are met and the contract remains favorable.

Resources needed:
• Project Manager
• Legal Counsel
• Negotiation Specialist",7/30/2027,8/5/2027,0,41b1da9e-d7c9-430b-8033-ee0e43883545,PlanExe
015c2232-af44-42ac-be9f-10644be560ac,Finalize and Sign Contract,"Finalize and Sign Contract

Description:
Incorporate all agreed-upon changes into the final contract document, obtain necessary approvals from both parties, and formally execute the contract to establish a legally binding agreement with Unitree.

Resources needed:
• Project Manager
• Legal Counsel
• Authorized Signatories",8/5/2027,8/11/2027,0,51aedbfa-a4fa-4351-8f3d-6b038e24872a,PlanExe
eeeb4469-8fa3-495e-9f51-69c6e7d998ae,Establish Manufacturing Facility,,8/11/2027,12/9/2027,0,51aedbfa-a4fa-4351-8f3d-6b038e24872a,PlanExe
84a19016-6389-4f90-979c-e9eaef65a7f2,Prepare facility site for equipment,"Prepare facility site for equipment

Description:
Objective: Prepare the manufacturing facility site to accommodate robot manufacturing equipment.
Scope: This includes clearing the area, ensuring proper flooring, and setting up basic utilities.
Steps: Clear the designated area, install appropriate flooring, connect basic utilities (electricity, water), and inspect the site for readiness.
Deliverables: A prepared site ready for equipment installation.

Resources needed:
• Construction crew
• Electrician
• Plumber
• Site inspector",8/11/2027,9/10/2027,0,eeeb4469-8fa3-495e-9f51-69c6e7d998ae,PlanExe
abf41056-4085-4e31-bfeb-d64b02282cb1,Install robot manufacturing equipment,"Install robot manufacturing equipment

Description:
Objective: Install the necessary equipment for robot manufacturing.
Scope: This includes installing assembly lines, testing equipment, and quality control stations.
Steps: Unpack and position equipment, connect to power and data networks, calibrate equipment, and test functionality.
Deliverables: Fully installed and calibrated robot manufacturing equipment.

Resources needed:
• Equipment technicians
• Engineers
• IT specialists
• Calibration specialists",9/10/2027,10/10/2027,0,84a19016-6389-4f90-979c-e9eaef65a7f2,PlanExe
3f77c009-d006-44b5-94e6-1885f986ef38,Set up component storage and handling,"Set up component storage and handling

Description:
Objective: Establish a system for storing and handling robot components.
Scope: This includes setting up storage racks, implementing inventory management systems, and training personnel on proper handling procedures.
Steps: Install storage racks, implement inventory software, train personnel on handling procedures, and establish quality control checks.
Deliverables: A functional component storage and handling system.

Resources needed:
• Logistics personnel
• Inventory specialists
• Storage equipment
• Training staff",10/10/2027,11/9/2027,0,abf41056-4085-4e31-bfeb-d64b02282cb1,PlanExe
b1459d21-1822-4df5-aa92-2262462c9229,Establish quality control processes,"Establish quality control processes

Description:
Objective: Implement quality control processes to ensure robot manufacturing meets required standards.
Scope: This includes setting up inspection stations, developing testing protocols, and training personnel on quality control procedures.
Steps: Set up inspection stations, develop testing protocols, train personnel, and implement a system for tracking defects.
Deliverables: A fully operational quality control system.

Resources needed:
• Quality control engineers
• Inspectors
• Testing equipment
• Training staff",11/9/2027,12/9/2027,0,eeeb4469-8fa3-495e-9f51-69c6e7d998ae,PlanExe
6d4a7b67-cda1-43b7-9b1e-9f0be625c172,Procure Robot Components,,12/9/2027,2/7/2028,0,eeeb4469-8fa3-495e-9f51-69c6e7d998ae,PlanExe
8d513ab5-0cc7-469a-832a-6618d38a7d21,Identify Robot Component Suppliers,"Identify Robot Component Suppliers

Description:
Identify potential suppliers for all necessary robot components, including sensors, actuators, processors, and power systems. Research their capabilities, pricing, and lead times.

Resources needed:
• Procurement Specialist
• Robotics Engineer
• Supply Chain Analyst",12/9/2027,12/21/2027,0,6d4a7b67-cda1-43b7-9b1e-9f0be625c172,PlanExe
1b9f5d8e-4995-4ef4-a532-f8770a956175,Assess Supplier Reliability and Quality,"Assess Supplier Reliability and Quality

Description:
Evaluate the reliability and quality of potential component suppliers through audits, reviews of past performance, and analysis of their quality control processes. Ensure compliance with industry standards and project requirements.

Resources needed:
• Quality Control Engineer
• Auditor
• Procurement Specialist",12/21/2027,1/2/2028,0,8d513ab5-0cc7-469a-832a-6618d38a7d21,PlanExe
aaaf1e83-da78-41b2-a058-828eda2965c2,Negotiate Component Pricing and Contracts,"Negotiate Component Pricing and Contracts

Description:
Negotiate pricing and contract terms with selected component suppliers to secure favorable agreements that meet budget constraints and project timelines. Establish clear delivery schedules and payment terms.

Resources needed:
• Procurement Specialist
• Contract Lawyer
• Financial Analyst",1/2/2028,1/14/2028,0,1b9f5d8e-4995-4ef4-a532-f8770a956175,PlanExe
56f4c8a1-9a90-41f3-a6c2-ef14a07df2a1,Establish Component Delivery Logistics,"Establish Component Delivery Logistics

Description:
Establish logistics and transportation plans for the delivery of robot components to the manufacturing facility. Coordinate with suppliers and logistics providers to ensure timely and secure delivery.

Resources needed:
• Logistics Coordinator
• Transportation Specialist
• Warehouse Manager",1/14/2028,1/26/2028,0,aaaf1e83-da78-41b2-a058-828eda2965c2,PlanExe
6d9700a4-bd74-4a20-bd2e-e6dd85bfb164,Manage Component Inventory and Storage,"Manage Component Inventory and Storage

Description:
Implement inventory management and storage procedures for robot components at the manufacturing facility. Track component levels, ensure proper storage conditions, and prevent damage or loss.

Resources needed:
• Warehouse Manager
• Inventory Specialist
• Logistics Coordinator",1/26/2028,2/7/2028,0,6d4a7b67-cda1-43b7-9b1e-9f0be625c172,PlanExe
8ed57f07-2de9-47d7-b09b-34a3ea66c660,Manufacture Robots,,2/7/2028,11/3/2028,0,6a73b238-4811-45e5-b51f-96c096c0b359,PlanExe
5fdaac22-3f33-41dd-bcf5-ce6feb5890e6,Prepare Manufacturing Work Orders,"Prepare Manufacturing Work Orders

Description:
Objective: Create detailed work orders for each robot to guide the manufacturing process.
Scope: Define specific tasks, materials, and quality control checks for each stage of assembly.
Steps: 1. Review robot specifications. 2. Break down assembly into individual tasks. 3. Create work orders with clear instructions and diagrams. 4. Implement a tracking system for work order completion.
Deliverables: Completed work orders for all 500 robots.

Resources needed:
• Manufacturing engineers
• Technical writers
• CAD software
• Robot specifications",2/7/2028,4/1/2028,0,8ed57f07-2de9-47d7-b09b-34a3ea66c660,PlanExe
cb1f415a-f667-417b-9a23-b04c8e23d088,Assemble Robot Chassis and Components,"Assemble Robot Chassis and Components

Description:
Objective: Assemble the physical structure of the robots according to the work orders.
Scope: Assemble the chassis, install motors, sensors, and other core components.
Steps: 1. Gather necessary components. 2. Assemble the chassis according to work orders. 3. Install motors and sensors. 4. Connect wiring and test basic functionality.
Deliverables: Assembled robot chassis with core components installed.

Resources needed:
• Assembly technicians
• Robotics engineers
• Tools and equipment
• Robot components",4/1/2028,5/25/2028,0,5fdaac22-3f33-41dd-bcf5-ce6feb5890e6,PlanExe
825174bf-977a-4d7c-8611-e6bf44a57243,Install and Test Software and AI,"Install and Test Software and AI

Description:
Objective: Install the AI software and test its functionality on the assembled robots.
Scope: Load the AI algorithms, test sensor integration, and verify basic AI functions.
Steps: 1. Load the AI software onto the robots. 2. Test sensor integration and data processing. 3. Verify basic AI functions such as navigation and object recognition. 4. Document testing results.
Deliverables: Robots with AI software installed and basic functionality tested.

Resources needed:
• AI specialists
• Software engineers
• Testing equipment
• AI software",5/25/2028,7/18/2028,0,cb1f415a-f667-417b-9a23-b04c8e23d088,PlanExe
6e4e7e24-d07d-4e03-88d9-b300202edc13,Conduct Quality Control and Testing,"Conduct Quality Control and Testing

Description:
Objective: Ensure each robot meets quality standards and performs as expected.
Scope: Conduct thorough testing of all robot functions, including movement, sensing, and AI.
Steps: 1. Develop a quality control checklist. 2. Test all robot functions according to the checklist. 3. Document any defects or issues. 4. Repair or replace defective components.
Deliverables: Robots that meet quality standards and perform as expected.

Resources needed:
• Quality control engineers
• Testing equipment
• Repair technicians
• Quality control checklist",7/18/2028,9/10/2028,0,825174bf-977a-4d7c-8611-e6bf44a57243,PlanExe
0e8f68d0-9bb0-48f8-92b3-0a370621550d,Package and Prepare Robots for Deployment,"Package and Prepare Robots for Deployment

Description:
Objective: Prepare the robots for safe transportation and deployment in Brussels.
Scope: Package the robots securely, label them appropriately, and prepare documentation for deployment.
Steps: 1. Clean and inspect each robot. 2. Package the robots securely for transportation. 3. Label each robot with its unique identifier. 4. Prepare documentation for deployment, including user manuals and maintenance schedules.
Deliverables: Packaged robots ready for deployment.

Resources needed:
• Packaging technicians
• Shipping materials
• Documentation specialists
• User manuals",9/10/2028,11/3/2028,0,8ed57f07-2de9-47d7-b09b-34a3ea66c660,PlanExe
467c39da-b3c1-4985-ba94-ed0233a99968,AI Development & Ethical Programming,,11/3/2028,10/31/2029,0,6a73b238-4811-45e5-b51f-96c096c0b359,PlanExe
76ad86cb-5fc5-4d5f-a2e4-a234deb7a94f,Develop Ethical Programming Strategy,,11/3/2028,1/2/2029,0,467c39da-b3c1-4985-ba94-ed0233a99968,PlanExe
93a7ebdc-2fa4-4d06-949b-8c4239010150,Define Ethical Principles for AI,"Define Ethical Principles for AI

Description:
Establish a clear set of ethical principles to guide the development and deployment of AI in police robots. This includes fairness, transparency, accountability, and respect for human rights. The principles should be aligned with relevant laws, regulations, and societal values.

Resources needed:
• Ethicists
• Legal experts
• Community representatives
• AI specialists",11/3/2028,11/18/2028,0,76ad86cb-5fc5-4d5f-a2e4-a234deb7a94f,PlanExe
c2ca56f8-8745-462f-b9c5-5ad72298e262,Translate Principles into Programming Rules,"Translate Principles into Programming Rules

Description:
Convert the ethical principles into concrete programming rules and guidelines that can be implemented in the AI algorithms. This involves specifying how the AI should behave in different scenarios and how it should handle potential ethical dilemmas. The rules should be clear, concise, and enforceable.

Resources needed:
• AI specialists
• Ethicists
• Software engineers",11/18/2028,12/3/2028,0,93a7ebdc-2fa4-4d06-949b-8c4239010150,PlanExe
750b65c6-f390-4e21-a6b4-e46ef50cbbba,Develop Bias Detection Methods,"Develop Bias Detection Methods

Description:
Create methods to detect and mitigate bias in the AI algorithms and training data. This includes identifying potential sources of bias, developing metrics to measure bias, and implementing techniques to reduce or eliminate bias. The methods should be robust and reliable.

Resources needed:
• AI specialists
• Data scientists
• Statisticians",12/3/2028,12/18/2028,0,c2ca56f8-8745-462f-b9c5-5ad72298e262,PlanExe
affe0bcf-c75a-4d14-bdbf-dc6c831b9789,Establish Ethical Review Board,"Establish Ethical Review Board

Description:
Form an ethical review board to oversee the development and deployment of AI in police robots. The board should consist of experts in ethics, law, AI, and community representatives. The board's responsibilities include reviewing the ethical principles, programming rules, and bias detection methods, as well as providing guidance on ethical issues that arise during the project.

Resources needed:
• Ethicists
• Legal experts
• AI specialists
• Community representatives",12/18/2028,1/2/2029,0,76ad86cb-5fc5-4d5f-a2e4-a234deb7a94f,PlanExe
25adf589-2616-4154-b0a5-b8664779a456,Develop Judgement Protocol Strategy,,1/2/2029,2/16/2029,0,76ad86cb-5fc5-4d5f-a2e4-a234deb7a94f,PlanExe
5bd8883c-d3e4-4a75-8c35-086e49b7f76c,Define Judgement Protocol Scope,"Define Judgement Protocol Scope

Description:
Clearly define the scope of the judgement protocol, including the types of offenses it will cover, the range of penalties it can administer, and the circumstances under which it will be applied.

Resources needed:
• Legal Experts
• Ethicists
• Law Enforcement Liaison",1/2/2029,1/11/2029,0,25adf589-2616-4154-b0a5-b8664779a456,PlanExe
89940fe6-6df7-4cd3-b77b-aa61e0b04ddc,Research Existing Legal Frameworks,"Research Existing Legal Frameworks

Description:
Conduct thorough research of existing legal frameworks and regulations relevant to the judgement protocol, including human rights laws, data privacy regulations, and criminal justice procedures.

Resources needed:
• Legal Experts
• Research Assistants",1/11/2029,1/20/2029,0,5bd8883c-d3e4-4a75-8c35-086e49b7f76c,PlanExe
161399d6-89a5-40f2-9ca0-a8407192163d,Develop Ethical Guidelines,"Develop Ethical Guidelines

Description:
Develop comprehensive ethical guidelines for the judgement protocol, addressing issues such as fairness, transparency, accountability, and bias mitigation.

Resources needed:
• Ethicists
• Community Representatives
• Legal Experts",1/20/2029,1/29/2029,0,89940fe6-6df7-4cd3-b77b-aa61e0b04ddc,PlanExe
29abcd61-c203-4056-8390-e75d07f078c2,Design Judgement Protocol Algorithm,"Design Judgement Protocol Algorithm

Description:
Design the algorithm that will be used to implement the judgement protocol, ensuring that it is consistent with the ethical guidelines and legal frameworks.

Resources needed:
• AI Specialists
• Software Engineers
• Ethicists",1/29/2029,2/7/2029,0,161399d6-89a5-40f2-9ca0-a8407192163d,PlanExe
e3c7e12f-840e-49cb-8e9f-c55aabbf354b,Test and Validate Protocol,"Test and Validate Protocol

Description:
Thoroughly test and validate the judgement protocol to ensure that it is fair, accurate, and effective. This includes simulating real-world scenarios and conducting user testing with law enforcement personnel.

Resources needed:
• AI Specialists
• Law Enforcement Liaison
• Testing Team",2/7/2029,2/16/2029,0,25adf589-2616-4154-b0a5-b8664779a456,PlanExe
a0f6798d-9b14-4163-b6be-a9af0e3bf03a,Develop Data Privacy and Security Strategy,,2/16/2029,4/17/2029,0,25adf589-2616-4154-b0a5-b8664779a456,PlanExe
7b12beb1-1991-4d30-b2ab-768d09851310,Define Data Collection Scope and Retention,"Define Data Collection Scope and Retention

Description:
Clearly define the types of data to be collected, the purpose of collection, and the duration for which the data will be retained. This includes specifying data minimization principles and establishing a data retention policy compliant with GDPR.

Resources needed:
• Data Privacy Specialist
• Legal Counsel
• Law Enforcement Liaison",2/16/2029,2/28/2029,0,a0f6798d-9b14-4163-b6be-a9af0e3bf03a,PlanExe
cc934992-64e1-4628-aab0-eed6a74cd62d,Implement Data Encryption and Access Control,"Implement Data Encryption and Access Control

Description:
Implement robust data encryption techniques to protect data at rest and in transit. Establish strict access control mechanisms to limit data access to authorized personnel only. This includes implementing multi-factor authentication and role-based access control.

Resources needed:
• Cybersecurity Engineer
• Data Privacy Specialist
• IT Administrator",2/28/2029,3/12/2029,0,7b12beb1-1991-4d30-b2ab-768d09851310,PlanExe
03952428-d377-4d10-a298-cac72565162f,Establish Data Governance Framework,"Establish Data Governance Framework

Description:
Establish a comprehensive data governance framework that outlines roles, responsibilities, and procedures for data management. This includes defining data quality standards, establishing data lineage tracking, and implementing data breach response procedures.

Resources needed:
• Data Governance Manager
• Legal Counsel
• Compliance Officer",3/12/2029,3/24/2029,0,cc934992-64e1-4628-aab0-eed6a74cd62d,PlanExe
5422cbf5-b126-495b-aaad-bb3274c26e1a,Conduct Data Privacy Impact Assessment (DPIA) (2),"Conduct Data Privacy Impact Assessment (DPIA)

Description:
Conduct a thorough Data Privacy Impact Assessment (DPIA) to identify and assess potential privacy risks associated with data collection and processing. Develop mitigation strategies to address identified risks and ensure compliance with GDPR and other privacy regulations.

Resources needed:
• Data Privacy Specialist
• Legal Counsel
• Risk Management Coordinator",3/24/2029,4/5/2029,0,03952428-d377-4d10-a298-cac72565162f,PlanExe
788f81e9-7a54-429f-836f-b16fb6a66661,Develop Incident Response Plan,"Develop Incident Response Plan

Description:
Create a detailed incident response plan to address potential data breaches and security incidents. This includes defining roles and responsibilities, establishing communication protocols, and outlining procedures for containment, eradication, and recovery.

Resources needed:
• Cybersecurity Engineer
• IT Administrator
• Legal Counsel
• Public Relations Staff",4/5/2029,4/17/2029,0,a0f6798d-9b14-4163-b6be-a9af0e3bf03a,PlanExe
05703a71-cfde-431d-a3b8-d4db6d33194a,Train AI Algorithms,,4/17/2029,7/18/2029,0,a0f6798d-9b14-4163-b6be-a9af0e3bf03a,PlanExe
71f051d7-6c22-48f1-a4d9-574300b574e1,Gather initial training data,"Gather initial training data

Description:
Collect a diverse dataset of crime data, demographic information, and relevant contextual data to serve as the foundation for training the AI algorithms.

Resources needed:
• Data scientists
• Criminologists
• Data engineers
• Legal experts",4/17/2029,5/10/2029,0,05703a71-cfde-431d-a3b8-d4db6d33194a,PlanExe
3c19f035-1d91-4c35-8a68-84f8ebbaa83e,Preprocess and clean training data,"Preprocess and clean training data

Description:
Clean and preprocess the collected data to remove inconsistencies, errors, and biases. This includes data normalization, feature engineering, and handling missing values.

Resources needed:
• Data scientists
• Data engineers
• AI specialists",5/10/2029,6/2/2029,0,71f051d7-6c22-48f1-a4d9-574300b574e1,PlanExe
e95e9380-e8da-4496-b6f3-4ee58a24bb54,Develop and test AI models,"Develop and test AI models

Description:
Design, develop, and test various AI models suitable for law enforcement tasks, such as crime prediction, risk assessment, and anomaly detection. Evaluate model performance using appropriate metrics.

Resources needed:
• AI specialists
• Machine learning engineers
• Software developers",6/2/2029,6/25/2029,0,3c19f035-1d91-4c35-8a68-84f8ebbaa83e,PlanExe
c69dda4d-d0e0-45c0-89a6-643e72ab3beb,Refine algorithms based on feedback,"Refine algorithms based on feedback

Description:
Iteratively refine the AI algorithms based on feedback from law enforcement personnel, ethicists, and legal experts. Address any identified biases, inaccuracies, or ethical concerns.

Resources needed:
• AI specialists
• Law enforcement liaison
• Ethicists
• Legal experts",6/25/2029,7/18/2029,0,05703a71-cfde-431d-a3b8-d4db6d33194a,PlanExe
66d988a5-418c-403c-9acd-6cbe14f8faef,Implement Bias Detection and Mitigation,,7/18/2029,9/1/2029,0,05703a71-cfde-431d-a3b8-d4db6d33194a,PlanExe
ca3365bf-a7d3-4348-a838-8155584bc4ed,Identify potential bias sources,"Identify potential bias sources

Description:
Identify potential sources of bias in training data, algorithms, and decision-making processes. This includes analyzing data collection methods, feature selection, and model design.

Resources needed:
• AI ethicist
• Data scientist
• Domain expert",7/18/2029,7/27/2029,0,66d988a5-418c-403c-9acd-6cbe14f8faef,PlanExe
8b074ebc-cc4a-4200-92e8-0423f2417a68,Implement bias detection metrics,"Implement bias detection metrics

Description:
Implement metrics to detect bias in AI algorithms, such as disparate impact, statistical parity, and equal opportunity. These metrics will be used to quantify and track bias throughout the development process.

Resources needed:
• Data scientist
• Software engineer
• AI ethicist",7/27/2029,8/5/2029,0,ca3365bf-a7d3-4348-a838-8155584bc4ed,PlanExe
64e2a9cb-f08a-4456-9e01-109875a4b01e,Apply bias mitigation techniques,"Apply bias mitigation techniques

Description:
Apply bias mitigation techniques to reduce or eliminate bias in AI algorithms. This includes techniques such as re-weighting training data, adversarial debiasing, and fairness-aware learning.

Resources needed:
• AI specialist
• Data scientist
• Software engineer",8/5/2029,8/14/2029,0,8b074ebc-cc4a-4200-92e8-0423f2417a68,PlanExe
494bdbf7-3441-47c2-8815-32fd1e64f177,Test for bias across demographics,"Test for bias across demographics

Description:
Test the AI algorithms for bias across different demographic groups, such as race, gender, and age. This will involve evaluating the performance of the algorithms on diverse datasets and identifying any disparities in outcomes.

Resources needed:
• Data scientist
• AI ethicist
• Community representatives",8/14/2029,8/23/2029,0,64e2a9cb-f08a-4456-9e01-109875a4b01e,PlanExe
cda33b55-a55c-459c-aac3-b091a102d42a,Document bias mitigation process,"Document bias mitigation process

Description:
Document the entire bias detection and mitigation process, including the sources of bias identified, the metrics used, the techniques applied, and the results achieved. This documentation will be used to ensure transparency and accountability.

Resources needed:
• AI ethicist
• Technical writer
• Project manager",8/23/2029,9/1/2029,0,66d988a5-418c-403c-9acd-6cbe14f8faef,PlanExe
3a6b2839-dcde-4613-ae19-072b24ddc35d,Validate AI Performance,,9/1/2029,10/31/2029,0,467c39da-b3c1-4985-ba94-ed0233a99968,PlanExe
a6f408b6-2f80-403f-91bc-d65471060069,Define Validation Metrics,"Define Validation Metrics

Description:
Establish clear, measurable metrics to assess AI performance, including accuracy, fairness, and efficiency. Define acceptable thresholds for each metric.

Resources needed:
• AI Specialists
• Ethicists
• Law Enforcement Liaison",9/1/2029,9/13/2029,0,3a6b2839-dcde-4613-ae19-072b24ddc35d,PlanExe
138a7f12-3f54-41a0-bc1a-e19d27eb076a,Simulate Real-World Scenarios,"Simulate Real-World Scenarios

Description:
Develop realistic simulations of operational environments, including diverse populations, crime patterns, and environmental conditions, to test AI performance under various conditions.

Resources needed:
• AI Specialists
• Simulation Software
• Data Scientists",9/13/2029,9/25/2029,0,a6f408b6-2f80-403f-91bc-d65471060069,PlanExe
fdb6a2d8-f578-4edc-84b9-9ac83af0bfd4,Conduct Controlled Environment Testing,"Conduct Controlled Environment Testing

Description:
Perform controlled experiments in a safe and monitored environment to evaluate AI performance against defined metrics and identify potential issues.

Resources needed:
• AI Specialists
• Robotics Engineers
• Testing Facility",9/25/2029,10/7/2029,0,138a7f12-3f54-41a0-bc1a-e19d27eb076a,PlanExe
87b3f31f-8452-43e3-a786-948f5c0691d5,Gather Law Enforcement Feedback,"Gather Law Enforcement Feedback

Description:
Solicit feedback from law enforcement personnel on AI performance in simulated and real-world scenarios to identify areas for improvement and ensure practical applicability.

Resources needed:
• Law Enforcement Liaison
• AI Specialists
• Training Personnel",10/7/2029,10/19/2029,0,fdb6a2d8-f578-4edc-84b9-9ac83af0bfd4,PlanExe
793eb997-b44e-4b08-bf71-ebfd59c47d38,Analyze Validation Results,"Analyze Validation Results

Description:
Analyze data from simulations, controlled experiments, and law enforcement feedback to identify areas where AI performance falls short of defined metrics and develop mitigation strategies.

Resources needed:
• AI Specialists
• Data Scientists
• Ethicists",10/19/2029,10/31/2029,0,3a6b2839-dcde-4613-ae19-072b24ddc35d,PlanExe
1b1d9810-f53d-4a49-9f80-bbe6215a6883,Infrastructure & Network Setup,,10/31/2029,4/9/2030,0,467c39da-b3c1-4985-ba94-ed0233a99968,PlanExe
bbc98ffd-26ce-46f3-862f-19cf6378b80c,Establish Secure Communication Network,,10/31/2029,12/18/2029,0,1b1d9810-f53d-4a49-9f80-bbe6215a6883,PlanExe
dc2f4966-3edf-4d4e-90cf-6cf6f2c7400c,Select Network Hardware Vendors,"Select Network Hardware Vendors

Description:
Identify and evaluate potential network hardware vendors based on their product offerings, pricing, and reputation.

Resources needed:
• Network Engineer
• Procurement Specialist",10/31/2029,11/12/2029,0,bbc98ffd-26ce-46f3-862f-19cf6378b80c,PlanExe
1b02c01b-77e6-4392-b5f1-9b404be768b7,Conduct Compatibility Testing,"Conduct Compatibility Testing

Description:
Test the compatibility of different network components to ensure seamless integration and optimal performance.

Resources needed:
• Network Engineer
• Testing Lab
• Technicians",11/12/2029,11/24/2029,0,dc2f4966-3edf-4d4e-90cf-6cf6f2c7400c,PlanExe
9055e61f-75c6-490e-af69-c3b09bdd8d0c,Implement Security Audit Program,"Implement Security Audit Program

Description:
Establish a rigorous security audit and penetration testing program to identify and address potential vulnerabilities.

Resources needed:
• Cybersecurity Expert
• Security Auditors
• Penetration Testers",11/24/2029,12/6/2029,0,1b02c01b-77e6-4392-b5f1-9b404be768b7,PlanExe
ba3f0b47-4b53-4059-a2c7-fbc507e12d82,Configure Network Hardware,"Configure Network Hardware

Description:
Configure the selected network hardware according to security best practices and project requirements.

Resources needed:
• Network Engineer
• Security Specialist",12/6/2029,12/18/2029,0,bbc98ffd-26ce-46f3-862f-19cf6378b80c,PlanExe
0ee3adb5-cdf4-46a6-adfb-4f69c19df742,Set Up Maintenance and Repair Infrastructure,,12/18/2029,2/16/2030,0,bbc98ffd-26ce-46f3-862f-19cf6378b80c,PlanExe
4cc1a280-ddb6-40cb-92b5-6f9d2167af21,Secure location for maintenance facility,"Secure location for maintenance facility

Description:
Identify and secure a suitable location for the maintenance and repair facility, considering factors such as accessibility, size, and zoning regulations.

Resources needed:
• Real estate agent
• Legal counsel
• Project manager",12/18/2029,12/30/2029,0,0ee3adb5-cdf4-46a6-adfb-4f69c19df742,PlanExe
ca6fd54b-62a2-4b8f-a2b5-6adc0b7c470c,Procure specialized repair equipment,"Procure specialized repair equipment

Description:
Identify, select, and procure the necessary specialized equipment for maintaining and repairing the robots, including diagnostic tools, robotic arms, and spare parts.

Resources needed:
• Robotics engineer
• Procurement specialist
• Budget manager",12/30/2029,1/11/2030,0,4cc1a280-ddb6-40cb-92b5-6f9d2167af21,PlanExe
3d593322-4ef0-40eb-be3d-587f96375f99,Train maintenance personnel,"Train maintenance personnel

Description:
Develop and implement a training program for maintenance personnel to ensure they have the skills and knowledge necessary to maintain and repair the robots effectively.

Resources needed:
• Robotics engineer
• Training specialist
• Experienced technicians",1/11/2030,1/23/2030,0,ca6fd54b-62a2-4b8f-a2b5-6adc0b7c470c,PlanExe
9feec0b3-1e5d-4cd8-971a-fcc1dfd46f58,Establish spare parts inventory,"Establish spare parts inventory

Description:
Create and maintain an inventory of essential spare parts to minimize downtime and ensure timely repairs.

Resources needed:
• Inventory manager
• Logistics coordinator
• Procurement specialist",1/23/2030,2/4/2030,0,3d593322-4ef0-40eb-be3d-587f96375f99,PlanExe
ca3458fb-1ba6-4f01-9e62-ea738346f68a,Develop maintenance protocols,"Develop maintenance protocols

Description:
Create detailed maintenance protocols and procedures to ensure consistent and effective maintenance of the robots.

Resources needed:
• Robotics engineer
• Maintenance technicians
• Technical writer",2/4/2030,2/16/2030,0,0ee3adb5-cdf4-46a6-adfb-4f69c19df742,PlanExe
adcb0881-ff57-4e16-9cfc-a649ef8935c1,Establish Data Storage and Processing Infrastructure,,2/16/2030,4/9/2030,0,1b1d9810-f53d-4a49-9f80-bbe6215a6883,PlanExe
fc9542f7-c8af-46cf-bc42-54951de64945,Select Data Storage Solution,"Select Data Storage Solution

Description:
Evaluate and select a data storage solution that meets the project's security, privacy, and scalability requirements. This includes researching different options (cloud-based, on-premise), assessing their compliance with GDPR and other relevant regulations, and determining the optimal storage capacity and performance characteristics.

Resources needed:
• Data Architect
• Security Expert
• Legal Counsel",2/16/2030,3/1/2030,0,adcb0881-ff57-4e16-9cfc-a649ef8935c1,PlanExe
5f9e7c33-7721-41d1-97b8-24515c2b023b,Configure Data Processing Infrastructure,"Configure Data Processing Infrastructure

Description:
Set up the necessary hardware and software infrastructure for processing the data collected by the robots. This includes configuring servers, installing data processing software, and establishing data pipelines for transferring data between the robots, the storage solution, and the processing infrastructure.

Resources needed:
• System Administrator
• Data Engineer
• Network Engineer",3/1/2030,3/14/2030,0,fc9542f7-c8af-46cf-bc42-54951de64945,PlanExe
fe1c8b5a-bd05-4a2a-badc-3cfc021057f9,Implement Security Protocols,"Implement Security Protocols

Description:
Establish robust security protocols to protect the data from unauthorized access, breaches, and other security threats. This includes implementing encryption, access controls, intrusion detection systems, and regular security audits.

Resources needed:
• Cybersecurity Expert
• Security Analyst
• Data Privacy Officer",3/14/2030,3/27/2030,0,5f9e7c33-7721-41d1-97b8-24515c2b023b,PlanExe
075e8d30-be45-4c6f-98c8-5c7e8a946dac,Integrate with Law Enforcement Systems,"Integrate with Law Enforcement Systems

Description:
Integrate the data storage and processing infrastructure with existing law enforcement systems to enable data sharing and collaboration. This includes developing APIs, configuring data formats, and ensuring compatibility with existing systems.

Resources needed:
• Software Developer
• Integration Specialist
• Law Enforcement Liaison",3/27/2030,4/9/2030,0,adcb0881-ff57-4e16-9cfc-a649ef8935c1,PlanExe
6d5b24e2-8d57-466c-9291-f66315b483cc,Deployment & Training,,4/9/2030,9/4/2030,0,1b1d9810-f53d-4a49-9f80-bbe6215a6883,PlanExe
38f89d77-a5bd-43ac-9800-bab890311bd0,Train Law Enforcement Personnel,,4/9/2030,4/29/2030,0,6d5b24e2-8d57-466c-9291-f66315b483cc,PlanExe
e32c9fe2-f5d2-4747-a6e8-0615cb9c1bb5,Develop Training Curriculum,"Develop Training Curriculum

Description:
Create a comprehensive training program covering robot operation, ethical guidelines, legal protocols, and emergency procedures. Include hands-on exercises and simulations.

Resources needed:
• Law enforcement trainers
• AI specialists
• Legal experts
• Ethicists
• Training facility
• Robots for training",4/9/2030,4/14/2030,0,38f89d77-a5bd-43ac-9800-bab890311bd0,PlanExe
3a0ffcc6-404d-41e2-a5d4-26a33000fafa,Prepare Training Materials,"Prepare Training Materials

Description:
Design and produce training manuals, videos, and interactive simulations. Ensure materials are accessible and easy to understand for all law enforcement personnel.

Resources needed:
• Graphic designers
• Video producers
• Instructional designers
• Subject matter experts",4/14/2030,4/19/2030,0,e32c9fe2-f5d2-4747-a6e8-0615cb9c1bb5,PlanExe
5b8bae94-c39e-4c17-bf7c-541e42c889d3,Schedule Training Sessions,"Schedule Training Sessions

Description:
Coordinate training schedules with law enforcement agencies, considering shift patterns and operational needs. Ensure adequate staffing and resources for each session.

Resources needed:
• Training coordinator
• Law enforcement liaison
• Training facility staff",4/19/2030,4/24/2030,0,3a0ffcc6-404d-41e2-a5d4-26a33000fafa,PlanExe
31559b6c-9bc5-43f6-93c9-8a2f1c88249a,Conduct Training Assessments,"Conduct Training Assessments

Description:
Develop and administer assessments to evaluate the effectiveness of the training program. Gather feedback from participants to identify areas for improvement.

Resources needed:
• Assessment specialists
• Law enforcement trainers
• Data analysts",4/24/2030,4/29/2030,0,38f89d77-a5bd-43ac-9800-bab890311bd0,PlanExe
ff85db78-c1a6-461e-800e-133791e423b9,Deploy Robots in Brussels,,4/29/2030,5/7/2030,0,38f89d77-a5bd-43ac-9800-bab890311bd0,PlanExe
22482aac-46b0-4fa2-97ab-6a4da1dd0f5b,Prepare deployment sites in Brussels,"Prepare deployment sites in Brussels

Description:
Objective: Ensure each deployment location is ready for robot integration.
Scope: Includes site surveys, infrastructure modifications, and safety checks.
Steps: 1. Conduct site surveys. 2. Modify infrastructure as needed. 3. Perform safety inspections. 4. Document site readiness.
Deliverables: Site readiness reports and modified infrastructure.

Resources needed:
• Site Survey Team
• Construction Crew
• Safety Inspector
• Project Manager",4/29/2030,5/1/2030,0,ff85db78-c1a6-461e-800e-133791e423b9,PlanExe
c935f22b-bff1-488f-8d6d-9208ca71661c,Configure robots for specific locations,"Configure robots for specific locations

Description:
Objective: Customize robot settings for optimal performance in each deployment area.
Scope: Includes software configuration, sensor calibration, and network integration.
Steps: 1. Load location-specific software. 2. Calibrate sensors. 3. Integrate with local network. 4. Test robot functionality.
Deliverables: Configured robots and testing reports.

Resources needed:
• Robotics Engineer
• AI Specialist
• Network Engineer
• Testing Team",5/1/2030,5/3/2030,0,22482aac-46b0-4fa2-97ab-6a4da1dd0f5b,PlanExe
a128ea3d-04e5-4d9d-a70c-b62c0f91c6a0,Coordinate with local authorities,"Coordinate with local authorities

Description:
Objective: Establish communication and collaboration with local law enforcement.
Scope: Includes meetings, briefings, and integration with existing systems.
Steps: 1. Schedule meetings with local authorities. 2. Provide briefings on robot capabilities. 3. Integrate robots with existing law enforcement systems. 4. Establish communication protocols.
Deliverables: Communication protocols and integrated systems.

Resources needed:
• Law Enforcement Liaison
• Project Manager
• Communication Specialist",5/3/2030,5/5/2030,0,c935f22b-bff1-488f-8d6d-9208ca71661c,PlanExe
dcf355cd-c498-4c86-bdbf-08ef964d6e53,Inform local community about deployment,"Inform local community about deployment

Description:
Objective: Ensure the local community is aware and informed about the robot deployment.
Scope: Includes public announcements, community meetings, and informational materials.
Steps: 1. Prepare public announcements. 2. Schedule community meetings. 3. Distribute informational materials. 4. Address community concerns.
Deliverables: Public awareness campaign and community engagement reports.

Resources needed:
• Public Relations Staff
• Community Engagement Manager
• Communication Specialist",5/5/2030,5/7/2030,0,ff85db78-c1a6-461e-800e-133791e423b9,PlanExe
db5f66ff-e47c-48be-abbc-a30b4d4a178a,Monitor Robot Performance,,5/7/2030,9/4/2030,0,6d5b24e2-8d57-466c-9291-f66315b483cc,PlanExe
8556b74e-64c0-406c-8794-ef133cc106ba,Define Key Performance Indicators (KPIs),"Define Key Performance Indicators (KPIs)

Description:
Establish specific, measurable, achievable, relevant, and time-bound (SMART) KPIs to evaluate robot performance. This includes defining metrics for crime reduction, response times, public safety, and operational efficiency.

Resources needed:
• Law Enforcement Liaison
• Data Analyst
• Project Manager",5/7/2030,6/6/2030,0,db5f66ff-e47c-48be-abbc-a30b4d4a178a,PlanExe
9611a48b-5161-4eae-98cc-e1b142e2f0f2,Collect and Analyze Performance Data,"Collect and Analyze Performance Data

Description:
Gather data from robot sensors, law enforcement reports, and public feedback channels. Analyze the data to identify trends, patterns, and areas for improvement in robot performance and deployment strategies.

Resources needed:
• Data Analyst
• IT Support
• Law Enforcement Liaison",6/6/2030,7/6/2030,0,8556b74e-64c0-406c-8794-ef133cc106ba,PlanExe
b6d754fd-fb52-45d2-953b-db2a6bfe7183,Identify and Address Performance Issues,"Identify and Address Performance Issues

Description:
Based on data analysis, identify any performance issues, such as malfunctions, algorithmic biases, or operational inefficiencies. Develop and implement corrective actions to address these issues and improve robot performance.

Resources needed:
• Robotics Engineer
• AI Specialist
• Law Enforcement Liaison",7/6/2030,8/5/2030,0,9611a48b-5161-4eae-98cc-e1b142e2f0f2,PlanExe
f9f78f6a-b095-4d1b-8ae5-4e5d039da55e,Report Performance to Stakeholders,"Report Performance to Stakeholders

Description:
Prepare regular reports summarizing robot performance and key findings. Share these reports with stakeholders, including law enforcement agencies, city officials, and the public, to ensure transparency and accountability.

Resources needed:
• Project Manager
• Data Analyst
• Public Relations Staff",8/5/2030,9/4/2030,0,db5f66ff-e47c-48be-abbc-a30b4d4a178a,PlanExe
5e89f4e5-6ba7-41b2-a6fc-b7e55ce5f82d,Public Relations & Community Engagement,,9/4/2030,1/2/2031,0,6d5b24e2-8d57-466c-9291-f66315b483cc,PlanExe
b9622e27-74fa-4668-a621-674a6a946efd,Launch Public Awareness Campaigns,,9/4/2030,12/5/2030,0,5e89f4e5-6ba7-41b2-a6fc-b7e55ce5f82d,PlanExe
7ab25dfe-c74e-4b00-bf19-6013265cea43,Define Target Audience and Key Messages,"Define Target Audience and Key Messages

Description:
Identify specific demographics and craft tailored messages to resonate with each group. Determine the core messages to convey about the robots' benefits and address potential concerns.

Resources needed:
• Public Relations Staff
• Marketing Specialists
• Community Engagement Manager",9/4/2030,9/27/2030,0,b9622e27-74fa-4668-a621-674a6a946efd,PlanExe
8bc9993b-ec03-4a69-aa26-8a224c4f9341,Develop Campaign Materials,"Develop Campaign Materials

Description:
Create visually appealing and informative materials, including brochures, videos, social media posts, and website content. Ensure materials are accessible and available in multiple languages.

Resources needed:
• Graphic Designers
• Video Producers
• Content Writers
• Translators",9/27/2030,10/20/2030,0,7ab25dfe-c74e-4b00-bf19-6013265cea43,PlanExe
5856184e-1c57-4f23-b6ff-aee5bd7ab701,Select Communication Channels,"Select Communication Channels

Description:
Determine the most effective channels to reach the target audience, including social media, local news outlets, community events, and online advertising. Consider both traditional and digital media.

Resources needed:
• Media Relations Specialist
• Social Media Manager
• Marketing Analyst",10/20/2030,11/12/2030,0,8bc9993b-ec03-4a69-aa26-8a224c4f9341,PlanExe
a1b89c72-8511-48c3-8030-23edebf58045,Schedule and Execute Campaign Activities,"Schedule and Execute Campaign Activities

Description:
Plan and execute a series of campaign activities, such as press conferences, community presentations, social media campaigns, and online webinars. Coordinate activities to maximize reach and impact.

Resources needed:
• Public Relations Staff
• Event Coordinators
• Social Media Manager",11/12/2030,12/5/2030,0,b9622e27-74fa-4668-a621-674a6a946efd,PlanExe
7bf6d43f-348a-490a-adb6-615361019508,Engage with Community Leaders,,12/5/2030,12/17/2030,0,b9622e27-74fa-4668-a621-674a6a946efd,PlanExe
4d35917a-4c7c-4265-aa46-a2ca81f34c21,Identify Key Community Influencers,"Identify Key Community Influencers

Description:
Objective: Identify individuals and groups who hold significant influence within the Brussels community.
Scope: Research community organizations, local leaders, and active citizens.
Steps: 1. Conduct online research. 2. Consult with local authorities. 3. Attend community events.
Deliverables: A list of key community influencers with contact information and areas of influence.

Resources needed:
• Community Liaison
• Research Assistant",12/5/2030,12/8/2030,0,7bf6d43f-348a-490a-adb6-615361019508,PlanExe
0370fdbb-2cd9-4cd0-a692-fcdef9abfd9c,Schedule Initial Engagement Meetings,"Schedule Initial Engagement Meetings

Description:
Objective: Arrange introductory meetings with identified community leaders.
Scope: Coordinate schedules and prepare meeting agendas.
Steps: 1. Contact influencers via email or phone. 2. Propose meeting times and locations. 3. Confirm attendance and distribute agendas.
Deliverables: Confirmed meeting schedule with agendas.

Resources needed:
• Community Liaison
• Administrative Assistant",12/8/2030,12/11/2030,0,4d35917a-4c7c-4265-aa46-a2ca81f34c21,PlanExe
d3d4de20-0ddc-4c62-8a17-e75bcc8e4871,Prepare Tailored Communication Materials,"Prepare Tailored Communication Materials

Description:
Objective: Develop communication materials addressing specific concerns of each influencer.
Scope: Customize presentations and talking points based on individual interests and potential reservations.
Steps: 1. Review influencer profiles and past statements. 2. Draft personalized presentations. 3. Obtain feedback from project team.
Deliverables: Customized communication materials for each influencer.

Resources needed:
• Public Relations Specialist
• Communication Specialist",12/11/2030,12/14/2030,0,0370fdbb-2cd9-4cd0-a692-fcdef9abfd9c,PlanExe
8ca3ec8f-1412-4800-8696-0db9a591bd61,Conduct Engagement Meetings and Gather Feedback,"Conduct Engagement Meetings and Gather Feedback

Description:
Objective: Hold meetings with community leaders to present the project and gather feedback.
Scope: Facilitate discussions and document concerns and suggestions.
Steps: 1. Present project overview. 2. Address questions and concerns. 3. Record feedback and action items.
Deliverables: Meeting summaries with documented feedback and action items.

Resources needed:
• Community Liaison
• Project Manager",12/14/2030,12/17/2030,0,7bf6d43f-348a-490a-adb6-615361019508,PlanExe
55e7e656-577a-4979-ba5a-9f6ca0ad7f4e,Address Public Concerns,,12/17/2030,1/2/2031,0,5e89f4e5-6ba7-41b2-a6fc-b7e55ce5f82d,PlanExe
f1d617e4-177f-4bc5-8708-7dc681cff7c2,Identify Key Public Concerns,"Identify Key Public Concerns

Description:
Objective: Identify the most pressing concerns of the public regarding the deployment of police robots.
Scope: Analyze social media, news articles, and public forums to identify recurring themes and sentiments.
Steps: 1. Monitor social media platforms for mentions of police robots. 2. Analyze news articles and opinion pieces for common criticisms. 3. Conduct surveys to gauge public sentiment. 4. Categorize and prioritize identified concerns.
Deliverables: A report summarizing the key public concerns.

Resources needed:
• Public Relations Staff
• Social Media Analyst
• Survey Design Specialist",12/17/2030,12/21/2030,0,55e7e656-577a-4979-ba5a-9f6ca0ad7f4e,PlanExe
663058ed-1fb3-4f68-a0f6-dd6ccb5eebfe,Develop Targeted Response Strategies,"Develop Targeted Response Strategies

Description:
Objective: Create specific strategies to address each of the identified public concerns.
Scope: Develop communication plans, policy recommendations, and potential project modifications to alleviate concerns.
Steps: 1. For each identified concern, brainstorm potential solutions. 2. Develop communication materials to address the concern. 3. Identify policy changes or project modifications that could mitigate the concern. 4. Document the proposed strategies.
Deliverables: A document outlining the response strategies for each key public concern.

Resources needed:
• Public Relations Staff
• Policy Analyst
• Legal Experts
• Ethicists",12/21/2030,12/25/2030,0,f1d617e4-177f-4bc5-8708-7dc681cff7c2,PlanExe
066402ce-2c0e-434e-894e-102e13798246,Communicate Responses to the Public,"Communicate Responses to the Public

Description:
Objective: Effectively communicate the project's responses to public concerns.
Scope: Utilize various communication channels to disseminate information and engage in dialogue with the public.
Steps: 1. Prepare press releases and media briefings. 2. Conduct town hall meetings and community forums. 3. Engage in social media discussions. 4. Publish FAQs and informational materials on the project website.
Deliverables: Publicly available information addressing key concerns and ongoing engagement with the community.

Resources needed:
• Public Relations Staff
• Community Engagement Manager
• Media Relations Specialist",12/25/2030,12/29/2030,0,663058ed-1fb3-4f68-a0f6-dd6ccb5eebfe,PlanExe
b7bb2337-f507-4a9b-ac60-b0cbfaa530c4,Monitor Effectiveness of Responses,"Monitor Effectiveness of Responses

Description:
Objective: Evaluate the effectiveness of the communication strategies in alleviating public concerns.
Scope: Track public sentiment and adjust strategies as needed.
Steps: 1. Monitor social media and news coverage for changes in sentiment. 2. Conduct follow-up surveys to gauge public opinion. 3. Analyze feedback from community forums. 4. Adjust communication strategies based on the evaluation.
Deliverables: A report assessing the effectiveness of the responses and recommendations for future communication efforts.

Resources needed:
• Public Relations Staff
• Social Media Analyst
• Survey Design Specialist",12/29/2030,1/2/2031,0,55e7e656-577a-4979-ba5a-9f6ca0ad7f4e,PlanExe
5ea318cc-843e-404e-bbe1-bf9fc0e14156,Monitoring & Evaluation,,1/2/2031,3/3/2031,0,e8aae8a4-f19e-4f9e-9290-b5a2e431d40d,PlanExe
d8830583-413a-4215-ab81-65761c386f77,Track Crime Rates,,1/2/2031,1/14/2031,0,5ea318cc-843e-404e-bbe1-bf9fc0e14156,PlanExe
4e66d7eb-0c41-46a1-a73d-355fd8942269,Define Crime Data Collection Scope,"Define Crime Data Collection Scope

Description:
Clearly define the types of crime data to be collected (e.g., violent crime, property crime, cybercrime), the geographic areas to be covered, and the time periods to be analyzed. This includes specifying data sources, such as police reports, court records, and victim surveys.

Resources needed:
• Criminologist
• Data Analyst
• Law Enforcement Liaison",1/2/2031,1/5/2031,0,d8830583-413a-4215-ab81-65761c386f77,PlanExe
cc9154b5-17f1-4aab-b4fe-f0253027e612,Establish Data Sharing Agreements,"Establish Data Sharing Agreements

Description:
Formalize agreements with law enforcement agencies and other relevant organizations to ensure timely and consistent access to crime data. These agreements should address data privacy, security, and usage restrictions.

Resources needed:
• Legal Counsel
• Project Manager
• Law Enforcement Liaison",1/5/2031,1/8/2031,0,4e66d7eb-0c41-46a1-a73d-355fd8942269,PlanExe
521dcf97-eed5-4d8d-b420-3a5f0fd69d91,Implement Data Validation Procedures,"Implement Data Validation Procedures

Description:
Develop and implement procedures to ensure the accuracy and completeness of the collected crime data. This includes data cleaning, error checking, and validation against known benchmarks.

Resources needed:
• Data Analyst
• Data Quality Specialist
• Database Administrator",1/8/2031,1/11/2031,0,cc9154b5-17f1-4aab-b4fe-f0253027e612,PlanExe
f2685c12-db29-485a-8164-3e9c8f30a878,Analyze Crime Data Trends,"Analyze Crime Data Trends

Description:
Analyze the collected crime data to identify trends, patterns, and hotspots. This includes using statistical techniques and data visualization tools to understand the impact of robot deployment on crime rates.

Resources needed:
• Data Analyst
• Criminologist
• GIS Specialist",1/11/2031,1/14/2031,0,d8830583-413a-4215-ab81-65761c386f77,PlanExe
b5a03c25-aad7-4d7c-b363-f898a62da2ff,Monitor Public Satisfaction,,1/14/2031,1/30/2031,0,d8830583-413a-4215-ab81-65761c386f77,PlanExe
75d38705-f7bd-4436-9ef8-947e6940d82d,Design Public Satisfaction Surveys,"Design Public Satisfaction Surveys

Description:
Develop survey questions to gauge public sentiment towards robot deployment, ensuring questions are unbiased and comprehensive.

Resources needed:
• Survey methodologist
• Public relations staff
• Data analyst",1/14/2031,1/18/2031,0,b5a03c25-aad7-4d7c-b363-f898a62da2ff,PlanExe
08c4ec00-3547-4995-9ad0-e3e660923b5e,Distribute Surveys to Brussels Residents,"Distribute Surveys to Brussels Residents

Description:
Administer surveys through various channels (online, mail, in-person) to ensure a representative sample of Brussels residents.

Resources needed:
• Survey administrators
• Community outreach personnel
• Online survey platform",1/18/2031,1/22/2031,0,75d38705-f7bd-4436-9ef8-947e6940d82d,PlanExe
a66f69e2-e9eb-4a3b-9033-139519e8f074,Analyze Survey Data and Identify Trends,"Analyze Survey Data and Identify Trends

Description:
Process and analyze survey responses to identify key trends in public satisfaction and concerns related to robot deployment.

Resources needed:
• Data analyst
• Statistical software
• Report writer",1/22/2031,1/26/2031,0,08c4ec00-3547-4995-9ad0-e3e660923b5e,PlanExe
24e44fa6-42ad-4fc9-a8e4-b9a91e1cb6db,Report Public Satisfaction Levels,"Report Public Satisfaction Levels

Description:
Prepare a comprehensive report summarizing public satisfaction levels and identifying areas for improvement in robot deployment strategies.

Resources needed:
• Report writer
• Data visualization tools
• Project manager",1/26/2031,1/30/2031,0,b5a03c25-aad7-4d7c-b363-f898a62da2ff,PlanExe
63c47c58-0271-462e-8cca-a8ac73c3227b,Evaluate Robot Performance,,1/30/2031,2/19/2031,0,b5a03c25-aad7-4d7c-b363-f898a62da2ff,PlanExe
6515fc1c-b1c4-48fc-af20-5263eec07ae3,Define Robot Performance Metrics,"Define Robot Performance Metrics

Description:
Establish specific, measurable, achievable, relevant, and time-bound (SMART) metrics to evaluate robot performance. This includes defining key performance indicators (KPIs) related to crime reduction, response time, and operational efficiency.

Resources needed:
• Law enforcement experts
• Data analysts
• Project manager",1/30/2031,2/3/2031,0,63c47c58-0271-462e-8cca-a8ac73c3227b,PlanExe
9cc3d06c-8c91-4cac-93da-a90759c9607f,Collect Robot Operational Data,"Collect Robot Operational Data

Description:
Gather data on robot activities, including patrol routes, incident responses, and interactions with the public. Ensure data collection methods comply with privacy regulations and ethical guidelines.

Resources needed:
• Data collection systems
• Network engineers
• Data privacy specialists",2/3/2031,2/7/2031,0,6515fc1c-b1c4-48fc-af20-5263eec07ae3,PlanExe
5a134bd7-4984-4c67-8ce4-5b0639cee34c,Analyze Robot Performance Data,"Analyze Robot Performance Data

Description:
Analyze the collected data to assess robot performance against the defined metrics. Identify areas where robots are performing well and areas where improvements are needed. Use statistical methods to identify trends and patterns.

Resources needed:
• Data analysts
• Statistical software
• Reporting tools",2/7/2031,2/11/2031,0,9cc3d06c-8c91-4cac-93da-a90759c9607f,PlanExe
8e87da8a-485f-417c-8e53-d125bba25650,Compare Robot Performance to Benchmarks,"Compare Robot Performance to Benchmarks

Description:
Compare robot performance to pre-deployment benchmarks and performance of human officers in similar roles. This comparison will help determine the effectiveness of the robots and identify areas for optimization.

Resources needed:
• Law enforcement experts
• Data analysts
• Historical crime data",2/11/2031,2/15/2031,0,5a134bd7-4984-4c67-8ce4-5b0639cee34c,PlanExe
a4033da3-eb54-4158-b64e-593b86a3c1d5,Document Performance Evaluation Results,"Document Performance Evaluation Results

Description:
Prepare a comprehensive report documenting the robot performance evaluation results. This report should include a summary of the data collected, the analysis performed, and recommendations for improving robot performance.

Resources needed:
• Report writing software
• Project manager
• Data analysts",2/15/2031,2/19/2031,0,63c47c58-0271-462e-8cca-a8ac73c3227b,PlanExe
bb01be03-a798-450f-959e-19581e324ef4,Assess Data Privacy and Security,,2/19/2031,3/3/2031,0,5ea318cc-843e-404e-bbe1-bf9fc0e14156,PlanExe
5de73487-46ba-4480-929e-2724285001bb,Review Data Logging Procedures,"Review Data Logging Procedures

Description:
Objective: Ensure comprehensive and accurate data logging practices are in place.
Scope: Review existing data logging procedures, identify gaps, and recommend improvements.
Steps: 1. Gather documentation on current data logging practices. 2. Interview relevant personnel. 3. Identify areas for improvement. 4. Document findings and recommendations.
Deliverables: A report outlining the review findings and recommendations for improving data logging procedures.

Resources needed:
• Data privacy specialist
• Security analyst
• Legal counsel",2/19/2031,2/22/2031,0,bb01be03-a798-450f-959e-19581e324ef4,PlanExe
169f928c-4bec-4d7e-a0b5-836c7a1cef0d,Update Privacy Compliance Knowledge,"Update Privacy Compliance Knowledge

Description:
Objective: Stay informed about evolving privacy regulations and best practices.
Scope: Research current and upcoming data privacy regulations, including GDPR and other relevant laws.
Steps: 1. Identify relevant data privacy regulations. 2. Research the latest updates and interpretations. 3. Document findings and recommendations.
Deliverables: A summary of current data privacy regulations and their implications for the project.

Resources needed:
• Legal counsel
• Data privacy specialist",2/22/2031,2/25/2031,0,5de73487-46ba-4480-929e-2724285001bb,PlanExe
3f54b614-4785-42fd-af85-e55ed04ba8ba,Conduct Data Privacy Audit,"Conduct Data Privacy Audit

Description:
Objective: Assess the project's compliance with data privacy regulations.
Scope: Conduct a thorough audit of data handling practices to identify potential privacy violations.
Steps: 1. Develop an audit plan. 2. Conduct the audit. 3. Document findings and recommendations.
Deliverables: A report outlining the audit findings and recommendations for addressing any privacy violations.

Resources needed:
• Data privacy auditor
• Security analyst
• Legal counsel",2/25/2031,2/28/2031,0,169f928c-4bec-4d7e-a0b5-836c7a1cef0d,PlanExe
73b490f0-749e-4750-8aba-a1b2f4493f84,Perform Security Vulnerability Assessment,"Perform Security Vulnerability Assessment

Description:
Objective: Identify and address potential security vulnerabilities in the data handling systems.
Scope: Conduct a security vulnerability assessment to identify potential weaknesses in the data handling systems.
Steps: 1. Develop a vulnerability assessment plan. 2. Conduct the assessment. 3. Document findings and recommendations.
Deliverables: A report outlining the vulnerability assessment findings and recommendations for addressing any security vulnerabilities.

Resources needed:
• Security analyst
• Penetration tester
• Data privacy specialist",2/28/2031,3/3/2031,0,bb01be03-a798-450f-959e-19581e324ef4,PlanExe
