Level 1;Level 2;Level 3;Level 4;Task ID
BioVerification Program;;;;1d5b7aa1-40fa-435c-afb4-eaa0433e4654
;Project Initiation & Planning;;;e55f1ac2-5d2e-4390-8b44-b12d5c77c956
;;Secure Project Funding;;94d617f9-1036-4228-99b1-efd874bb82d3
;;;Prepare funding proposal documentation;821728f4-7e9c-4321-8bea-63e18faf6b84
;;;Present proposal to World Athletics;b8c9b65a-194e-4865-bd15-14f1ccdb9082
;;;Negotiate funding terms and conditions;dd04c7fe-9ff7-4d57-95c0-cb3c224e526d
;;;Finalize funding contracts with vendors;439e305c-16f0-4b40-91d0-41fa3492e0f6
;;Define Project Scope and Objectives;;50d3a055-98f8-4677-9ba9-f38136c0e7f5
;;;Identify Key Program Requirements;b35bf035-c52d-4559-b29b-0130140ec0ff
;;;Establish Measurable Objectives and KPIs;b8fd7fee-be48-44cf-be25-ba8d76135ca2
;;;Define Program Scope and Boundaries;86f9d849-dc48-4044-9bd1-7a154ace8247
;;;Document Scope and Objectives;430bb0b2-7fe7-4f1a-bb73-9786b0a2524e
;;Conduct Stakeholder Analysis;;b67371fa-4d02-4472-a893-4cedd27ae62f
;;;Identify Key Stakeholders;50f35bb7-7c5c-4577-b551-ba499f51aef0
;;;Assess Stakeholder Influence and Interest;2e64d94a-4d13-4a7d-9954-107791d12643
;;;Determine Stakeholder Communication Needs;bac10f49-2562-4528-ae90-9363eeddd636
;;;Develop Stakeholder Engagement Plan;23b38d55-b5cd-4da7-8f12-055713844ede
;;;Document Stakeholder Analysis Findings;590b8145-18b4-4f58-b7f2-e5e70468b61d
;;Develop Risk Assessment and Mitigation Strategies;;5b514691-eeb4-43f7-899d-2c3983765bd5
;;;Identify Potential Risks;d65c25a9-24d3-4e38-8968-6899fc75ed79
;;;Assess Risk Impact and Probability;8579dea3-dedb-4ab8-a20d-c27b21f3c1cc
;;;Develop Mitigation Strategies;4250ffae-2d49-4f73-bf1a-6b52dab3e502
;;;Assign Risk Owners;10bd79b2-f6b7-44e5-8f91-bf1cc39c199d
;;;Document Risk Management Plan;c84af4b0-b156-4b07-a4d1-f15839d2b0ff
;;Establish Project Governance Structure;;d44ff706-1896-4bf0-af2d-f634bfabb0f5
;;;Define Roles and Responsibilities;5b976b07-cc51-42cd-8f3a-3b5e479fcfd6
;;;Establish Decision-Making Process;82ca68fc-0bac-43c7-a4e5-d3d555a17bc3
;;;Create Communication Channels;cb78140e-4d7d-4dcf-bae7-41cb7cf166b5
;;;Develop Escalation Procedures;f3cf6fed-e0bb-4fec-904c-0809a21a5f11
;;;Document Governance Structure;f195ca50-28ff-4d84-9b56-4038164e3c55
;;Define Regulatory and Compliance Requirements;;63a8976f-42f5-426a-9a03-5d284cdeb893
;;;Identify Applicable Regulations;b0d7372f-0ede-4145-8e4f-5545a37d3c52
;;;Analyze World Athletics Regulations;8d6f51c8-76af-44f2-bb09-4b9a7716f1f2
;;;Consult with Legal Experts;7f8de80a-0e07-45f2-9d82-a991e207c837
;;;Establish Legal Advisory Board;cf1ca373-c60e-41f1-9671-dd0cb03e808c
;;;Document Compliance Actions;7e9d0e60-a2ea-4d84-ba18-32a1517fb265
;Strategic Decision Making;;;8d61a53d-4c83-460b-b2d0-e0b8425b1fcf
;;Determine Standardization vs. Localization Strategy;;c024f470-b2cb-4354-8368-8d77572c8485
;;;Assess Federation Needs and Capabilities;1ddeed89-6e1d-42e9-ba41-aa00214e1e25
;;;Develop Standardized Program Framework;f88cf024-fac2-4463-bb48-f97a103a64cb
;;;Identify Localization Requirements;739b58e8-9c20-42d3-8cf9-cf9f934c0f02
;;;Create Flexible Implementation Plan;58e32d90-1b76-4ef2-ad52-e42e94bd9558
;;;Document Standardization vs. Localization Decisions;25a92ab2-30c8-4131-ac8d-009c27d09143
;;Define Data Management Architecture;;492bad9f-f9b7-4bea-b6a8-d67b03f8bc22
;;;Define Data Requirements and Scope;0d194924-ddc3-4fd5-b6e7-5de86b83e8a4
;;;Evaluate Existing Data Systems;3700feb9-04fe-4b8a-bba2-fcd896553d06
;;;Design Data Storage and Access;2573b7ea-82ec-4213-9cfe-1d7189298173
;;;Select Data Management Tools and Technologies;23b7a2e2-9e70-4df1-b440-0de062b45cf0
;;;Develop Data Integration Strategy;f9da557e-fb7a-4e90-8afb-714509a8c0e8
;;Establish Communication and Transparency Strategy;;dbc4a3c1-f082-4a2d-b333-221012fac7e0
;;;Define Key Communication Objectives;94d10219-27d2-4521-b0f1-153173846263
;;;Identify Target Audiences and Their Needs;7211b174-5f2d-414d-82b1-b0ec5edbd79e
;;;Select Appropriate Communication Channels;1872dddb-3f84-4d55-99e8-7e968f957274
;;;Develop Communication Materials and Messaging;851877ab-4ca4-4a81-9109-60a91a99a929
;;;Establish Feedback Mechanisms and Monitoring;8dd0f7fd-ef7f-4764-a64a-d6b9160ec634
;;Develop Resource Allocation Strategy;;bd9b667f-9508-4555-a9c5-340a50f735d2
;;;Define Resource Requirements;3cb7e4dc-627c-44a8-8219-4fa6861305a1
;;;Develop Budget Allocation Plan;22e8622a-18a4-46df-a33c-ffd233fae6e6
;;;Prioritize Resource Needs;77f3dfae-db59-4b80-9da4-53d9c1b7b6a7
;;;Establish Resource Acquisition Process;b2df885d-44db-47d4-bbdb-e39cd3018c75
;;;Create Resource Management Plan;becd698f-0d5d-470d-b73f-aebad7d27975
;;Define Testing Methodology Standardization;;f0f79804-d41c-486f-920d-278731719d81
;;;Define Statistical Methods for Testing;0339c519-45aa-42ac-8a33-a8b661860f27
;;;Establish Universal Testing Standards;c142ed79-9281-48aa-ac9d-b8782aacef63
;;;Implement Quality Control Measures;c6f256a4-9fed-48c3-af11-e7f54d7b9bd6
;;;Develop Testing Protocol Documentation;1ced73c0-bbf5-4352-a6ad-3aeacb26c7f2
;;Determine Initial Testing Scope;;a3d515cc-f8df-425b-9e31-db7d2b33855b
;;;Define Athlete Population for Initial Testing;95992e1f-c653-4519-92fb-30a82760d859
;;;Estimate Prevalence of Biological Markers;9497f67f-f2e0-4074-9c0a-00af21b42c25
;;;Develop Logistical Plan for Sample Collection;ddd3c00b-6294-4971-8722-2d0c25c5c205
;;;Determine Sample Analysis Procedures;3efcf3f5-997b-4b10-bbed-2c980c3c3cbb
;;;Secure Necessary Approvals for Testing Scope;4b4889be-d57a-4f62-b51b-c06576e75c97
;;Define Technology Adoption Strategy;;8d347949-5768-4e62-9688-7aac33de1825
;;;Assess Federation Technology Infrastructure;e8a151b4-5041-484f-b1bc-4090f7673b1c
;;;Identify Technology Integration Challenges;63f3e302-f632-4146-8f1c-81ad5a0a442d
;;;Develop Phased Implementation Plan;b2c1faab-6944-4aee-9f65-96e09c1bd358
;;;Provide Technology Training and Support;573474bd-b69a-4d46-9da7-a5e96d9d1e8e
;;;Conduct Security Testing and Audits;09e370c6-30f1-4122-bcef-c164b6202313
;;Establish Data Security Protocol;;76c427b3-1d1b-42b4-98bb-62e1df9f27d5
;;;Identify Data Security Requirements;07c2bf29-fb34-4ad2-b3bc-77d677f31185
;;;Evaluate Security Technology Options;a7509190-1ba0-447d-9e88-5d57f15207f4
;;;Develop Data Security Protocols;e71ba6d1-d4e1-45a4-98d9-5ff5ff6d5cff
;;;Integrate Protocols with Existing Systems;bf5c735b-bf5c-4fea-8e40-20f8d2d58c1a
;;;Test and Validate Security Protocols;26fc0acb-134a-4075-9b32-3f0ce968af47
;;Develop Stakeholder Engagement Model;;f37c6947-d6f1-4c3a-bb4f-ec6e71c3f17a
;;;Identify Key Stakeholder Groups;99f8d60a-941e-4bc7-b3f7-6714c0e8c704
;;;Develop Communication Plan Framework;b677e00a-f442-476f-ac46-922bcce7afb3
;;;Tailor Strategies to Cultural Contexts;ef3ef496-f8e5-4eb5-a579-acb3b61c5675
;;;Establish Feedback Mechanisms;4353cdd4-6b6a-4300-a243-46546fae1914
;;;Implement and Monitor Communication Plan;7649a9bb-6c61-451b-ace2-4dfb4978c707
;;Design Appeals Process;;15a79104-cb2a-4c44-9fb2-055635a716c0
;;;Define Appeals Process Scope and Requirements;c9b2efdd-035d-4781-9053-4f60bda3a4a6
;;;Design Appeals Process Workflow;5700804e-6ecf-43b5-8cfc-7f205459201f
;;;Establish Appeals Panel Selection Criteria;e34c2d46-7b39-4e18-8460-ae54623c5c12
;;;Develop Appeals Process Documentation;b928688c-afd5-47cd-b415-966664196105
;;;Implement Appeals Process Infrastructure;58325ca7-6774-42aa-aae4-0e42263bce8b
;Program Implementation;;;62e83bc9-a787-4237-bef2-6ecf7bf712bf
;;Develop Testing Protocols and Procedures;;9960f14d-3942-4198-98e4-7db596b676df
;;;Research existing testing protocols;9a11241f-3cab-477d-ae45-2932829de2cb
;;;Define specific testing parameters;ff2c0fbd-7410-4ce0-86b9-827cf86e3318
;;;Draft initial testing protocol document;687115b0-728b-4570-bd45-78055d0fd507
;;;Review and revise draft protocol;9fac7149-8adf-4b08-b8a5-da4ca71b3459
;;;Finalize testing protocols and procedures;4d3f9da1-2af7-4f0c-af54-b28dd69fca87
;;Establish Data Management System;;bb892d31-04f0-4c7d-9ee2-e545628baf9f
;;;Define Data Requirements and Schema;c635d860-67ce-4dc1-aebe-a52135551d21
;;;Select Database Technology and Vendor;f15c27af-efff-40c3-80e3-a105b17a983e
;;;Develop Data Integration Interfaces;aa388766-06b9-4278-9410-3452bc23c761
;;;Implement Data Security Measures;f9874a72-1317-49eb-9f15-2f6aeadefd37
;;;Test and Validate Data Management System;136bd0aa-f141-45f6-9bae-43996ccfa704
;;Procure Testing Equipment and Supplies;;fe46753a-84ce-4422-9195-cc22213a2a93
;;;Define Equipment Specifications;d10d3e4d-3f4a-4830-b11c-d2a0110016f4
;;;Identify Potential Suppliers;c2e562c2-7a92-441c-ad13-80f74a703bd9
;;;Evaluate Supplier Proposals;39785108-7876-426a-9531-800cd5df32c1
;;;Negotiate Contracts and Agreements;7f5f0bed-4350-490d-ba49-2a8062f83a54
;;;Manage Logistics and Delivery;e8dbc0ba-fa16-4183-8be3-a8d2ea662d59
;;Train Personnel (Testers, Administrators, etc.);;a3cc93d3-f9b8-4f0d-a906-8049c22c80c1
;;;Develop Training Materials;af06ac5e-94fc-4149-bb6f-7d595b67c81e
;;;Schedule Training Sessions;e8efccbf-c3f8-4883-902e-f44f2de1e914
;;;Conduct Training Sessions;28dbf3ae-bba9-48ad-9170-9d64235fefef
;;;Assess Training Effectiveness;e6f21f8c-10ed-46c9-bf25-edfce7d5cb38
;;;Certify Trained Personnel;e962ae43-0617-4696-9536-469c261f8186
;;Conduct Initial Testing Phase;;68928e07-7087-4b40-b108-cb2ce22450ef
;;;Recruit Athletes for Initial Testing;6f8a59d7-da00-44bd-8f5c-889e51e4fa7a
;;;Prepare Testing Sites and Logistics;d589eb85-be23-471b-b095-33d394e95429
;;;Conduct Pilot Testing and Refine Protocols;dcad4c1d-d331-4d58-ac8f-85008ec9645f
;;;Manage Athlete Data and Privacy;8d5a3ecf-a59f-4cfd-9d13-89764b4ca08f
;;Implement Communication Plan;;eaa6df1b-0c5f-4acb-94d4-d164a08ab8ed
;;;Develop Communication Infrastructure;13291724-b7a5-4a67-b939-c014056625ee
;;;Create Communication Guidelines and Templates;012fdfb5-3af0-408a-9805-618b58e27fef
;;;Train Federation Representatives;418e4dfd-4acd-4822-99bb-edb924173b77
;;;Establish Communication Channels;4a934bf8-99f3-4a84-a64b-6e825996de02
;;;Monitor Communication Effectiveness;7aa380fa-0410-48e3-a1e2-d57b08041697
;;Establish Appeals Process Infrastructure;;16596f8c-e320-4a05-bfcd-e8151bc78e4f
;;;Design appeals process workflow;08cf414b-085c-4052-93bf-2e221ac0c16c
;;;Select appeals panel members;67abc6d6-0722-4160-9002-4bea2a5432db
;;;Develop appeals submission portal;095484e0-9e2f-4361-a73c-7342f37e7280
;;;Establish appeals process guidelines;9c90cd08-feb2-4bf2-8545-9a2db44e9963
;;;Test appeals process infrastructure;a5c92483-7da5-4727-aba4-bd67d9245fca
;Data Collection and Validation;;;f8dd78eb-3162-4244-8fa5-275798b6415f
;;Collect Federation Implementation Data;;4c1bb783-0427-4cef-ba04-b86a5f976329
;;;Design Federation Data Collection Template;c1ae7451-4248-47ef-917e-24a01654fa61
;;;Distribute Template and Guidelines to Federations;5c006d07-092c-4b71-b477-1d59dd393cc3
;;;Provide Training and Support to Federations;fe185ef1-6df5-424b-a941-c0cea1670557
;;;Collect and Track Data Submissions;62f2b08a-4def-4173-97ef-138b90452e78
;;;Validate and Verify Received Data;a22f2d74-71e3-447d-abf2-cf8e78ef9713
;;Gather Federation Feedback;;6285c1f1-de90-459c-87a7-fde468ef2ba9
;;;Design Federation Feedback Survey;2dca9c64-fadf-4825-9b5d-d4744fabb555
;;;Conduct Interviews with Federation Representatives;3b3281d8-160f-48cf-8a22-ce73f0ac3500
;;;Analyze Survey and Interview Data;e315cf77-97d9-450a-9851-82d1e170f81d
;;;Prepare Feedback Report and Recommendations;737c9147-a7b8-4898-ba79-a556fcb20c46
;;Assess Cultural Norms and Communication Preferences;;f3c4e522-b001-43f9-b260-fcfcfed4f2d4
;;;Research cultural norms per federation;b7e3c94e-fb81-46e8-86d8-819f09d20249
;;;Identify preferred communication channels;ac3038d1-bdb3-4c11-9e59-746bb3807bfc
;;;Develop culturally appropriate materials;26bf12f4-03e9-428e-906a-4c4c99454ea9
;;;Establish local advisory boards;087be703-3846-4935-a92f-53ab87a8d2ac
;;;Monitor complaints related to insensitivity;e4af667e-454e-464b-bff4-7f8997335af4
;;Validate Data Security Incident Response Plan;;c2134418-e64a-4a16-bde2-deed14327edd
;;;Review federation incident response plans;26626705-e68a-4f18-a6ac-5fe4da0ab8bb
;;;Simulate data breach scenarios;9ff95a06-4917-4681-a117-5cdbe683a263
;;;Identify plan weaknesses and gaps;3e3e8872-8a0f-4b6a-9620-f91827caaf80
;;;Provide feedback and recommendations;cb91f32f-b133-4d5e-ac08-14b182c293a5
;;;Track plan revisions and improvements;934517d7-b3f8-4ec4-a9cd-5e7f1e8f1407
;;Analyze Data and Identify Trends;;7c16cbf7-9a04-435a-814a-4ef80e609283
;;;Define data analysis scope and objectives;c5c1b5b2-6ce0-44fb-961a-cc911432ef82
;;;Prepare data for analysis;9238b3f8-cf18-4088-ac5c-e2a82ef8c364
;;;Conduct statistical analysis;958196d8-c9f7-487f-99c6-42b4e5a63739
;;;Interpret results and draw conclusions;803ff2dc-4a61-4b9e-b8e9-0b3efdeb9ba2
;;;Document findings and recommendations;901e6021-b27a-48be-88e7-6b028c73cf2e
;;Refine Program Based on Data Analysis;;5af5bc7a-38dd-47d4-b17a-18b80aa8f2f4
;;;Identify potential program refinements;8bfdd8b5-a6f1-4fbd-bfc0-74c3ce6829dd
;;;Prioritize program refinement options;e4a56603-51f3-4944-b6ca-976c313cbd50
;;;Develop implementation plans for refinements;01fdd624-70b9-45dd-b889-cee16e923ae8
;;;Communicate refinements to stakeholders;95b62e7b-1947-45cf-8cf1-4f540e46089f
;;;Implement and monitor program refinements;bc55ff2a-5be1-4ada-9365-81a5adc34a9d
;Program Monitoring and Evaluation;;;f7eb209f-f8bb-4883-b8b5-cb474c8e8624
;;Monitor Program Performance Metrics;;61da2033-9496-4dad-acfb-903daa03c108
;;;Define Key Performance Indicators (KPIs);5e0e1c58-1e7e-4fd9-bf67-26dc3c205c7f
;;;Automate Data Collection Processes;1d186ada-96ea-49f3-915f-1ef8a1dda6c0
;;;Develop Performance Dashboards;e44debab-17ff-40ea-bc99-5e7c880390bd
;;;Establish Reporting Cadence;49ee0430-0f5b-4b8f-8a44-5af3047daf8a
;;;Analyze Data and Identify Trends;0237024f-f690-43dc-96bb-b062f024347b
;;Conduct Regular Audits;;21e2f54a-c0ce-41a3-a593-29f10391a013
;;;Define Audit Scope and Objectives;afed8d95-95ac-4977-a933-8c17bc986334
;;;Develop Audit Plan and Schedule;3653e633-cb7d-4c60-b8f4-8350f84ff75c
;;;Conduct Audit Activities;75b9a0a6-524f-4941-956c-44fbeb1ee757
;;;Prepare Audit Reports;35948223-936c-491d-b4eb-89fc4ad52e98
;;;Follow-up on Audit Findings;266c5590-edc1-4ba6-81bd-6cb459fb189f
;;Evaluate Program Effectiveness;;41a948bb-32e5-4e88-8e10-56804b92cb87
;;;Define Program Evaluation Criteria;eab08c30-4461-4fd0-9aec-7315b7e11fb5
;;;Collect Program Performance Data;0c94dfb1-b590-4e0a-81c8-9c5c6ba758ba
;;;Analyze Program Data;e047ec03-d50c-4e33-958a-927ae0ee8aba
;;;Document Evaluation Findings;85e8959a-0260-4d39-b624-2814a1135dd0
;;Identify Areas for Improvement;;7c6b60ea-2de2-4187-9dfc-40b9409562e4
;;;Analyze performance data for root causes;a6e29e7f-283d-4de6-8d1c-911c7d201022
;;;Identify potential program improvements;7911c622-6615-4782-bc20-de205ceea6b7
;;;Prioritize improvement opportunities;f209fe65-4a56-4043-95d5-82674387fb4d
;;;Document recommended improvements;d0818741-e1d5-452e-9d25-ebbd9c98de6c
;;Implement Corrective Actions;;13a6cb14-b122-4302-a81e-7814fa091947
;;;Define Corrective Action Implementation Plan;33b40b36-a16e-447c-b18c-292c605468da
;;;Secure Resources for Implementation;23ab2016-6f66-4394-acbb-19966f7ffebc
;;;Implement and Document Corrective Actions;41bba288-df70-4458-b8d7-34e5fe85ac10
;;;Monitor Effectiveness of Corrective Actions;b1336e45-33c9-4341-97db-c9c702f74ebe
;;;Adjust Corrective Actions as Needed;b6f44acc-229c-4938-883e-14c69cbc4b08
;;Report Program Status to Stakeholders;;5214436f-1267-42c8-8f57-ce6bcc7bdefb
;;;Prepare Status Report Template;9dbef3ab-9f1f-4e5f-b397-df1b463263ae
;;;Collect Data from Monitoring and Audits;8bcbe7be-1eb0-49f9-8977-f5647603e027
;;;Analyze Data and Summarize Findings;867dd6ba-7e2e-4a3f-be9c-54942fee3614
;;;Draft and Review Status Report;7444a5b7-e16b-47ef-b2cf-fd93c852a827
;;;Distribute Report and Gather Feedback;7b3bf8f6-3b53-44fc-bc8b-1a11786039e7