project_key,project_name,project_description,project_start_date,project_end_date,project_progress,project_parent,originating_department
1d5b7aa1-40fa-435c-afb4-eaa0433e4654,BioVerification Program,"BioVerification Program

Final deliverable:
Operational Verification",8/21/2025,7/5/2027,0,,PlanExe
e55f1ac2-5d2e-4390-8b44-b12d5c77c956,Project Initiation & Planning,,8/21/2025,11/10/2025,0,1d5b7aa1-40fa-435c-afb4-eaa0433e4654,PlanExe
94d617f9-1036-4228-99b1-efd874bb82d3,Secure Project Funding,,8/21/2025,9/10/2025,0,e55f1ac2-5d2e-4390-8b44-b12d5c77c956,PlanExe
821728f4-7e9c-4321-8bea-63e18faf6b84,Prepare funding proposal documentation,"Prepare funding proposal documentation

Description:
Objective: Create a comprehensive funding proposal.
Scope: Gather all necessary information, including budget details, project timelines, and expected outcomes.
Steps: 1. Collect project details. 2. Draft the proposal. 3. Review and revise. 4. Submit the proposal.
Deliverables: A complete and compelling funding proposal.

Resources needed:
• Project Manager
• Financial Analyst
• Grant Writer",8/21/2025,8/26/2025,0,94d617f9-1036-4228-99b1-efd874bb82d3,PlanExe
b8c9b65a-194e-4865-bd15-14f1ccdb9082,Present proposal to World Athletics,"Present proposal to World Athletics

Description:
Objective: Present the funding proposal to World Athletics for review and approval.
Scope: Schedule a meeting, prepare presentation materials, and address any questions or concerns.
Steps: 1. Schedule the presentation. 2. Prepare presentation slides. 3. Conduct the presentation. 4. Address questions and feedback.
Deliverables: A successful presentation that secures initial buy-in.

Resources needed:
• Project Manager
• Stakeholder Engagement Team
• Subject Matter Experts",8/26/2025,8/31/2025,0,821728f4-7e9c-4321-8bea-63e18faf6b84,PlanExe
dd04c7fe-9ff7-4d57-95c0-cb3c224e526d,Negotiate funding terms and conditions,"Negotiate funding terms and conditions

Description:
Objective: Negotiate the terms and conditions of the funding agreement with World Athletics.
Scope: Review the funding agreement, identify any areas of concern, and negotiate mutually agreeable terms.
Steps: 1. Review the funding agreement. 2. Identify areas for negotiation. 3. Conduct negotiations. 4. Finalize the agreement.
Deliverables: A signed funding agreement with favorable terms.

Resources needed:
• Project Manager
• Legal Counsel
• Financial Analyst",8/31/2025,9/5/2025,0,b8c9b65a-194e-4865-bd15-14f1ccdb9082,PlanExe
439e305c-16f0-4b40-91d0-41fa3492e0f6,Finalize funding contracts with vendors,"Finalize funding contracts with vendors

Description:
Objective: Finalize contracts with vendors to secure necessary resources and services.
Scope: Review vendor proposals, negotiate contract terms, and ensure compliance with World Athletics regulations.
Steps: 1. Review vendor proposals. 2. Negotiate contract terms. 3. Draft contracts. 4. Obtain legal review. 5. Finalize contracts.
Deliverables: Signed contracts with key vendors.

Resources needed:
• Project Manager
• Procurement Team
• Legal Counsel",9/5/2025,9/10/2025,0,94d617f9-1036-4228-99b1-efd874bb82d3,PlanExe
50d3a055-98f8-4677-9ba9-f38136c0e7f5,Define Project Scope and Objectives,,9/10/2025,9/26/2025,0,94d617f9-1036-4228-99b1-efd874bb82d3,PlanExe
b35bf035-c52d-4559-b29b-0130140ec0ff,Identify Key Program Requirements,"Identify Key Program Requirements

Description:
Define the specific requirements for the Biological Verification Program, including testing methodologies, data management protocols, and reporting standards. This involves reviewing existing World Athletics regulations, consulting with experts, and gathering input from stakeholders.

Resources needed:
• Project Manager
• Legal Counsel
• Medical Experts
• Data Analysts",9/10/2025,9/14/2025,0,50d3a055-98f8-4677-9ba9-f38136c0e7f5,PlanExe
b8fd7fee-be48-44cf-be25-ba8d76135ca2,Establish Measurable Objectives and KPIs,"Establish Measurable Objectives and KPIs

Description:
Define specific, measurable, achievable, relevant, and time-bound (SMART) objectives for the program. Develop key performance indicators (KPIs) to track progress and measure the program's success. This includes defining targets for implementation timelines, data quality, and athlete participation.

Resources needed:
• Project Manager
• Data Analysts
• Stakeholder Engagement Team",9/14/2025,9/18/2025,0,b35bf035-c52d-4559-b29b-0130140ec0ff,PlanExe
86f9d849-dc48-4044-9bd1-7a154ace8247,Define Program Scope and Boundaries,"Define Program Scope and Boundaries

Description:
Clearly define the scope of the Biological Verification Program, including the target population (female athletes), the types of biological data to be collected, and the geographical regions covered. Establish boundaries to avoid scope creep and ensure that the program remains focused on its core objectives.

Resources needed:
• Project Manager
• Legal Counsel
• Medical Experts",9/18/2025,9/22/2025,0,b8fd7fee-be48-44cf-be25-ba8d76135ca2,PlanExe
430bb0b2-7fe7-4f1a-bb73-9786b0a2524e,Document Scope and Objectives,"Document Scope and Objectives

Description:
Create a comprehensive document outlining the program's scope, objectives, and KPIs. This document will serve as a reference point for all stakeholders and will be used to guide program implementation and evaluation. The document should be regularly reviewed and updated as needed.

Resources needed:
• Project Manager
• Technical Writers
• Stakeholder Engagement Team",9/22/2025,9/26/2025,0,50d3a055-98f8-4677-9ba9-f38136c0e7f5,PlanExe
b67371fa-4d02-4472-a893-4cedd27ae62f,Conduct Stakeholder Analysis,,9/26/2025,10/6/2025,0,50d3a055-98f8-4677-9ba9-f38136c0e7f5,PlanExe
50f35bb7-7c5c-4577-b551-ba499f51aef0,Identify Key Stakeholders,"Identify Key Stakeholders

Description:
Identify all individuals, groups, and organizations that have an interest in or are affected by the Biological Verification Program. This includes World Athletics officials, athletes, member federations, medical professionals, anti-doping agencies, and sponsors.

Resources needed:
• Project Manager
• Stakeholder Engagement Team
• World Athletics Representatives",9/26/2025,9/28/2025,0,b67371fa-4d02-4472-a893-4cedd27ae62f,PlanExe
2e64d94a-4d13-4a7d-9954-107791d12643,Assess Stakeholder Influence and Interest,"Assess Stakeholder Influence and Interest

Description:
Evaluate the level of influence and interest each stakeholder group has in the program. This will help prioritize engagement efforts and tailor communication strategies to specific audiences.

Resources needed:
• Project Manager
• Stakeholder Engagement Team
• Data Analyst",9/28/2025,9/30/2025,0,50f35bb7-7c5c-4577-b551-ba499f51aef0,PlanExe
bac10f49-2562-4528-ae90-9363eeddd636,Determine Stakeholder Communication Needs,"Determine Stakeholder Communication Needs

Description:
Identify the specific information needs and communication preferences of each stakeholder group. This includes the frequency, format, and content of communications.

Resources needed:
• Stakeholder Engagement Team
• Communications Officer
• Federation Representatives",9/30/2025,10/2/2025,0,2e64d94a-4d13-4a7d-9954-107791d12643,PlanExe
23b38d55-b5cd-4da7-8f12-055713844ede,Develop Stakeholder Engagement Plan,"Develop Stakeholder Engagement Plan

Description:
Create a detailed plan outlining how the project team will engage with each stakeholder group throughout the program lifecycle. This includes specific activities, timelines, and responsible parties.

Resources needed:
• Project Manager
• Stakeholder Engagement Team
• Communications Officer",10/2/2025,10/4/2025,0,bac10f49-2562-4528-ae90-9363eeddd636,PlanExe
590b8145-18b4-4f58-b7f2-e5e70468b61d,Document Stakeholder Analysis Findings,"Document Stakeholder Analysis Findings

Description:
Compile all stakeholder analysis findings into a comprehensive report that can be used to inform project planning and decision-making. This report should be regularly updated as the program progresses.

Resources needed:
• Project Manager
• Data Analyst
• Stakeholder Engagement Team",10/4/2025,10/6/2025,0,b67371fa-4d02-4472-a893-4cedd27ae62f,PlanExe
5b514691-eeb4-43f7-899d-2c3983765bd5,Develop Risk Assessment and Mitigation Strategies,,10/6/2025,10/21/2025,0,b67371fa-4d02-4472-a893-4cedd27ae62f,PlanExe
d65c25a9-24d3-4e38-8968-6899fc75ed79,Identify Potential Risks,"Identify Potential Risks

Description:
Conduct brainstorming sessions with project team and stakeholders to identify potential risks that could impact the program's success. Document all identified risks in a risk register.

Resources needed:
• Project Manager
• Stakeholders
• Risk Management Expert",10/6/2025,10/9/2025,0,5b514691-eeb4-43f7-899d-2c3983765bd5,PlanExe
8579dea3-dedb-4ab8-a20d-c27b21f3c1cc,Assess Risk Impact and Probability,"Assess Risk Impact and Probability

Description:
Evaluate the potential impact and probability of each identified risk. Use a risk assessment matrix to categorize risks based on their severity and likelihood.

Resources needed:
• Project Manager
• Risk Management Expert
• Data Analyst",10/9/2025,10/12/2025,0,d65c25a9-24d3-4e38-8968-6899fc75ed79,PlanExe
4250ffae-2d49-4f73-bf1a-6b52dab3e502,Develop Mitigation Strategies,"Develop Mitigation Strategies

Description:
For each high-priority risk, develop detailed mitigation strategies to reduce its impact or probability. Document the mitigation strategies in the risk register.

Resources needed:
• Project Manager
• Subject Matter Experts
• Stakeholders",10/12/2025,10/15/2025,0,8579dea3-dedb-4ab8-a20d-c27b21f3c1cc,PlanExe
10bd79b2-f6b7-44e5-8f91-bf1cc39c199d,Assign Risk Owners,"Assign Risk Owners

Description:
Assign a specific individual or team to be responsible for monitoring and managing each identified risk. Clearly define the roles and responsibilities of risk owners.

Resources needed:
• Project Manager
• Project Team Members",10/15/2025,10/18/2025,0,4250ffae-2d49-4f73-bf1a-6b52dab3e502,PlanExe
c84af4b0-b156-4b07-a4d1-f15839d2b0ff,Document Risk Management Plan,"Document Risk Management Plan

Description:
Compile all risk assessment and mitigation information into a comprehensive risk management plan. Ensure the plan is readily accessible to all project team members and stakeholders.

Resources needed:
• Project Manager
• Document Control Specialist",10/18/2025,10/21/2025,0,5b514691-eeb4-43f7-899d-2c3983765bd5,PlanExe
d44ff706-1896-4bf0-af2d-f634bfabb0f5,Establish Project Governance Structure,,10/21/2025,10/31/2025,0,5b514691-eeb4-43f7-899d-2c3983765bd5,PlanExe
5b976b07-cc51-42cd-8f3a-3b5e479fcfd6,Define Roles and Responsibilities,"Define Roles and Responsibilities

Description:
Clearly define the roles and responsibilities of each member involved in the project governance structure. This includes the project sponsor, steering committee, project manager, and other key stakeholders. Document these roles and responsibilities in a RACI matrix.

Resources needed:
• Project Manager
• Project Sponsor
• Key Stakeholders",10/21/2025,10/23/2025,0,d44ff706-1896-4bf0-af2d-f634bfabb0f5,PlanExe
82ca68fc-0bac-43c7-a4e5-d3d555a17bc3,Establish Decision-Making Process,"Establish Decision-Making Process

Description:
Establish a clear and transparent decision-making process for the project. This includes defining the criteria for making decisions, the individuals or groups responsible for making decisions, and the process for escalating issues when necessary. Document the decision-making process in a project governance plan.

Resources needed:
• Project Manager
• Project Sponsor
• Steering Committee",10/23/2025,10/25/2025,0,5b976b07-cc51-42cd-8f3a-3b5e479fcfd6,PlanExe
cb78140e-4d7d-4dcf-bae7-41cb7cf166b5,Create Communication Channels,"Create Communication Channels

Description:
Establish effective communication channels to ensure that all stakeholders are kept informed of project progress, risks, and issues. This includes defining the frequency and format of communication, the individuals responsible for communicating information, and the channels to be used (e.g., email, meetings, project website).

Resources needed:
• Project Manager
• Communications Officer
• Key Stakeholders",10/25/2025,10/27/2025,0,82ca68fc-0bac-43c7-a4e5-d3d555a17bc3,PlanExe
f3cf6fed-e0bb-4fec-904c-0809a21a5f11,Develop Escalation Procedures,"Develop Escalation Procedures

Description:
Develop clear escalation procedures for addressing issues that cannot be resolved at the project team level. This includes defining the criteria for escalating issues, the individuals or groups to whom issues should be escalated, and the process for resolving escalated issues. Document the escalation procedures in a project governance plan.

Resources needed:
• Project Manager
• Project Sponsor
• Steering Committee",10/27/2025,10/29/2025,0,cb78140e-4d7d-4dcf-bae7-41cb7cf166b5,PlanExe
f195ca50-28ff-4d84-9b56-4038164e3c55,Document Governance Structure,"Document Governance Structure

Description:
Document the entire project governance structure, including roles, responsibilities, decision-making processes, communication channels, and escalation procedures, in a comprehensive project governance plan. This plan should be reviewed and approved by all key stakeholders.

Resources needed:
• Project Manager
• Project Sponsor
• Legal Counsel",10/29/2025,10/31/2025,0,d44ff706-1896-4bf0-af2d-f634bfabb0f5,PlanExe
63a8976f-42f5-426a-9a03-5d284cdeb893,Define Regulatory and Compliance Requirements,,10/31/2025,11/10/2025,0,e55f1ac2-5d2e-4390-8b44-b12d5c77c956,PlanExe
b0d7372f-0ede-4145-8e4f-5545a37d3c52,Identify Applicable Regulations,"Identify Applicable Regulations

Description:
Identify all relevant international, national, and local regulations pertaining to biological data, athlete eligibility, and data privacy (e.g., GDPR).

Resources needed:
• Legal Counsel
• Regulatory Expert
• Research Team",10/31/2025,11/2/2025,0,63a8976f-42f5-426a-9a03-5d284cdeb893,PlanExe
8d6f51c8-76af-44f2-bb09-4b9a7716f1f2,Analyze World Athletics Regulations,"Analyze World Athletics Regulations

Description:
Thoroughly analyze existing World Athletics Eligibility Regulations for Female Classification to identify gaps and areas requiring clarification or modification.

Resources needed:
• Legal Counsel
• World Athletics Liaison
• Project Manager",11/2/2025,11/4/2025,0,b0d7372f-0ede-4145-8e4f-5545a37d3c52,PlanExe
7f8de80a-0e07-45f2-9d82-a991e207c837,Consult with Legal Experts,"Consult with Legal Experts

Description:
Engage legal experts specializing in international sports law and data privacy to review testing protocols and eligibility regulations.

Resources needed:
• Legal Counsel
• Data Protection Officer",11/4/2025,11/6/2025,0,8d6f51c8-76af-44f2-bb09-4b9a7716f1f2,PlanExe
cf1ca373-c60e-41f1-9671-dd0cb03e808c,Establish Legal Advisory Board,"Establish Legal Advisory Board

Description:
Establish a legal advisory board to address conflicting legal interpretations across different federations and provide ongoing guidance.

Resources needed:
• Legal Counsel
• Project Manager
• World Athletics Representative",11/6/2025,11/8/2025,0,7f8de80a-0e07-45f2-9d82-a991e207c837,PlanExe
7e9d0e60-a2ea-4d84-ba18-32a1517fb265,Document Compliance Actions,"Document Compliance Actions

Description:
Create a comprehensive document outlining all compliance actions required to meet regulatory standards, including data encryption, access controls, and DPO appointment.

Resources needed:
• Legal Counsel
• Data Protection Officer
• Project Manager",11/8/2025,11/10/2025,0,63a8976f-42f5-426a-9a03-5d284cdeb893,PlanExe
8d61a53d-4c83-460b-b2d0-e0b8425b1fcf,Strategic Decision Making,,11/10/2025,3/27/2026,0,e55f1ac2-5d2e-4390-8b44-b12d5c77c956,PlanExe
c024f470-b2cb-4354-8368-8d77572c8485,Determine Standardization vs. Localization Strategy,,11/10/2025,11/25/2025,0,8d61a53d-4c83-460b-b2d0-e0b8425b1fcf,PlanExe
1ddeed89-6e1d-42e9-ba41-aa00214e1e25,Assess Federation Needs and Capabilities,"Assess Federation Needs and Capabilities

Description:
Conduct a thorough assessment of each federation's existing infrastructure, resources, and regulatory environment to determine their readiness for implementing the Biological Verification Program. This includes evaluating their technological capabilities, data privacy regulations, and cultural sensitivities.

Resources needed:
• Stakeholder Engagement Team
• Regional Implementation Coordinators
• Data Analysts
• Legal Counsel",11/10/2025,11/13/2025,0,c024f470-b2cb-4354-8368-8d77572c8485,PlanExe
f88cf024-fac2-4463-bb48-f97a103a64cb,Develop Standardized Program Framework,"Develop Standardized Program Framework

Description:
Create a core set of standardized protocols, procedures, and data management systems that will be implemented across all federations. This framework should include guidelines for sample collection, testing methodologies, data security, and reporting.

Resources needed:
• Project Manager
• Certified Endocrinologists
• Data Security Personnel
• IT Security Team",11/13/2025,11/16/2025,0,1ddeed89-6e1d-42e9-ba41-aa00214e1e25,PlanExe
739b58e8-9c20-42d3-8cf9-cf9f934c0f02,Identify Localization Requirements,"Identify Localization Requirements

Description:
Determine the specific adaptations and modifications that will be necessary to tailor the standardized program framework to the unique needs and circumstances of each federation. This includes addressing cultural sensitivities, language barriers, and local regulatory requirements.

Resources needed:
• Cultural Sensitivity Advisor
• Regional Implementation Coordinators
• Legal Counsel
• Translation Services",11/16/2025,11/19/2025,0,f88cf024-fac2-4463-bb48-f97a103a64cb,PlanExe
58e32d90-1b76-4ef2-ad52-e42e94bd9558,Create Flexible Implementation Plan,"Create Flexible Implementation Plan

Description:
Develop a detailed implementation plan that outlines the steps, timelines, and resources required to roll out the Biological Verification Program across all federations. This plan should be flexible enough to accommodate the varying needs and capabilities of each federation, while ensuring that core standards are maintained.

Resources needed:
• Project Manager
• Stakeholder Engagement Team
• Regional Implementation Coordinators
• Data Analysts",11/19/2025,11/22/2025,0,739b58e8-9c20-42d3-8cf9-cf9f934c0f02,PlanExe
25a92ab2-30c8-4131-ac8d-009c27d09143,Document Standardization vs. Localization Decisions,"Document Standardization vs. Localization Decisions

Description:
Create a comprehensive document outlining all decisions made regarding standardization and localization, including the rationale behind each decision and the potential impact on program effectiveness. This document should be regularly updated as the program is implemented and evaluated.

Resources needed:
• Project Manager
• Legal Counsel
• Stakeholder Engagement Team
• Data Analysts",11/22/2025,11/25/2025,0,c024f470-b2cb-4354-8368-8d77572c8485,PlanExe
492bad9f-f9b7-4bea-b6a8-d67b03f8bc22,Define Data Management Architecture,,11/25/2025,12/10/2025,0,c024f470-b2cb-4354-8368-8d77572c8485,PlanExe
0d194924-ddc3-4fd5-b6e7-5de86b83e8a4,Define Data Requirements and Scope,"Define Data Requirements and Scope

Description:
Clearly define the data elements required for the Biological Verification Program, including athlete demographics, test results, and federation information. Determine the scope of data to be managed, considering historical data, ongoing data collection, and future data needs.

Resources needed:
• Data Architect
• Project Manager
• Endocrinologist
• Legal Counsel",11/25/2025,11/28/2025,0,492bad9f-f9b7-4bea-b6a8-d67b03f8bc22,PlanExe
3700feb9-04fe-4b8a-bba2-fcd896553d06,Evaluate Existing Data Systems,"Evaluate Existing Data Systems

Description:
Assess the current data management capabilities of World Athletics and its member federations. Identify existing systems, data formats, and data security protocols. Evaluate the feasibility of integrating existing systems with the new data management architecture.

Resources needed:
• IT Security Team
• System Administrators
• Data Architect
• Federation IT Representatives",11/28/2025,12/1/2025,0,0d194924-ddc3-4fd5-b6e7-5de86b83e8a4,PlanExe
2573b7ea-82ec-4213-9cfe-1d7189298173,Design Data Storage and Access,"Design Data Storage and Access

Description:
Design the data storage infrastructure, considering factors such as data volume, data security, data accessibility, and data retention policies. Determine the appropriate data storage technology (e.g., cloud-based storage, on-premise servers). Define data access controls and user roles to ensure data security and privacy.

Resources needed:
• Data Architect
• IT Security Team
• Database Administrator
• Legal Counsel",12/1/2025,12/4/2025,0,3700feb9-04fe-4b8a-bba2-fcd896553d06,PlanExe
23b7a2e2-9e70-4df1-b440-0de062b45cf0,Select Data Management Tools and Technologies,"Select Data Management Tools and Technologies

Description:
Evaluate and select the appropriate data management tools and technologies, including database management systems, data integration tools, and data analytics platforms. Consider factors such as cost, scalability, security, and ease of use. Conduct a proof-of-concept to validate the selected technologies.

Resources needed:
• Data Architect
• IT Security Team
• Database Administrator
• Data Analyst",12/4/2025,12/7/2025,0,2573b7ea-82ec-4213-9cfe-1d7189298173,PlanExe
f9da557e-fb7a-4e90-8afb-714509a8c0e8,Develop Data Integration Strategy,"Develop Data Integration Strategy

Description:
Develop a strategy for integrating data from various sources, including athlete registration systems, testing laboratories, and federation databases. Define data mapping rules and data transformation procedures. Implement data quality checks to ensure data accuracy and consistency.

Resources needed:
• Data Architect
• Data Integration Specialist
• Database Administrator
• Data Analyst",12/7/2025,12/10/2025,0,492bad9f-f9b7-4bea-b6a8-d67b03f8bc22,PlanExe
dbc4a3c1-f082-4a2d-b333-221012fac7e0,Establish Communication and Transparency Strategy,,12/10/2025,12/25/2025,0,492bad9f-f9b7-4bea-b6a8-d67b03f8bc22,PlanExe
94d10219-27d2-4521-b0f1-153173846263,Define Key Communication Objectives,"Define Key Communication Objectives

Description:
Establish clear goals for communication, such as increasing awareness, building trust, or driving behavior change.

Resources needed:
• Communications Officer
• Project Manager
• Stakeholder Representatives",12/10/2025,12/13/2025,0,dbc4a3c1-f082-4a2d-b333-221012fac7e0,PlanExe
7211b174-5f2d-414d-82b1-b0ec5edbd79e,Identify Target Audiences and Their Needs,"Identify Target Audiences and Their Needs

Description:
Determine the specific groups that need to be reached and understand their information needs, communication preferences, and potential concerns.

Resources needed:
• Stakeholder Engagement Team
• Cultural Sensitivity Advisor
• Regional Coordinators",12/13/2025,12/16/2025,0,94d10219-27d2-4521-b0f1-153173846263,PlanExe
1872dddb-3f84-4d55-99e8-7e968f957274,Select Appropriate Communication Channels,"Select Appropriate Communication Channels

Description:
Choose the most effective channels for reaching each target audience, considering factors such as cost, reach, and credibility.

Resources needed:
• Communications Officer
• Marketing Specialist
• IT Support",12/16/2025,12/19/2025,0,7211b174-5f2d-414d-82b1-b0ec5edbd79e,PlanExe
851877ab-4ca4-4a81-9109-60a91a99a929,Develop Communication Materials and Messaging,"Develop Communication Materials and Messaging

Description:
Create clear, concise, and culturally sensitive materials that address the needs and concerns of each target audience.

Resources needed:
• Communications Officer
• Translation Services
• Graphic Designer",12/19/2025,12/22/2025,0,1872dddb-3f84-4d55-99e8-7e968f957274,PlanExe
8dd0f7fd-ef7f-4764-a64a-d6b9160ec634,Establish Feedback Mechanisms and Monitoring,"Establish Feedback Mechanisms and Monitoring

Description:
Implement systems for gathering feedback from stakeholders and monitoring the effectiveness of communication efforts.

Resources needed:
• Stakeholder Engagement Team
• Data Analyst
• Project Manager",12/22/2025,12/25/2025,0,dbc4a3c1-f082-4a2d-b333-221012fac7e0,PlanExe
bd9b667f-9508-4555-a9c5-340a50f735d2,Develop Resource Allocation Strategy,,12/25/2025,1/4/2026,0,dbc4a3c1-f082-4a2d-b333-221012fac7e0,PlanExe
3cb7e4dc-627c-44a8-8219-4fa6861305a1,Define Resource Requirements,"Define Resource Requirements

Description:
Identify all resources (personnel, equipment, software, etc.) needed for the program, specifying quantity and required skills/specifications.

Resources needed:
• Project Manager
• Subject Matter Experts
• Procurement Team",12/25/2025,12/27/2025,0,bd9b667f-9508-4555-a9c5-340a50f735d2,PlanExe
22e8622a-18a4-46df-a33c-ffd233fae6e6,Develop Budget Allocation Plan,"Develop Budget Allocation Plan

Description:
Create a detailed budget outlining how resources will be allocated across different program activities and phases, including contingency funds.

Resources needed:
• Project Manager
• Finance Team
• Budget Analyst",12/27/2025,12/29/2025,0,3cb7e4dc-627c-44a8-8219-4fa6861305a1,PlanExe
77f3dfae-db59-4b80-9da4-53d9c1b7b6a7,Prioritize Resource Needs,"Prioritize Resource Needs

Description:
Rank resource requirements based on criticality and impact on program success, considering potential constraints and dependencies.

Resources needed:
• Project Manager
• Stakeholders
• Subject Matter Experts",12/29/2025,12/31/2025,0,22e8622a-18a4-46df-a33c-ffd233fae6e6,PlanExe
b2df885d-44db-47d4-bbdb-e39cd3018c75,Establish Resource Acquisition Process,"Establish Resource Acquisition Process

Description:
Define the process for acquiring necessary resources, including procurement procedures, vendor selection criteria, and contract negotiation strategies.

Resources needed:
• Procurement Team
• Legal Counsel
• Contract Specialists",12/31/2025,1/2/2026,0,77f3dfae-db59-4b80-9da4-53d9c1b7b6a7,PlanExe
becd698f-0d5d-470d-b73f-aebad7d27975,Create Resource Management Plan,"Create Resource Management Plan

Description:
Document the overall resource management strategy, including roles and responsibilities, communication protocols, and procedures for tracking and managing resource utilization.

Resources needed:
• Project Manager
• Resource Managers
• Communication Team",1/2/2026,1/4/2026,0,bd9b667f-9508-4555-a9c5-340a50f735d2,PlanExe
f0f79804-d41c-486f-920d-278731719d81,Define Testing Methodology Standardization,,1/4/2026,1/16/2026,0,bd9b667f-9508-4555-a9c5-340a50f735d2,PlanExe
0339c519-45aa-42ac-8a33-a8b661860f27,Define Statistical Methods for Testing,"Define Statistical Methods for Testing

Description:
Establish the statistical methods to be used for analyzing testing data, ensuring validity and reliability of results. This includes selecting appropriate statistical tests, defining significance levels, and establishing procedures for handling outliers and missing data.

Resources needed:
• Statistical Experts
• Project Manager
• Data Analyst",1/4/2026,1/7/2026,0,f0f79804-d41c-486f-920d-278731719d81,PlanExe
c142ed79-9281-48aa-ac9d-b8782aacef63,Establish Universal Testing Standards,"Establish Universal Testing Standards

Description:
Define universal testing standards applicable across diverse populations, considering factors such as age, ethnicity, and geographic location. This involves reviewing existing literature, consulting with experts, and conducting pilot studies to refine testing standards.

Resources needed:
• Endocrinologists
• Geneticists
• Medical Professionals
• Project Manager",1/7/2026,1/10/2026,0,0339c519-45aa-42ac-8a33-a8b661860f27,PlanExe
c6f256a4-9fed-48c3-af11-e7f54d7b9bd6,Implement Quality Control Measures,"Implement Quality Control Measures

Description:
Implement rigorous quality control measures to minimize bias in testing procedures, ensuring fairness and accuracy of results. This includes developing standardized protocols for sample collection, handling, and analysis, as well as implementing regular audits and proficiency testing.

Resources needed:
• Lab Technicians
• Quality Control Specialists
• Auditors
• Project Manager",1/10/2026,1/13/2026,0,c142ed79-9281-48aa-ac9d-b8782aacef63,PlanExe
1ced73c0-bbf5-4352-a6ad-3aeacb26c7f2,Develop Testing Protocol Documentation,"Develop Testing Protocol Documentation

Description:
Create comprehensive documentation for all testing protocols, including detailed procedures, equipment specifications, and data analysis methods. This documentation will serve as a reference for testers and administrators, ensuring consistency and transparency in the testing process.

Resources needed:
• Technical Writers
• Subject Matter Experts
• Project Manager",1/13/2026,1/16/2026,0,f0f79804-d41c-486f-920d-278731719d81,PlanExe
a3d515cc-f8df-425b-9e31-db7d2b33855b,Determine Initial Testing Scope,,1/16/2026,1/26/2026,0,f0f79804-d41c-486f-920d-278731719d81,PlanExe
95992e1f-c653-4519-92fb-30a82760d859,Define Athlete Population for Initial Testing,"Define Athlete Population for Initial Testing

Description:
Identify and categorize the athlete population to be included in the initial testing phase, considering factors like sport, region, and risk profile. This involves analyzing athlete registration data and consulting with sports federations.

Resources needed:
• Project Manager
• Data Analyst
• Sports Federation Representatives",1/16/2026,1/18/2026,0,a3d515cc-f8df-425b-9e31-db7d2b33855b,PlanExe
9497f67f-f2e0-4074-9c0a-00af21b42c25,Estimate Prevalence of Biological Markers,"Estimate Prevalence of Biological Markers

Description:
Consult with endocrinologists and geneticists to estimate the prevalence of relevant biological markers in the target athlete population. This involves reviewing existing research and considering factors like age, ethnicity, and training regimen.

Resources needed:
• Endocrinologists
• Geneticists
• Research Scientists",1/18/2026,1/20/2026,0,95992e1f-c653-4519-92fb-30a82760d859,PlanExe
ddd3c00b-6294-4971-8722-2d0c25c5c205,Develop Logistical Plan for Sample Collection,"Develop Logistical Plan for Sample Collection

Description:
Create a detailed logistical plan for sample collection, including procedures for athlete notification, sample collection sites, transportation of samples, and chain of custody. This involves coordinating with sports federations and laboratory personnel.

Resources needed:
• Logistics Coordinator
• Laboratory Personnel
• Sports Federation Representatives",1/20/2026,1/22/2026,0,9497f67f-f2e0-4074-9c0a-00af21b42c25,PlanExe
3efcf3f5-997b-4b10-bbed-2c980c3c3cbb,Determine Sample Analysis Procedures,"Determine Sample Analysis Procedures

Description:
Define the specific sample analysis procedures to be used in the initial testing phase, including the types of tests to be performed, the equipment to be used, and the quality control measures to be implemented. This involves consulting with laboratory personnel and quality assurance specialists.

Resources needed:
• Laboratory Personnel
• Quality Assurance Specialists
• Equipment Specialists",1/22/2026,1/24/2026,0,ddd3c00b-6294-4971-8722-2d0c25c5c205,PlanExe
4b4889be-d57a-4f62-b51b-c06576e75c97,Secure Necessary Approvals for Testing Scope,"Secure Necessary Approvals for Testing Scope

Description:
Obtain all necessary approvals from World Athletics and relevant regulatory bodies for the defined testing scope, including ethical approvals and data privacy clearances. This involves preparing documentation and presenting the testing plan to the appropriate committees.

Resources needed:
• Project Manager
• Legal Counsel
• Regulatory Affairs Specialist",1/24/2026,1/26/2026,0,a3d515cc-f8df-425b-9e31-db7d2b33855b,PlanExe
8d347949-5768-4e62-9688-7aac33de1825,Define Technology Adoption Strategy,,1/26/2026,2/10/2026,0,a3d515cc-f8df-425b-9e31-db7d2b33855b,PlanExe
e8a151b4-5041-484f-b1bc-4090f7673b1c,Assess Federation Technology Infrastructure,"Assess Federation Technology Infrastructure

Description:
Evaluate the existing technology infrastructure of each member federation to determine their readiness for adopting new technologies. This includes assessing hardware, software, network connectivity, and IT support capabilities. The deliverable is a report outlining the technology landscape of each federation.

Resources needed:
• IT Consultants
• Federation Representatives
• Technology Assessment Tools",1/26/2026,1/29/2026,0,8d347949-5768-4e62-9688-7aac33de1825,PlanExe
63f3e302-f632-4146-8f1c-81ad5a0a442d,Identify Technology Integration Challenges,"Identify Technology Integration Challenges

Description:
Analyze potential integration challenges between new technologies and existing data systems within each federation. This includes identifying compatibility issues, data migration requirements, and potential security vulnerabilities. The deliverable is a detailed report outlining integration challenges and proposed solutions.

Resources needed:
• IT Architects
• Data Integration Specialists
• Cybersecurity Experts",1/29/2026,2/1/2026,0,e8a151b4-5041-484f-b1bc-4090f7673b1c,PlanExe
b2c1faab-6944-4aee-9f65-96e09c1bd358,Develop Phased Implementation Plan,"Develop Phased Implementation Plan

Description:
Create a phased implementation plan for rolling out new technologies to member federations. This includes defining implementation timelines, resource allocation, training requirements, and support mechanisms. The deliverable is a detailed implementation plan with clear milestones and deliverables.

Resources needed:
• Project Managers
• Training Specialists
• Implementation Team",2/1/2026,2/4/2026,0,63f3e302-f632-4146-8f1c-81ad5a0a442d,PlanExe
573474bd-b69a-4d46-9da7-a5e96d9d1e8e,Provide Technology Training and Support,"Provide Technology Training and Support

Description:
Develop and deliver comprehensive training programs to member federations on the use of new technologies. This includes creating training materials, conducting workshops, and providing ongoing technical support. The deliverable is a set of training materials and a support plan.

Resources needed:
• Training Specialists
• Technical Support Staff
• Training Facilities",2/4/2026,2/7/2026,0,b2c1faab-6944-4aee-9f65-96e09c1bd358,PlanExe
09e370c6-30f1-4122-bcef-c164b6202313,Conduct Security Testing and Audits,"Conduct Security Testing and Audits

Description:
Perform thorough security testing and audits of new technology platforms to identify and address potential cybersecurity vulnerabilities. This includes penetration testing, vulnerability scanning, and security code reviews. The deliverable is a security audit report with recommendations for remediation.

Resources needed:
• Cybersecurity Experts
• Security Testing Tools
• Auditors",2/7/2026,2/10/2026,0,8d347949-5768-4e62-9688-7aac33de1825,PlanExe
76c427b3-1d1b-42b4-98bb-62e1df9f27d5,Establish Data Security Protocol,,2/10/2026,2/20/2026,0,8d347949-5768-4e62-9688-7aac33de1825,PlanExe
07c2bf29-fb34-4ad2-b3bc-77d677f31185,Identify Data Security Requirements,"Identify Data Security Requirements

Description:
Determine specific data security requirements based on regulations and stakeholder needs. This includes identifying data types, access controls, encryption needs, and compliance standards.

Resources needed:
• Data Protection Officer
• Legal Counsel
• IT Security Team",2/10/2026,2/12/2026,0,76c427b3-1d1b-42b4-98bb-62e1df9f27d5,PlanExe
a7509190-1ba0-447d-9e88-5d57f15207f4,Evaluate Security Technology Options,"Evaluate Security Technology Options

Description:
Research and evaluate various security technologies and solutions that can meet the identified data security requirements. This includes assessing features, costs, compatibility, and vendor reputation.

Resources needed:
• IT Security Team
• System Administrators
• Security Consultants",2/12/2026,2/14/2026,0,07c2bf29-fb34-4ad2-b3bc-77d677f31185,PlanExe
e71ba6d1-d4e1-45a4-98d9-5ff5ff6d5cff,Develop Data Security Protocols,"Develop Data Security Protocols

Description:
Create detailed data security protocols and procedures based on the chosen technologies and requirements. This includes defining access controls, encryption methods, data handling procedures, and incident response plans.

Resources needed:
• Data Protection Officer
• IT Security Team
• Legal Counsel",2/14/2026,2/16/2026,0,a7509190-1ba0-447d-9e88-5d57f15207f4,PlanExe
bf5c735b-bf5c-4fea-8e40-20f8d2d58c1a,Integrate Protocols with Existing Systems,"Integrate Protocols with Existing Systems

Description:
Implement and integrate the developed data security protocols with existing IT systems and infrastructure. This includes configuring security settings, deploying security tools, and testing the effectiveness of the implemented protocols.

Resources needed:
• IT Security Team
• System Administrators
• Database Administrators",2/16/2026,2/18/2026,0,e71ba6d1-d4e1-45a4-98d9-5ff5ff6d5cff,PlanExe
26fc0acb-134a-4075-9b32-3f0ce968af47,Test and Validate Security Protocols,"Test and Validate Security Protocols

Description:
Conduct thorough testing and validation of the implemented data security protocols to ensure their effectiveness and compliance with requirements. This includes penetration testing, vulnerability assessments, and security audits.

Resources needed:
• IT Security Team
• Security Consultants
• Auditors",2/18/2026,2/20/2026,0,76c427b3-1d1b-42b4-98bb-62e1df9f27d5,PlanExe
f37c6947-d6f1-4c3a-bb4f-ec6e71c3f17a,Develop Stakeholder Engagement Model,,2/20/2026,3/7/2026,0,76c427b3-1d1b-42b4-98bb-62e1df9f27d5,PlanExe
99f8d60a-941e-4bc7-b3f7-6714c0e8c704,Identify Key Stakeholder Groups,"Identify Key Stakeholder Groups

Description:
Determine all relevant stakeholder groups (athletes, federations, medical personnel, etc.) and their specific needs and concerns regarding the program.

Resources needed:
• Project Manager
• Stakeholder Engagement Team
• Communication Officer",2/20/2026,2/23/2026,0,f37c6947-d6f1-4c3a-bb4f-ec6e71c3f17a,PlanExe
b677e00a-f442-476f-ac46-922bcce7afb3,Develop Communication Plan Framework,"Develop Communication Plan Framework

Description:
Create a detailed communication plan framework outlining objectives, target audiences, key messages, communication channels, and frequency of communication.

Resources needed:
• Communication Officer
• Project Manager
• Stakeholder Engagement Team",2/23/2026,2/26/2026,0,99f8d60a-941e-4bc7-b3f7-6714c0e8c704,PlanExe
ef3ef496-f8e5-4eb5-a579-acb3b61c5675,Tailor Strategies to Cultural Contexts,"Tailor Strategies to Cultural Contexts

Description:
Adapt communication strategies to account for diverse cultural contexts, language preferences, and communication styles across different federations.

Resources needed:
• Cultural Sensitivity Advisor
• Regional Implementation Coordinators
• Translation Services",2/26/2026,3/1/2026,0,b677e00a-f442-476f-ac46-922bcce7afb3,PlanExe
4353cdd4-6b6a-4300-a243-46546fae1914,Establish Feedback Mechanisms,"Establish Feedback Mechanisms

Description:
Implement feedback mechanisms (surveys, focus groups, online forums) to gather stakeholder input and address concerns proactively.

Resources needed:
• Stakeholder Engagement Team
• Communication Officer
• Data Analyst",3/1/2026,3/4/2026,0,ef3ef496-f8e5-4eb5-a579-acb3b61c5675,PlanExe
7649a9bb-6c61-451b-ace2-4dfb4978c707,Implement and Monitor Communication Plan,"Implement and Monitor Communication Plan

Description:
Execute the communication plan, track its effectiveness, and make adjustments as needed based on stakeholder feedback and program progress.

Resources needed:
• Communication Officer
• Project Manager
• Stakeholder Engagement Team
• Regional Implementation Coordinators",3/4/2026,3/7/2026,0,f37c6947-d6f1-4c3a-bb4f-ec6e71c3f17a,PlanExe
15a79104-cb2a-4c44-9fb2-055635a716c0,Design Appeals Process,,3/7/2026,3/27/2026,0,8d61a53d-4c83-460b-b2d0-e0b8425b1fcf,PlanExe
c9b2efdd-035d-4781-9053-4f60bda3a4a6,Define Appeals Process Scope and Requirements,"Define Appeals Process Scope and Requirements

Description:
Clearly define the scope of the appeals process, including the types of decisions that can be appealed, eligibility criteria for filing an appeal, and the overall objectives of the process. Identify all relevant legal and regulatory requirements, including GDPR compliance and alignment with World Athletics regulations.

Resources needed:
• Legal Counsel
• Project Manager
• Athlete Representatives",3/7/2026,3/11/2026,0,15a79104-cb2a-4c44-9fb2-055635a716c0,PlanExe
5700804e-6ecf-43b5-8cfc-7f205459201f,Design Appeals Process Workflow (1),"Design Appeals Process Workflow

Description:
Develop a detailed workflow for the appeals process, outlining each step from initial filing to final decision. This includes defining timelines for each step, identifying responsible parties, and establishing clear communication channels. Consider different scenarios and potential complexities that may arise during the appeals process.

Resources needed:
• Process Engineer
• Legal Counsel
• IT Security Team",3/11/2026,3/15/2026,0,c9b2efdd-035d-4781-9053-4f60bda3a4a6,PlanExe
e34c2d46-7b39-4e18-8460-ae54623c5c12,Establish Appeals Panel Selection Criteria,"Establish Appeals Panel Selection Criteria

Description:
Define clear and objective criteria for selecting members of the appeals panel, ensuring independence, impartiality, and relevant expertise. Consider factors such as legal qualifications, sports administration experience, and medical knowledge. Establish a process for vetting and appointing panel members.

Resources needed:
• Legal Counsel
• Ethics Officer
• Sports Governance Expert",3/15/2026,3/19/2026,0,5700804e-6ecf-43b5-8cfc-7f205459201f,PlanExe
b928688c-afd5-47cd-b415-966664196105,Develop Appeals Process Documentation,"Develop Appeals Process Documentation

Description:
Create comprehensive documentation for the appeals process, including guidelines for filing an appeal, rules of procedure for hearings, and templates for decision notices. Ensure that all documentation is clear, concise, and accessible to athletes and other stakeholders. Translate documentation into multiple languages as needed.

Resources needed:
• Technical Writer
• Legal Counsel
• Translation Services",3/19/2026,3/23/2026,0,e34c2d46-7b39-4e18-8460-ae54623c5c12,PlanExe
58325ca7-6774-42aa-aae4-0e42263bce8b,Implement Appeals Process Infrastructure,"Implement Appeals Process Infrastructure

Description:
Set up the necessary infrastructure to support the appeals process, including a secure online portal for filing appeals, a system for managing documents and evidence, and facilities for conducting hearings. Ensure that the infrastructure is user-friendly, reliable, and compliant with data privacy regulations.

Resources needed:
• IT Security Team
• System Administrators
• Project Manager",3/23/2026,3/27/2026,0,15a79104-cb2a-4c44-9fb2-055635a716c0,PlanExe
62e83bc9-a787-4237-bef2-6ecf7bf712bf,Program Implementation,,3/27/2026,12/18/2026,0,8d61a53d-4c83-460b-b2d0-e0b8425b1fcf,PlanExe
9960f14d-3942-4198-98e4-7db596b676df,Develop Testing Protocols and Procedures,,3/27/2026,4/16/2026,0,62e83bc9-a787-4237-bef2-6ecf7bf712bf,PlanExe
9a11241f-3cab-477d-ae45-2932829de2cb,Research existing testing protocols,"Research existing testing protocols

Description:
Objective: Identify and analyze existing testing protocols relevant to biological verification in sports. Scope: Review scientific literature, World Athletics guidelines, and protocols used by other sports organizations. Steps: Literature search, document review, comparative analysis. Deliverables: Report summarizing existing protocols and their strengths/weaknesses.

Resources needed:
• Endocrinologists
• Sports scientists
• Research assistants",3/27/2026,3/31/2026,0,9960f14d-3942-4198-98e4-7db596b676df,PlanExe
ff2c0fbd-7410-4ce0-86b9-827cf86e3318,Define specific testing parameters,"Define specific testing parameters

Description:
Objective: Determine the specific biological markers and testing parameters to be included in the new protocol. Scope: Hormonal analysis, genetic screening, and physical examinations. Steps: Consult with experts, review scientific evidence, consider ethical implications. Deliverables: List of testing parameters with justification.

Resources needed:
• Endocrinologists
• Geneticists
• Legal counsel
• Ethicists",3/31/2026,4/4/2026,0,9a11241f-3cab-477d-ae45-2932829de2cb,PlanExe
687115b0-728b-4570-bd45-78055d0fd507,Draft initial testing protocol document,"Draft initial testing protocol document

Description:
Objective: Create a comprehensive document outlining the testing protocol. Scope: Sample collection, handling, analysis, and reporting procedures. Steps: Write detailed procedures, create flowcharts, incorporate feedback from stakeholders. Deliverables: Draft testing protocol document.

Resources needed:
• Project manager
• Medical writers
• Lab technicians",4/4/2026,4/8/2026,0,ff2c0fbd-7410-4ce0-86b9-827cf86e3318,PlanExe
9fac7149-8adf-4b08-b8a5-da4ca71b3459,Review and revise draft protocol,"Review and revise draft protocol

Description:
Objective: Ensure the accuracy, clarity, and feasibility of the testing protocol. Scope: Internal review, external expert review, legal review. Steps: Distribute draft protocol, collect feedback, revise based on feedback. Deliverables: Revised testing protocol document.

Resources needed:
• Endocrinologists
• Legal counsel
• Athletes representatives",4/8/2026,4/12/2026,0,687115b0-728b-4570-bd45-78055d0fd507,PlanExe
4d3f9da1-2af7-4f0c-af54-b28dd69fca87,Finalize testing protocols and procedures,"Finalize testing protocols and procedures

Description:
Objective: Produce the final, approved testing protocol document. Scope: Incorporate all feedback, obtain necessary approvals, prepare for dissemination. Steps: Final revisions, obtain approvals, format document. Deliverables: Final testing protocol document.

Resources needed:
• Project manager
• World Athletics representatives
• Legal counsel",4/12/2026,4/16/2026,0,9960f14d-3942-4198-98e4-7db596b676df,PlanExe
bb892d31-04f0-4c7d-9ee2-e545628baf9f,Establish Data Management System,,4/16/2026,5/11/2026,0,9960f14d-3942-4198-98e4-7db596b676df,PlanExe
c635d860-67ce-4dc1-aebe-a52135551d21,Define Data Requirements and Schema,"Define Data Requirements and Schema

Description:
Establish the specific data elements required for the Biological Verification Program, including athlete information, test results, and compliance data. Design the database schema to accommodate these data elements, ensuring data integrity and consistency.

Resources needed:
• Data Architect
• Database Administrator
• Endocrinologist
• Legal Counsel",4/16/2026,4/21/2026,0,bb892d31-04f0-4c7d-9ee2-e545628baf9f,PlanExe
f15c27af-efff-40c3-80e3-a105b17a983e,Select Database Technology and Vendor,"Select Database Technology and Vendor

Description:
Evaluate different database technologies (e.g., relational, NoSQL) and vendors based on factors such as scalability, security, GDPR compliance, and cost. Select the technology and vendor that best meet the program's requirements.

Resources needed:
• IT Security Team
• Database Administrator
• Procurement Officer
• Legal Counsel",4/21/2026,4/26/2026,0,c635d860-67ce-4dc1-aebe-a52135551d21,PlanExe
aa388766-06b9-4278-9410-3452bc23c761,Develop Data Integration Interfaces,"Develop Data Integration Interfaces

Description:
Design and develop interfaces to integrate the data management system with existing World Athletics systems and external data sources (e.g., testing laboratories, member federations). Ensure data is transferred securely and accurately.

Resources needed:
• Software Developers
• Data Integration Specialists
• IT Security Team
• System Administrators",4/26/2026,5/1/2026,0,f15c27af-efff-40c3-80e3-a105b17a983e,PlanExe
f9874a72-1317-49eb-9f15-2f6aeadefd37,Implement Data Security Measures,"Implement Data Security Measures

Description:
Implement robust security measures to protect sensitive athlete data, including encryption, access controls, and audit logging. Ensure compliance with GDPR and other relevant data privacy regulations.

Resources needed:
• IT Security Team
• Database Administrator
• Data Protection Officer
• Legal Counsel",5/1/2026,5/6/2026,0,aa388766-06b9-4278-9410-3452bc23c761,PlanExe
136bd0aa-f141-45f6-9bae-43996ccfa704,Test and Validate Data Management System,"Test and Validate Data Management System

Description:
Conduct thorough testing and validation of the data management system to ensure data accuracy, integrity, and security. Perform user acceptance testing to ensure the system meets the needs of end-users.

Resources needed:
• Quality Assurance Testers
• Database Administrator
• End-Users
• Project Manager",5/6/2026,5/11/2026,0,bb892d31-04f0-4c7d-9ee2-e545628baf9f,PlanExe
fe46753a-84ce-4422-9195-cc22213a2a93,Procure Testing Equipment and Supplies,,5/11/2026,6/25/2026,0,bb892d31-04f0-4c7d-9ee2-e545628baf9f,PlanExe
d10d3e4d-3f4a-4830-b11c-d2a0110016f4,Define Equipment Specifications,"Define Equipment Specifications

Description:
Establish detailed technical specifications for all required testing equipment and supplies, including hormonal analysis kits, genetic screening kits, and physical examination equipment. This includes performance criteria, quality standards, and compatibility requirements.

Resources needed:
• Certified Endocrinologists
• Technicians
• Project Manager",5/11/2026,5/20/2026,0,fe46753a-84ce-4422-9195-cc22213a2a93,PlanExe
c2e562c2-7a92-441c-ad13-80f74a703bd9,Identify Potential Suppliers,"Identify Potential Suppliers

Description:
Research and identify potential suppliers for testing equipment and supplies. This involves evaluating supplier reputation, product quality, pricing, delivery timelines, and compliance with relevant regulations (e.g., ISO standards).

Resources needed:
• Procurement Specialist
• Technicians
• Legal Counsel",5/20/2026,5/29/2026,0,d10d3e4d-3f4a-4830-b11c-d2a0110016f4,PlanExe
39785108-7876-426a-9531-800cd5df32c1,Evaluate Supplier Proposals,"Evaluate Supplier Proposals

Description:
Evaluate proposals from potential suppliers based on predefined criteria, including technical specifications, pricing, delivery timelines, and supplier reputation. Conduct due diligence to assess supplier financial stability and compliance with ethical standards.

Resources needed:
• Procurement Specialist
• Certified Endocrinologists
• Technicians
• Legal Counsel",5/29/2026,6/7/2026,0,c2e562c2-7a92-441c-ad13-80f74a703bd9,PlanExe
7f5f0bed-4350-490d-ba49-2a8062f83a54,Negotiate Contracts and Agreements,"Negotiate Contracts and Agreements

Description:
Negotiate contracts and agreements with selected suppliers, ensuring favorable terms and conditions, including pricing, delivery schedules, warranty provisions, and intellectual property rights. Ensure compliance with legal and regulatory requirements.

Resources needed:
• Procurement Specialist
• Legal Counsel
• Project Manager",6/7/2026,6/16/2026,0,39785108-7876-426a-9531-800cd5df32c1,PlanExe
e8dbc0ba-fa16-4183-8be3-a8d2ea662d59,Manage Logistics and Delivery,"Manage Logistics and Delivery

Description:
Coordinate logistics and delivery of testing equipment and supplies to designated locations, ensuring proper handling, storage, and security. Track shipments and resolve any delivery issues promptly. Verify receipt and inspect equipment for damage or defects.

Resources needed:
• Logistics Coordinator
• Sample Personnel
• Technicians",6/16/2026,6/25/2026,0,fe46753a-84ce-4422-9195-cc22213a2a93,PlanExe
a3cc93d3-f9b8-4f0d-a906-8049c22c80c1,"Train Personnel (Testers, Administrators, etc.)",,6/25/2026,7/20/2026,0,fe46753a-84ce-4422-9195-cc22213a2a93,PlanExe
af06ac5e-94fc-4149-bb6f-7d595b67c81e,Develop Training Materials,"Develop Training Materials

Description:
Create comprehensive training manuals, presentations, and online modules covering all aspects of the Biological Verification Program, including testing protocols, data management, and ethical considerations. Ensure materials are culturally sensitive and available in multiple languages.

Resources needed:
• Training Specialists
• Subject Matter Experts
• Translation Services
• Graphic Designers",6/25/2026,6/30/2026,0,a3cc93d3-f9b8-4f0d-a906-8049c22c80c1,PlanExe
e8efccbf-c3f8-4883-902e-f44f2de1e914,Schedule Training Sessions,"Schedule Training Sessions

Description:
Coordinate training sessions for testers, administrators, and other relevant personnel across all 214 member federations. Consider time zone differences, language barriers, and logistical constraints when scheduling sessions. Offer both in-person and online training options.

Resources needed:
• Training Coordinators
• Logistics Personnel
• Communication Team
• IT Support",6/30/2026,7/5/2026,0,af06ac5e-94fc-4149-bb6f-7d595b67c81e,PlanExe
28dbf3ae-bba9-48ad-9170-9d64235fefef,Conduct Training Sessions,"Conduct Training Sessions

Description:
Deliver engaging and informative training sessions using a variety of methods, including lectures, demonstrations, and hands-on exercises. Ensure that all participants have a clear understanding of their roles and responsibilities in the Biological Verification Program.

Resources needed:
• Trainers
• Subject Matter Experts
• Training Facilities
• Training Equipment",7/5/2026,7/10/2026,0,e8efccbf-c3f8-4883-902e-f44f2de1e914,PlanExe
e6f21f8c-10ed-46c9-bf25-edfce7d5cb38,Assess Training Effectiveness,"Assess Training Effectiveness

Description:
Evaluate the effectiveness of the training program through quizzes, surveys, and practical assessments. Identify areas where participants may need additional support or training. Use feedback to improve the training program over time.

Resources needed:
• Assessment Specialists
• Data Analysts
• Training Specialists
• Feedback Collection Tools",7/10/2026,7/15/2026,0,28dbf3ae-bba9-48ad-9170-9d64235fefef,PlanExe
e962ae43-0617-4696-9536-469c261f8186,Certify Trained Personnel,"Certify Trained Personnel

Description:
Establish a certification process to ensure that all trained personnel meet the required standards of competence. Issue certificates to those who successfully complete the training program and pass the certification exam. Maintain a database of certified personnel.

Resources needed:
• Certification Board
• Database Administrators
• Legal Counsel
• Administrative Staff",7/15/2026,7/20/2026,0,a3cc93d3-f9b8-4f0d-a906-8049c22c80c1,PlanExe
68928e07-7087-4b40-b108-cb2ce22450ef,Conduct Initial Testing Phase,,7/20/2026,10/4/2026,0,a3cc93d3-f9b8-4f0d-a906-8049c22c80c1,PlanExe
6f8a59d7-da00-44bd-8f5c-889e51e4fa7a,Recruit Athletes for Initial Testing,"Recruit Athletes for Initial Testing

Description:
Objective: Secure a representative sample of athletes for the initial testing phase.
Scope: Develop and execute a recruitment strategy targeting athletes across various demographics and performance levels.
Steps: Define inclusion/exclusion criteria, contact federations, manage consent forms, schedule appointments.
Deliverables: A cohort of athletes ready for testing.

Resources needed:
• Recruitment Coordinator
• Federation Liaisons
• Medical Personnel
• Communication Team",7/20/2026,8/8/2026,0,68928e07-7087-4b40-b108-cb2ce22450ef,PlanExe
d589eb85-be23-471b-b095-33d394e95429,Prepare Testing Sites and Logistics,"Prepare Testing Sites and Logistics

Description:
Objective: Ensure testing sites are properly equipped and logistical arrangements are in place.
Scope: Prepare testing locations, manage equipment setup, coordinate transportation and accommodation for athletes.
Steps: Inspect sites, install equipment, arrange transportation, confirm accommodation bookings.
Deliverables: Fully functional testing sites with logistical support.

Resources needed:
• Logistics Coordinator
• Technicians
• Transportation Staff
• Accommodation Staff",8/8/2026,8/27/2026,0,6f8a59d7-da00-44bd-8f5c-889e51e4fa7a,PlanExe
dcad4c1d-d331-4d58-ac8f-85008ec9645f,Conduct Pilot Testing and Refine Protocols,"Conduct Pilot Testing and Refine Protocols

Description:
Objective: Validate testing protocols and identify areas for improvement.
Scope: Conduct pilot tests with a small group of athletes, analyze results, and refine protocols.
Steps: Execute pilot tests, collect data, analyze results, revise protocols.
Deliverables: Refined testing protocols ready for full-scale implementation.

Resources needed:
• Medical Personnel
• Data Analysts
• Testing Staff
• Statistical Experts",8/27/2026,9/15/2026,0,d589eb85-be23-471b-b095-33d394e95429,PlanExe
8d5a3ecf-a59f-4cfd-9d13-89764b4ca08f,Manage Athlete Data and Privacy,"Manage Athlete Data and Privacy

Description:
Objective: Ensure secure and compliant management of athlete data.
Scope: Implement data security protocols, manage data storage, and ensure compliance with privacy regulations.
Steps: Implement security measures, manage data access, ensure GDPR compliance, anonymize data.
Deliverables: Secure and compliant data management system.

Resources needed:
• Data Security Personnel
• IT Support
• Legal Counsel
• Data Protection Officer",9/15/2026,10/4/2026,0,68928e07-7087-4b40-b108-cb2ce22450ef,PlanExe
eaa6df1b-0c5f-4acb-94d4-d164a08ab8ed,Implement Communication Plan,,10/4/2026,11/3/2026,0,68928e07-7087-4b40-b108-cb2ce22450ef,PlanExe
13291724-b7a5-4a67-b939-c014056625ee,Develop Communication Infrastructure,"Develop Communication Infrastructure

Description:
Establish the necessary technological and logistical infrastructure for effective communication with all stakeholders, including federations, athletes, and the public. This includes setting up communication platforms, establishing protocols for information dissemination, and ensuring accessibility for all stakeholders.

Resources needed:
• IT Specialists
• Communication Specialists
• Project Manager",10/4/2026,10/10/2026,0,eaa6df1b-0c5f-4acb-94d4-d164a08ab8ed,PlanExe
012fdfb5-3af0-408a-9805-618b58e27fef,Create Communication Guidelines and Templates,"Create Communication Guidelines and Templates

Description:
Develop clear and concise communication guidelines and templates for various scenarios, such as disseminating test results, announcing policy changes, and addressing athlete concerns. These guidelines should ensure consistency, accuracy, and cultural sensitivity in all communications.

Resources needed:
• Communication Specialists
• Legal Counsel
• Cultural Sensitivity Advisor",10/10/2026,10/16/2026,0,13291724-b7a5-4a67-b939-c014056625ee,PlanExe
418e4dfd-4acd-4822-99bb-edb924173b77,Train Federation Representatives,"Train Federation Representatives

Description:
Provide comprehensive training to federation representatives on the communication plan, including how to use the communication infrastructure, adhere to the communication guidelines, and address stakeholder inquiries effectively. This training should be tailored to the specific needs and capabilities of each federation.

Resources needed:
• Training Specialists
• Communication Specialists
• Regional Implementation Coordinators",10/16/2026,10/22/2026,0,012fdfb5-3af0-408a-9805-618b58e27fef,PlanExe
4a934bf8-99f3-4a84-a64b-6e825996de02,Establish Communication Channels,"Establish Communication Channels

Description:
Establish multiple communication channels to ensure effective information dissemination, including email, online portals, social media, and traditional media outlets. These channels should be accessible to all stakeholders, regardless of their location or technological capabilities.

Resources needed:
• IT Specialists
• Communication Specialists
• Web Developers",10/22/2026,10/28/2026,0,418e4dfd-4acd-4822-99bb-edb924173b77,PlanExe
7aa380fa-0410-48e3-a1e2-d57b08041697,Monitor Communication Effectiveness,"Monitor Communication Effectiveness

Description:
Monitor the effectiveness of the communication plan by tracking key metrics, such as message reach, engagement rates, and stakeholder feedback. This monitoring should identify areas for improvement and inform adjustments to the communication strategy.

Resources needed:
• Data Analysts
• Communication Specialists
• Project Manager",10/28/2026,11/3/2026,0,eaa6df1b-0c5f-4acb-94d4-d164a08ab8ed,PlanExe
16596f8c-e320-4a05-bfcd-e8151bc78e4f,Establish Appeals Process Infrastructure,,11/3/2026,12/18/2026,0,62e83bc9-a787-4237-bef2-6ecf7bf712bf,PlanExe
08cf414b-085c-4052-93bf-2e221ac0c16c,Design appeals process workflow (2),"Design appeals process workflow

Description:
Define the steps involved in the appeals process, from initial submission to final resolution.  This includes outlining timelines, responsibilities, and decision-making authorities at each stage.  Deliverable: Documented appeals process workflow.

Resources needed:
• Legal Counsel
• Project Manager
• Stakeholder Representatives",11/3/2026,11/12/2026,0,16596f8c-e320-4a05-bfcd-e8151bc78e4f,PlanExe
67abc6d6-0722-4160-9002-4bea2a5432db,Select appeals panel members,"Select appeals panel members

Description:
Establish criteria for selecting impartial and qualified individuals to serve on the appeals panel.  Identify potential candidates and secure their commitment to participate.  Deliverable: List of confirmed appeals panel members.

Resources needed:
• Legal Counsel
• Project Manager
• World Athletics Representatives",11/12/2026,11/21/2026,0,08cf414b-085c-4052-93bf-2e221ac0c16c,PlanExe
095484e0-9e2f-4361-a73c-7342f37e7280,Develop appeals submission portal,"Develop appeals submission portal

Description:
Create a secure online portal for athletes to submit appeals and track their progress.  Ensure the portal is user-friendly and accessible in multiple languages.  Deliverable: Functional appeals submission portal.

Resources needed:
• IT Security Team
• System Administrators
• Software Developers
• Data Security Personnel",11/21/2026,11/30/2026,0,67abc6d6-0722-4160-9002-4bea2a5432db,PlanExe
9c90cd08-feb2-4bf2-8545-9a2db44e9963,Establish appeals process guidelines,"Establish appeals process guidelines

Description:
Develop clear and concise guidelines for athletes and federations regarding the appeals process.  These guidelines should cover eligibility criteria, submission requirements, and decision-making procedures. Deliverable: Documented appeals process guidelines.

Resources needed:
• Legal Counsel
• Project Manager
• Communications Officer",11/30/2026,12/9/2026,0,095484e0-9e2f-4361-a73c-7342f37e7280,PlanExe
a5c92483-7da5-4727-aba4-bd67d9245fca,Test appeals process infrastructure,"Test appeals process infrastructure

Description:
Conduct thorough testing of the appeals process infrastructure, including the online portal, communication channels, and decision-making procedures.  Identify and resolve any technical or procedural issues. Deliverable: Tested and validated appeals process infrastructure.

Resources needed:
• IT Security Team
• System Administrators
• Project Manager
• Legal Counsel",12/9/2026,12/18/2026,0,16596f8c-e320-4a05-bfcd-e8151bc78e4f,PlanExe
f8dd78eb-3162-4244-8fa5-275798b6415f,Data Collection and Validation,,12/18/2026,4/21/2027,0,62e83bc9-a787-4237-bef2-6ecf7bf712bf,PlanExe
4c1bb783-0427-4cef-ba04-b86a5f976329,Collect Federation Implementation Data,,12/18/2026,1/17/2027,0,f8dd78eb-3162-4244-8fa5-275798b6415f,PlanExe
c1ae7451-4248-47ef-917e-24a01654fa61,Design Federation Data Collection Template,"Design Federation Data Collection Template

Description:
Develop a standardized template for federations to report implementation data, ensuring consistency and completeness. This includes defining data fields, units of measurement, and reporting frequency.

Resources needed:
• Project Manager
• Data Analyst
• Stakeholder Engagement Team",12/18/2026,12/24/2026,0,4c1bb783-0427-4cef-ba04-b86a5f976329,PlanExe
5c006d07-092c-4b71-b477-1d59dd393cc3,Distribute Template and Guidelines to Federations,"Distribute Template and Guidelines to Federations

Description:
Disseminate the data collection template and accompanying guidelines to all 214 member federations. This includes providing clear instructions on how to complete the template and submit the data.

Resources needed:
• Stakeholder Engagement Team
• Regional Implementation Coordinators
• Communications Officer",12/24/2026,12/30/2026,0,c1ae7451-4248-47ef-917e-24a01654fa61,PlanExe
fe185ef1-6df5-424b-a941-c0cea1670557,Provide Training and Support to Federations,"Provide Training and Support to Federations

Description:
Offer training sessions and ongoing support to federations to ensure they understand the data collection requirements and can accurately complete the template. This includes addressing questions, providing technical assistance, and offering translation services.

Resources needed:
• Stakeholder Engagement Team
• Regional Implementation Coordinators
• Technical Support Staff",12/30/2026,1/5/2027,0,5c006d07-092c-4b71-b477-1d59dd393cc3,PlanExe
62f2b08a-4def-4173-97ef-138b90452e78,Collect and Track Data Submissions,"Collect and Track Data Submissions

Description:
Establish a system for collecting and tracking data submissions from federations. This includes monitoring submission deadlines, following up on outstanding data requests, and ensuring data quality.

Resources needed:
• Data Analyst
• Project Manager
• Administrative Support Staff",1/5/2027,1/11/2027,0,fe185ef1-6df5-424b-a941-c0cea1670557,PlanExe
a22f2d74-71e3-447d-abf2-cf8e78ef9713,Validate and Verify Received Data,"Validate and Verify Received Data

Description:
Implement a process for validating and verifying the data received from federations. This includes checking for completeness, accuracy, and consistency, and following up with federations to resolve any discrepancies.

Resources needed:
• Data Analyst
• Project Manager
• Regional Implementation Coordinators",1/11/2027,1/17/2027,0,4c1bb783-0427-4cef-ba04-b86a5f976329,PlanExe
6285c1f1-de90-459c-87a7-fde468ef2ba9,Gather Federation Feedback,,1/17/2027,2/10/2027,0,4c1bb783-0427-4cef-ba04-b86a5f976329,PlanExe
2dca9c64-fadf-4825-9b5d-d4744fabb555,Design Federation Feedback Survey,"Design Federation Feedback Survey

Description:
Develop a comprehensive survey to gather feedback from all 214 member federations regarding the Biological Verification Program. The survey should cover various aspects, including implementation challenges, perceived benefits, cultural sensitivity, and data security concerns. Ensure the survey is available in multiple languages and is easy to understand.

Resources needed:
• Stakeholder Engagement Team
• Survey Design Specialist
• Translation Services",1/17/2027,1/23/2027,0,6285c1f1-de90-459c-87a7-fde468ef2ba9,PlanExe
3b3281d8-160f-48cf-8a22-ce73f0ac3500,Conduct Interviews with Federation Representatives,"Conduct Interviews with Federation Representatives

Description:
Conduct in-depth interviews with key representatives from a representative sample of member federations to gather qualitative feedback on their experiences with the Biological Verification Program. The interviews should explore their perspectives on the program's effectiveness, fairness, and cultural appropriateness. Ensure the interviewers are trained in active listening and cultural sensitivity.

Resources needed:
• Stakeholder Engagement Team
• Regional Implementation Coordinators
• Cultural Sensitivity Advisor",1/23/2027,1/29/2027,0,2dca9c64-fadf-4825-9b5d-d4744fabb555,PlanExe
e315cf77-97d9-450a-9851-82d1e170f81d,Analyze Survey and Interview Data,"Analyze Survey and Interview Data

Description:
Analyze the data collected from the federation feedback survey and interviews to identify key themes, trends, and areas for improvement. The analysis should be conducted using appropriate statistical and qualitative methods. Pay particular attention to identifying any significant differences in feedback across different regions or cultural groups.

Resources needed:
• Data Analyst
• Statistical Software
• Qualitative Data Analysis Software",1/29/2027,2/4/2027,0,3b3281d8-160f-48cf-8a22-ce73f0ac3500,PlanExe
737c9147-a7b8-4898-ba79-a556fcb20c46,Prepare Feedback Report and Recommendations,"Prepare Feedback Report and Recommendations

Description:
Prepare a comprehensive report summarizing the key findings from the federation feedback survey and interviews. The report should include specific recommendations for improving the Biological Verification Program based on the feedback received. Ensure the report is clear, concise, and actionable.

Resources needed:
• Data Analyst
• Stakeholder Engagement Team
• Report Writer",2/4/2027,2/10/2027,0,6285c1f1-de90-459c-87a7-fde468ef2ba9,PlanExe
f3c4e522-b001-43f9-b260-fcfcfed4f2d4,Assess Cultural Norms and Communication Preferences,,2/10/2027,3/7/2027,0,6285c1f1-de90-459c-87a7-fde468ef2ba9,PlanExe
b7e3c94e-fb81-46e8-86d8-819f09d20249,Research cultural norms per federation,"Research cultural norms per federation

Description:
Objective: Identify key cultural norms related to privacy, gender, and medical testing in each of the 214 member federations.
Scope: This includes researching existing literature, conducting surveys, and interviewing local experts.
Steps: 1. Develop a research protocol. 2. Identify relevant sources of information. 3. Collect and analyze data. 4. Document findings.
Deliverables: A report summarizing cultural norms for each federation.

Resources needed:
• Cultural anthropologists
• Sociologists
• Survey specialists
• Translation services",2/10/2027,2/15/2027,0,f3c4e522-b001-43f9-b260-fcfcfed4f2d4,PlanExe
ac3038d1-bdb3-4c11-9e59-746bb3807bfc,Identify preferred communication channels,"Identify preferred communication channels

Description:
Objective: Determine the most effective communication channels and styles for reaching athletes and federation officials in each region.
Scope: This includes identifying preferred languages, communication platforms, and communication styles.
Steps: 1. Conduct surveys and interviews. 2. Analyze communication patterns. 3. Identify preferred channels. 4. Document findings.
Deliverables: A report outlining preferred communication channels for each federation.

Resources needed:
• Communication specialists
• Survey specialists
• Translation services
• Local community leaders",2/15/2027,2/20/2027,0,b7e3c94e-fb81-46e8-86d8-819f09d20249,PlanExe
26bf12f4-03e9-428e-906a-4c4c99454ea9,Develop culturally appropriate materials,"Develop culturally appropriate materials

Description:
Objective: Create program materials that are culturally sensitive and appropriate for each region.
Scope: This includes translating materials into relevant languages, adapting content to local cultural norms, and ensuring that visuals are culturally appropriate.
Steps: 1. Translate program materials. 2. Adapt content to local cultural norms. 3. Review materials with local experts. 4. Finalize materials.
Deliverables: Translated and culturally adapted program materials.

Resources needed:
• Translation services
• Cultural consultants
• Graphic designers
• Communication specialists",2/20/2027,2/25/2027,0,ac3038d1-bdb3-4c11-9e59-746bb3807bfc,PlanExe
087be703-3846-4935-a92f-53ab87a8d2ac,Establish local advisory boards,"Establish local advisory boards

Description:
Objective: Establish local advisory boards in each region to provide guidance on cultural sensitivity and program implementation.
Scope: This includes identifying and recruiting board members, organizing meetings, and incorporating feedback into program design.
Steps: 1. Identify potential board members. 2. Recruit board members. 3. Organize meetings. 4. Incorporate feedback.
Deliverables: Established local advisory boards and documented feedback.

Resources needed:
• Regional implementation coordinators
• Local community leaders
• Stakeholder engagement team",2/25/2027,3/2/2027,0,26bf12f4-03e9-428e-906a-4c4c99454ea9,PlanExe
e4af667e-454e-464b-bff4-7f8997335af4,Monitor complaints related to insensitivity,"Monitor complaints related to insensitivity

Description:
Objective: Establish a system for monitoring and addressing complaints related to cultural insensitivity.
Scope: This includes developing a complaint reporting mechanism, investigating complaints, and implementing corrective actions.
Steps: 1. Develop a complaint reporting mechanism. 2. Investigate complaints. 3. Implement corrective actions. 4. Track and analyze complaints.
Deliverables: A system for monitoring and addressing complaints and a report summarizing complaint trends.

Resources needed:
• Legal counsel
• Stakeholder engagement team
• Regional implementation coordinators",3/2/2027,3/7/2027,0,f3c4e522-b001-43f9-b260-fcfcfed4f2d4,PlanExe
c2134418-e64a-4a16-bde2-deed14327edd,Validate Data Security Incident Response Plan,,3/7/2027,3/17/2027,0,f3c4e522-b001-43f9-b260-fcfcfed4f2d4,PlanExe
26626705-e68a-4f18-a6ac-5fe4da0ab8bb,Review federation incident response plans,"Review federation incident response plans

Description:
Objective: Review submitted data security incident response plans from each federation.
Scope: Ensure plans align with GDPR and World Athletics security standards.
Steps: 1. Collect plans. 2. Review for completeness. 3. Assess compliance.
Deliverables: List of plans needing revision.

Resources needed:
• Data Protection Officer
• IT Security Team
• Legal Counsel",3/7/2027,3/9/2027,0,c2134418-e64a-4a16-bde2-deed14327edd,PlanExe
9ff95a06-4917-4681-a117-5cdbe683a263,Simulate data breach scenarios,"Simulate data breach scenarios

Description:
Objective: Simulate data breach scenarios to test federation response plans.
Scope: Conduct tabletop exercises and penetration testing.
Steps: 1. Design scenarios. 2. Execute simulations. 3. Document results.
Deliverables: Simulation reports for each federation.

Resources needed:
• IT Security Team
• Cybersecurity Experts",3/9/2027,3/11/2027,0,26626705-e68a-4f18-a6ac-5fe4da0ab8bb,PlanExe
3e3e8872-8a0f-4b6a-9620-f91827caaf80,Identify plan weaknesses and gaps,"Identify plan weaknesses and gaps

Description:
Objective: Identify weaknesses and gaps in federation incident response plans.
Scope: Analyze simulation results and plan reviews.
Steps: 1. Analyze reports. 2. Identify common issues. 3. Document findings.
Deliverables: Report on common weaknesses and gaps.

Resources needed:
• Data Protection Officer
• IT Security Team",3/11/2027,3/13/2027,0,9ff95a06-4917-4681-a117-5cdbe683a263,PlanExe
cb91f32f-b133-4d5e-ac08-14b182c293a5,Provide feedback and recommendations,"Provide feedback and recommendations

Description:
Objective: Provide feedback and recommendations to federations for plan improvement.
Scope: Develop tailored recommendations based on identified weaknesses.
Steps: 1. Create feedback reports. 2. Distribute reports. 3. Offer support.
Deliverables: Individualized feedback reports for each federation.

Resources needed:
• Data Protection Officer
• IT Security Team
• Regional Implementation Coordinators",3/13/2027,3/15/2027,0,3e3e8872-8a0f-4b6a-9620-f91827caaf80,PlanExe
934517d7-b3f8-4ec4-a9cd-5e7f1e8f1407,Track plan revisions and improvements,"Track plan revisions and improvements

Description:
Objective: Track revisions and improvements made by federations to their incident response plans.
Scope: Monitor progress and ensure compliance with recommendations.
Steps: 1. Collect revised plans. 2. Review revisions. 3. Track progress.
Deliverables: Updated plans and progress report.

Resources needed:
• Data Protection Officer
• Project Manager",3/15/2027,3/17/2027,0,c2134418-e64a-4a16-bde2-deed14327edd,PlanExe
7c16cbf7-9a04-435a-814a-4ef80e609283,Analyze Data and Identify Trends (1),Analyze Data and Identify Trends,3/17/2027,4/6/2027,0,c2134418-e64a-4a16-bde2-deed14327edd,PlanExe
c5c1b5b2-6ce0-44fb-961a-cc911432ef82,Define data analysis scope and objectives,"Define data analysis scope and objectives

Description:
Clearly define the scope of the data analysis, including the specific questions to be answered and the objectives to be achieved. This involves identifying key performance indicators (KPIs) and establishing benchmarks for success.

Resources needed:
• Data Analyst
• Project Manager
• Stakeholder Representatives",3/17/2027,3/21/2027,0,7c16cbf7-9a04-435a-814a-4ef80e609283,PlanExe
9238b3f8-cf18-4088-ac5c-e2a82ef8c364,Prepare data for analysis,"Prepare data for analysis

Description:
Clean, transform, and prepare the collected data for analysis. This includes handling missing values, correcting errors, and ensuring data consistency across different sources. Standardize data formats and units of measurement.

Resources needed:
• Data Analyst
• Data Engineer
• IT Support",3/21/2027,3/25/2027,0,c5c1b5b2-6ce0-44fb-961a-cc911432ef82,PlanExe
958196d8-c9f7-487f-99c6-42b4e5a63739,Conduct statistical analysis,"Conduct statistical analysis

Description:
Perform statistical analysis on the prepared data to identify trends, patterns, and correlations. This may involve using various statistical techniques, such as regression analysis, hypothesis testing, and data mining. Use appropriate software tools for data analysis.

Resources needed:
• Data Analyst
• Statistical Software (e.g., R, SPSS)",3/25/2027,3/29/2027,0,9238b3f8-cf18-4088-ac5c-e2a82ef8c364,PlanExe
803ff2dc-4a61-4b9e-b8e9-0b3efdeb9ba2,Interpret results and draw conclusions,"Interpret results and draw conclusions

Description:
Interpret the results of the statistical analysis and draw meaningful conclusions. This involves identifying key findings, assessing their significance, and relating them back to the original objectives. Document the findings and conclusions in a clear and concise manner.

Resources needed:
• Data Analyst
• Subject Matter Experts",3/29/2027,4/2/2027,0,958196d8-c9f7-487f-99c6-42b4e5a63739,PlanExe
901e6021-b27a-48be-88e7-6b028c73cf2e,Document findings and recommendations,"Document findings and recommendations

Description:
Prepare a comprehensive report summarizing the data analysis process, findings, and recommendations. This report should include clear visualizations, tables, and charts to illustrate the key findings. Present the report to stakeholders and solicit feedback.

Resources needed:
• Data Analyst
• Report Writer
• Project Manager",4/2/2027,4/6/2027,0,7c16cbf7-9a04-435a-814a-4ef80e609283,PlanExe
5af5bc7a-38dd-47d4-b17a-18b80aa8f2f4,Refine Program Based on Data Analysis,,4/6/2027,4/21/2027,0,f8dd78eb-3162-4244-8fa5-275798b6415f,PlanExe
8bfdd8b5-a6f1-4fbd-bfc0-74c3ce6829dd,Identify potential program refinements,"Identify potential program refinements

Description:
Analyze data to pinpoint areas needing improvement. This includes reviewing performance metrics, audit findings, and stakeholder feedback to identify specific issues and opportunities for enhancement.

Resources needed:
• Data analysts
• Program managers
• Stakeholder representatives",4/6/2027,4/9/2027,0,5af5bc7a-38dd-47d4-b17a-18b80aa8f2f4,PlanExe
e4a56603-51f3-4944-b6ca-976c313cbd50,Prioritize program refinement options,"Prioritize program refinement options

Description:
Evaluate identified refinement options based on impact, feasibility, cost, and alignment with program goals. Rank options to determine which to implement first.

Resources needed:
• Program managers
• Financial analysts
• Technical experts",4/9/2027,4/12/2027,0,8bfdd8b5-a6f1-4fbd-bfc0-74c3ce6829dd,PlanExe
01fdd624-70b9-45dd-b889-cee16e923ae8,Develop implementation plans for refinements,"Develop implementation plans for refinements

Description:
Create detailed plans for implementing prioritized refinements. This includes defining tasks, timelines, resource requirements, and success metrics for each refinement.

Resources needed:
• Project managers
• Technical experts
• Communication specialists",4/12/2027,4/15/2027,0,e4a56603-51f3-4944-b6ca-976c313cbd50,PlanExe
95b62e7b-1947-45cf-8cf1-4f540e46089f,Communicate refinements to stakeholders,"Communicate refinements to stakeholders

Description:
Inform stakeholders about planned program refinements, including the rationale, expected benefits, and implementation timeline. Address any concerns or questions from stakeholders.

Resources needed:
• Communication specialists
• Stakeholder engagement team
• Program managers",4/15/2027,4/18/2027,0,01fdd624-70b9-45dd-b889-cee16e923ae8,PlanExe
bc55ff2a-5be1-4ada-9365-81a5adc34a9d,Implement and monitor program refinements,"Implement and monitor program refinements

Description:
Execute the implementation plans for program refinements. Monitor the impact of the refinements on program performance and make adjustments as needed.

Resources needed:
• Project managers
• Technical experts
• Data analysts",4/18/2027,4/21/2027,0,5af5bc7a-38dd-47d4-b17a-18b80aa8f2f4,PlanExe
f7eb209f-f8bb-4883-b8b5-cb474c8e8624,Program Monitoring and Evaluation,,4/21/2027,7/5/2027,0,1d5b7aa1-40fa-435c-afb4-eaa0433e4654,PlanExe
61da2033-9496-4dad-acfb-903daa03c108,Monitor Program Performance Metrics,,4/21/2027,5/11/2027,0,f7eb209f-f8bb-4883-b8b5-cb474c8e8624,PlanExe
5e0e1c58-1e7e-4fd9-bf67-26dc3c205c7f,Define Key Performance Indicators (KPIs),"Define Key Performance Indicators (KPIs)

Description:
Establish specific, measurable, achievable, relevant, and time-bound (SMART) KPIs to track program performance. This includes defining target values and acceptable ranges for each KPI.

Resources needed:
• Project Manager
• Data Analyst
• Stakeholder Representatives",4/21/2027,4/25/2027,0,61da2033-9496-4dad-acfb-903daa03c108,PlanExe
1d186ada-96ea-49f3-915f-1ef8a1dda6c0,Automate Data Collection Processes,"Automate Data Collection Processes

Description:
Implement automated systems for collecting data related to program performance metrics. This may involve integrating with existing databases, developing new data collection tools, and establishing data validation procedures.

Resources needed:
• IT Security Team
• System Administrators
• Data Analyst",4/25/2027,4/29/2027,0,5e0e1c58-1e7e-4fd9-bf67-26dc3c205c7f,PlanExe
e44debab-17ff-40ea-bc99-5e7c880390bd,Develop Performance Dashboards,"Develop Performance Dashboards

Description:
Create interactive dashboards that visualize program performance data. These dashboards should provide real-time insights into key metrics and allow stakeholders to drill down into specific areas of interest.

Resources needed:
• Data Analyst
• UI/UX Designer
• Project Manager",4/29/2027,5/3/2027,0,1d186ada-96ea-49f3-915f-1ef8a1dda6c0,PlanExe
49ee0430-0f5b-4b8f-8a44-5af3047daf8a,Establish Reporting Cadence,"Establish Reporting Cadence

Description:
Define a regular reporting schedule for sharing program performance data with stakeholders. This includes determining the frequency of reports, the format of reports, and the distribution channels.

Resources needed:
• Project Manager
• Communications Officer
• Stakeholder Representatives",5/3/2027,5/7/2027,0,e44debab-17ff-40ea-bc99-5e7c880390bd,PlanExe
0237024f-f690-43dc-96bb-b062f024347b,Analyze Data and Identify Trends (2),"Analyze Data and Identify Trends

Description:
Regularly analyze program performance data to identify trends, patterns, and areas for improvement. This includes conducting statistical analysis, data mining, and other techniques to extract meaningful insights.

Resources needed:
• Data Analyst
• Statistical Expert
• Project Manager",5/7/2027,5/11/2027,0,61da2033-9496-4dad-acfb-903daa03c108,PlanExe
21e2f54a-c0ce-41a3-a593-29f10391a013,Conduct Regular Audits,,5/11/2027,5/26/2027,0,61da2033-9496-4dad-acfb-903daa03c108,PlanExe
afed8d95-95ac-4977-a933-8c17bc986334,Define Audit Scope and Objectives,"Define Audit Scope and Objectives

Description:
Clearly define the scope of the audits, including the specific areas to be reviewed and the objectives to be achieved. This includes identifying key performance indicators (KPIs) and compliance requirements to be assessed.

Resources needed:
• Project Manager
• Audit Team
• Legal Counsel",5/11/2027,5/14/2027,0,21e2f54a-c0ce-41a3-a593-29f10391a013,PlanExe
3653e633-cb7d-4c60-b8f4-8350f84ff75c,Develop Audit Plan and Schedule,"Develop Audit Plan and Schedule

Description:
Create a detailed audit plan outlining the audit procedures, timelines, and resource allocation. This includes scheduling audit activities with federations and ensuring availability of necessary documentation and personnel.

Resources needed:
• Audit Team
• Project Manager
• Federation Representatives",5/14/2027,5/17/2027,0,afed8d95-95ac-4977-a933-8c17bc986334,PlanExe
75b9a0a6-524f-4941-956c-44fbeb1ee757,Conduct Audit Activities,"Conduct Audit Activities

Description:
Execute the audit plan by performing on-site or remote audits of federation operations. This includes reviewing documentation, conducting interviews, and observing processes to assess compliance with program requirements and identify areas for improvement.

Resources needed:
• Audit Team
• Federation Representatives
• Technical Experts",5/17/2027,5/20/2027,0,3653e633-cb7d-4c60-b8f4-8350f84ff75c,PlanExe
35948223-936c-491d-b4eb-89fc4ad52e98,Prepare Audit Reports,"Prepare Audit Reports

Description:
Document audit findings and recommendations in a comprehensive audit report. This includes summarizing key observations, identifying areas of non-compliance, and proposing corrective actions to address identified deficiencies.

Resources needed:
• Audit Team
• Report Writers",5/20/2027,5/23/2027,0,75b9a0a6-524f-4941-956c-44fbeb1ee757,PlanExe
266c5590-edc1-4ba6-81bd-6cb459fb189f,Follow-up on Audit Findings,"Follow-up on Audit Findings

Description:
Track the implementation of corrective actions and verify their effectiveness in addressing identified deficiencies. This includes monitoring progress, conducting follow-up audits, and reporting on the status of corrective actions to stakeholders.

Resources needed:
• Audit Team
• Project Manager
• Federation Representatives",5/23/2027,5/26/2027,0,21e2f54a-c0ce-41a3-a593-29f10391a013,PlanExe
41a948bb-32e5-4e88-8e10-56804b92cb87,Evaluate Program Effectiveness,,5/26/2027,6/7/2027,0,21e2f54a-c0ce-41a3-a593-29f10391a013,PlanExe
eab08c30-4461-4fd0-9aec-7315b7e11fb5,Define Program Evaluation Criteria,"Define Program Evaluation Criteria

Description:
Establish clear and measurable criteria for evaluating the program's effectiveness in achieving its goals. This includes defining key performance indicators (KPIs) and setting targets for each KPI.

Resources needed:
• Project Manager
• Data Analyst
• Stakeholders",5/26/2027,5/29/2027,0,41a948bb-32e5-4e88-8e10-56804b92cb87,PlanExe
0c94dfb1-b590-4e0a-81c8-9c5c6ba758ba,Collect Program Performance Data,"Collect Program Performance Data

Description:
Gather relevant data on program performance, including data on athlete participation, testing results, compliance rates, and stakeholder feedback. Ensure data is accurate, reliable, and collected in a consistent manner.

Resources needed:
• Data Analyst
• Federation Representatives
• IT Systems",5/29/2027,6/1/2027,0,eab08c30-4461-4fd0-9aec-7315b7e11fb5,PlanExe
e047ec03-d50c-4e33-958a-927ae0ee8aba,Analyze Program Data,"Analyze Program Data

Description:
Analyze the collected data to assess the program's performance against the established evaluation criteria. Identify trends, patterns, and areas where the program is performing well or needs improvement.

Resources needed:
• Data Analyst
• Statistical Software",6/1/2027,6/4/2027,0,0c94dfb1-b590-4e0a-81c8-9c5c6ba758ba,PlanExe
85e8959a-0260-4d39-b624-2814a1135dd0,Document Evaluation Findings,"Document Evaluation Findings

Description:
Prepare a comprehensive report documenting the evaluation findings, including a summary of the program's strengths and weaknesses, areas for improvement, and recommendations for corrective actions.

Resources needed:
• Project Manager
• Data Analyst
• Report Writer",6/4/2027,6/7/2027,0,41a948bb-32e5-4e88-8e10-56804b92cb87,PlanExe
7c6b60ea-2de2-4187-9dfc-40b9409562e4,Identify Areas for Improvement,,6/7/2027,6/15/2027,0,41a948bb-32e5-4e88-8e10-56804b92cb87,PlanExe
a6e29e7f-283d-4de6-8d1c-911c7d201022,Analyze performance data for root causes,"Analyze performance data for root causes

Description:
Analyze collected program performance data to identify the underlying causes of any identified deficiencies or areas needing improvement. This includes examining data related to testing accuracy, data security, cultural sensitivity, and federation compliance.

Resources needed:
• Data analysts
• Program evaluators
• Subject matter experts",6/7/2027,6/9/2027,0,7c6b60ea-2de2-4187-9dfc-40b9409562e4,PlanExe
7911c622-6615-4782-bc20-de205ceea6b7,Identify potential program improvements,"Identify potential program improvements

Description:
Based on the root cause analysis, brainstorm and document potential improvements to the program. This includes changes to testing protocols, data management systems, communication strategies, training programs, and appeals processes.

Resources needed:
• Program managers
• Stakeholders
• Subject matter experts",6/9/2027,6/11/2027,0,a6e29e7f-283d-4de6-8d1c-911c7d201022,PlanExe
f209fe65-4a56-4043-95d5-82674387fb4d,Prioritize improvement opportunities,"Prioritize improvement opportunities

Description:
Evaluate and prioritize the identified improvement opportunities based on their potential impact, feasibility, cost, and alignment with program goals. This involves considering the perspectives of various stakeholders and balancing competing priorities.

Resources needed:
• Program managers
• Stakeholders
• Decision-makers",6/11/2027,6/13/2027,0,7911c622-6615-4782-bc20-de205ceea6b7,PlanExe
d0818741-e1d5-452e-9d25-ebbd9c98de6c,Document recommended improvements,"Document recommended improvements

Description:
Prepare a detailed report outlining the recommended program improvements, including a justification for each improvement, a description of the proposed changes, and an estimate of the resources required for implementation.

Resources needed:
• Program managers
• Technical writers",6/13/2027,6/15/2027,0,7c6b60ea-2de2-4187-9dfc-40b9409562e4,PlanExe
13a6cb14-b122-4302-a81e-7814fa091947,Implement Corrective Actions,,6/15/2027,6/30/2027,0,7c6b60ea-2de2-4187-9dfc-40b9409562e4,PlanExe
33b40b36-a16e-447c-b18c-292c605468da,Define Corrective Action Implementation Plan,"Define Corrective Action Implementation Plan

Description:
Develop a detailed plan outlining the steps, timelines, and resources required to implement each corrective action. This includes identifying responsible parties, setting deadlines, and establishing clear success criteria.

Resources needed:
• Project Manager
• Subject Matter Experts
• Implementation Team",6/15/2027,6/18/2027,0,13a6cb14-b122-4302-a81e-7814fa091947,PlanExe
23ab2016-6f66-4394-acbb-19966f7ffebc,Secure Resources for Implementation,"Secure Resources for Implementation

Description:
Allocate the necessary budget, personnel, and equipment to support the implementation of corrective actions. This may involve reallocating existing resources or securing additional funding.

Resources needed:
• Project Manager
• Finance Department
• Resource Management Team",6/18/2027,6/21/2027,0,33b40b36-a16e-447c-b18c-292c605468da,PlanExe
41bba288-df70-4458-b8d7-34e5fe85ac10,Implement and Document Corrective Actions,"Implement and Document Corrective Actions

Description:
Execute the corrective actions according to the implementation plan. Document all steps taken, challenges encountered, and lessons learned. Ensure that all changes are properly recorded and communicated.

Resources needed:
• Implementation Team
• Documentation Specialist
• Communication Team",6/21/2027,6/24/2027,0,23ab2016-6f66-4394-acbb-19966f7ffebc,PlanExe
b1336e45-33c9-4341-97db-c9c702f74ebe,Monitor Effectiveness of Corrective Actions,"Monitor Effectiveness of Corrective Actions

Description:
Track the performance of the program after implementing corrective actions to assess their effectiveness. Collect data on relevant metrics and compare it to baseline data to determine if the desired improvements have been achieved.

Resources needed:
• Data Analyst
• Monitoring Team
• Subject Matter Experts",6/24/2027,6/27/2027,0,41bba288-df70-4458-b8d7-34e5fe85ac10,PlanExe
b6f44acc-229c-4938-883e-14c69cbc4b08,Adjust Corrective Actions as Needed,"Adjust Corrective Actions as Needed

Description:
Based on the monitoring results, make any necessary adjustments to the corrective actions to ensure that they are achieving the desired outcomes. This may involve refining the implementation plan, reallocating resources, or developing new corrective actions.

Resources needed:
• Project Manager
• Subject Matter Experts
• Implementation Team",6/27/2027,6/30/2027,0,13a6cb14-b122-4302-a81e-7814fa091947,PlanExe
5214436f-1267-42c8-8f57-ce6bcc7bdefb,Report Program Status to Stakeholders,,6/30/2027,7/5/2027,0,f7eb209f-f8bb-4883-b8b5-cb474c8e8624,PlanExe
9dbef3ab-9f1f-4e5f-b397-df1b463263ae,Prepare Status Report Template,"Prepare Status Report Template

Description:
Design a standardized template for reporting program status to stakeholders, ensuring clarity and consistency in reporting.

Resources needed:
• Project Manager
• Communications Officer",6/30/2027,7/1/2027,0,5214436f-1267-42c8-8f57-ce6bcc7bdefb,PlanExe
8bcbe7be-1eb0-49f9-8977-f5647603e027,Collect Data from Monitoring and Audits,"Collect Data from Monitoring and Audits

Description:
Gather relevant data from program monitoring activities and audit reports to inform the status report.

Resources needed:
• Data Analyst
• Project Manager",7/1/2027,7/2/2027,0,9dbef3ab-9f1f-4e5f-b397-df1b463263ae,PlanExe
867dd6ba-7e2e-4a3f-be9c-54942fee3614,Analyze Data and Summarize Findings,"Analyze Data and Summarize Findings

Description:
Analyze the collected data to identify key trends, achievements, and challenges, and summarize these findings for the report.

Resources needed:
• Data Analyst
• Project Manager",7/2/2027,7/3/2027,0,8bcbe7be-1eb0-49f9-8977-f5647603e027,PlanExe
7444a5b7-e16b-47ef-b2cf-fd93c852a827,Draft and Review Status Report,"Draft and Review Status Report

Description:
Draft the status report using the template and summarized findings, and then review it for accuracy and completeness.

Resources needed:
• Project Manager
• Communications Officer",7/3/2027,7/4/2027,0,867dd6ba-7e2e-4a3f-be9c-54942fee3614,PlanExe
7b3bf8f6-3b53-44fc-bc8b-1a11786039e7,Distribute Report and Gather Feedback,"Distribute Report and Gather Feedback

Description:
Distribute the finalized status report to stakeholders and gather feedback on its clarity, usefulness, and accuracy.

Resources needed:
• Communications Officer
• Project Manager",7/4/2027,7/5/2027,0,5214436f-1267-42c8-8f57-ce6bcc7bdefb,PlanExe
