[
  {
    "task_id": "68c56c37-7660-4617-93f0-119b674929c9",
    "delay_risks": "Potential delays in obtaining necessary permits due to bureaucratic processes or incomplete documentation. Additionally, changes in regulations could impact timelines.",
    "mitigation_strategy": "Engage a legal compliance specialist early in the process to ensure all documentation is prepared accurately and submit applications as soon as possible to avoid bottlenecks.",
    "days_min": 10,
    "days_max": 30,
    "days_realistic": 20
  },
  {
    "task_id": "c398e5ef-1dee-48ab-a6eb-a24b5c41915c",
    "delay_risks": "Inadequate identification of required permits may lead to delays in the application process. Miscommunication with regulatory bodies could also result in missing critical requirements.",
    "mitigation_strategy": "Conduct thorough research and consult with a legal expert to compile a comprehensive list of all necessary permits and licenses before initiating the application process.",
    "days_min": 5,
    "days_max": 15,
    "days_realistic": 10
  },
  {
    "task_id": "4d823a5b-5cf5-434f-878a-88a47fbf30ed",
    "delay_risks": "Changes in health and safety regulations or delays in receiving guidance from regulatory bodies could hinder timely compliance. Additionally, misinterpretation of regulations may lead to rework.",
    "mitigation_strategy": "Stay updated on local health and safety regulations by subscribing to relevant newsletters and engaging with regulatory bodies for clarification on compliance requirements.",
    "days_min": 7,
    "days_max": 20,
    "days_realistic": 14
  },
  {
    "task_id": "1e6a5bbb-9b92-425c-b2c1-584a9d65b91a",
    "delay_risks": "Delays in obtaining necessary documentation from regulatory bodies or miscommunication regarding requirements could extend the timeline for acquiring licenses.",
    "mitigation_strategy": "Engage with regulatory bodies early to clarify requirements and maintain regular communication to ensure timely processing of documentation.",
    "days_min": 10,
    "days_max": 20,
    "days_realistic": 15
  },
  {
    "task_id": "4dcffa07-2f64-4c97-8fd2-3f4497bb5984",
    "delay_risks": "Potential delays in receiving expert advice due to scheduling conflicts or the complexity of compliance issues may hinder progress.",
    "mitigation_strategy": "Schedule consultations with the legal compliance specialist as early as possible and prepare a list of questions to maximize the efficiency of each meeting.",
    "days_min": 5,
    "days_max": 10,
    "days_realistic": 7
  },
  {
    "task_id": "48a86d4b-549c-4db5-87bc-c0a28384b764",
    "delay_risks": "Unforeseen regulatory changes or slow response times from regulatory bodies could delay the confirmation process.",
    "mitigation_strategy": "Establish a timeline for engagement with regulatory bodies and follow up regularly to ensure prompt responses and address any emerging issues proactively.",
    "days_min": 7,
    "days_max": 14,
    "days_realistic": 10
  },
  {
    "task_id": "0c492837-5a48-4b24-ab7c-8393fd88cc3a",
    "delay_risks": "Potential delays in identifying reliable suppliers due to market competition or lack of available options. Additionally, miscommunication or delays in responses from suppliers could hinder the process.",
    "mitigation_strategy": "Establish a clear timeline for supplier identification and maintain regular communication with potential suppliers to expedite the evaluation process. Consider reaching out to multiple suppliers simultaneously to ensure a wider selection.",
    "days_min": 5,
    "days_max": 15,
    "days_realistic": 10
  },
  {
    "task_id": "445b50e3-68c8-469d-b7a4-2b5d97571001",
    "delay_risks": "Challenges in sourcing suppliers that meet quality and compliance standards could lead to delays. Additionally, unforeseen market conditions may limit available options.",
    "mitigation_strategy": "Conduct thorough market research to identify a diverse range of potential suppliers and establish relationships with multiple sources to ensure flexibility. Regularly review supplier performance and market conditions to adapt as necessary.",
    "days_min": 7,
    "days_max": 20,
    "days_realistic": 14
  },
  {
    "task_id": "3cbbbe7a-b460-4308-9069-8eed8972105c",
    "delay_risks": "Inadequate criteria for supplier evaluation may lead to poor selection, resulting in delays in securing reliable partnerships. Additionally, time-consuming negotiations could extend the evaluation phase.",
    "mitigation_strategy": "Develop a comprehensive and clear set of evaluation criteria that includes quality, pricing, and compliance standards. Schedule regular check-ins during the evaluation process to ensure timely decision-making and address any issues promptly.",
    "days_min": 5,
    "days_max": 12,
    "days_realistic": 8
  },
  {
    "task_id": "8cab9dd6-188a-44fc-87f9-9497e4fc9912",
    "delay_risks": "Delays in supplier responses or negotiations could hinder the evaluation process, leading to missed opportunities for securing quality products.",
    "mitigation_strategy": "Establish a clear timeline for supplier evaluations and maintain regular communication with potential suppliers to expedite the process.",
    "days_min": 5,
    "days_max": 15,
    "days_realistic": 10
  },
  {
    "task_id": "21f421fd-6432-465e-94af-26def1526cf6",
    "delay_risks": "Negotiation complexities or unexpected terms from suppliers may prolong the agreement process, impacting the overall project timeline.",
    "mitigation_strategy": "Prepare a standard contract template in advance and engage in preliminary discussions to clarify expectations before formal negotiations.",
    "days_min": 3,
    "days_max": 10,
    "days_realistic": 6
  },
  {
    "task_id": "080fd829-baaa-4b4d-9429-542a47f12ecb",
    "delay_risks": "Failure to identify suitable backup suppliers may lead to disruptions in the supply chain if primary suppliers are unable to fulfill agreements.",
    "mitigation_strategy": "Conduct thorough market research to identify multiple potential suppliers early in the process and establish preliminary agreements with them.",
    "days_min": 4,
    "days_max": 12,
    "days_realistic": 8
  },
  {
    "task_id": "e4219e26-0cd8-414e-a0f5-12ee6fe5087d",
    "delay_risks": "Potential delays in gathering accurate market data due to unavailability of respondents or incomplete data sources. Additionally, unforeseen changes in market trends could impact the relevance of the research.",
    "mitigation_strategy": "Engage multiple data sources for market research and schedule interviews with target audience segments in advance to ensure availability. Regularly review market trends to adjust research focus as needed.",
    "days_min": 10,
    "days_max": 20,
    "days_realistic": 15
  },
  {
    "task_id": "613a368a-d43b-4c83-b6c0-bab521fa469e",
    "delay_risks": "Difficulty in accurately identifying the target audience due to lack of existing data or misinterpretation of market segments. This may lead to ineffective marketing strategies.",
    "mitigation_strategy": "Utilize a combination of qualitative and quantitative research methods to gather comprehensive insights about the target audience. Collaborate with marketing experts to validate findings and refine audience profiles.",
    "days_min": 5,
    "days_max": 10,
    "days_realistic": 7
  },
  {
    "task_id": "7154999e-4a72-4886-8305-efff0d0e873d",
    "delay_risks": "Inability to gather sufficient competitor data due to limited access to market intelligence or proprietary information, which may hinder the analysis process.",
    "mitigation_strategy": "Leverage publicly available resources, industry reports, and competitor websites to gather data. Consider engaging a market research firm for deeper insights if necessary.",
    "days_min": 7,
    "days_max": 14,
    "days_realistic": 10
  },
  {
    "task_id": "4dbd732c-4d44-4c56-ab7a-1d6b15a41786",
    "delay_risks": "Insufficient market data may lead to an inaccurate initial marketing budget, potentially resulting in overspending or underspending on critical marketing activities.",
    "mitigation_strategy": "Conduct thorough market research and engage with marketing experts to gather accurate data, ensuring the budget reflects realistic expectations and allows for flexibility.",
    "days_min": 5,
    "days_max": 10,
    "days_realistic": 7
  },
  {
    "task_id": "e878e434-eaed-43ec-bd2b-15a52432b7e2",
    "delay_risks": "Lack of alignment among team members on marketing goals may lead to delays in strategy development, causing miscommunication and ineffective marketing efforts.",
    "mitigation_strategy": "Facilitate regular brainstorming sessions and workshops with the team to ensure everyone is on the same page regarding marketing objectives and strategies.",
    "days_min": 10,
    "days_max": 15,
    "days_realistic": 12
  },
  {
    "task_id": "ea8bb867-da2e-4a40-9076-6a6154150e42",
    "delay_risks": "Feedback from the marketing consultant may take longer than anticipated, delaying the validation process and potentially impacting the overall timeline for the marketing strategy.",
    "mitigation_strategy": "Establish a clear timeline for feedback and set regular check-ins with the consultant to ensure timely responses and adjustments to the marketing strategy.",
    "days_min": 3,
    "days_max": 7,
    "days_realistic": 5
  },
  {
    "task_id": "68c4a2af-9902-4961-a5ce-ede17c713594",
    "delay_risks": "Potential delays in selecting the right e-commerce platform due to compatibility issues with desired features or budget constraints.",
    "mitigation_strategy": "Conduct thorough research on available platforms and create a shortlist based on specific requirements before initiating the selection process.",
    "days_min": 5,
    "days_max": 15,
    "days_realistic": 10
  },
  {
    "task_id": "2210cc45-52c8-4ab7-9268-c4116d3f50ec",
    "delay_risks": "Delays in designing the website layout may occur due to unclear requirements or feedback loops with stakeholders.",
    "mitigation_strategy": "Establish a clear design brief and schedule regular check-ins with stakeholders to gather feedback promptly and avoid prolonged revisions.",
    "days_min": 10,
    "days_max": 20,
    "days_realistic": 15
  },
  {
    "task_id": "20ea976b-9f30-4e49-8852-b50767814f01",
    "delay_risks": "Development of website functionality may be delayed by unforeseen technical challenges or resource availability issues.",
    "mitigation_strategy": "Utilize agile development practices to allow for iterative testing and adjustments, and ensure that adequate resources are allocated to the development team.",
    "days_min": 15,
    "days_max": 30,
    "days_realistic": 22
  },
  {
    "task_id": "934f1315-cfb0-4b91-900a-656aaa624b9d",
    "delay_risks": "Potential delays in website functionality development due to unforeseen technical challenges or integration issues with third-party services.",
    "mitigation_strategy": "Implement agile development practices with regular sprints and testing phases to identify and address issues early in the process.",
    "days_min": 10,
    "days_max": 20,
    "days_realistic": 15
  },
  {
    "task_id": "0c4e0b38-f96e-4b8e-bbb0-4003ef8092cc",
    "delay_risks": "Delays in implementing the inventory management system may occur if there are compatibility issues with the e-commerce platform or if the required features are not clearly defined.",
    "mitigation_strategy": "Conduct thorough requirements gathering sessions before implementation and ensure that the chosen system is compatible with the e-commerce platform.",
    "days_min": 5,
    "days_max": 12,
    "days_realistic": 8
  },
  {
    "task_id": "6a2f002c-fcb1-470e-be25-4a4e3063db15",
    "delay_risks": "Testing may be delayed if critical bugs are discovered late in the process or if the testing team is not adequately resourced.",
    "mitigation_strategy": "Allocate sufficient resources for testing and establish a clear timeline for testing phases, including buffer time for addressing any identified issues.",
    "days_min": 7,
    "days_max": 14,
    "days_realistic": 10
  },
  {
    "task_id": "dedf285c-4f0b-4ef4-b70c-a4ba9f928da0",
    "delay_risks": "Delays in finalizing supplier contracts due to negotiation issues or unexpected supplier demands could hinder the launch timeline.",
    "mitigation_strategy": "Establish clear communication with suppliers early in the process and set deadlines for contract finalization to ensure timely agreements.",
    "days_min": 5,
    "days_max": 10,
    "days_realistic": 7
  },
  {
    "task_id": "5b3e7fe3-5988-400c-8501-79474d71d5f4",
    "delay_risks": "Inventory preparation may be delayed if suppliers do not deliver on time or if there are issues with product quality.",
    "mitigation_strategy": "Maintain close contact with suppliers to monitor delivery schedules and implement quality checks upon receipt to address any issues promptly.",
    "days_min": 3,
    "days_max": 7,
    "days_realistic": 5
  },
  {
    "task_id": "fad04e46-0bd8-44c5-b5d9-d924f3d70ca7",
    "delay_risks": "Executing the marketing strategy may face delays if the marketing materials are not ready or if there are unforeseen changes in the market landscape.",
    "mitigation_strategy": "Develop a detailed marketing timeline with milestones and allocate resources for rapid adjustments to the strategy as needed.",
    "days_min": 4,
    "days_max": 8,
    "days_realistic": 6
  },
  {
    "task_id": "314796b6-9121-46ab-8dcd-7b4886fc1d32",
    "delay_risks": "Potential delays in supplier readiness or unforeseen issues in inventory logistics could hinder the execution of the marketing strategy.",
    "mitigation_strategy": "Establish clear communication with suppliers to confirm readiness and create a contingency plan for inventory sourcing to ensure timely execution.",
    "days_min": 5,
    "days_max": 10,
    "days_realistic": 7
  },
  {
    "task_id": "8e945777-057c-4de6-ade6-1d594f0599e2",
    "delay_risks": "Last-minute compliance issues or incomplete documentation may arise, causing delays in final compliance checks.",
    "mitigation_strategy": "Schedule regular compliance reviews throughout the project and engage a legal expert early to ensure all documentation is complete and accurate.",
    "days_min": 3,
    "days_max": 5,
    "days_realistic": 4
  },
  {
    "task_id": "b14296fe-898f-4c39-99c3-01580c8bc317",
    "delay_risks": "Technical issues during the launch process or unexpected downtime could delay the e-commerce platform launch.",
    "mitigation_strategy": "Conduct thorough testing of the platform prior to launch and have a technical support team on standby to address any issues that may arise immediately.",
    "days_min": 1,
    "days_max": 2,
    "days_realistic": 1
  }
]