Level 1;Level 2;Level 3;Level 4;Task ID
Tea E-commerce;;;;be3e9c35-d500-4b85-b52f-63b41a77f02e
;Regulatory Compliance;;;68c56c37-7660-4617-93f0-119b674929c9
;;Identify necessary permits and licenses;;c398e5ef-1dee-48ab-a6eb-a24b5c41915c
;;;Compile list of required permits;b608cfb8-6c63-479d-90bb-5c05ac96c384
;;;Gather health and safety regulations;18d1689f-2ef6-4a5f-9969-118eec268020
;;;Create compliance timeline;8ee39ed8-903e-42b3-a642-742eb29538a1
;;;Consult with legal expert;424297df-ab73-4cf9-8f64-61ad345c8ab9
;;;Engage regulatory bodies;3b35b8ef-17fb-4d2a-a735-9d4dc137bed0
;;Research health and safety regulations;;4d823a5b-5cf5-434f-878a-88a47fbf30ed
;;;Identify necessary permits and licenses;d64e22fb-ea16-4b9f-a1fb-415a13e1d138
;;;Research health and safety regulations;c9972e1d-878d-4eca-86e0-ea6a6ebfe97b
;;;Create a timeline for obtaining licenses;4ba394f1-d93b-46e3-983e-2cd4bc4a0f3b
;;;Consult with legal compliance specialist;9c9fab1a-98ef-4412-8025-a5e1c4a89c65
;;;Engage with regulatory bodies for confirmation;6e294784-0556-48de-9f91-effea692c165
;;Create a timeline for obtaining licenses;;1e6a5bbb-9b92-425c-b2c1-584a9d65b91a
;;;Identify necessary permits and licenses;bdb0920c-2bdc-4c26-a1a9-29d7fc65798b
;;;Research health and safety regulations;ddd1f320-b905-49bd-b5fc-c968475315db
;;;Create a timeline for obtaining licenses;ff418882-8570-4d94-b316-cc55fe334019
;;;Consult with legal compliance specialist;6fbc4b68-0021-4399-8d4d-f7a373e9383f
;;;Engage with regulatory bodies for confirmation;0b6db11c-a022-4797-b5a9-7226c16c0745
;;Consult with legal compliance specialist;;4dcffa07-2f64-4c97-8fd2-3f4497bb5984
;;;Schedule consultations with legal expert;2feb94ba-8724-48f4-81b2-d3aad85f0a31
;;;Prepare compliance documentation;1d5ad396-2c30-402b-b367-82aa58c6c4d9
;;;Submit permit applications;c078eef0-057f-471a-ad31-957ef1c36947
;;;Follow up with regulatory bodies;8e2c1467-16c5-4108-9145-d4aca89fcc6e
;;;Conduct compliance audits;4dd76159-01fe-4588-904f-830cbfeeb4ed
;;Engage with regulatory bodies for confirmation;;48a86d4b-549c-4db5-87bc-c0a28384b764
;;;Identify backup supplier options;4128a613-77c5-495f-8657-1796cb9d12cf
;;;Conduct market research for suppliers;5cc65821-3891-4749-9272-9b7b182053a1
;;;Evaluate supplier performance;85b78dfe-a7b8-465e-87a2-c9a7f32355a3
;;;Negotiate terms with suppliers;66b585cb-85e7-4c92-af78-642582b85f48
;;;Finalize supplier agreements;66c24a97-2caf-436a-97db-b37e87d739f4
;Supplier Relationships;;;0c492837-5a48-4b24-ab7c-8393fd88cc3a
;;Identify potential tea suppliers;;445b50e3-68c8-469d-b7a4-2b5d97571001
;;;Research potential tea suppliers;65246f63-22d9-4bdb-be5b-01139710070b
;;;Evaluate supplier reliability;e83a7079-ed83-4380-8c18-376e7d368fa1
;;;Contact potential suppliers;227d42ee-0e75-4bde-b5f6-5353d938b122
;;;Negotiate supplier agreements;f606778b-943a-4742-9f84-57143a259608
;;;Establish backup suppliers;d2282e04-400d-43c7-8dec-e43e80eb27e1
;;Develop supplier evaluation criteria;;3cbbbe7a-b460-4308-9069-8eed8972105c
;;;Identify potential tea suppliers;f62992ce-3f40-40ec-b65e-840f5a8be190
;;;Develop supplier evaluation criteria;738e003b-2e63-433d-8fc5-de16db3248d5
;;;Conduct supplier evaluations;46956f4c-1e6f-4a2b-82f9-bd1f7c1b7a8e
;;;Secure agreements with suppliers;29ee7d1e-b70a-40f6-8256-b1accec2e7f4
;;;Establish backup supplier options;b9c89139-7444-4c1b-a854-e27244f27c50
;;Conduct supplier evaluations;;8cab9dd6-188a-44fc-87f9-9497e4fc9912
;;;Create supplier evaluation checklist;540fe66d-50f3-4e18-a3c0-5dd7e2536f82
;;;Conduct supplier evaluations;11f8fe31-3829-48f1-b7a7-3997176ac49d
;;;Secure agreements with suppliers;350869f1-8e6c-467b-8985-97d03e39728e
;;;Establish backup supplier options;c10043ed-5fff-4257-8020-b033cd515256
;;Secure agreements with suppliers;;21f421fd-6432-465e-94af-26def1526cf6
;;;Prepare supplier agreement templates;7dc6e69f-ac5c-4361-98e4-7678580a9a31
;;;Negotiate terms with suppliers;b81b34ca-0e51-4372-9237-22d01a1155af
;;;Review supplier agreements;b7e0a65e-ef99-4529-a420-cad827c49f0c
;;;Sign contracts with suppliers;09161f8d-aa43-4e43-98fe-1bb3934dab78
;;;Establish communication protocols;53db52ba-4d0d-405e-aed9-511cf0145b57
;;Establish backup supplier options;;080fd829-baaa-4b4d-9429-542a47f12ecb
;;;Prepare marketing materials;5a1b8dd9-d971-4bfc-b5a5-c8f430dd4c82
;;;Set up social media accounts;15df0426-0463-45d3-9fb9-053e9641b9b5
;;;Develop email marketing campaign;88d05ab5-dd97-4a63-8d23-498e20fd6f2e
;;;Plan promotional events;0f3a3328-9269-4928-912f-e9356c2bfc82
;;;Monitor marketing performance;6fe0d329-ce7c-4ad5-93d8-74dacd249950
;Marketing Strategy Development;;;e4219e26-0cd8-414e-a0f5-12ee6fe5087d
;;Conduct market research on target audience;;613a368a-d43b-4c83-b6c0-bab521fa469e
;;;Identify target audience demographics;e52b05dd-b657-4151-b30c-46ecdd4feade
;;;Conduct consumer preference surveys;d0378522-6c69-4570-a5ca-0ad1e3d4a8d0
;;;Analyze competitor marketing strategies;c23a3893-60d9-4e2d-bad8-238dfdf48f4c
;;;Define marketing budget and channels;82bc875f-c740-46f5-b514-146e02f900c2
;;;Draft initial marketing strategy;a32c3ee9-78b6-4c64-86c4-128ca87497a9
;;Perform competitor analysis;;7154999e-4a72-4886-8305-efff0d0e873d
;;;Gather competitor marketing strategies;ac1f2773-b333-4e07-8e60-33c1c236ab5c
;;;Identify target audience demographics;2d7a59e0-e87d-4f0c-bc03-9b39af9b1d12
;;;Set initial marketing budget;1d823766-9d98-485d-8040-74bfe5d86bbe
;;;Draft marketing strategy outline;d24b107d-dec3-41a2-a7ad-94b577fcb94a
;;;Review strategy with marketing consultant;5be78112-7acb-433b-85c0-c44b76fac6cc
;;Define initial marketing budget;;4dbd732c-4d44-4c56-ab7a-1d6b15a41786
;;;Develop supplier evaluation criteria;de585628-c54c-4ae6-af8a-ca46cbfbce1b
;;;Identify potential tea suppliers;8eff954c-c618-49e5-8153-83a3405af9b1
;;;Conduct supplier evaluations;19aa6849-0105-4985-a46f-b6f15317e31c
;;;Secure agreements with suppliers;393f1746-5ad0-4ada-82a2-6d3031b2b8a8
;;;Establish backup supplier options;94cab7e9-96b7-4c21-bee5-4a18cbca0f8d
;;Develop comprehensive marketing strategy;;e878e434-eaed-43ec-bd2b-15a52432b7e2
;;;Conduct market research on audience;df6121a4-ec96-4544-82b1-96c307abfeee
;;;Perform competitor analysis;9ac11cd2-97db-49af-ac48-4fabea2cf280
;;;Define initial marketing budget;41882366-7134-485d-8310-0c6e146b5aee
;;;Develop comprehensive marketing strategy;fcbe22b5-2307-412f-b863-7ec3b061e392
;;;Validate marketing strategy with consultant;4ed8cc61-91d5-4922-806e-6070d43ffa34
;;Validate marketing strategy with consultant;;ea8bb867-da2e-4a40-9076-6a6154150e42
;;;Schedule feedback sessions with consultant;3185c4be-64aa-4de1-81a2-f76b4ac84f44
;;;Prepare marketing strategy draft;2e0283ed-0b43-4a24-a8c7-c06332a21ff9
;;;Incorporate consultant feedback;66036521-5986-4de1-a951-5a3da8e131b2
;;;Finalize marketing strategy document;e0f154a0-240d-4ca2-bfec-1904940f2ffc
;;;Present strategy to stakeholders;149932d3-b8c1-40b6-a743-5fdd4f0262bd
;Platform Development;;;68c4a2af-9902-4961-a5ce-ede17c713594
;;Select e-commerce platform;;2210cc45-52c8-4ab7-9268-c4116d3f50ec
;;;Gather platform requirements;a546f423-929d-4e58-8ea6-9e40b15e56c8
;;;Research e-commerce platforms;1cc7a8ef-f8bf-46f1-a4e9-ff665a7b5273
;;;Create a selection criteria;06e22b3b-6902-4e34-8712-2c0fc3834468
;;;Evaluate shortlisted platforms;58262581-9aa4-4623-b7e0-7a8edbed3db8
;;;Make final platform selection;73369841-0fe5-4d02-83c5-86ccf33ea505
;;Design website layout and user experience;;20ea976b-9f30-4e49-8852-b50767814f01
;;;Select e-commerce platform;a9d05918-e24c-457c-8bb8-373bb16c08d8
;;;Design website layout;f8c3b140-331a-4aeb-bdae-1105062dbd0a
;;;Develop website functionality;1c294a17-bdbe-449d-a98b-da86664d60ac
;;;Implement inventory management system;295ead3f-c277-4791-8951-1c170a8c6372
;;;Test website for compliance;549ded7e-7fb6-46e1-be2d-f70f6cb268a9
;;Develop website functionality;;934f1315-cfb0-4b91-900a-656aaa624b9d
;;;Identify website functionality requirements;45f0d745-aacd-496b-89c2-abd6018a91ab
;;;Integrate third-party services;3821e77e-a242-4c83-bb45-d3067eb48197
;;;Conduct user acceptance testing;50fa52ed-186f-4f23-a821-d3e080992ee3
;;;Optimize website for performance;6919c849-d15d-4d41-a152-5a09de3949b2
;;;Finalize website content;62880de7-ef41-48a2-853a-98c92d97ada7
;;Implement inventory management system;;0c4e0b38-f96e-4b8e-bbb0-4003ef8092cc
;;;Gather inventory management requirements;ceaff9e9-5fc8-46f1-80fc-8e58acae6419
;;;Select inventory management software;1e12b9d5-75b6-4bd3-b903-a8cc2024fa53
;;;Implement inventory management system;afe45fb7-f0db-4081-b8af-d6cba4768645
;;;Train staff on inventory system;4bf80318-07f0-418d-8d95-30bbcb91cc0e
;;;Test inventory management system;124537de-1199-4cbe-b438-4fe7ffa4db5f
;;Test website for functionality and compliance;;6a2f002c-fcb1-470e-be25-4a4e3063db15
;;;Gather inventory management requirements;be05ef57-261e-43c4-9cc7-a1c1de1510ec
;;;Select compatible inventory system;b740e19a-2474-4234-b11d-59c41f68c03e
;;;Implement inventory management system;d3798210-9192-4a6e-b0da-a7e4b2aa31fb
;;;Train staff on inventory system;ed970d15-4fc2-4924-a815-531b6858ba15
;;;Test inventory management functionality;2500b961-5ed9-4605-8796-49b58fde05ab
;Launch Preparation;;;dedf285c-4f0b-4ef4-b70c-a4ba9f928da0
;;Finalize supplier contracts;;5b3e7fe3-5988-400c-8501-79474d71d5f4
;;;Confirm supplier readiness;5716ad68-a529-43c8-8176-138d57959e15
;;;Conduct quality checks on inventory;5350c4b4-84c9-4637-a313-b3a3f547768d
;;;Finalize logistics for delivery;92f03d32-3653-445e-bf59-b019e74d6d3f
;;;Prepare marketing materials;58fe82f8-c716-47b2-b961-314a54b44dc3
;;;Train staff on product knowledge;001afa43-ee28-40d2-a4a7-699390c7eb88
;;Prepare inventory for launch;;fad04e46-0bd8-44c5-b5d9-d924f3d70ca7
;;;Develop marketing materials;0393993b-205b-4cc0-a5a1-607446dfa7ce
;;;Schedule marketing campaigns;bd6b55bd-63e3-4d1d-9b2d-5f668108c999
;;;Coordinate with suppliers;609783ea-c063-44e4-ba10-daf6dc26d2a2
;;;Set up tracking mechanisms;e30133b6-2191-416e-afcb-bec1ae3fb6e3
;;;Prepare customer support;903326e7-136c-4ef6-8509-cdcf073feb19
;;Execute marketing strategy;;314796b6-9121-46ab-8dcd-7b4886fc1d32
;;;Finalize marketing materials;f58e1834-880e-41ee-a575-47823b750554
;;;Schedule marketing campaigns;42f23905-d958-4603-9899-ee92ec4baf8d
;;;Launch promotional activities;4d163767-86b2-4074-8d8d-c61a08fe6887
;;;Monitor campaign performance;1571f723-8837-4e26-95f0-67e576894858
;;;Gather customer feedback;263474bf-932b-46f8-8106-decb4b5e923e
;;Conduct final compliance checks;;8e945777-057c-4de6-ade6-1d594f0599e2
;;;Review compliance documentation;c693c834-4537-4cbd-b58a-cb5b23f3a1c5
;;;Conduct final compliance audits;33a8c788-f1af-4cd0-9993-b6a9fcd50952
;;;Confirm regulatory approvals;4987961d-1d9d-46d2-8b2c-f49213860a51
;;;Prepare compliance report;adb69f17-bc0e-4a7a-a6f3-ef4f5e0ec021
;;Launch e-commerce platform;;b14296fe-898f-4c39-99c3-01580c8bc317
;;;Conduct thorough platform testing;c03349db-09a2-4450-8f18-5cfdf7a61456
;;;Prepare technical support team;aac5e4d7-5359-4037-908c-c67dcda328ba
;;;Finalize launch checklist;7e91e68b-bec2-44ba-8a42-9b6c19686616
;;;Execute launch day plan;82d3d9c8-84b7-4ae0-b92e-768b0c11d905