Level 1;Level 2;Level 3;Level 4;Task ID
Reverse Aging Lab;;;;96489199-5e6e-4ff5-bc28-0f707e3c604c
;Project Initiation & Planning;;;4e1f301d-f873-4b6c-b94e-d714ad90ac43
;;Define Project Scope and Objectives;;6312e83e-fe7c-4f84-b0fe-ddf9d44e6732
;;;Identify Key Project Objectives;b8acfb6d-e063-4363-9ae7-141596b03126
;;;Define Measurable Success Criteria;b693ab91-4920-418e-ac44-e06988456a1e
;;;Determine Project Scope Boundaries;1d229206-6989-4632-8694-50613bc4dd0f
;;;Document Project Scope and Objectives;db128217-453d-4f99-9d57-50e64bf506bd
;;Develop Project Management Plan;;b6076efd-9ee9-4fb5-a845-51d9ebf18bfb
;;;Define Task Dependencies and Sequencing;6d4f9043-a485-4500-80b7-8bd44d357e83
;;;Estimate Task Durations and Resource Needs;e090a280-6dc8-477d-98f9-c4af38b5e1ee
;;;Develop Project Schedule and Timeline;db697207-1afa-4ffc-bf22-68197b5b168f
;;;Allocate Resources and Assign Responsibilities;45524aee-ce17-4064-828e-ee9356703188
;;;Establish Communication and Reporting Plan;042960c8-fea9-4ea0-a8df-b00a9e3a93da
;;Establish Project Governance Structure;;747bfb48-444d-4287-a37a-f9a54b208411
;;;Define Governance Roles and Responsibilities;871d43b9-81e1-4c34-b585-22999c8684e5
;;;Establish Decision-Making Processes;1662f3ea-f6a2-45a9-8df7-6404530eacab
;;;Create Communication and Reporting Plan;b5071bc2-4a2d-433a-aea6-07699ec1ab1d
;;;Document Governance Structure and Processes;c1ae11e8-1062-4f8c-97fb-edd64aa08e1e
;;Stakeholder Identification and Analysis;;10010946-6ac4-4997-9826-7c71d9e2c5d9
;;;Identify Key Project Stakeholders;65c919d4-d63c-4c67-be0b-e6ef89877235
;;;Assess Stakeholder Influence and Interests;314e067e-a9fb-4bd1-8deb-2aeac5232502
;;;Map Stakeholder Relationships and Dependencies;fec66e3d-9158-4854-90f3-8d0e78d0f7aa
;;;Develop Stakeholder Engagement Plan;4d441be8-05d6-44ba-9e72-1e3a58a3ad56
;;Risk Assessment and Mitigation Planning;;5ed370be-8939-4c86-8e7f-ab4a13598c14
;;;Identify potential risks and vulnerabilities;7bfa9039-5c9f-41f7-a29f-278f882a5372
;;;Assess the likelihood and impact of risks;373bdd40-7e22-46ca-bbc4-9db473980dc7
;;;Develop mitigation strategies for key risks;cc13b34d-a630-425b-8f41-496ef5665253
;;;Create contingency plans for critical failures;7a4d2ade-656a-4956-8806-da7ca9f1e6e2
;;;Establish risk monitoring and control process;0ff0af42-2f59-46cd-b7dc-fd5a26aea855
;Funding Acquisition;;;aea9c162-c903-4dce-86c2-9f258f8f6950
;;Identify Grant Funding Opportunities;;ec4cefd5-7ac0-4bc2-817c-a257ebe3cdd9
;;;Research National Grant Opportunities;5fd922b8-9bc9-4902-96e3-02ebfc40ced6
;;;Explore International Grant Programs;57a290d8-7cc7-4b88-9a9c-e99f6d83ad6c
;;;Analyze Grant Eligibility Criteria;67079d5e-232a-437a-9af3-0f4568fcd6a1
;;;Assess Funding Amounts and Deadlines;9e63fae8-8d34-41f2-a159-dc1216fd102b
;;;Evaluate Success Rates of Similar Projects;0ddf1477-0a52-415b-88c4-0b121363faef
;;Develop Grant Proposals;;e97b8a28-9e75-4fd6-bb5a-7812c04d1fd2
;;;Define Proposal Scope and Objectives;a4e6ecf3-1f94-400b-a54e-77dc414e9b12
;;;Gather Supporting Data and Literature;c4c61722-9a38-4f2c-97b4-1aa67a232cc5
;;;Write and Edit Proposal Sections;0dd79fa4-615d-4f6c-bbfa-c6bcd6a21674
;;;Obtain Internal Reviews and Approvals;585100a4-c003-4949-a38c-925b0875f2f8
;;;Finalize and Format Grant Proposal;c5a250f2-3f93-4019-b346-991f75e65bc2
;;Submit Grant Applications;;769415b2-041a-4299-bdc9-cf2fca55f32f
;;;Finalize grant application documents;d0b3bb54-9ac7-46b3-8e8f-e163dda219e0
;;;Obtain internal approvals for submission;179af63e-657d-4996-9030-f178cfd6b90b
;;;Submit application via online portal;112e228a-937d-496f-99db-e71e6d1b6a11
;;;Confirm application receipt and completeness;a2f4d234-82e7-4477-842b-a36e81ac7685
;;Secure Private Investment;;b1cf4ba3-65bd-4039-af19-996d0fcc7050
;;;Identify potential private investors;e7d3227b-c0da-4341-a43b-114de09c9cdc
;;;Develop investment prospectus and pitch deck;cd289d2c-4abb-4847-b669-ab7a98bdc58a
;;;Cultivate relationships with investors;973cc83b-83cd-4605-8dd4-92abc9f5c1fb
;;;Negotiate investment terms and agreements;34895254-96b8-4723-be5d-1b7c2d0db937
;;;Manage investor relations and reporting;192368a9-53ed-4cb8-b6d5-a16b91bc93bf
;;Manage Funding Agreements;;97179850-35e1-454e-9061-418aa498a728
;;;Review Funding Agreement Terms;64132d97-cb9c-424a-9da6-1c75f3b8a4d4
;;;Negotiate Agreement Modifications;efc424e3-aeec-44f0-9f6e-b68a8f1c5b1d
;;;Document Agreement Details;20fd8772-5e87-4d37-a262-74a42cc9047f
;;;Establish Reporting Procedures;248e913c-1fb4-40cf-8a87-b7d04a322782
;;;Monitor Compliance with Agreements;fb85cf22-4e92-432a-b6a4-644ed1e3ac7a
;Regulatory Compliance;;;59c783d0-66c8-4237-a711-fffe66425910
;;Identify Regulatory Requirements;;ea81af11-a323-41af-9b01-d8448b4fe3d6
;;;Review HSA guidelines for clinical trials;63fe58ce-9bc1-44f2-a05f-b652e9c7d997
;;;Review BAC guidelines for ethical research;1b354313-2248-47ae-8989-9afa46973707
;;;Identify data requirements for submissions;be9f36b5-8f93-4ace-a742-93d457304758
;;;Create submission timelines and milestones;5b9358a9-6eee-47dc-bf50-a98c86a9bf62
;;;Prepare draft submission documents;88debd4e-81a3-4ee3-8ee7-e1c13aee47a3
;;Prepare Regulatory Submissions;;8b603c57-c57e-499c-b49e-eab7efc44c29
;;;Gather all required documents;7b3e713e-ae03-441f-aa72-eca896c34f45
;;;Prepare HSA submission package;e25c14b6-0f87-4ae7-8f1d-d544e34bcfe8
;;;Prepare BAC submission package;e9f27294-52b1-4a9e-9ba0-ff90fbbefe90
;;;Review submission packages internally;be4c36b1-bb74-4a7c-9d3d-35b8f10da7ce
;;;Submit packages to HSA and BAC;74b432fb-aac5-4007-9b28-f6cb48d98ebb
;;Obtain Regulatory Approvals (HSA, BAC);;7c382213-c8b2-44cd-9ed0-f44f6444a4f2
;;;Prepare HSA submission package;e63895d3-a01e-45f8-b7a6-208378197f36
;;;Submit HSA application and track progress;8f5555f8-ac8c-4f4c-b448-b80c2b292681
;;;Prepare BAC submission package;d2ac1bbe-7a3a-4324-ad80-2f4f81e4fd19
;;;Submit BAC application and track progress;f2c1f11f-d8da-4043-abd1-6fb491b48f46
;;Maintain Compliance with Regulations;;eee42067-b40d-4c44-a5a4-c61715334e22
;;;Monitor regulatory changes and updates;22b2d62f-8dc6-4c31-9a2b-07db6a5a157c
;;;Conduct internal audits for compliance;37ea7609-1956-4fa0-bdc6-0979152e30ee
;;;Provide ongoing staff training on regulations;c4c191a2-1f8e-4e6a-a6ef-46fc4ce93f59
;;;Maintain documentation for regulatory compliance;1a4f9957-8c33-4525-a9ab-237c435fc4cf
;;;Address regulatory findings and implement CAPA;269545b2-756a-4d1f-a840-5c459b34d4aa
;;Address Ethical Considerations;;8736e42f-b917-4cfd-90dd-8ea771c1d05d
;;;Identify key ethical considerations;7b78eca0-0de1-42ef-9fd8-e023b1883134
;;;Develop ethical guidelines for research;9b69a4ad-e519-47fc-b62d-a59095179676
;;;Establish ethics review process;5b397323-8a90-4151-8a8e-a1039d3b5faa
;;;Engage with community on ethical issues;36a74102-bea1-4b54-9025-69f76a8d8692
;;;Monitor ethical developments and update guidelines;67c35252-1e4a-4dda-838a-deec8d6fbe8d
;Facility Establishment;;;61bc89f4-24cc-4d28-8177-deec1cb1e5fc
;;Select Suitable Location;;3dabb969-ddfc-4bff-8a88-ae4a523a2ed3
;;;Define Location Requirements and Criteria;98d60a5b-d23e-43b3-96fb-1002b457ea59
;;;Identify Potential Locations in Singapore;04404a7c-58f4-4ab0-a288-6a10ae27fdd9
;;;Conduct Site Visits and Assessments;b201f049-72bb-4bcf-982e-eb88c8d8af21
;;;Negotiate Lease Terms and Agreements;0da9f809-b64e-4d99-a892-ded89cebf899
;;;Secure Location Permits and Approvals;6371c1fd-ea79-4006-8f6a-eb6ec2c383e9
;;Design Lab Layout and Infrastructure;;a2d46922-0c44-451b-9ab4-ecc4939286e9
;;;Define Lab Space Requirements;229d0357-2c7c-4d45-be71-824df2eba0dc
;;;Develop Initial Lab Layout Designs;7c3312da-2f72-4d21-b51a-cdaa18a1309d
;;;Refine Designs Based on Feedback;df6b01be-bdfb-43b8-9652-7d9de6610c02
;;;Finalize Lab Infrastructure Plans;27e7f99f-c959-4a8f-a565-9df238037303
;;Procure State-of-the-Art Equipment;;a2ffa97b-66b2-4a78-8daf-92086d0113bc
;;;Define Equipment Specifications and Requirements;506da618-a5a5-4099-95f9-a4509b4ea84b
;;;Identify Potential Equipment Vendors;25983860-c3e8-4c85-a18f-18a51136a27f
;;;Evaluate Vendor Proposals and Negotiate Contracts;9c1c14bc-bcca-409d-b602-7a44023443ec
;;;Place Equipment Orders and Track Deliveries;c5f69cdf-6502-4fce-9f83-19abf18989aa
;;;Install and Test Equipment;9508711c-4de9-47f2-bb9b-594d30a9ec50
;;Construct and Commission Lab Facility;;4536d625-0602-472a-ae4c-72d929f477ea
;;;Obtain Construction Permits and Approvals;dbbe4c89-4364-42ba-9a94-9245d9d0ea59
;;;Prepare Site for Construction;21dd96de-3ce3-499f-8700-29ec360cb17a
;;;Execute Lab Construction;41aeb47b-d85a-4693-a43d-de1d6ee2c0a1
;;;Install Specialized Lab Infrastructure;9f42de5d-1b96-4265-96d1-a88795db35bb
;;;Commission and Validate Lab Facility;1e4d00a1-f18b-440a-aa60-9a0ed7f6119a
;;Establish IT Infrastructure;;c8e0d120-acd4-4fa8-aac5-af6f2d5ee3bb
;;;Assess IT infrastructure requirements;9c7a0bf1-7716-4472-861c-8d8f50f49fa6
;;;Select IT vendors and solutions;fc3fe965-d8ba-47b6-aad3-443fbb0f9d67
;;;Install and configure IT systems;85b5557f-8fb2-42eb-8098-910a9a7e65bd
;;;Implement data backup and recovery;3db3dd2b-b563-400b-8377-318d5dab3a7f
;;;Establish cybersecurity measures;7e7f313e-5d92-4fa4-9ae6-503cb43deaca
;Team Recruitment & Training;;;3b96dd6f-1164-489e-ac1d-3246f4e6f837
;;Develop Talent Acquisition Strategy;;a06d6836-ea27-43c8-b13c-bbc46fdcf2bc
;;;Define Key Roles and Responsibilities;7744212a-7b67-4ae1-a294-bc9728b86bfc
;;;Identify Target Candidate Profiles;7cf80143-67a8-41e7-baf1-a72f17ebd8e3
;;;Select Recruitment Channels;4608aedd-d377-40b6-bdb0-99b996bfd6b4
;;;Develop Employer Branding Materials;b93829b7-5995-40fc-b15d-b40a0a134ebd
;;Recruit Principal Investigators;;988fe1ff-04b2-4ea4-aa58-437e7e0779d9
;;;Define Principal Investigator Profile;45194778-e3d1-44f0-a256-77247b9cc7b5
;;;Identify Potential PI Candidates;a00eafd6-7627-4f40-9608-c0acf1906cd6
;;;Conduct Initial Screening and Interviews;e8dc85d8-7848-4081-8791-d3572c72b106
;;;Evaluate Research Proposals;ae5ed5e3-56c9-4d93-8b12-8e271b92e0ae
;;;Negotiate and Finalize PI Contracts;7c0e2ad3-5cdb-4f9b-a504-2de0ee358a36
;;Recruit Research Staff (Biogerontologists, Geneticists, etc.);;1e886d75-a2c4-41bb-8e78-8c36ed042ce7
;;;Define Research Staff Roles and Responsibilities;3845e2f4-43f9-4c42-a7d8-5d26a33f34c6
;;;Advertise Research Staff Positions;ee089053-3182-46eb-bb30-53f97536b951
;;;Screen and Interview Candidates;2ffa2a30-afe6-43cc-8b6c-2a8093d7a2b8
;;;Extend Offers and Onboard New Staff;a062774e-d806-4564-9f58-91e9a8c9a257
;;Provide Training on Equipment and Protocols;;11c5cad0-a781-4d7b-8e3f-25c943e7faa5
;;;Develop Training Materials;776c4f4b-32d4-4235-b818-54c936eae8e8
;;;Schedule Training Sessions;f07d3cdb-44b9-461a-be76-b1164c69501c
;;;Conduct Hands-on Training;530b81fc-8a1b-4270-bb4c-71b5048bd435
;;;Assess Training Effectiveness;3a556039-d380-46cf-8af7-26fbd3495266
;;;Document Training Records;4f5ca9db-7347-4df4-a452-8142068bccc9
;;Implement Retention Programs;;8fa373e3-82dc-4224-937d-ec779cfb9ea7
;;;Survey employee satisfaction and identify concerns;92aa0f32-4102-4b8a-8623-1d5a69e23de0
;;;Design competitive benefits and compensation packages;633f7eb6-138a-415d-add8-79bd414223ad
;;;Develop career development opportunities;6e9cd3b7-9dc3-4db6-a1cd-be5c1433d261
;;;Establish a mentorship program;6a49a3e2-4c07-4ec1-87c3-2d15a8b5b242
;;;Implement employee recognition programs;fec22425-555d-4ffb-b8b8-f090cfd9f4f6
;Research & Development;;;ce8aa56b-b4d3-4250-a9e3-779e6ce85bf3
;;Identify and Prioritize 'Killer Application';;741da0e4-77d8-4047-b1d1-9f873b40fc19
;;;Define Target Disease Selection Criteria;f181195a-bf96-4eed-9c90-72dcfb90ba1a
;;;Gather Data on Age-Related Diseases;8c7eca01-1485-4e32-ae5e-7b320ce7f264
;;;Assess Biological Plausibility of Interventions;1de820a4-57d7-4330-b41c-7fc123576467
;;;Evaluate Market Potential and Commercial Viability;6942b100-11cb-4f97-b61f-f0c49b68afe4
;;;Prioritize Targets and Document Rationale;ff2c5b3d-8bc0-4998-beba-fc0f880858d6
;;Conduct Preclinical Studies;;8f10a09c-af01-4283-a1ef-dac88e7bb459
;;;Select animal models for aging research;f61157da-eb22-4bca-b2c9-0b919d9a5d6b
;;;Establish preclinical study protocols;3e2d65e4-4461-4dc9-abe6-af33cbbc0e1a
;;;Conduct in vitro toxicity assays;b453960a-66c2-4551-bb51-1d6e6fbec7ec
;;;Evaluate therapy efficacy in vivo;339a8013-0d0e-4ebc-8a57-3b3263e6e4ce
;;;Analyze preclinical study data;18003d81-8364-4da1-b975-ae29eefdfa96
;;Develop Reverse Aging Therapies;;3309b053-6228-48f1-9525-ed7d1d170461
;;;Identify Potential Therapeutic Targets;42593b43-5eb1-47a7-83f1-402efe31b4bf
;;;Design and Synthesize Novel Compounds;b9ee4434-3e30-4669-ba29-ec0fcb0fa9f3
;;;Assess Compound Efficacy and Toxicity;7a944cf1-5939-40cb-9ab7-a7f5d9f61c34
;;;Optimize Lead Compounds for In Vivo Studies;675dd0c0-abbc-4083-a4a2-276e3e4da134
;;Validate Therapies in Animal Models;;7c2c1fd7-13ff-4db6-9546-c48eca09b11f
;;;Identify relevant animal models for aging;9e59765c-1223-4e7f-9eeb-901af71af022
;;;Establish animal model protocols;a01c157f-1a8a-4a29-8ca1-965c2f90f0ad
;;;Conduct pilot studies in animal models;a6e4c2e6-690a-4b36-b799-86250e07a4e1
;;;Analyze pilot study data and refine therapies;3268742c-baf1-47cd-a450-214abf1ac4c1
;;Prepare for Clinical Trials;;32b4bc26-c527-4e8a-9bdd-ba0a650a7e6d
;;;Identify Promising Therapeutic Targets;fbb7a63e-d531-4b8a-9e23-0ff870eacb17
;;;Design and Synthesize Novel Compounds;09aed160-3d4b-4e75-9008-b340e0cb2290
;;;Screen Compounds for Efficacy and Safety;689ca707-bb1a-423b-91b3-24d87814d00e
;;;Optimize Lead Compounds;fd733c61-8f94-4666-b0ee-22fe121a569e
;Clinical Trials;;;d0630ec9-87b6-4942-bf09-c0f7160b06f2
;;Design Clinical Trial Protocols;;ac064c7e-920a-464a-9943-d213c18bfe6f
;;;Define Trial Objectives and Endpoints;3ed57eae-6d52-4085-b22c-25bd8fc43079
;;;Select Study Population and Inclusion/Exclusion;9e392e40-9c81-4817-9a10-b28454f985ff
;;;Develop Data Collection and Management Plan;4b3a91b4-5b4d-486a-b69b-7f00d073653d
;;;Outline Safety Monitoring and Reporting Procedures;9663c86c-1ee5-4ec7-9b32-dc0b0f138944
;;;Prepare Informed Consent Documents;8753e6f7-7e67-4d99-8d03-65cdf69b5b19
;;Obtain HSA Approval for Clinical Trials;;8970dd9b-6ff7-402b-a5bb-42195ea584bf
;;;Prepare clinical trial application package;b52d0782-8960-4d96-9f93-08e1a04fcdac
;;;Submit application to HSA;76ba1e27-be37-4afe-a145-3ff809b48f4b
;;;Address HSA queries and revisions;970b121e-b6b0-4500-bf01-6fbd7ddc1cd2
;;;Obtain final HSA approval;0eb14429-7d4d-4a50-9a87-f0d5ae15ded8
;;Recruit Clinical Trial Participants;;ea443325-14bb-457b-a8b2-3773bb647851
;;;Define Participant Inclusion/Exclusion Criteria;8b6f5141-a0c5-4a37-ae26-972e3dc76a16
;;;Develop Recruitment Materials and Strategy;1c5c85db-6c6f-4d2c-9280-0ca02b7a030b
;;;Obtain Ethics Committee Approval for Recruitment;6f804315-6ebe-4957-93e5-626d83d51364
;;;Implement Recruitment Plan and Track Enrollment;83d9669e-6fa4-4c0f-a38d-a86286a99da5
;;;Manage Participant Screening and Enrollment;dc08d150-7bea-437a-8f35-792b408e3678
;;Conduct Clinical Trials;;c6f07c62-cac6-428a-8e14-4cc39bd6a224
;;;Patient Screening and Enrollment;06cac6d9-ec65-4d1a-8041-9ff4f2277a90
;;;Administer Investigational Product;faf0fd75-3310-4026-bb2e-b2c5dfcfab5f
;;;Collect and Manage Clinical Data;342a7936-3a7f-40e2-bfe6-053eeb97167b
;;;Monitor Participant Safety;32f07f3c-09f9-4dfe-ad21-577faa1271ef
;;;Ensure Protocol Adherence;bb873d39-aa4a-49f2-a339-16aee9f2efbf
;;Analyze Clinical Trial Data;;93580fa6-8e48-4212-8ecf-c3ac7f4189d7
;;;Clean and prepare clinical trial data;72261cdb-5dc8-43f2-a392-ba8254b14636
;;;Perform statistical analysis;db693e4a-6dfb-4a7c-9eba-1afb4949f2d4
;;;Interpret statistical analysis results;f2a88cd2-c0f4-4774-969e-ef8aa042926b
;;;Prepare final data analysis report;10ef4799-7eee-440f-af5f-6a0a424279e9
;Data Security & Privacy;;;a77f5790-d5e3-4fe1-b084-3f7b6c3a1df8
;;Implement Data Security Protocols;;358be2fc-09e6-46ca-9b3a-a00d3ca59f1c
;;;Implement data encryption methods;8f4a5bf9-69c2-4383-af97-6dd983903e91
;;;Configure access control mechanisms;5e262df8-8e14-48e9-888a-87a8194c7161
;;;Deploy intrusion detection systems;d779b197-0457-491a-8c36-c91b00cb29ac
;;;Conduct regular security audits;c501a535-bd97-4169-8166-82fbed0e418a
;;;Train personnel on security protocols;2f48b88f-65d0-40aa-ad52-5fbde60cd5e6
;;Ensure Compliance with PDPA/GDPR;;63e4a031-80b1-408c-a8fa-ba78aa4f06a5
;;;Understand PDPA/GDPR requirements;15c433da-54bc-4b1c-ad49-fa097327af14
;;;Gap analysis of current practices;5f29e6c6-d60e-4004-a5b4-5d641ef52fac
;;;Develop compliance framework;6b43eb61-7371-434c-a5ad-4aebbe2f30fa
;;;Implement training program;c1e679c2-6396-496f-8596-0b752b35de34
;;Conduct Data Privacy Impact Assessments;;32dbc229-caed-4b52-bd4e-6db186d1ef06
;;;Identify Data Processing Activities;63ddb3bc-7a76-4177-969c-3dc26577105a
;;;Assess Data Privacy Risks;cb9adc3b-55a0-4e88-8296-8ef7cde2c39f
;;;Evaluate Data Protection Measures;a576f947-0413-473c-b9fa-cdb8d3cde422
;;;Develop Mitigation Strategies;59548a48-2bf1-4ba1-baee-67ff99e9b4bf
;;;Document DPIA Findings and Recommendations;76a08d47-852b-4c5f-976c-2f17ffca9084
;;Develop Data Breach Response Plan;;16502c59-400b-43cf-b154-962c0c06ef08
;;;Identify Data Breach Scenarios;d81ba426-1b7f-4ae5-a398-b6952f67949b
;;;Define Roles in Data Breach Response;e3e7f8f1-3a28-468a-a2c6-23f93615d475
;;;Establish Communication Protocols;2ba829e3-d4e6-41d8-b43a-0266955753a5
;;;Develop Containment and Recovery Procedures;a87d6f57-6fdf-48f4-a369-dbc3986ef67d
;;;Test and Refine Response Plan;584796af-4211-416a-b4c9-7a78ad18a61a
;;Monitor and Update Security Measures;;946073d5-ec5e-4da1-a9dd-9f0b1a245dfe
;;;Vulnerability Scanning and Patching;c6517ab0-a313-42b0-b793-ec31ec0ec22e
;;;Security Tool Integration and Testing;60f7ba1e-fb37-46d0-868a-90714a8657fb
;;;Budget Allocation for Security Upgrades;a1c1bb9a-3e93-4987-8386-080cd86e9db8
;;;Threat Intelligence Monitoring;dfb4ed4d-2884-4e10-8998-3cb8c6f88f14
;Community Engagement & Communication;;;84251398-78e9-4a46-8976-322ce7136d75
;;Establish Community Advisory Board;;45a3e363-c41d-4169-929d-02a3153d36a6
;;;Define Advisory Board Scope and Objectives;9dbd51a1-940e-4923-9961-7fc16b792e35
;;;Identify Potential Board Member Candidates;65b17d92-2723-4431-b4f4-4b117a9c077a
;;;Recruit and Onboard Advisory Board Members;67a51e0e-beea-4972-9ce1-9e5cdda298a0
;;;Establish Board Operating Procedures;72acd10e-d64d-4de4-9b36-2df03d2956a4
;;Conduct Public Forums;;859d78bb-7881-47a1-8cbf-17f43f49f94d
;;;Plan public forum logistics and agenda;bb57b739-5126-46f6-9fa4-6af1bb97bb50
;;;Promote public forums to target audience;437346e6-8f2c-4bd1-ae4e-a016d2095adc
;;;Facilitate interactive sessions and Q&A;8ce855d4-20f8-4759-93f8-28a7bad057c1
;;;Gather feedback and address concerns;b8b4f897-4c62-46b5-b8c4-9b2afb209726
;;Develop Communication Strategy;;61b862bd-e4bb-47ae-a507-3988464502aa
;;;Identify Key Stakeholders for Communication;8b3983c9-b15a-405c-87cc-6457dcff05d2
;;;Define Communication Objectives and Key Messages;e3f5f990-5c42-4fb4-9276-b7625892559f
;;;Select Communication Channels and Tools;f1f40386-b418-42c5-814d-ebdc657ac4ec
;;;Develop Communication Plan Document;79cae432-275b-40e4-b731-c8ac81e72a88
;;Address Ethical Concerns;;f9b933d3-f1e8-47eb-ba97-24bfa2e6a166
;;;Identify Key Ethical Concerns;07ec8a1d-e332-4f71-8c2a-2696d77b0479
;;;Engage with Community Stakeholders;9fa1abeb-8728-4fef-9d1b-b326bc893b38
;;;Develop Ethical Guidelines;4ebb7f48-5083-4b77-b721-5834589babad
;;;Implement Transparency Measures;472eeb39-067b-4ec7-8413-a97a2c2e7c41
;;Disseminate Research Findings;;16d0f050-a151-4c68-8440-ca24ae9dfa5a
;;;Identify Key Stakeholders for Dissemination;ba95b8bd-4bb4-4836-9d5f-df12e3b4a566
;;;Prepare Research Findings for Dissemination;0f45671f-45eb-41c2-9139-78bef3b15dca
;;;Select Dissemination Channels;c8c37032-95b1-4834-a4e9-8d075b0d1571
;;;Disseminate Findings and Monitor Impact;329f10ee-4add-4aa0-a4bd-29bf5f3a0fce
;Project Closure;;;0d984c8c-f5c1-458c-9d1c-b7774c8a87b7
;;Finalize Project Documentation;;987cb52e-031d-4b2e-806c-1bbbd6e91ea0
;;;Gather all project documentation;867acf11-26df-415a-a0c7-3ff2d1e7c05d
;;;Review documentation for completeness;def0ecbf-d422-4115-a78e-321eaa28b08c
;;;Obtain sign-offs from stakeholders;faa6991c-5edc-40be-bbdd-bb26e44ae0f1
;;;Address outstanding documentation issues;110ba070-d5cd-42ba-a5d1-8ff8632c5b95
;;Conduct Post-Project Review;;9941ccc2-3274-4063-89a1-3b0542a11d18
;;;Schedule review meeting with stakeholders;c64f04f4-41b6-47fa-9702-6b676001e1ad
;;;Prepare data for post-project review;4f6670cd-3636-4747-9cb3-84c77bd986b6
;;;Facilitate the post-project review meeting;742a2d01-237d-4206-a3c9-a4f963a44d01
;;;Document lessons learned and recommendations;9aed31d1-449a-41c3-aca7-7511f38dd153
;;Disseminate Lessons Learned;;cd644d9e-2302-4721-97b5-d1e9f464d1d2
;;;Identify key project team members;bcd1d4ac-8567-4db9-8d7d-8c5fa79c1e63
;;;Schedule individual interviews;66b918d3-86ef-44e9-9a0c-022bc37a8676
;;;Conduct structured interviews;9605e0b2-fa93-46c8-89d1-3d48b754ce61
;;;Analyze interview data;6c2044f5-01c0-4a5c-82d2-c8a89b77c7a4
;;;Document lessons learned report;3d03ff82-ff68-4480-a82b-e065cd6dd0c1
;;Archive Project Data;;c6ad5c74-fa74-4fe9-82fe-7d8223ba0369
;;;Identify Data to Archive;0bbeaf54-bc8e-4b6a-b306-79e80f90c353
;;;Select Archival Storage Solution;38c889aa-68a8-4f11-bcc7-af2665eeb020
;;;Prepare Data for Archiving;3d2468f5-d4f9-46c9-af29-d1fe2d3c6ffb
;;;Transfer Data to Archive;b2a888bf-7c5f-46a2-90a4-8e93056be3bf
;;;Verify Data Integrity;71040ed2-0a81-4db7-9963-475b36e44f5b
;;Celebrate Project Success;;7b6f84f2-550d-4925-a4e8-02c231e5eb18
;;;Plan Celebration Event Details;5c774735-ce6c-4242-a1f6-e0d38b3b22ef
;;;Define Success Metrics for Celebration;735c94f6-e91f-496c-9707-0ed073d5459c
;;;Allocate Celebration Budget;4bc6b82f-a10d-44f7-8de8-bf2fe1b7b473
;;;Organize and Execute Celebration Event;8ba0f664-ef92-472e-945d-dbdb7b0fc4ab