Level 1;Level 2;Level 3;Level 4;Task ID
ASI ThreatPlaybook;;;;b322d4bf-9958-4c39-a3d0-b55cc0ca328d
;Project Initiation and Planning;;;fd2dbb3c-4bca-4525-ac15-601e31fa1bb1
;;Secure Project Funding;;f8212cd3-a4a4-45a7-8d3b-4f6c32a81eee
;;;Prepare funding proposal documentation;f6abd883-67ad-4df7-b581-8246336029d9
;;;Submit funding proposal to DARPA;78b9f781-c564-446e-a15d-cd466f4d7525
;;;Negotiate funding terms and conditions;2d0a4a85-527a-4e5d-a6dc-129a9717bb8d
;;;Secure final approval of funds;6fdd32fe-0f0a-4901-9b00-5b1eda1413bf
;;Establish Project Team;;eb8e7676-5fc4-4858-927e-1029e0ca6b2b
;;;Define Team Roles and Responsibilities;24043cbd-0e37-40a9-a426-3a8ef36e6c52
;;;Identify Required Expertise and Skills;e59cc11b-9dcf-409a-9750-4c675013615f
;;;Develop Recruitment Strategy and Materials;cf779a0d-eb06-4aa1-8a8f-41806610b88a
;;;Conduct Interviews and Evaluate Candidates;fb9a607f-78a1-433b-9b53-86fd100573ef
;;;Onboard and Train New Team Members;068c9b6f-e96f-4099-86d2-c974ad002e37
;;Define Project Scope and Objectives;;a8e20b3b-3ff7-4452-86e2-7d692751e345
;;;Identify Key Stakeholders and Their Needs;80c8e8bc-c70f-44a3-ac8c-1e1e048922b4
;;;Define Project Success Criteria;b07652ba-673d-4db4-85da-14120cae1bd2
;;;Document Project Scope Boundaries;e7066bbf-70a9-4e19-b6c6-15a22ed1285e
;;;Establish Communication Protocols;c27dc120-ac0b-41d7-9615-0626bf02b262
;;Develop Project Management Plan;;7d3ef948-d906-4f27-b7eb-caf5491b0dec
;;;Define Project Management Methodology;c24f235b-d506-4dcb-8a8a-05d273840b33
;;;Develop Detailed Project Schedule;9900bb97-51da-4929-9a94-c4a78583c689
;;;Establish Communication Plan;69ebc17a-0df4-4846-90a5-80bc65c0de56
;;;Define Risk Management Strategy;b7ff0605-691c-4c4e-8ecf-b2707baaa11e
;;;Document Resource Allocation and Budget;824165f0-f749-4b1b-943d-18d780d2b4fb
;;Establish Secure Data Enclave;;bc22cfd2-349a-4143-b6a6-1027b2a7b4ee
;;;Procure Secure Hardware and Software;aefdfe90-cc75-4dc3-ba73-02f766e35489
;;;Configure Network Security Infrastructure;e367ee17-3cfc-499a-abb0-1ea91b8144a3
;;;Implement Access Control and Authentication;295711ab-a818-4345-9a12-8159bab8aebc
;;;Encrypt Data at Rest and in Transit;f115fc82-1536-4aa4-82ad-c942a099dd62
;;;Conduct Security Audits and Penetration Testing;96d02fce-1c5d-44dc-9e58-3c2d3a83507a
;;Establish Ethics Review Board;;65357ef1-2da2-4ba9-b3fb-0193b1512dcf
;;;Identify Potential Ethics Review Board Members;41bb4b2d-df1c-4b2a-b137-efc1718f7272
;;;Contact and Recruit Board Members;a717d440-a5fb-498e-8b68-d422a217fa77
;;;Define Board Charter and Operating Procedures;b781aadd-67ea-4440-8d9f-1cdd74833911
;;;Establish Communication Channels and Protocols;7b1dad5a-0e20-49a5-8c41-1e336f6daaf6
;;Develop Data Governance Plan;;a71a3c63-a9ba-43f5-9c5e-257c7b2f9e60
;;;Define Data Governance Principles;ba2bb0a1-34af-4bfe-b632-ff597e219663
;;;Classify Data Types and Sensitivity;c2bd6c7d-c411-42cb-ac39-65d90baacda3
;;;Develop Data Minimization Techniques;637c2dca-ad03-469a-9f01-acfd2a924fd7
;;;Establish Data Retention Policies;6dc7e667-6fe2-441e-a24e-d3ccd75cf86a
;;;Implement Data Access Controls;8c3d4df7-589e-4d09-99f5-1e07f0bbc21d
;Strategic Decision Making;;;1aaa6331-3fee-4b4b-b323-691ff0fd01db
;;Define Ethical Boundary Strategy;;7a4b27fa-0227-4364-b7c3-7e58631bdc1e
;;;Research ethical frameworks for AI;2c0784ce-999a-493b-8fdd-11ba24da3d86
;;;Simulate ethical dilemmas with scenario planning;dc0830f2-9c97-4388-83ef-9b35587c109d
;;;Model stakeholder impact of ethical decisions;7f0dc521-dda9-4d40-b430-089e9a9194ed
;;;Consult ethicists and legal experts;b51a412b-2d63-4a81-baf5-b205e33d4b58
;;;Present framework to ethics review board;5611f41b-e81f-4bf2-89cb-bb7ec86986e4
;;Determine Vulnerability Prioritization Strategy;;d07fe0d9-93bb-4b28-8d73-b6941fe6e507
;;;Identify potential system vulnerabilities;08087a64-7c91-4100-8d4d-d4a601fea2e5
;;;Assess vulnerability impact and likelihood;ed5ada5b-c0dc-49b9-ba91-a287b14b74d3
;;;Prioritize vulnerabilities for mitigation;624ffdf1-4d48-41f7-9c00-202c7d9ea748
;;;Document vulnerability prioritization strategy;0986bfb5-8cad-4b83-b34f-0f74c7660afe
;;Determine Threat Landscape Scope Strategy;;af31757a-0dc4-42b1-9891-6f497ac2089d
;;;Identify Key Threat Actors and Motivations;ac4b592a-ec69-4ee7-974e-400efd76e530
;;;Define Scope of Potential Manipulation Methods;3d23ec99-9cb3-4194-8bff-4eead94ff825
;;;Analyze Historical and Emerging Trends;294dca49-f23d-41ee-ae97-59f323f7f605
;;;Document Threat Landscape Scope Strategy;e7b9ac74-4df6-4d30-9c17-9205d84018c2
;;Determine Data Acquisition Strategy;;06dd38bc-a3cd-41b1-a0fa-b5533f89a868
;;;Identify potential data sources;a94a1a3c-a014-4120-95da-b644d7477659
;;;Assess data source accessibility;001f393f-4650-493c-85fc-b1d44486b6ff
;;;Define data acquisition methods;f3f00e58-bc93-4001-a739-1579ac1f4e80
;;;Establish data sharing agreements;af43a720-e978-4fdd-9c0c-da142b39098d
;;;Implement data anonymization techniques;caf98291-a9c9-4b29-880a-16102484b7e1
;;Determine Validation Rigor Strategy;;a3c91dcd-1be4-424f-a48d-11dcba7283ec
;;;Identify potential validation methods;aa15cad6-a9ff-431a-906c-5eee3cd215de
;;;Assess feasibility of validation methods;47361aa9-d809-4919-9ef9-ca3f2b3e0c6e
;;;Prioritize validation methods;fa12cab5-dc0a-459f-92f9-38d19968d1f1
;;;Document validation rigor strategy;675fb9dc-7298-4ad5-9e4f-80c05610b102
;;Determine Transition Strategy;;5527a340-f8e1-4701-a1ef-825fef031758
;;;Define Transition Goals and Objectives;3307c47d-3650-41f1-b17d-72f10a4c2724
;;;Develop Detailed Transition Plan;4063f42f-db8b-4185-ae89-ffb50f5dc06b
;;;Communicate Transition Plan to Stakeholders;2a1ac960-e3db-4b69-a1ed-f9e601ae476e
;;;Execute and Monitor Transition Plan;b0b7ceff-c614-4159-a8e3-f0d2ae920396
;;;Evaluate Transition Success and Lessons Learned;11825c86-c306-4584-95b7-0e53f90e7c21
;;Determine Countermeasure Development Approach;;0c5b4347-a3f6-43d6-ad84-3e11cd00ce54
;;;Identify Key Stakeholders for Transition;3ee669ab-c9be-4b3a-ac54-f5edd85afba8
;;;Develop Detailed Transition Plan;4b18f90d-1751-4364-bd1d-077b2533d237
;;;Establish Communication Channels;ec23283a-ebb5-43d3-8557-3df63e465ab0
;;;Conduct Pilot Transition;8503c1eb-5c24-4cc7-a4a1-9cfc05888362
;;;Full-Scale Transition and Implementation;b2bba11b-225a-414e-a1f0-2b58bfa8aaa2
;;Determine Collaboration and Security Balance;;72422c51-69c1-48d3-859d-2a233c7109ce
;;;Identify Collaboration Security Requirements;a116b3b4-1178-4878-96af-272d5078d0d7
;;;Establish Secure Communication Channels;38aba0d9-f17d-4ac6-b4ea-839118a1fb77
;;;Develop Collaboration Framework;aa3bed5f-6376-4adb-b967-f7792ecd6397
;;;Conduct Security Audits and Risk Assessments;96b63ac3-33c6-4036-b07e-5064e0cf85e3
;Threat Model Development;;;f1fbbc1a-93ad-4218-b5ac-1fa3e95a72a1
;;Gather Data on Manipulation Techniques;;b763c025-3bda-4cd5-b80b-b74da2cf3e1e
;;;Identify relevant data sources on manipulation;4bad4215-b2a3-441d-87b0-5341069ba6bd
;;;Develop data acquisition protocols and tools;cba1e882-449f-44d4-9f4b-0db34781c73f
;;;Acquire and preprocess data on manipulation;efe4e4da-bc8c-4039-842f-db6d0f382450
;;;Assess data quality and reliability;c4c3d75e-0f32-478a-9b3b-60262b507366
;;Develop Initial Threat Model;;5928a2a1-6da3-4e57-a247-08166a7e3f42
;;;Define ASI Manipulation Categories;95584cf0-482a-4137-8e35-e2dc2cc6e515
;;;Map Manipulation Techniques to Vulnerabilities;3998f14d-725d-4abb-b4c4-6ad98e8318b5
;;;Develop Scenarios of ASI Manipulation;09cbef92-1966-49b8-8542-672422a8d524
;;;Document Assumptions and Limitations;3268d29d-beb2-44e1-bc88-addd55c1b3a1
;;Validate Threat Model;;a63955dd-a834-4bfa-a8a6-71dc98e53a57
;;;Design Validation Scenarios;c202c10d-6952-4483-a8d5-f59670622c78
;;;Generate Synthetic Data for Validation;5b840655-af48-4bf8-a8cd-c954734b55da
;;;Conduct Red Team Exercises;21c17334-52a7-4911-8c9d-fa3ddd384161
;;;Analyze Validation Results;4aeebb66-9f0e-4817-a984-1fc3fcdedd0f
;;;Document Validation Findings;d4a97a04-c90f-409c-a65e-5c831a008559
;;Refine Threat Model Based on Validation Results;;814c5794-8dd7-4186-9c50-8700c6645fac
;;;Analyze validation data for threat model;1aa72a0b-958f-49dd-8cdc-ccf80ab57c58
;;;Identify gaps in threat model coverage;79008678-39bd-4660-9aa4-b3bab49f4b80
;;;Develop model improvements and mitigations;fc88dd82-a0d6-43a9-93c7-efc1a2280318
;;;Incorporate improvements into threat model;e3c32995-e25d-4f1f-affa-c31f85749193
;;Define and Measure Societal Resilience;;b47888e8-0212-4f9f-9791-72234c3a75bf
;;;Identify Societal Resilience Indicators;7e849dee-8579-4eae-88e1-24180099679c
;;;Define Metrics for Resilience Indicators;542d632e-1481-48d2-81fe-9886b9856fed
;;;Establish Baseline Resilience Measurements;8de28162-b200-4daf-9d85-efe48876c215
;;;Develop Data Collection Plan for Monitoring;17a5d4c5-17e8-4854-9652-1be03cd576d1
;Strategic Playbook Development;;;ad843059-cb8c-41c9-96d8-df61f91ef535
;;Develop Countermeasures for Identified Vulnerabilities;;844afcef-1429-4adf-92b3-cfbe7d9c84e6
;;;Research potential countermeasures;fbb80852-b0d7-465c-9caa-4b07e96ba3b3
;;;Evaluate countermeasure feasibility and effectiveness;9d0d0ad2-9286-4501-be87-2939c9b7bc6e
;;;Develop prototype countermeasures;cccd6d1b-ae49-4703-96cc-82c3ab115019
;;;Test and validate countermeasures;0e42ded3-c885-4630-b04f-8ff457bf1166
;;;Document countermeasure specifications;205ec424-0ebf-4523-ac60-e63c84e75f47
;;Develop Strategic Playbook;;ad44490d-0a21-4f6e-aba5-cb579321484d
;;;Define Playbook Structure and Format;6a0abd55-3fab-4ac2-81a1-5e100defd382
;;;Synthesize Threat Model Findings;6e14f04e-b565-45b0-9fe0-d53128459a09
;;;Document Countermeasure Strategies;38cf9072-1a8e-4474-8d92-eb2377cd566f
;;;Develop Actionable Response Plans;f067286e-6baf-4ca0-8fd6-74e2ec155eae
;;;Incorporate Ethical Considerations;e2c678ee-f13a-4d0a-b0d6-2a8f619fe983
;;Validate Strategic Playbook;;de381a78-915e-4c11-bcb2-cfeb92aec50e
;;;Define Validation Scenarios and Metrics;3e0c7866-795c-4f4a-b2cd-705dfedfb87b
;;;Develop Simulation Environment;ce0ccda1-a572-4048-a5bb-a3db34129ed1
;;;Conduct Red Teaming Exercises;bb6f5ff0-53a3-4159-8611-167c1f49fdad
;;;Analyze Validation Results and Identify Gaps;d2c6e5ed-dfdd-436c-9184-af3598e76e90
;;;Document Validation Process and Findings;1be12b3e-06bf-4866-9ba8-9c40cede400f
;;Refine Strategic Playbook Based on Validation Results;;11e6064f-bd07-413b-9972-b4468224c7c8
;;;Identify Stakeholder Training Needs;46850206-c6b8-4865-b62b-9b2ffca33053
;;;Develop Training Materials;bebf227f-8cc6-4807-a071-a27cbad630fd
;;;Conduct Training Sessions;c6861fc7-4d1d-432a-a351-882f7a76b44a
;;;Evaluate Training Effectiveness;cbd2aa83-2b99-4590-bf3a-51cde6ee1408
;Transition and Implementation;;;60e00c15-c893-4d6a-a550-6eac2ad7c1f9
;;Disseminate Threat Model and Playbook;;6be4f3e8-d754-42ba-8956-72e5d3b5997d
;;;Identify Target Audiences;908aeef3-177b-4d72-ab3e-b861c2e9c37e
;;;Adapt Content for Each Audience;24b090d2-4826-4cb4-8ee7-c71d3f6ce2ee
;;;Establish Secure Distribution Channels;7cb9c619-a7a7-422a-b0fd-5e7e761e5736
;;;Obtain Necessary Approvals;debbe104-91de-4fd6-98e5-832ce3c12f4b
;;;Monitor Dissemination and Gather Feedback;3261adb4-593e-4d8d-85fa-4496d85133fe
;;Implement Countermeasures;;f500c571-7d86-4b3a-b236-5ef8fcd4e241
;;;Procure necessary hardware and software;f949dc68-fcfe-4517-a4c8-f28932fc5db4
;;;Configure and test countermeasures;c1e125e6-d995-4086-b042-10e4700cf081
;;;Integrate countermeasures with existing systems;069a057a-2f39-4c79-916e-952657a01ee1
;;;Monitor countermeasure performance and effectiveness;8f3708e8-ee9e-41d1-abc9-c31bd4cb2a81
;;Monitor and Evaluate Countermeasure Effectiveness;;b43f3559-0d6d-4190-a9fb-25067febfeeb
;;;Define Key Performance Indicators (KPIs);7322a360-161c-41a6-b39f-6825f93ccd9a
;;;Collect Data on Countermeasure Performance;8d26e3f6-d068-4851-be57-f85cba3155f0
;;;Analyze Countermeasure Effectiveness;452bc47f-0ee9-43d3-8ba3-652252129364
;;;Report and Visualize Countermeasure Impact;f9ea1126-fe36-437e-b9d4-ff8a48c1c53c
;;Provide Training to Relevant Stakeholders;;66562f8f-2128-4dc1-8b9b-289a2393997d
;;;Identify Stakeholders for Training;2f7c6abd-1d46-4f75-a7e6-3754946e8f4d
;;;Develop Training Materials;1112f237-3cd1-4ef6-9cd3-0ac482ce4651
;;;Schedule and Conduct Training Sessions;f94836e6-f71d-4775-8c23-14a9d487dd7a
;;;Evaluate Training Effectiveness;9873b5ec-a3c9-4c5d-848b-fadbc043268f
;;;Refine Training Program;84047234-e5d0-4a80-bcba-c6ee27a53b05
;;Conduct Cost-Benefit Analysis of 'Pioneer's Gambit';;db6e5df2-c9d7-4c4e-ab6e-e7a426e23197
;;;Identify Costs of Pioneer's Gambit;4dd5713f-9860-4c77-9a35-0519b0e587c4
;;;Quantify Benefits of Pioneer's Gambit;2b889990-b722-4898-9caf-bd1add53431b
;;;Assess Societal Impacts of Gambit;c4fb8f5e-80d0-4032-b309-291359494eab
;;;Compare Gambit to Alternative Approaches;cf79bd92-3bdd-401b-bc31-c0d0017e41a3
;;;Document Cost-Benefit Analysis Results;e9d16c24-8357-41b1-8e07-5e28c99b89e8