project_key,project_name,project_description,project_start_date,project_end_date,project_progress,project_parent,originating_department
b322d4bf-9958-4c39-a3d0-b55cc0ca328d,ASI ThreatPlaybook,"ASI ThreatPlaybook

Final deliverable:
Defensive Playbook",9/1/2025,11/1/2028,0,,PlanExe
fd2dbb3c-4bca-4525-ac15-601e31fa1bb1,Project Initiation and Planning,,9/1/2025,6/15/2026,0,b322d4bf-9958-4c39-a3d0-b55cc0ca328d,PlanExe
f8212cd3-a4a4-45a7-8d3b-4f6c32a81eee,Secure Project Funding,,9/1/2025,10/31/2025,0,fd2dbb3c-4bca-4525-ac15-601e31fa1bb1,PlanExe
f6abd883-67ad-4df7-b581-8246336029d9,Prepare funding proposal documentation,"Prepare funding proposal documentation

Description:
Gather all necessary information and documentation required for the funding proposal, including budget details, project scope, and expected outcomes. Ensure compliance with DARPA's guidelines and requirements.

Resources needed:
• Project Manager
• Financial Analyst
• Technical Writer",9/1/2025,9/16/2025,0,f8212cd3-a4a4-45a7-8d3b-4f6c32a81eee,PlanExe
78b9f781-c564-446e-a15d-cd466f4d7525,Submit funding proposal to DARPA,"Submit funding proposal to DARPA

Description:
Submit the completed funding proposal to DARPA through the appropriate channels. Track the submission and respond to any inquiries or requests for additional information.

Resources needed:
• Project Manager
• Administrative Assistant",9/16/2025,10/1/2025,0,f6abd883-67ad-4df7-b581-8246336029d9,PlanExe
2d0a4a85-527a-4e5d-a6dc-129a9717bb8d,Negotiate funding terms and conditions,"Negotiate funding terms and conditions

Description:
Engage in negotiations with DARPA regarding the terms and conditions of the funding agreement. Ensure that the terms are favorable to the project and align with the project's objectives.

Resources needed:
• Project Manager
• Legal Counsel
• Financial Analyst",10/1/2025,10/16/2025,0,78b9f781-c564-446e-a15d-cd466f4d7525,PlanExe
6fdd32fe-0f0a-4901-9b00-5b1eda1413bf,Secure final approval of funds,"Secure final approval of funds

Description:
Obtain final approval of the funding agreement from DARPA. Ensure that all necessary paperwork is completed and submitted in a timely manner.

Resources needed:
• Project Manager
• Administrative Assistant",10/16/2025,10/31/2025,0,f8212cd3-a4a4-45a7-8d3b-4f6c32a81eee,PlanExe
eb8e7676-5fc4-4858-927e-1029e0ca6b2b,Establish Project Team,,10/31/2025,11/30/2025,0,f8212cd3-a4a4-45a7-8d3b-4f6c32a81eee,PlanExe
24043cbd-0e37-40a9-a426-3a8ef36e6c52,Define Team Roles and Responsibilities,"Define Team Roles and Responsibilities

Description:
Clearly define the roles and responsibilities for each team member, including AI specialists, social scientists, cybersecurity experts, ethicists, and project managers. This includes outlining specific tasks, decision-making authority, and reporting structures.

Resources needed:
• Project Manager
• HR Representative
• Team Leads",10/31/2025,11/6/2025,0,eb8e7676-5fc4-4858-927e-1029e0ca6b2b,PlanExe
e59cc11b-9dcf-409a-9750-4c675013615f,Identify Required Expertise and Skills,"Identify Required Expertise and Skills

Description:
Conduct a thorough analysis to identify the specific expertise and skills required for each role on the project team. This includes technical skills (e.g., AI, cybersecurity), research skills (e.g., social science, data analysis), and soft skills (e.g., communication, collaboration).

Resources needed:
• Project Manager
• Technical Experts
• Subject Matter Experts",11/6/2025,11/12/2025,0,24043cbd-0e37-40a9-a426-3a8ef36e6c52,PlanExe
cf779a0d-eb06-4aa1-8a8f-41806610b88a,Develop Recruitment Strategy and Materials,"Develop Recruitment Strategy and Materials

Description:
Develop a comprehensive recruitment strategy to attract qualified candidates for each role. This includes identifying target audiences, crafting compelling job descriptions, and selecting appropriate recruitment channels (e.g., online job boards, professional networks, university partnerships).

Resources needed:
• HR Representative
• Marketing Specialist
• Project Manager",11/12/2025,11/18/2025,0,e59cc11b-9dcf-409a-9750-4c675013615f,PlanExe
fb9a607f-78a1-433b-9b53-86fd100573ef,Conduct Interviews and Evaluate Candidates,"Conduct Interviews and Evaluate Candidates

Description:
Conduct structured interviews with potential candidates to assess their skills, experience, and fit with the project team. This includes developing interview questions, establishing evaluation criteria, and conducting background checks.

Resources needed:
• Hiring Manager
• Technical Experts
• HR Representative",11/18/2025,11/24/2025,0,cf779a0d-eb06-4aa1-8a8f-41806610b88a,PlanExe
068c9b6f-e96f-4099-86d2-c974ad002e37,Onboard and Train New Team Members,"Onboard and Train New Team Members

Description:
Develop a comprehensive onboarding program to integrate new team members into the project. This includes providing training on project goals, methodologies, tools, and ethical guidelines. Ensure new members have access to necessary resources and support.

Resources needed:
• Project Manager
• Team Leads
• Training Materials",11/24/2025,11/30/2025,0,eb8e7676-5fc4-4858-927e-1029e0ca6b2b,PlanExe
a8e20b3b-3ff7-4452-86e2-7d692751e345,Define Project Scope and Objectives,,11/30/2025,12/12/2025,0,eb8e7676-5fc4-4858-927e-1029e0ca6b2b,PlanExe
80c8e8bc-c70f-44a3-ac8c-1e1e048922b4,Identify Key Stakeholders and Their Needs,"Identify Key Stakeholders and Their Needs

Description:
Identify all relevant stakeholders (internal and external) and document their specific needs, expectations, and priorities related to the project's scope and objectives. This includes DARPA, government agencies, cybersecurity firms, academics, the public, AI tool vendors, and infrastructure providers. Understand their perspectives on ASI manipulation and potential countermeasures.

Resources needed:
• Project Manager
• Stakeholder Engagement Specialist
• Social Scientist",11/30/2025,12/3/2025,0,a8e20b3b-3ff7-4452-86e2-7d692751e345,PlanExe
b07652ba-673d-4db4-85da-14120cae1bd2,Define Project Success Criteria,"Define Project Success Criteria

Description:
Establish clear, measurable, achievable, relevant, and time-bound (SMART) criteria for project success. These criteria should align with the overall goal of developing a threat model and strategic playbook to counter ASI manipulation. Define what constitutes a comprehensive and effective threat model and playbook.

Resources needed:
• Project Manager
• AI Specialist
• Cybersecurity Expert
• Social Scientist",12/3/2025,12/6/2025,0,80c8e8bc-c70f-44a3-ac8c-1e1e048922b4,PlanExe
e7066bbf-70a9-4e19-b6c6-15a22ed1285e,Document Project Scope Boundaries,"Document Project Scope Boundaries

Description:
Clearly define the boundaries of the project's scope, including what is included and excluded. Specify the types of ASI manipulation techniques that will be addressed, the target audience for the threat model and playbook, and the geographic regions or societal sectors that will be considered. This helps manage expectations and prevent scope creep.

Resources needed:
• Project Manager
• AI Specialist
• Cybersecurity Expert
• Social Scientist",12/6/2025,12/9/2025,0,b07652ba-673d-4db4-85da-14120cae1bd2,PlanExe
c27dc120-ac0b-41d7-9615-0626bf02b262,Establish Communication Protocols,"Establish Communication Protocols

Description:
Define clear communication protocols for internal team members and external stakeholders. This includes the frequency of meetings, reporting requirements, and channels for communication. Establish a process for managing and resolving conflicts or disagreements related to project scope and objectives.

Resources needed:
• Project Manager
• Communication Specialist",12/9/2025,12/12/2025,0,a8e20b3b-3ff7-4452-86e2-7d692751e345,PlanExe
7d3ef948-d906-4f27-b7eb-caf5491b0dec,Develop Project Management Plan,,12/12/2025,1/1/2026,0,a8e20b3b-3ff7-4452-86e2-7d692751e345,PlanExe
c24f235b-d506-4dcb-8a8a-05d273840b33,Define Project Management Methodology,"Define Project Management Methodology

Description:
Select and document the project management methodology (e.g., Agile, Waterfall, hybrid) to be used for the project. This includes defining roles, responsibilities, and processes for managing scope, schedule, budget, and risks.

Resources needed:
• Project Manager
• Senior Management",12/12/2025,12/16/2025,0,7d3ef948-d906-4f27-b7eb-caf5491b0dec,PlanExe
9900bb97-51da-4929-9a94-c4a78583c689,Develop Detailed Project Schedule,"Develop Detailed Project Schedule

Description:
Create a comprehensive project schedule outlining all tasks, dependencies, milestones, and timelines. This includes estimating task durations, allocating resources, and identifying the critical path.

Resources needed:
• Project Manager
• Team Leads
• Scheduling Software",12/16/2025,12/20/2025,0,c24f235b-d506-4dcb-8a8a-05d273840b33,PlanExe
69ebc17a-0df4-4846-90a5-80bc65c0de56,Establish Communication Plan,"Establish Communication Plan

Description:
Define the communication channels, frequency, and stakeholders for project updates, status reports, and issue resolution. This includes establishing a process for escalating issues and managing stakeholder expectations.

Resources needed:
• Project Manager
• Communication Specialist",12/20/2025,12/24/2025,0,9900bb97-51da-4929-9a94-c4a78583c689,PlanExe
b7ff0605-691c-4c4e-8ecf-b2707baaa11e,Define Risk Management Strategy,"Define Risk Management Strategy

Description:
Identify potential risks and develop mitigation strategies to minimize their impact on the project. This includes creating a risk register, assigning risk owners, and establishing a process for monitoring and managing risks throughout the project lifecycle.

Resources needed:
• Project Manager
• Risk Management Expert
• Team Leads",12/24/2025,12/28/2025,0,69ebc17a-0df4-4846-90a5-80bc65c0de56,PlanExe
824165f0-f749-4b1b-943d-18d780d2b4fb,Document Resource Allocation and Budget,"Document Resource Allocation and Budget

Description:
Detail the allocation of resources (personnel, equipment, software) to each task and the associated budget. This includes tracking expenses, managing budget variances, and ensuring that resources are used efficiently.

Resources needed:
• Project Manager
• Finance Department",12/28/2025,1/1/2026,0,7d3ef948-d906-4f27-b7eb-caf5491b0dec,PlanExe
bc22cfd2-349a-4143-b6a6-1027b2a7b4ee,Establish Secure Data Enclave,,1/1/2026,1/31/2026,0,7d3ef948-d906-4f27-b7eb-caf5491b0dec,PlanExe
aefdfe90-cc75-4dc3-ba73-02f766e35489,Procure Secure Hardware and Software,"Procure Secure Hardware and Software

Description:
Objective: Acquire all necessary hardware and software components that meet stringent security requirements for the data enclave.
Scope: Includes servers, networking equipment, security appliances, operating systems, and security software.
Steps: 1. Define hardware and software specifications based on security requirements. 2. Identify potential vendors and evaluate their products. 3. Obtain quotes and negotiate pricing. 4. Place orders and track delivery. 5. Verify the integrity of delivered components.
Deliverables: List of procured hardware and software with proof of secure delivery.

Resources needed:
• Security Architect
• Procurement Specialist
• System Administrator",1/1/2026,1/7/2026,0,bc22cfd2-349a-4143-b6a6-1027b2a7b4ee,PlanExe
e367ee17-3cfc-499a-abb0-1ea91b8144a3,Configure Network Security Infrastructure,"Configure Network Security Infrastructure

Description:
Objective: Establish a secure network environment for the data enclave, protecting it from unauthorized access and data breaches.
Scope: Includes configuring firewalls, intrusion detection/prevention systems, VPNs, and network segmentation.
Steps: 1. Design the network architecture based on security best practices. 2. Configure firewalls to restrict network traffic. 3. Implement intrusion detection and prevention systems to monitor for malicious activity. 4. Set up VPNs for secure remote access. 5. Segment the network to isolate sensitive data.
Deliverables: Network configuration documentation and security audit reports.

Resources needed:
• Network Engineer
• Security Engineer
• System Administrator",1/7/2026,1/13/2026,0,aefdfe90-cc75-4dc3-ba73-02f766e35489,PlanExe
295711ab-a818-4345-9a12-8159bab8aebc,Implement Access Control and Authentication,"Implement Access Control and Authentication

Description:
Objective: Restrict access to the data enclave to authorized personnel only, using strong authentication mechanisms.
Scope: Includes implementing multi-factor authentication, role-based access control, and regular access reviews.
Steps: 1. Define user roles and permissions. 2. Implement multi-factor authentication for all users. 3. Configure role-based access control to restrict access to sensitive data. 4. Conduct regular access reviews to ensure that permissions are appropriate. 5. Implement privileged access management for administrative accounts.
Deliverables: Access control policies and audit logs.

Resources needed:
• Security Engineer
• System Administrator
• Data Governance Officer",1/13/2026,1/19/2026,0,e367ee17-3cfc-499a-abb0-1ea91b8144a3,PlanExe
f115fc82-1536-4aa4-82ad-c942a099dd62,Encrypt Data at Rest and in Transit,"Encrypt Data at Rest and in Transit

Description:
Objective: Protect sensitive data from unauthorized access by encrypting it both when it is stored and when it is transmitted.
Scope: Includes implementing full-disk encryption, database encryption, and secure communication protocols.
Steps: 1. Implement full-disk encryption on all servers and workstations. 2. Encrypt sensitive data stored in databases. 3. Use secure communication protocols (e.g., TLS, SSH) for all data transmissions. 4. Implement key management procedures to protect encryption keys.
Deliverables: Encryption policies and key management documentation.

Resources needed:
• Security Engineer
• Database Administrator
• System Administrator",1/19/2026,1/25/2026,0,295711ab-a818-4345-9a12-8159bab8aebc,PlanExe
96d02fce-1c5d-44dc-9e58-3c2d3a83507a,Conduct Security Audits and Penetration Testing,"Conduct Security Audits and Penetration Testing

Description:
Objective: Identify and address any security vulnerabilities in the data enclave through regular security audits and penetration testing.
Scope: Includes vulnerability scanning, penetration testing, and security code reviews.
Steps: 1. Conduct regular vulnerability scans to identify known vulnerabilities. 2. Perform penetration testing to simulate real-world attacks. 3. Conduct security code reviews to identify vulnerabilities in custom applications. 4. Remediate any identified vulnerabilities in a timely manner.
Deliverables: Security audit reports and penetration testing reports.

Resources needed:
• Security Auditor
• Penetration Tester
• Security Engineer",1/25/2026,1/31/2026,0,bc22cfd2-349a-4143-b6a6-1027b2a7b4ee,PlanExe
65357ef1-2da2-4ba9-b3fb-0193b1512dcf,Establish Ethics Review Board,,1/31/2026,4/1/2026,0,bc22cfd2-349a-4143-b6a6-1027b2a7b4ee,PlanExe
41bb4b2d-df1c-4b2a-b137-efc1718f7272,Identify Potential Ethics Review Board Members,"Identify Potential Ethics Review Board Members

Description:
Identify and research potential candidates with expertise in AI ethics, law, and relevant social sciences. Consider diversity of perspectives.

Resources needed:
• Project Manager
• AI Ethics Consultant
• Legal Counsel",1/31/2026,2/15/2026,0,65357ef1-2da2-4ba9-b3fb-0193b1512dcf,PlanExe
a717d440-a5fb-498e-8b68-d422a217fa77,Contact and Recruit Board Members,"Contact and Recruit Board Members

Description:
Reach out to identified candidates, explain the project's goals and scope, and invite them to join the Ethics Review Board. Negotiate terms of service.

Resources needed:
• Project Manager
• Administrative Support",2/15/2026,3/2/2026,0,41bb4b2d-df1c-4b2a-b137-efc1718f7272,PlanExe
b781aadd-67ea-4440-8d9f-1cdd74833911,Define Board Charter and Operating Procedures,"Define Board Charter and Operating Procedures

Description:
Establish the board's mandate, responsibilities, decision-making processes, and meeting schedule. Document these in a formal charter.

Resources needed:
• Project Manager
• Legal Counsel
• AI Ethics Consultant",3/2/2026,3/17/2026,0,a717d440-a5fb-498e-8b68-d422a217fa77,PlanExe
7b1dad5a-0e20-49a5-8c41-1e336f6daaf6,Establish Communication Channels and Protocols,"Establish Communication Channels and Protocols

Description:
Set up secure communication channels for board members to share information and collaborate. Define protocols for submitting ethical concerns and receiving feedback.

Resources needed:
• IT Support
• Project Manager",3/17/2026,4/1/2026,0,65357ef1-2da2-4ba9-b3fb-0193b1512dcf,PlanExe
a71a3c63-a9ba-43f5-9c5e-257c7b2f9e60,Develop Data Governance Plan,,4/1/2026,6/15/2026,0,fd2dbb3c-4bca-4525-ac15-601e31fa1bb1,PlanExe
ba2bb0a1-34af-4bfe-b632-ff597e219663,Define Data Governance Principles,"Define Data Governance Principles

Description:
Establish the fundamental principles that will guide data management and usage throughout the project. This includes defining data ownership, access rights, and ethical considerations.

Resources needed:
• Legal counsel
• Ethics review board
• Data governance expert",4/1/2026,4/16/2026,0,a71a3c63-a9ba-43f5-9c5e-257c7b2f9e60,PlanExe
c2bd6c7d-c411-42cb-ac39-65d90baacda3,Classify Data Types and Sensitivity,"Classify Data Types and Sensitivity

Description:
Identify and categorize the different types of data that will be used in the project, and assess their sensitivity levels. This will inform the implementation of appropriate security measures.

Resources needed:
• Data security expert
• Data analyst
• Project manager",4/16/2026,5/1/2026,0,ba2bb0a1-34af-4bfe-b632-ff597e219663,PlanExe
637c2dca-ad03-469a-9f01-acfd2a924fd7,Develop Data Minimization Techniques,"Develop Data Minimization Techniques

Description:
Implement strategies to minimize the amount of personal data collected and retained, in accordance with data privacy regulations. This includes exploring data anonymization and pseudonymization techniques.

Resources needed:
• Data privacy expert
• Software engineer
• Data scientist",5/1/2026,5/16/2026,0,c2bd6c7d-c411-42cb-ac39-65d90baacda3,PlanExe
6dc7e667-6fe2-441e-a24e-d3ccd75cf86a,Establish Data Retention Policies,"Establish Data Retention Policies

Description:
Define clear policies for how long data will be retained, and the procedures for securely disposing of data when it is no longer needed. This includes complying with legal and regulatory requirements.

Resources needed:
• Legal counsel
• Data governance expert
• IT administrator",5/16/2026,5/31/2026,0,637c2dca-ad03-469a-9f01-acfd2a924fd7,PlanExe
8c3d4df7-589e-4d09-99f5-1e07f0bbc21d,Implement Data Access Controls,"Implement Data Access Controls

Description:
Establish and enforce strict access controls to ensure that only authorized personnel can access sensitive data. This includes implementing multi-factor authentication and role-based access control.

Resources needed:
• Data security expert
• IT administrator
• Project manager",5/31/2026,6/15/2026,0,a71a3c63-a9ba-43f5-9c5e-257c7b2f9e60,PlanExe
1aaa6331-3fee-4b4b-b323-691ff0fd01db,Strategic Decision Making,,6/15/2026,11/20/2026,0,fd2dbb3c-4bca-4525-ac15-601e31fa1bb1,PlanExe
7a4b27fa-0227-4364-b7c3-7e58631bdc1e,Define Ethical Boundary Strategy,,6/15/2026,7/15/2026,0,1aaa6331-3fee-4b4b-b323-691ff0fd01db,PlanExe
2c0784ce-999a-493b-8fdd-11ba24da3d86,Research ethical frameworks for AI,"Research ethical frameworks for AI

Description:
Objective: Identify existing ethical frameworks relevant to AI and manipulation. Scope: Review literature on AI ethics, including principles, guidelines, and standards. Steps: Conduct literature search, analyze relevant documents, summarize key findings. Deliverables: Report summarizing ethical frameworks.

Resources needed:
• AI Ethics Consultant
• Research Assistant",6/15/2026,6/21/2026,0,7a4b27fa-0227-4364-b7c3-7e58631bdc1e,PlanExe
dc0830f2-9c97-4388-83ef-9b35587c109d,Simulate ethical dilemmas with scenario planning,"Simulate ethical dilemmas with scenario planning

Description:
Objective: Explore potential ethical dilemmas arising from the project. Scope: Develop scenarios involving ASI manipulation and countermeasures. Steps: Use scenario planning software to simulate dilemmas, evaluate consequences of different choices. Deliverables: Report on simulated ethical dilemmas and potential consequences.

Resources needed:
• AI Ethics Consultant
• Scenario Planning Software
• Project Manager",6/21/2026,6/27/2026,0,2c0784ce-999a-493b-8fdd-11ba24da3d86,PlanExe
7f0dc521-dda9-4d40-b430-089e9a9194ed,Model stakeholder impact of ethical decisions,"Model stakeholder impact of ethical decisions

Description:
Objective: Understand how ethical decisions affect stakeholders. Scope: Model stakeholder behavior and public perception. Steps: Use agent-based modeling to simulate impact of ethical decisions. Deliverables: Report on stakeholder impact of ethical decisions.

Resources needed:
• AI Ethics Consultant
• Agent-Based Modeling Software
• Social Scientist",6/27/2026,7/3/2026,0,dc0830f2-9c97-4388-83ef-9b35587c109d,PlanExe
b51a412b-2d63-4a81-baf5-b205e33d4b58,Consult ethicists and legal experts,"Consult ethicists and legal experts

Description:
Objective: Develop a robust ethical framework. Scope: Seek expert input on ethical and legal considerations. Steps: Consult with AI ethicists, legal experts, and human rights advocates. Deliverables: Refined ethical framework based on expert feedback.

Resources needed:
• AI Ethics Consultant
• Legal Expert
• Human Rights Advocate",7/3/2026,7/9/2026,0,7f0dc521-dda9-4d40-b430-089e9a9194ed,PlanExe
5611f41b-e81f-4bf2-89cb-bb7ec86986e4,Present framework to ethics review board,"Present framework to ethics review board

Description:
Objective: Obtain approval from the ethics review board. Scope: Present the ethical framework for review and feedback. Steps: Prepare presentation, address board concerns, revise framework based on feedback. Deliverables: Approved ethical framework.

Resources needed:
• Project Manager
• AI Ethics Consultant
• Ethics Review Board",7/9/2026,7/15/2026,0,7a4b27fa-0227-4364-b7c3-7e58631bdc1e,PlanExe
d07fe0d9-93bb-4b28-8d73-b6941fe6e507,Determine Vulnerability Prioritization Strategy,,7/15/2026,8/8/2026,0,7a4b27fa-0227-4364-b7c3-7e58631bdc1e,PlanExe
08087a64-7c91-4100-8d4d-d4a601fea2e5,Identify potential system vulnerabilities,"Identify potential system vulnerabilities

Description:
Objective: Identify potential vulnerabilities in systems that could be exploited for manipulation.
Scope: Review existing literature, conduct vulnerability scans, and perform penetration testing.
Steps: 1. Gather information on system architecture. 2. Conduct vulnerability scans. 3. Perform penetration testing. 4. Document findings.
Deliverables: Vulnerability assessment report.

Resources needed:
• Cybersecurity experts
• Vulnerability scanning tools
• Penetration testing tools",7/15/2026,7/21/2026,0,d07fe0d9-93bb-4b28-8d73-b6941fe6e507,PlanExe
ed5ada5b-c0dc-49b9-ba91-a287b14b74d3,Assess vulnerability impact and likelihood,"Assess vulnerability impact and likelihood

Description:
Objective: Assess the potential impact and likelihood of exploitation for each identified vulnerability.
Scope: Analyze the potential consequences of a successful attack and the probability of it occurring.
Steps: 1. Determine the potential impact of each vulnerability. 2. Assess the likelihood of exploitation. 3. Prioritize vulnerabilities based on impact and likelihood.
Deliverables: Vulnerability prioritization matrix.

Resources needed:
• Risk management experts
• Cybersecurity experts",7/21/2026,7/27/2026,0,08087a64-7c91-4100-8d4d-d4a601fea2e5,PlanExe
624ffdf1-4d48-41f7-9c00-202c7d9ea748,Prioritize vulnerabilities for mitigation,"Prioritize vulnerabilities for mitigation

Description:
Objective: Prioritize vulnerabilities for mitigation based on their impact and likelihood of exploitation.
Scope: Determine which vulnerabilities pose the greatest risk and should be addressed first.
Steps: 1. Review the vulnerability prioritization matrix. 2. Consider the cost and feasibility of mitigation. 3. Prioritize vulnerabilities for mitigation.
Deliverables: Prioritized list of vulnerabilities for mitigation.

Resources needed:
• Project manager
• Cybersecurity experts
• Risk management experts",7/27/2026,8/2/2026,0,ed5ada5b-c0dc-49b9-ba91-a287b14b74d3,PlanExe
0986bfb5-8cad-4b83-b34f-0f74c7660afe,Document vulnerability prioritization strategy,"Document vulnerability prioritization strategy

Description:
Objective: Document the vulnerability prioritization strategy, including the criteria used for prioritization and the rationale behind the decisions.
Scope: Create a clear and concise document that outlines the strategy.
Steps: 1. Outline the criteria used for prioritization. 2. Document the rationale behind the decisions. 3. Review and approve the document.
Deliverables: Vulnerability prioritization strategy document.

Resources needed:
• Technical writer
• Project manager
• Cybersecurity experts",8/2/2026,8/8/2026,0,d07fe0d9-93bb-4b28-8d73-b6941fe6e507,PlanExe
af31757a-0dc4-42b1-9891-6f497ac2089d,Determine Threat Landscape Scope Strategy,,8/8/2026,9/5/2026,0,d07fe0d9-93bb-4b28-8d73-b6941fe6e507,PlanExe
ac4b592a-ec69-4ee7-974e-400efd76e530,Identify Key Threat Actors and Motivations,"Identify Key Threat Actors and Motivations

Description:
Identify potential threat actors (nation-states, extremist groups, malicious individuals) and their motivations for manipulating human society using ASI.

Resources needed:
• Threat Intelligence Analyst
• Social Scientist
• Cybersecurity Expert",8/8/2026,8/15/2026,0,af31757a-0dc4-42b1-9891-6f497ac2089d,PlanExe
3d23ec99-9cb3-4194-8bff-4eead94ff825,Define Scope of Potential Manipulation Methods,"Define Scope of Potential Manipulation Methods

Description:
Define the range of potential manipulation methods that ASI could employ, including strategic deception, psychological manipulation, and digital control.

Resources needed:
• AI Researcher
• Social Scientist
• Cybersecurity Expert",8/15/2026,8/22/2026,0,ac4b592a-ec69-4ee7-974e-400efd76e530,PlanExe
294dca49-f23d-41ee-ae97-59f323f7f605,Analyze Historical and Emerging Trends,"Analyze Historical and Emerging Trends

Description:
Analyze historical and emerging trends in manipulation techniques to identify patterns and predict future threats.

Resources needed:
• Data Scientist
• Social Scientist
• AI-driven horizon scanning tools",8/22/2026,8/29/2026,0,3d23ec99-9cb3-4194-8bff-4eead94ff825,PlanExe
e7b9ac74-4df6-4d30-9c17-9205d84018c2,Document Threat Landscape Scope Strategy,"Document Threat Landscape Scope Strategy

Description:
Document the defined scope of the threat landscape, including the identified threat actors, manipulation methods, and trends.

Resources needed:
• Technical Writer
• Project Manager",8/29/2026,9/5/2026,0,af31757a-0dc4-42b1-9891-6f497ac2089d,PlanExe
06dd38bc-a3cd-41b1-a0fa-b5533f89a868,Determine Data Acquisition Strategy,,9/5/2026,9/20/2026,0,af31757a-0dc4-42b1-9891-6f497ac2089d,PlanExe
a94a1a3c-a014-4120-95da-b644d7477659,Identify potential data sources,"Identify potential data sources

Description:
Identify all potential sources of data relevant to ASI manipulation, including academic research, government reports, social media data, and dark web forums.  Document the characteristics of each source, including its reliability, accessibility, and potential biases.

Resources needed:
• AI Researcher
• Social Scientist
• Cybersecurity Expert",9/5/2026,9/8/2026,0,06dd38bc-a3cd-41b1-a0fa-b5533f89a868,PlanExe
001f393f-4650-493c-85fc-b1d44486b6ff,Assess data source accessibility,"Assess data source accessibility

Description:
Evaluate the accessibility of each identified data source, considering factors such as legal restrictions, ethical considerations, and technical challenges. Determine the feasibility of acquiring data from each source and identify any necessary permissions or approvals.

Resources needed:
• Legal Counsel
• Data Engineer
• Ethics Review Board",9/8/2026,9/11/2026,0,a94a1a3c-a014-4120-95da-b644d7477659,PlanExe
f3f00e58-bc93-4001-a739-1579ac1f4e80,Define data acquisition methods,"Define data acquisition methods

Description:
Develop specific data acquisition methods for each accessible data source, including web scraping, API integration, and manual data collection.  Ensure that all data acquisition methods comply with ethical guidelines and legal regulations.

Resources needed:
• Data Engineer
• AI Researcher
• Cybersecurity Expert",9/11/2026,9/14/2026,0,001f393f-4650-493c-85fc-b1d44486b6ff,PlanExe
af43a720-e978-4fdd-9c0c-da142b39098d,Establish data sharing agreements,"Establish data sharing agreements

Description:
Establish formal data sharing agreements with relevant organizations and individuals to ensure access to necessary data while protecting privacy and confidentiality.  Negotiate terms and conditions for data usage, storage, and dissemination.

Resources needed:
• Legal Counsel
• Project Manager
• Data Governance Specialist",9/14/2026,9/17/2026,0,f3f00e58-bc93-4001-a739-1579ac1f4e80,PlanExe
caf98291-a9c9-4b29-880a-16102484b7e1,Implement data anonymization techniques,"Implement data anonymization techniques

Description:
Implement appropriate data anonymization techniques to protect the privacy of individuals and organizations whose data is being collected.  Utilize techniques such as pseudonymization, data masking, and differential privacy to minimize the risk of re-identification.

Resources needed:
• Data Scientist
• Privacy Expert
• Data Engineer",9/17/2026,9/20/2026,0,06dd38bc-a3cd-41b1-a0fa-b5533f89a868,PlanExe
a3c91dcd-1be4-424f-a48d-11dcba7283ec,Determine Validation Rigor Strategy,,9/20/2026,10/10/2026,0,06dd38bc-a3cd-41b1-a0fa-b5533f89a868,PlanExe
aa15cad6-a9ff-431a-906c-5eee3cd215de,Identify potential validation methods,"Identify potential validation methods

Description:
Objective: Identify a range of validation methods suitable for assessing the effectiveness of the threat model and strategic playbook.
Scope: This includes literature review, expert consultation, and consideration of different validation techniques (e.g., red teaming, simulations, expert reviews).
Steps:
1. Conduct a literature review of validation methods used in similar projects.
2. Consult with experts in AI safety, cybersecurity, and social sciences to identify relevant validation techniques.
3. Evaluate the feasibility and applicability of each technique to the specific context of the project.
4. Document the identified validation methods and their potential strengths and weaknesses.
Deliverables: A list of potential validation methods with a brief description of each.

Resources needed:
• AI Safety Expert
• Cybersecurity Expert
• Social Scientist
• Project Manager",9/20/2026,9/25/2026,0,a3c91dcd-1be4-424f-a48d-11dcba7283ec,PlanExe
47361aa9-d809-4919-9ef9-ca3f2b3e0c6e,Assess feasibility of validation methods,"Assess feasibility of validation methods

Description:
Objective: Evaluate the feasibility of implementing the identified validation methods, considering resource constraints, ethical considerations, and data availability.
Scope: This includes assessing the cost, time, and expertise required for each method, as well as identifying any potential ethical concerns or data limitations.
Steps:
1. Estimate the cost, time, and expertise required for each validation method.
2. Identify any potential ethical concerns associated with each method (e.g., privacy violations, potential for harm).
3. Assess the availability of data required for each method.
4. Document the feasibility assessment for each validation method.
Deliverables: A feasibility assessment report for each validation method.

Resources needed:
• Project Manager
• AI Safety Expert
• Ethics Review Board",9/25/2026,9/30/2026,0,aa15cad6-a9ff-431a-906c-5eee3cd215de,PlanExe
fa12cab5-dc0a-459f-92f9-38d19968d1f1,Prioritize validation methods,"Prioritize validation methods

Description:
Objective: Prioritize the validation methods based on their feasibility, effectiveness, and ethical considerations.
Scope: This includes developing a set of criteria for evaluating the validation methods and ranking them based on these criteria.
Steps:
1. Develop a set of criteria for evaluating the validation methods (e.g., cost-effectiveness, accuracy, ethical acceptability).
2. Rank the validation methods based on these criteria.
3. Document the prioritization process and the rationale for the chosen ranking.
Deliverables: A prioritized list of validation methods with a justification for the ranking.

Resources needed:
• Project Manager
• AI Safety Expert
• Cybersecurity Expert
• Social Scientist
• Ethics Review Board",9/30/2026,10/5/2026,0,47361aa9-d809-4919-9ef9-ca3f2b3e0c6e,PlanExe
675fb9dc-7298-4ad5-9e4f-80c05610b102,Document validation rigor strategy,"Document validation rigor strategy

Description:
Objective: Document the chosen validation rigor strategy, including the selected validation methods, the rationale for their selection, and the plan for implementing them.
Scope: This includes creating a detailed plan for conducting the validation activities, including timelines, resource allocation, and data collection procedures.
Steps:
1. Develop a detailed plan for conducting the validation activities.
2. Document the selected validation methods and the rationale for their selection.
3. Document the plan for implementing the validation activities, including timelines, resource allocation, and data collection procedures.
Deliverables: A documented validation rigor strategy.

Resources needed:
• Project Manager
• Technical Writer",10/5/2026,10/10/2026,0,a3c91dcd-1be4-424f-a48d-11dcba7283ec,PlanExe
5527a340-f8e1-4701-a1ef-825fef031758,Determine Transition Strategy,,10/10/2026,10/20/2026,0,a3c91dcd-1be4-424f-a48d-11dcba7283ec,PlanExe
3307c47d-3650-41f1-b17d-72f10a4c2724,Define Transition Goals and Objectives,"Define Transition Goals and Objectives

Description:
Clearly articulate the desired outcomes of the transition, including specific, measurable, achievable, relevant, and time-bound (SMART) objectives. This involves identifying key performance indicators (KPIs) to track progress and success.

Resources needed:
• Project Manager
• Stakeholder Representatives
• Transition Planning Expert",10/10/2026,10/12/2026,0,5527a340-f8e1-4701-a1ef-825fef031758,PlanExe
4063f42f-db8b-4185-ae89-ffb50f5dc06b,Develop Detailed Transition Plan (1),"Develop Detailed Transition Plan

Description:
Create a comprehensive plan outlining the steps, timelines, resources, and responsibilities required for a successful transition. This includes identifying potential risks and developing mitigation strategies.

Resources needed:
• Project Manager
• Transition Planning Expert
• Technical Team
• Security Experts",10/12/2026,10/14/2026,0,3307c47d-3650-41f1-b17d-72f10a4c2724,PlanExe
2a1ac960-e3db-4b69-a1ed-f9e601ae476e,Communicate Transition Plan to Stakeholders,"Communicate Transition Plan to Stakeholders

Description:
Effectively communicate the transition plan to all relevant stakeholders, including government agencies, cybersecurity firms, academics, and the public. This involves addressing concerns, answering questions, and building support for the transition.

Resources needed:
• Project Manager
• Communication Specialist
• Stakeholder Representatives",10/14/2026,10/16/2026,0,4063f42f-db8b-4185-ae89-ffb50f5dc06b,PlanExe
b0b7ceff-c614-4159-a8e3-f0d2ae920396,Execute and Monitor Transition Plan,"Execute and Monitor Transition Plan

Description:
Implement the transition plan according to the defined timelines and procedures. Continuously monitor progress, identify and address any issues that arise, and make necessary adjustments to the plan.

Resources needed:
• Project Manager
• Technical Team
• Security Experts
• Monitoring Tools",10/16/2026,10/18/2026,0,2a1ac960-e3db-4b69-a1ed-f9e601ae476e,PlanExe
11825c86-c306-4584-95b7-0e53f90e7c21,Evaluate Transition Success and Lessons Learned,"Evaluate Transition Success and Lessons Learned

Description:
Assess the overall success of the transition based on the defined goals and objectives. Document lessons learned to inform future transition efforts and improve the transition process.

Resources needed:
• Project Manager
• Evaluation Team
• Stakeholder Representatives",10/18/2026,10/20/2026,0,5527a340-f8e1-4701-a1ef-825fef031758,PlanExe
0c5b4347-a3f6-43d6-ad84-3e11cd00ce54,Determine Countermeasure Development Approach,,10/20/2026,11/4/2026,0,5527a340-f8e1-4701-a1ef-825fef031758,PlanExe
3ee669ab-c9be-4b3a-ac54-f5edd85afba8,Identify Key Stakeholders for Transition,"Identify Key Stakeholders for Transition

Description:
Identify all relevant stakeholders who will be impacted by the transition and implementation of the threat model and strategic playbook. This includes internal teams, external partners, and government agencies.

Resources needed:
• Project Manager
• Stakeholder Engagement Specialist",10/20/2026,10/23/2026,0,0c5b4347-a3f6-43d6-ad84-3e11cd00ce54,PlanExe
4b18f90d-1751-4364-bd1d-077b2533d237,Develop Detailed Transition Plan (2),"Develop Detailed Transition Plan

Description:
Create a comprehensive transition plan outlining the steps, timelines, and resources required for successful implementation. This includes defining roles and responsibilities, establishing communication channels, and developing training materials.

Resources needed:
• Project Manager
• Technical Lead
• Training Specialist",10/23/2026,10/26/2026,0,3ee669ab-c9be-4b3a-ac54-f5edd85afba8,PlanExe
ec23283a-ebb5-43d3-8557-3df63e465ab0,Establish Communication Channels,"Establish Communication Channels

Description:
Set up clear and effective communication channels to keep stakeholders informed throughout the transition process. This includes regular progress updates, feedback mechanisms, and a dedicated point of contact for addressing questions and concerns.

Resources needed:
• Communication Specialist
• Project Manager",10/26/2026,10/29/2026,0,4b18f90d-1751-4364-bd1d-077b2533d237,PlanExe
8503c1eb-5c24-4cc7-a4a1-9cfc05888362,Conduct Pilot Transition,"Conduct Pilot Transition

Description:
Implement the transition plan in a limited scope to identify and address any potential issues before full-scale deployment. This allows for refinement of the plan and mitigation of risks.

Resources needed:
• Technical Lead
• Project Manager
• Security Personnel",10/29/2026,11/1/2026,0,ec23283a-ebb5-43d3-8557-3df63e465ab0,PlanExe
b2bba11b-225a-414e-a1f0-2b58bfa8aaa2,Full-Scale Transition and Implementation,"Full-Scale Transition and Implementation

Description:
Execute the transition plan across the entire organization or target environment. This includes deploying the threat model and strategic playbook, implementing countermeasures, and providing ongoing support to stakeholders.

Resources needed:
• Technical Team
• Project Manager
• Training Specialist
• Security Personnel",11/1/2026,11/4/2026,0,0c5b4347-a3f6-43d6-ad84-3e11cd00ce54,PlanExe
72422c51-69c1-48d3-859d-2a233c7109ce,Determine Collaboration and Security Balance,,11/4/2026,11/20/2026,0,1aaa6331-3fee-4b4b-b323-691ff0fd01db,PlanExe
a116b3b4-1178-4878-96af-272d5078d0d7,Identify Collaboration Security Requirements,"Identify Collaboration Security Requirements

Description:
Define specific security protocols and data handling procedures necessary for collaboration.

Resources needed:
• Cybersecurity Expert
• Legal Counsel
• Project Manager",11/4/2026,11/8/2026,0,72422c51-69c1-48d3-859d-2a233c7109ce,PlanExe
38aba0d9-f17d-4ac6-b4ea-839118a1fb77,Establish Secure Communication Channels,"Establish Secure Communication Channels

Description:
Implement encrypted communication platforms and secure data sharing protocols.

Resources needed:
• IT Specialist
• Cybersecurity Expert",11/8/2026,11/12/2026,0,a116b3b4-1178-4878-96af-272d5078d0d7,PlanExe
aa3bed5f-6376-4adb-b967-f7792ecd6397,Develop Collaboration Framework,"Develop Collaboration Framework

Description:
Outline roles, responsibilities, and security requirements for all collaborators.

Resources needed:
• Project Manager
• Legal Counsel
• Stakeholders",11/12/2026,11/16/2026,0,38aba0d9-f17d-4ac6-b4ea-839118a1fb77,PlanExe
96b63ac3-33c6-4036-b07e-5064e0cf85e3,Conduct Security Audits and Risk Assessments,"Conduct Security Audits and Risk Assessments

Description:
Regularly assess vulnerabilities and ensure compliance with security protocols.

Resources needed:
• Cybersecurity Expert
• Auditor",11/16/2026,11/20/2026,0,72422c51-69c1-48d3-859d-2a233c7109ce,PlanExe
f1fbbc1a-93ad-4218-b5ac-1fa3e95a72a1,Threat Model Development,,11/20/2026,7/8/2027,0,1aaa6331-3fee-4b4b-b323-691ff0fd01db,PlanExe
b763c025-3bda-4cd5-b80b-b74da2cf3e1e,Gather Data on Manipulation Techniques,,11/20/2026,1/19/2027,0,f1fbbc1a-93ad-4218-b5ac-1fa3e95a72a1,PlanExe
4bad4215-b2a3-441d-87b0-5341069ba6bd,Identify relevant data sources on manipulation,"Identify relevant data sources on manipulation

Description:
Objective: Identify and catalog potential sources of data related to manipulation techniques.
Scope: Academic research papers, government reports, open-source intelligence, news articles, social media data (ethically sourced), and expert interviews.
Steps: Conduct literature review, search online databases, contact relevant organizations, develop data acquisition protocols.
Deliverables: A comprehensive list of data sources with descriptions and access information.

Resources needed:
• AI Researcher
• Social Scientist
• Cybersecurity Expert
• Data Analyst",11/20/2026,12/5/2026,0,b763c025-3bda-4cd5-b80b-b74da2cf3e1e,PlanExe
cba1e882-449f-44d4-9f4b-0db34781c73f,Develop data acquisition protocols and tools,"Develop data acquisition protocols and tools

Description:
Objective: Create standardized protocols and tools for acquiring data from identified sources.
Scope: Ethical data scraping tools, API access scripts, data anonymization techniques, data validation procedures.
Steps: Design data acquisition protocols, develop data scraping tools, implement anonymization techniques, create data validation scripts.
Deliverables: Data acquisition protocols, data scraping tools, anonymization scripts, data validation scripts.

Resources needed:
• Cybersecurity Expert
• Data Engineer
• AI Researcher
• Legal Counsel",12/5/2026,12/20/2026,0,4bad4215-b2a3-441d-87b0-5341069ba6bd,PlanExe
efe4e4da-bc8c-4039-842f-db6d0f382450,Acquire and preprocess data on manipulation,"Acquire and preprocess data on manipulation

Description:
Objective: Acquire data from identified sources and preprocess it for analysis.
Scope: Data cleaning, data transformation, data normalization, data anonymization.
Steps: Execute data acquisition protocols, clean and transform data, normalize data, anonymize data.
Deliverables: Cleaned, transformed, normalized, and anonymized data.

Resources needed:
• Data Analyst
• Data Engineer
• AI Researcher
• Social Scientist",12/20/2026,1/4/2027,0,cba1e882-449f-44d4-9f4b-0db34781c73f,PlanExe
c4c3d75e-0f32-478a-9b3b-60262b507366,Assess data quality and reliability,"Assess data quality and reliability

Description:
Objective: Evaluate the quality and reliability of acquired data.
Scope: Data completeness, data accuracy, data consistency, data bias.
Steps: Conduct data quality checks, assess data accuracy, evaluate data consistency, identify and mitigate data bias.
Deliverables: Data quality assessment report.

Resources needed:
• Data Analyst
• AI Researcher
• Social Scientist
• Statistician",1/4/2027,1/19/2027,0,b763c025-3bda-4cd5-b80b-b74da2cf3e1e,PlanExe
5928a2a1-6da3-4e57-a247-08166a7e3f42,Develop Initial Threat Model,,1/19/2027,3/8/2027,0,b763c025-3bda-4cd5-b80b-b74da2cf3e1e,PlanExe
95584cf0-482a-4137-8e35-e2dc2cc6e515,Define ASI Manipulation Categories,"Define ASI Manipulation Categories

Description:
Establish a taxonomy of potential ASI manipulation techniques, categorizing them based on methods (e.g., strategic deception, psychological manipulation, digital control) and targets (e.g., individuals, groups, institutions).

Resources needed:
• AI Specialist
• Social Scientist
• Cybersecurity Expert
• Ethics Review Board",1/19/2027,1/31/2027,0,5928a2a1-6da3-4e57-a247-08166a7e3f42,PlanExe
3998f14d-725d-4abb-b4c4-6ad98e8318b5,Map Manipulation Techniques to Vulnerabilities,"Map Manipulation Techniques to Vulnerabilities

Description:
Identify specific societal vulnerabilities (e.g., cognitive biases, social inequalities, infrastructure weaknesses) that could be exploited by each category of ASI manipulation techniques. Document the relationships between techniques and vulnerabilities.

Resources needed:
• AI Specialist
• Social Scientist
• Cybersecurity Expert",1/31/2027,2/12/2027,0,95584cf0-482a-4137-8e35-e2dc2cc6e515,PlanExe
09cbef92-1966-49b8-8542-672422a8d524,Develop Scenarios of ASI Manipulation,"Develop Scenarios of ASI Manipulation

Description:
Create detailed scenarios illustrating how ASI could leverage identified manipulation techniques to exploit societal vulnerabilities and achieve specific objectives (e.g., political destabilization, economic disruption, social unrest).

Resources needed:
• AI Specialist
• Social Scientist
• Cybersecurity Expert
• Scenario Planning Expert",2/12/2027,2/24/2027,0,3998f14d-725d-4abb-b4c4-6ad98e8318b5,PlanExe
3268d29d-beb2-44e1-bc88-addd55c1b3a1,Document Assumptions and Limitations,"Document Assumptions and Limitations

Description:
Clearly articulate the assumptions underlying the initial threat model, including limitations in data availability, modeling capabilities, and understanding of ASI behavior. Identify potential biases and uncertainties.

Resources needed:
• AI Specialist
• Social Scientist
• Cybersecurity Expert
• Ethics Review Board",2/24/2027,3/8/2027,0,5928a2a1-6da3-4e57-a247-08166a7e3f42,PlanExe
a63955dd-a834-4bfa-a8a6-71dc98e53a57,Validate Threat Model,,3/8/2027,4/7/2027,0,5928a2a1-6da3-4e57-a247-08166a7e3f42,PlanExe
c202c10d-6952-4483-a8d5-f59670622c78,Design Validation Scenarios,"Design Validation Scenarios

Description:
Develop realistic scenarios to test the threat model's ability to detect and predict ASI manipulation techniques. This includes defining input data, expected outcomes, and success criteria for each scenario.

Resources needed:
• AI Experts
• Social Scientists
• Cybersecurity Experts
• Scenario Planning Software",3/8/2027,3/14/2027,0,a63955dd-a834-4bfa-a8a6-71dc98e53a57,PlanExe
5b840655-af48-4bf8-a8cd-c954734b55da,Generate Synthetic Data for Validation,"Generate Synthetic Data for Validation

Description:
Create synthetic datasets that mimic real-world data but avoid privacy concerns. These datasets will be used to simulate manipulation attempts and evaluate the threat model's performance.

Resources needed:
• Data Scientists
• AI Engineers
• Synthetic Data Generation Tools
• Secure Data Storage",3/14/2027,3/20/2027,0,c202c10d-6952-4483-a8d5-f59670622c78,PlanExe
21c17334-52a7-4911-8c9d-fa3ddd384161,Conduct Red Team Exercises,"Conduct Red Team Exercises

Description:
Simulate attacks on the threat model using a red team of experts who will attempt to bypass its defenses and exploit vulnerabilities. This will help identify weaknesses in the model and improve its accuracy.

Resources needed:
• Red Team Experts
• Cybersecurity Experts
• AI Experts
• Secure Testing Environment",3/20/2027,3/26/2027,0,5b840655-af48-4bf8-a8cd-c954734b55da,PlanExe
4aeebb66-9f0e-4817-a984-1fc3fcdedd0f,Analyze Validation Results,"Analyze Validation Results

Description:
Analyze the results of the validation scenarios and red team exercises to identify areas where the threat model needs improvement. This includes identifying false positives, false negatives, and other performance issues.

Resources needed:
• Data Analysts
• AI Experts
• Cybersecurity Experts
• Statistical Analysis Software",3/26/2027,4/1/2027,0,21c17334-52a7-4911-8c9d-fa3ddd384161,PlanExe
d4a97a04-c90f-409c-a65e-5c831a008559,Document Validation Findings,"Document Validation Findings

Description:
Create a comprehensive report documenting the validation process, including the scenarios used, the results obtained, and the recommendations for improving the threat model.

Resources needed:
• Technical Writers
• AI Experts
• Cybersecurity Experts
• Project Manager",4/1/2027,4/7/2027,0,a63955dd-a834-4bfa-a8a6-71dc98e53a57,PlanExe
814c5794-8dd7-4186-9c50-8700c6645fac,Refine Threat Model Based on Validation Results,,4/7/2027,6/6/2027,0,a63955dd-a834-4bfa-a8a6-71dc98e53a57,PlanExe
1aa72a0b-958f-49dd-8cdc-ccf80ab57c58,Analyze validation data for threat model,"Analyze validation data for threat model

Description:
Objective: Thoroughly analyze the data collected during the threat model validation phase to identify areas for improvement.
Scope: This includes reviewing red team reports, simulation results, and expert feedback.
Steps: 1. Compile all validation data. 2. Identify patterns and trends in the data. 3. Pinpoint weaknesses in the current threat model. 4. Document findings.
Resources Needed: Data analysts, Threat modeling experts, Validation reports

Resources needed:
• Data analysts
• Threat modeling experts
• Validation reports",4/7/2027,4/22/2027,0,814c5794-8dd7-4186-9c50-8700c6645fac,PlanExe
79008678-39bd-4660-9aa4-b3bab49f4b80,Identify gaps in threat model coverage,"Identify gaps in threat model coverage

Description:
Objective: Determine areas where the threat model does not adequately address potential manipulation techniques.
Scope: This involves comparing the current model against known manipulation tactics and emerging threats.
Steps: 1. Review the existing threat model. 2. Research new and emerging manipulation techniques. 3. Compare the model against these techniques. 4. Identify gaps in coverage.
Resources Needed: Threat intelligence analysts, AI researchers, Social scientists

Resources needed:
• Threat intelligence analysts
• AI researchers
• Social scientists",4/22/2027,5/7/2027,0,1aa72a0b-958f-49dd-8cdc-ccf80ab57c58,PlanExe
fc88dd82-a0d6-43a9-93c7-efc1a2280318,Develop model improvements and mitigations,"Develop model improvements and mitigations

Description:
Objective: Create specific improvements to the threat model to address identified gaps and weaknesses.
Scope: This includes developing new threat scenarios, refining existing scenarios, and proposing mitigation strategies.
Steps: 1. Develop new threat scenarios based on identified gaps. 2. Refine existing scenarios to improve accuracy. 3. Propose mitigation strategies for each scenario. 4. Document proposed changes.
Resources Needed: Threat modeling experts, AI researchers, Cybersecurity experts

Resources needed:
• Threat modeling experts
• AI researchers
• Cybersecurity experts",5/7/2027,5/22/2027,0,79008678-39bd-4660-9aa4-b3bab49f4b80,PlanExe
e3c32995-e25d-4f1f-affa-c31f85749193,Incorporate improvements into threat model,"Incorporate improvements into threat model

Description:
Objective: Integrate the developed improvements into the existing threat model.
Scope: This involves updating the model documentation, diagrams, and supporting materials.
Steps: 1. Update the threat model documentation. 2. Revise diagrams and visual representations. 3. Ensure consistency across all model components. 4. Document all changes.
Resources Needed: Threat modeling experts, Technical writers, Documentation specialists

Resources needed:
• Threat modeling experts
• Technical writers
• Documentation specialists",5/22/2027,6/6/2027,0,814c5794-8dd7-4186-9c50-8700c6645fac,PlanExe
b47888e8-0212-4f9f-9791-72234c3a75bf,Define and Measure Societal Resilience,,6/6/2027,7/8/2027,0,f1fbbc1a-93ad-4218-b5ac-1fa3e95a72a1,PlanExe
7e849dee-8579-4eae-88e1-24180099679c,Identify Societal Resilience Indicators,"Identify Societal Resilience Indicators

Description:
Identify key indicators of societal resilience relevant to ASI manipulation, such as trust in institutions, social cohesion, and information literacy.  Objective is to create a list of measurable factors that reflect a society's ability to withstand manipulation attempts. Scope includes reviewing existing literature, consulting with experts, and considering the specific context of ASI threats. Steps involve brainstorming, literature review, expert interviews, and documentation. Deliverables include a documented list of indicators with justifications.

Resources needed:
• Social Scientists
• AI Experts
• Research Assistants",6/6/2027,6/14/2027,0,b47888e8-0212-4f9f-9791-72234c3a75bf,PlanExe
542d632e-1481-48d2-81fe-9886b9856fed,Define Metrics for Resilience Indicators,"Define Metrics for Resilience Indicators

Description:
Define specific, measurable, achievable, relevant, and time-bound (SMART) metrics for each identified societal resilience indicator. Objective is to create quantifiable measures that can be used to track changes in societal resilience over time. Scope includes determining appropriate measurement scales, data sources, and collection methods. Steps involve identifying potential data sources, developing measurement protocols, and piloting the metrics. Deliverables include a documented set of SMART metrics for each indicator.

Resources needed:
• Statisticians
• Data Analysts
• Social Scientists",6/14/2027,6/22/2027,0,7e849dee-8579-4eae-88e1-24180099679c,PlanExe
8de28162-b200-4daf-9d85-efe48876c215,Establish Baseline Resilience Measurements,"Establish Baseline Resilience Measurements

Description:
Collect and analyze historical data to establish baseline measurements for each defined metric. Objective is to create a reference point for evaluating the impact of ASI manipulation and the effectiveness of countermeasures. Scope includes identifying relevant data sources, cleaning and processing the data, and calculating baseline values. Steps involve data acquisition, data cleaning, statistical analysis, and documentation. Deliverables include a documented set of baseline measurements for each metric.

Resources needed:
• Data Scientists
• Data Engineers
• Research Assistants",6/22/2027,6/30/2027,0,542d632e-1481-48d2-81fe-9886b9856fed,PlanExe
17a5d4c5-17e8-4854-9652-1be03cd576d1,Develop Data Collection Plan for Monitoring,"Develop Data Collection Plan for Monitoring

Description:
Create a comprehensive data collection plan for monitoring the defined metrics throughout the project. Objective is to ensure consistent and reliable data collection for tracking changes in societal resilience. Scope includes defining data collection frequency, methods, and responsibilities. Steps involve identifying data sources, developing data collection protocols, and assigning responsibilities. Deliverables include a documented data collection plan.

Resources needed:
• Project Manager
• Data Analysts
• Data Collection Specialists",6/30/2027,7/8/2027,0,b47888e8-0212-4f9f-9791-72234c3a75bf,PlanExe
ad843059-cb8c-41c9-96d8-df61f91ef535,Strategic Playbook Development,,7/8/2027,2/20/2028,0,f1fbbc1a-93ad-4218-b5ac-1fa3e95a72a1,PlanExe
844afcef-1429-4adf-92b3-cfbe7d9c84e6,Develop Countermeasures for Identified Vulnerabilities,,7/8/2027,10/6/2027,0,ad843059-cb8c-41c9-96d8-df61f91ef535,PlanExe
fbb80852-b0d7-465c-9caa-4b07e96ba3b3,Research potential countermeasures,"Research potential countermeasures

Description:
Conduct a thorough literature review and explore existing countermeasures for identified vulnerabilities. This includes technical solutions, policy interventions, and social strategies.

Resources needed:
• AI Safety Experts
• Cybersecurity Experts
• Social Scientists
• Research Assistants",7/8/2027,7/26/2027,0,844afcef-1429-4adf-92b3-cfbe7d9c84e6,PlanExe
9d0d0ad2-9286-4501-be87-2939c9b7bc6e,Evaluate countermeasure feasibility and effectiveness,"Evaluate countermeasure feasibility and effectiveness

Description:
Assess the feasibility and effectiveness of each potential countermeasure based on technical, ethical, and societal considerations. This includes simulations, expert reviews, and pilot studies.

Resources needed:
• AI Safety Experts
• Cybersecurity Experts
• Social Scientists
• Simulation Tools
• Ethics Review Board",7/26/2027,8/13/2027,0,fbb80852-b0d7-465c-9caa-4b07e96ba3b3,PlanExe
cccd6d1b-ae49-4703-96cc-82c3ab115019,Develop prototype countermeasures,"Develop prototype countermeasures

Description:
Develop prototype countermeasures for the most promising approaches. This includes coding, testing, and refining the prototypes based on feedback and validation results.

Resources needed:
• Software Engineers
• AI Developers
• Cybersecurity Experts
• Testing Infrastructure",8/13/2027,8/31/2027,0,9d0d0ad2-9286-4501-be87-2939c9b7bc6e,PlanExe
0e42ded3-c885-4630-b04f-8ff457bf1166,Test and validate countermeasures,"Test and validate countermeasures

Description:
Rigorous testing and validation of the developed countermeasures in realistic scenarios. This includes red teaming exercises, simulations, and potentially limited real-world testing (with ethical approval).

Resources needed:
• Red Team
• Simulation Tools
• Testing Infrastructure
• Ethics Review Board",8/31/2027,9/18/2027,0,cccd6d1b-ae49-4703-96cc-82c3ab115019,PlanExe
205ec424-0ebf-4523-ac60-e63c84e75f47,Document countermeasure specifications,"Document countermeasure specifications

Description:
Create detailed documentation for each validated countermeasure, including specifications, implementation guidelines, and potential limitations. This documentation will be used to inform the strategic playbook.

Resources needed:
• Technical Writers
• AI Safety Experts
• Cybersecurity Experts",9/18/2027,10/6/2027,0,844afcef-1429-4adf-92b3-cfbe7d9c84e6,PlanExe
ad44490d-0a21-4f6e-aba5-cb579321484d,Develop Strategic Playbook,,10/6/2027,12/5/2027,0,844afcef-1429-4adf-92b3-cfbe7d9c84e6,PlanExe
6a0abd55-3fab-4ac2-81a1-5e100defd382,Define Playbook Structure and Format,"Define Playbook Structure and Format

Description:
Establish the overall structure, sections, and formatting guidelines for the strategic playbook to ensure consistency and usability.

Resources needed:
• Project Manager
• AI Specialist
• Social Scientist
• Cybersecurity Expert",10/6/2027,10/18/2027,0,ad44490d-0a21-4f6e-aba5-cb579321484d,PlanExe
6e14f04e-b565-45b0-9fe0-d53128459a09,Synthesize Threat Model Findings,"Synthesize Threat Model Findings

Description:
Integrate the findings from the threat model development phase into actionable insights for the strategic playbook.

Resources needed:
• AI Specialist
• Cybersecurity Expert
• Threat Intelligence Analyst",10/18/2027,10/30/2027,0,6a0abd55-3fab-4ac2-81a1-5e100defd382,PlanExe
38cf9072-1a8e-4474-8d92-eb2377cd566f,Document Countermeasure Strategies,"Document Countermeasure Strategies

Description:
Detail specific countermeasure strategies for each identified vulnerability, including implementation steps and resource requirements.

Resources needed:
• Cybersecurity Expert
• Social Scientist
• AI Specialist",10/30/2027,11/11/2027,0,6e14f04e-b565-45b0-9fe0-d53128459a09,PlanExe
f067286e-6baf-4ca0-8fd6-74e2ec155eae,Develop Actionable Response Plans,"Develop Actionable Response Plans

Description:
Create step-by-step response plans for various manipulation scenarios, outlining roles, responsibilities, and communication protocols.

Resources needed:
• Project Manager
• Cybersecurity Expert
• Social Scientist",11/11/2027,11/23/2027,0,38cf9072-1a8e-4474-8d92-eb2377cd566f,PlanExe
e2c678ee-f13a-4d0a-b0d6-2a8f619fe983,Incorporate Ethical Considerations,"Incorporate Ethical Considerations

Description:
Integrate ethical guidelines and considerations into the playbook to ensure responsible and ethical implementation of countermeasures.

Resources needed:
• Ethicist
• Legal Counsel
• Project Manager",11/23/2027,12/5/2027,0,ad44490d-0a21-4f6e-aba5-cb579321484d,PlanExe
de381a78-915e-4c11-bcb2-cfeb92aec50e,Validate Strategic Playbook,,12/5/2027,1/19/2028,0,ad44490d-0a21-4f6e-aba5-cb579321484d,PlanExe
3e0c7866-795c-4f4a-b2cd-705dfedfb87b,Define Validation Scenarios and Metrics,"Define Validation Scenarios and Metrics

Description:
Establish realistic scenarios for testing the playbook's effectiveness. Define key performance indicators (KPIs) to measure success.

Resources needed:
• AI Experts
• Social Scientists
• Cybersecurity Experts
• Project Manager",12/5/2027,12/14/2027,0,de381a78-915e-4c11-bcb2-cfeb92aec50e,PlanExe
ce0ccda1-a572-4048-a5bb-a3db34129ed1,Develop Simulation Environment,"Develop Simulation Environment

Description:
Create a simulated environment to test the playbook's countermeasures against ASI manipulation scenarios. This may involve synthetic data generation and AI-driven simulations.

Resources needed:
• AI Engineers
• Software Developers
• High-Performance Computing Infrastructure
• Synthetic Data Generation Tools",12/14/2027,12/23/2027,0,3e0c7866-795c-4f4a-b2cd-705dfedfb87b,PlanExe
bb6f5ff0-53a3-4159-8611-167c1f49fdad,Conduct Red Teaming Exercises,"Conduct Red Teaming Exercises

Description:
Engage a red team to simulate ASI attacks and test the playbook's defensive strategies. Document findings and identify areas for improvement.

Resources needed:
• Red Team Experts
• Cybersecurity Experts
• AI Experts
• Project Manager",12/23/2027,1/1/2028,0,ce0ccda1-a572-4048-a5bb-a3db34129ed1,PlanExe
d2c6e5ed-dfdd-436c-9184-af3598e76e90,Analyze Validation Results and Identify Gaps,"Analyze Validation Results and Identify Gaps

Description:
Analyze the data from simulations and red teaming exercises to identify weaknesses in the playbook and areas where countermeasures need to be strengthened.

Resources needed:
• Data Analysts
• AI Experts
• Cybersecurity Experts
• Social Scientists",1/1/2028,1/10/2028,0,bb6f5ff0-53a3-4159-8611-167c1f49fdad,PlanExe
1be12b3e-06bf-4866-9ba8-9c40cede400f,Document Validation Process and Findings,"Document Validation Process and Findings

Description:
Create a comprehensive report documenting the validation process, the scenarios tested, the results obtained, and the identified gaps in the strategic playbook.

Resources needed:
• Technical Writers
• Project Manager
• AI Experts
• Cybersecurity Experts",1/10/2028,1/19/2028,0,de381a78-915e-4c11-bcb2-cfeb92aec50e,PlanExe
11e6064f-bd07-413b-9972-b4468224c7c8,Refine Strategic Playbook Based on Validation Results,,1/19/2028,2/20/2028,0,ad843059-cb8c-41c9-96d8-df61f91ef535,PlanExe
46850206-c6b8-4865-b62b-9b2ffca33053,Identify Stakeholder Training Needs,"Identify Stakeholder Training Needs

Description:
Determine the specific training requirements for each stakeholder group based on their roles and responsibilities related to the threat model and strategic playbook. This includes assessing their current knowledge, skills, and attitudes towards ASI manipulation and defensive countermeasures.

Resources needed:
• Training Specialist
• Subject Matter Experts
• Stakeholder Representatives",1/19/2028,1/27/2028,0,11e6064f-bd07-413b-9972-b4468224c7c8,PlanExe
bebf227f-8cc6-4807-a071-a27cbad630fd,Develop Training Materials (1),"Develop Training Materials

Description:
Create comprehensive and engaging training materials tailored to the identified needs of each stakeholder group. This includes developing presentations, handouts, interactive exercises, and online modules that cover the key concepts, principles, and procedures outlined in the threat model and strategic playbook.

Resources needed:
• Instructional Designer
• Graphic Designer
• Subject Matter Experts",1/27/2028,2/4/2028,0,46850206-c6b8-4865-b62b-9b2ffca33053,PlanExe
c6861fc7-4d1d-432a-a351-882f7a76b44a,Conduct Training Sessions,"Conduct Training Sessions

Description:
Organize and conduct training sessions for each stakeholder group, utilizing a variety of delivery methods such as in-person workshops, webinars, and online courses. Ensure that the training sessions are interactive, engaging, and provide opportunities for participants to ask questions and practice applying the concepts learned.

Resources needed:
• Trainers
• Facilitators
• Training Facilities",2/4/2028,2/12/2028,0,bebf227f-8cc6-4807-a071-a27cbad630fd,PlanExe
cbd2aa83-2b99-4590-bf3a-51cde6ee1408,Evaluate Training Effectiveness (1),"Evaluate Training Effectiveness

Description:
Assess the effectiveness of the training program by collecting feedback from participants, administering pre- and post-training assessments, and tracking changes in stakeholder knowledge, skills, and attitudes. Use the evaluation results to identify areas for improvement and refine the training materials and delivery methods.

Resources needed:
• Evaluation Specialist
• Data Analyst
• Stakeholder Representatives",2/12/2028,2/20/2028,0,11e6064f-bd07-413b-9972-b4468224c7c8,PlanExe
60e00c15-c893-4d6a-a550-6eac2ad7c1f9,Transition and Implementation,,2/20/2028,11/1/2028,0,b322d4bf-9958-4c39-a3d0-b55cc0ca328d,PlanExe
6be4f3e8-d754-42ba-8956-72e5d3b5997d,Disseminate Threat Model and Playbook,,2/20/2028,3/6/2028,0,60e00c15-c893-4d6a-a550-6eac2ad7c1f9,PlanExe
908aeef3-177b-4d72-ab3e-b861c2e9c37e,Identify Target Audiences,"Identify Target Audiences

Description:
Define the specific groups who need access to the threat model and playbook (e.g., cybersecurity professionals, policymakers, general public). Determine their specific needs and levels of technical expertise.

Resources needed:
• Stakeholder analysis report
• Communication specialist
• Subject matter experts",2/20/2028,2/23/2028,0,6be4f3e8-d754-42ba-8956-72e5d3b5997d,PlanExe
24b090d2-4826-4cb4-8ee7-c71d3f6ce2ee,Adapt Content for Each Audience,"Adapt Content for Each Audience

Description:
Tailor the threat model and playbook content to suit the needs and understanding of each target audience. This may involve creating different versions of the documents, using plain language, and providing relevant context.

Resources needed:
• Threat model document
• Strategic playbook document
• Technical writers
• Graphic designers",2/23/2028,2/26/2028,0,908aeef3-177b-4d72-ab3e-b861c2e9c37e,PlanExe
7cb9c619-a7a7-422a-b0fd-5e7e761e5736,Establish Secure Distribution Channels,"Establish Secure Distribution Channels

Description:
Determine the most appropriate and secure methods for distributing the threat model and playbook to each target audience. This may involve using secure websites, encrypted email, or physical copies with access controls.

Resources needed:
• Cybersecurity experts
• IT infrastructure
• Encryption software",2/26/2028,2/29/2028,0,24b090d2-4826-4cb4-8ee7-c71d3f6ce2ee,PlanExe
debbe104-91de-4fd6-98e5-832ce3c12f4b,Obtain Necessary Approvals,"Obtain Necessary Approvals

Description:
Navigate bureaucratic hurdles and obtain all necessary approvals for disseminating the threat model and playbook. This may involve working with legal counsel, security officers, and other relevant stakeholders.

Resources needed:
• Legal counsel
• Security officers
• Project manager",2/29/2028,3/3/2028,0,7cb9c619-a7a7-422a-b0fd-5e7e761e5736,PlanExe
3261adb4-593e-4d8d-85fa-4496d85133fe,Monitor Dissemination and Gather Feedback,"Monitor Dissemination and Gather Feedback

Description:
Track the dissemination of the threat model and playbook to ensure that it reaches the intended audiences. Gather feedback from users to identify areas for improvement and ensure that the information is being effectively used.

Resources needed:
• Analytics tools
• Feedback forms
• Communication specialist",3/3/2028,3/6/2028,0,6be4f3e8-d754-42ba-8956-72e5d3b5997d,PlanExe
f500c571-7d86-4b3a-b236-5ef8fcd4e241,Implement Countermeasures,,3/6/2028,5/5/2028,0,6be4f3e8-d754-42ba-8956-72e5d3b5997d,PlanExe
f949dc68-fcfe-4517-a4c8-f28932fc5db4,Procure necessary hardware and software,"Procure necessary hardware and software

Description:
Identify, select, and procure the hardware and software required for implementing the countermeasures. This includes servers, security appliances, and specialized software tools.

Resources needed:
• Procurement Specialist
• IT Architect
• Security Engineer",3/6/2028,3/21/2028,0,f500c571-7d86-4b3a-b236-5ef8fcd4e241,PlanExe
c1e125e6-d995-4086-b042-10e4700cf081,Configure and test countermeasures,"Configure and test countermeasures

Description:
Configure the procured hardware and software according to the design specifications. Conduct thorough testing to ensure that the countermeasures are functioning correctly and effectively.

Resources needed:
• Security Engineer
• System Administrator
• Testing Team",3/21/2028,4/5/2028,0,f949dc68-fcfe-4517-a4c8-f28932fc5db4,PlanExe
069a057a-2f39-4c79-916e-952657a01ee1,Integrate countermeasures with existing systems,"Integrate countermeasures with existing systems

Description:
Integrate the implemented countermeasures with the existing IT infrastructure and security systems. This may involve modifying existing configurations or developing custom integrations.

Resources needed:
• Integration Specialist
• System Administrator
• Security Engineer",4/5/2028,4/20/2028,0,c1e125e6-d995-4086-b042-10e4700cf081,PlanExe
8f3708e8-ee9e-41d1-abc9-c31bd4cb2a81,Monitor countermeasure performance and effectiveness,"Monitor countermeasure performance and effectiveness

Description:
Establish monitoring systems to track the performance and effectiveness of the implemented countermeasures. This includes collecting data on security events, system performance, and user behavior.

Resources needed:
• Security Analyst
• System Administrator
• Data Analyst",4/20/2028,5/5/2028,0,f500c571-7d86-4b3a-b236-5ef8fcd4e241,PlanExe
b43f3559-0d6d-4190-a9fb-25067febfeeb,Monitor and Evaluate Countermeasure Effectiveness,,5/5/2028,9/2/2028,0,f500c571-7d86-4b3a-b236-5ef8fcd4e241,PlanExe
7322a360-161c-41a6-b39f-6825f93ccd9a,Define Key Performance Indicators (KPIs),"Define Key Performance Indicators (KPIs)

Description:
Establish specific, measurable, achievable, relevant, and time-bound (SMART) KPIs to assess the effectiveness of implemented countermeasures. These KPIs should align with the project's overall goals and objectives, focusing on societal resilience and the mitigation of ASI manipulation.

Resources needed:
• Social Scientists
• Cybersecurity Experts
• AI Specialists
• Project Manager",5/5/2028,6/4/2028,0,b43f3559-0d6d-4190-a9fb-25067febfeeb,PlanExe
8d26e3f6-d068-4851-be57-f85cba3155f0,Collect Data on Countermeasure Performance,"Collect Data on Countermeasure Performance

Description:
Implement a robust data collection system to gather relevant data on the performance of implemented countermeasures. This includes data on societal resilience indicators, manipulation attempts, and the impact of countermeasures on these factors. Ensure data privacy and security are maintained throughout the collection process.

Resources needed:
• Data Analysts
• Cybersecurity Experts
• Social Scientists
• Data Collection Tools",6/4/2028,7/4/2028,0,7322a360-161c-41a6-b39f-6825f93ccd9a,PlanExe
452bc47f-0ee9-43d3-8ba3-652252129364,Analyze Countermeasure Effectiveness,"Analyze Countermeasure Effectiveness

Description:
Analyze the collected data to determine the effectiveness of implemented countermeasures in achieving the defined KPIs. This includes identifying trends, patterns, and correlations between countermeasure implementation and changes in societal resilience and manipulation attempts. Use statistical methods and data visualization techniques to present the findings.

Resources needed:
• Data Analysts
• Social Scientists
• AI Specialists
• Statistical Software",7/4/2028,8/3/2028,0,8d26e3f6-d068-4851-be57-f85cba3155f0,PlanExe
f9ea1126-fe36-437e-b9d4-ff8a48c1c53c,Report and Visualize Countermeasure Impact,"Report and Visualize Countermeasure Impact

Description:
Prepare comprehensive reports and visualizations to communicate the findings of the countermeasure effectiveness analysis to relevant stakeholders. These reports should include clear and concise summaries of the data, key insights, and recommendations for improving countermeasure strategies. Use dashboards and other visualization tools to present the data in an accessible and engaging manner.

Resources needed:
• Data Analysts
• Project Manager
• Communication Specialists
• Visualization Tools",8/3/2028,9/2/2028,0,b43f3559-0d6d-4190-a9fb-25067febfeeb,PlanExe
66562f8f-2128-4dc1-8b9b-289a2393997d,Provide Training to Relevant Stakeholders,,9/2/2028,10/2/2028,0,b43f3559-0d6d-4190-a9fb-25067febfeeb,PlanExe
2f7c6abd-1d46-4f75-a7e6-3754946e8f4d,Identify Stakeholders for Training,"Identify Stakeholders for Training

Description:
Determine which individuals or groups require training on the threat model, strategic playbook, and countermeasures. This includes defining roles and responsibilities related to ASI manipulation defense.

Resources needed:
• Project Manager
• Security Personnel
• Stakeholder Representatives",9/2/2028,9/8/2028,0,66562f8f-2128-4dc1-8b9b-289a2393997d,PlanExe
1112f237-3cd1-4ef6-9cd3-0ac482ce4651,Develop Training Materials (2),"Develop Training Materials

Description:
Create comprehensive training materials, including presentations, manuals, simulations, and exercises, tailored to the specific needs of each stakeholder group. Ensure materials are accessible and easy to understand.

Resources needed:
• Training Specialist
• AI Expert
• Cybersecurity Expert
• Social Scientist
• Graphic Designer",9/8/2028,9/14/2028,0,2f7c6abd-1d46-4f75-a7e6-3754946e8f4d,PlanExe
f94836e6-f71d-4775-8c23-14a9d487dd7a,Schedule and Conduct Training Sessions,"Schedule and Conduct Training Sessions

Description:
Organize and conduct training sessions for each stakeholder group, covering the threat model, strategic playbook, and countermeasures. Provide opportunities for hands-on practice and Q&A.

Resources needed:
• Training Specialist
• Project Manager
• Security Personnel
• Training Facilities",9/14/2028,9/20/2028,0,1112f237-3cd1-4ef6-9cd3-0ac482ce4651,PlanExe
9873b5ec-a3c9-4c5d-848b-fadbc043268f,Evaluate Training Effectiveness (2),"Evaluate Training Effectiveness

Description:
Assess the effectiveness of the training program through surveys, quizzes, and practical exercises. Gather feedback from participants to identify areas for improvement.

Resources needed:
• Training Specialist
• Project Manager
• Stakeholder Representatives",9/20/2028,9/26/2028,0,f94836e6-f71d-4775-8c23-14a9d487dd7a,PlanExe
84047234-e5d0-4a80-bcba-c6ee27a53b05,Refine Training Program,"Refine Training Program

Description:
Based on the evaluation results, refine the training materials and delivery methods to improve the effectiveness of the program. Update training materials as the threat landscape evolves.

Resources needed:
• Training Specialist
• AI Expert
• Cybersecurity Expert
• Social Scientist",9/26/2028,10/2/2028,0,66562f8f-2128-4dc1-8b9b-289a2393997d,PlanExe
db6e5df2-c9d7-4c4e-ab6e-e7a426e23197,Conduct Cost-Benefit Analysis of 'Pioneer's Gambit',,10/2/2028,11/1/2028,0,60e00c15-c893-4d6a-a550-6eac2ad7c1f9,PlanExe
4dd5713f-9860-4c77-9a35-0519b0e587c4,Identify Costs of Pioneer's Gambit,"Identify Costs of Pioneer's Gambit

Description:
Identify all direct and indirect costs associated with the Pioneer's Gambit approach, including AI tool development, data acquisition, personnel, and infrastructure.

Resources needed:
• Project Manager
• AI Researcher
• Financial Analyst",10/2/2028,10/8/2028,0,db6e5df2-c9d7-4c4e-ab6e-e7a426e23197,PlanExe
2b889990-b722-4898-9caf-bd1add53431b,Quantify Benefits of Pioneer's Gambit,"Quantify Benefits of Pioneer's Gambit

Description:
Quantify the potential benefits of the Pioneer's Gambit approach, such as improved threat detection, faster response times, and reduced societal impact of manipulation.

Resources needed:
• Social Scientist
• AI Researcher
• Cybersecurity Expert",10/8/2028,10/14/2028,0,4dd5713f-9860-4c77-9a35-0519b0e587c4,PlanExe
c4fb8f5e-80d0-4032-b309-291359494eab,Assess Societal Impacts of Gambit,"Assess Societal Impacts of Gambit

Description:
Evaluate the potential positive and negative societal impacts of the Pioneer's Gambit approach, considering ethical implications and public perception.

Resources needed:
• Ethicist
• Social Scientist
• Communication Specialist",10/14/2028,10/20/2028,0,2b889990-b722-4898-9caf-bd1add53431b,PlanExe
cf79bd92-3bdd-401b-bc31-c0d0017e41a3,Compare Gambit to Alternative Approaches,"Compare Gambit to Alternative Approaches

Description:
Compare the costs, benefits, and societal impacts of the Pioneer's Gambit approach to alternative strategies for countering ASI manipulation.

Resources needed:
• Project Manager
• AI Researcher
• Risk Management Expert",10/20/2028,10/26/2028,0,c4fb8f5e-80d0-4032-b309-291359494eab,PlanExe
e9d16c24-8357-41b1-8e07-5e28c99b89e8,Document Cost-Benefit Analysis Results,"Document Cost-Benefit Analysis Results

Description:
Document the findings of the cost-benefit analysis, including assumptions, methodologies, and recommendations for decision-making.

Resources needed:
• Project Manager
• Financial Analyst
• Report Writer",10/26/2028,11/1/2028,0,db6e5df2-c9d7-4c4e-ab6e-e7a426e23197,PlanExe
