Level 1;Level 2;Level 3;Level 4;Task ID
Lunar Base;;;;6e20eb7b-c268-40f4-8080-115fb4c5454b
;Project Initiation & Planning;;;890d6738-aa20-42e6-a472-c59a188a9cad
;;Define Project Scope and Objectives;;8bcefb17-013c-45cf-8482-b6a4de629efb
;;;Identify Stakeholders and Their Needs;60eb14ba-27be-4f81-a0f7-bd5927057b41
;;;Define Project Success Criteria;d32724f1-b835-4fc5-812b-022fbbf5e802
;;;Document Project Objectives and Deliverables;81c2d70b-df04-425f-b0e8-1e9677d8c909
;;;Establish Scope Management Plan;0d6c278b-24b5-462a-8536-ab234f4aa9bc
;;Secure Funding and Resources;;b76e3b08-02b2-4490-bf69-8c86febf29a9
;;;Identify Potential Funding Sources;ca853e21-3d32-4fa4-a37d-e77d540b9b56
;;;Prepare Funding Proposals;87a726b4-5765-4e2f-ad64-08828b8acb8c
;;;Negotiate Contracts and Agreements;e2e557d9-d03d-4f81-af2e-fefb62b3fa51
;;;Allocate Resources to Project Phases;2f3b97f1-0c8a-46b9-9f32-853803784ff4
;;Establish Project Team and Governance;;9ca53d3d-16ed-4349-93f1-767ee4e9ee4b
;;;Define Team Roles and Responsibilities;5157a99d-b2e6-4b3b-bc90-198870fc32be
;;;Establish Communication Protocols;ff217631-215a-4474-b435-165faa798043
;;;Create Project Governance Structure;916687f6-66a8-475b-8626-cfbc990450fd
;;;Onboard and Train Team Members;44497f82-0a39-4e73-82a9-c5af85d1a482
;;Develop Detailed Project Plan;;6e16a6a9-5880-41b5-a92b-ef9edfd9b5e3
;;;Define Scope Management Plan;47235345-424d-469e-9498-169fdad4a71c
;;;Create Work Breakdown Structure (WBS);884e06f6-862a-40d7-b4d3-27c154b6296c
;;;Develop Project Schedule;d157920d-89e5-49b7-83cc-cb184b6ea642
;;;Establish Budget and Cost Control;62a81fab-8acf-460e-be04-5e34762e8b26
;;;Define Communication Plan;99856c12-ba76-4c8c-a3d8-0f6ac79f4af8
;;Conduct Risk Assessment;;0f9dbae8-654a-4efc-9f4d-3bd946c48bd1
;;;Identify Potential Risks;76c26754-d5e8-4caf-974d-488c3db4ee2a
;;;Assess Risk Probabilities and Impacts;8d68d74a-062d-4cd2-9685-467e85a517db
;;;Develop Mitigation Strategies;23cccd48-a7e6-4155-93d9-51c7c93c317b
;;;Document Risk Assessment Results;7e409e7a-d1b6-4020-a1b9-c5febe78b0d5
;Site Selection & Lunar Reconnaissance;;;2b65c62b-9149-44ef-a6e2-a5fc28667ce7
;;Analyze Lunar Reconnaissance Orbiter Data;;13ba1269-63a4-4a6d-9e7d-39581278e338
;;;Calibrate LRO data for analysis;6af46c87-6038-4265-81ef-1d691576d978
;;;Georeference LRO imagery and data;2839fb9d-dd36-458c-a819-7d65917fd5dd
;;;Extract topographic data from LRO;3b400c29-24ac-4dd0-a342-f09684794a1f
;;;Identify surface features and hazards;3df07ac8-7fcb-492a-95d9-39983c86d853
;;Identify Potential Landing Sites;;9a85ae94-1c9d-413a-b39f-712f1ec1b672
;;;Define Site Selection Criteria;f210a8b3-7db1-4ee8-8430-ce1fbb2ea42f
;;;Review Existing Lunar Maps and Data;b6748bd7-7d72-4887-8439-c6ca24e5db15
;;;Conduct Preliminary Site Ranking;26b4fb86-09e3-41dc-bd74-8de56227fe08
;;;Assess Risks and Challenges;1eacda09-7ba1-4055-914b-801d8831dba9
;;Model Radiation Exposure Levels;;4261937b-4fc4-4feb-bccd-bb048b25af67
;;;Gather Lunar Surface Composition Data;70454b56-2311-4b6f-91e6-659831c5dae5
;;;Simulate Particle Interactions with Lunar Regolith;785e8127-3f1d-4ed7-8011-8dcc9d076ea9
;;;Develop Radiation Transport Models;0fb92499-ce6a-40fd-bff8-dbc81a074f9b
;;;Validate Models with In-Situ Measurements;3519309d-6038-4b0e-9e67-725960830d07
;;Assess Lunar Hazards;;a11410e6-3300-4242-b59d-965a0099dffa
;;;Identify Potential Lunar Geological Hazards;2a1822a3-7705-4741-8ee5-9134102e6266
;;;Analyze Meteoroid Impact Risk;f8d8f248-c44d-4274-b375-57448346eb90
;;;Evaluate Seismic Activity;278e533b-0419-47bf-bb8f-ebc24362da29
;;;Assess Electrostatic Charging Hazards;ffcfb82a-a578-45e6-a6cc-3c69c3317a10
;;;Develop Hazard Mitigation Strategies;a7c9f71d-a4be-4ccb-927b-86330d15a400
;;Select Optimal Landing Site;;f23c4fc4-f432-4802-9d38-44762fd045f5
;;;Define Site Selection Criteria;8ff4ab0c-785c-435b-902e-3ecaee207db8
;;;Rank Potential Landing Sites;820ea7f2-c889-4dcd-8d72-125f688453a8
;;;Conduct Trade-off Studies;c8711cb9-b1bc-4ad2-8e41-111d9e194efd
;;;Document Site Selection Rationale;933cd7be-0e48-4189-9dd5-85c8395199d8
;Habitat Module Design & Development;;;8430c5f9-c0df-42bf-940e-473a4b039f95
;;Define Habitat Module Internal Volume;;6355f874-61d0-4b64-bc1c-7a726702fa2a
;;;Analyze Crew Activity Requirements;81c5bfe5-c89a-45b6-9099-1ae5b476dda3
;;;Assess Equipment Volume Needs;1387b900-009a-4e79-9efe-79e57b30208f
;;;Model Habitat Layout Options;384f0c27-44a1-4442-8ef8-a15fcc1410b8
;;;Simulate Crew Interactions and Workflows;f33f8c6e-387a-405c-a21d-862af55e8592
;;;Finalize Internal Volume Specifications;3b25f939-ca16-420f-a0df-979471adabfa
;;Design Life Support Systems;;58bb4dd4-f8ab-4022-a3ae-decd734df008
;;;Design Air Revitalization System;05de56f6-3dba-4ed1-9875-572657c0d988
;;;Design Water Recovery and Management System;80c8e9fa-d879-40ba-8e66-1a37fc381730
;;;Design Waste Management System;27e4acff-cac8-444d-ac7c-ee6081db6ada
;;;Design Food Production System;f38b99a8-59d1-4aad-99c7-dbef82444ee0
;;;Integrate Life Support Systems;dfcdc2e9-77e0-450f-bea8-18512aa57e94
;;Develop Radiation Shielding;;aefc27c5-e531-4b98-b975-9d94246aab9d
;;;Research Radiation Shielding Materials;b64d0f5e-5772-4552-bded-4efbc2211d2f
;;;Model Shielding Performance;740a80a7-4068-4178-96dc-ee71b8229b9b
;;;Design Shielding Integration;535e921d-5f18-4952-b827-bafaf887a62c
;;;Test Shielding Prototypes;167ca7ec-0015-4ef6-8526-a66f28d27a07
;;Design Power Generation System;;18c839b3-c13e-4889-9204-ea91cfc85533
;;;Research Lunar Power Generation Technologies;efcb65e6-4839-490f-9731-e7840c9b784d
;;;Design Solar Array Deployment System;102d1b2c-9351-4e46-833c-ac984bc4b5bf
;;;Design Nuclear Reactor Shielding;567efb87-34a8-45b7-b507-e564d6ed3dae
;;;Develop Power Management and Distribution System;d30b65a9-db18-443a-8b4e-b89d8bdc0354
;;;Test Power System in Simulated Lunar Environment;5ae11bb4-0908-41f6-9a6e-ef2646d5b8a0
;;Develop Habitat Module Prototype;;4d5e1093-c97e-4236-9953-2a001f85b824
;;;Fabricate structural components;60fce567-87a6-4081-8a23-4be3b690b8ed
;;;Integrate life support systems;c1ce5a3c-eb5c-468b-8804-093ae7f42a59
;;;Install radiation shielding layers;81f1ee67-aa3a-4ff7-8f2f-04e30a3689af
;;;Test prototype in simulated lunar conditions;11e69398-c574-40f5-b3b3-2d42cbbb7fec
;;;Evaluate and refine prototype design;0029c513-a966-4b47-95ed-fbb6ebbce3f7
;Equipment & Resource Procurement;;;9da53cb2-533c-458f-8c09-5b0a2de809e3
;;Procure Advanced Composite Materials;;8ea81b95-9789-4d28-a617-006b8b0f4ddb
;;;Research composite material suppliers;d9c1b39a-774a-48a3-8718-c4b8b5108b56
;;;Negotiate contracts with suppliers;54649e5d-b7e8-4d71-8e40-e6feb502f121
;;;Establish quality control procedures;5571b4fc-d9ae-4847-81b7-e337ecbb1e6b
;;;Manage composite material delivery;d129a1c8-4a2f-4fb0-a09f-6ed2d60677c5
;;Acquire Medical Equipment and Medications;;e46984fd-d43a-494e-ae0f-964036115c30
;;;Define Medical Equipment Requirements;cb3fc5ab-45ba-4d49-b738-ce8e67592384
;;;Identify Qualified Medical Suppliers;da2e67d6-8719-46c5-8cc2-84b4a8362350
;;;Negotiate Contracts and Agreements;82441767-e481-447a-a724-8782ddd692ac
;;;Obtain Regulatory Approvals;1b1858ad-ea0e-44f1-aff4-b60b92ad09a9
;;;Manage Logistics and Transportation;11a60ce5-da61-418b-a635-95db059f9b04
;;Develop Backup Return Vehicle;;72708542-1833-4132-a8e4-06a01264f5f3
;;;Define Return Vehicle Requirements;fe1e23ec-221e-42cc-b583-f772e2c95179
;;;Design Return Vehicle Systems;bf315b09-6939-446f-8ad1-f5d995f47205
;;;Fabricate and Assemble Return Vehicle;1f1e718b-373f-4ec6-b673-6c2a1dae942b
;;;Test and Validate Return Vehicle;809f23ed-1d87-4acd-b31d-4d1a93ad42ba
;;Manufacture Spacesuits;;3b7f2306-282b-4db0-acbe-015f47b2c02c
;;;Design Spacesuit Life Support System;b57582cb-53a3-41af-8912-ba03041285e0
;;;Select Spacesuit Materials;fbb5b6b5-5f4d-4810-9baf-5e6ab2f204eb
;;;Manufacture Spacesuit Prototype;92ce44f3-866a-4a30-85f1-4bd02b15a90d
;;;Test Spacesuit in Simulated Lunar Conditions;941bf601-2a3d-4aa0-9b5f-dbf5ff857621
;;;Integrate Communication and Navigation Systems;d4f51a03-70d3-47df-9113-333e6ce09eb5
;;Secure Lunar Regolith Samples;;44a22ae3-972e-45a4-8d33-3c7fb2b48129
;;;Design Robotic Regolith Collection System;3d00c5c6-c0e9-45dc-bfb5-bc14bc74f058
;;;Develop Sample Containment Protocols;386babbd-b2cc-4f10-91b0-118adf0681a1
;;;Test Regolith Collection System;646176d9-2e60-4f39-b69a-7b8e223950d3
;;;Plan Sample Return Logistics;7fea2dc7-b216-41e5-bf18-d98c1980131d
;Launch & Lunar Transportation;;;8d633161-907e-4cc2-9d4d-ab6761f9c269
;;Prepare Launch Vehicle;;262f8926-186c-48c4-97e5-6043894dbe9a
;;;Inspect Launch Vehicle Systems;fceb70d0-c0cd-43b2-a779-32516b2890d2
;;;Verify Software and Flight Control Systems;1a2e1777-3baa-4c10-ae73-518ba78a7eb0
;;;Load Propellants and Pressurize Systems;d6883fb9-dcaf-4e8c-a3e9-d1ee39cb37c1
;;;Conduct Final Pre-Launch Checks;0582963b-20dc-42a8-bd2f-aa863835811a
;;Transport Habitat Module to Launch Site;;6d094c7f-bbd1-4b98-bbdb-5060c175efdb
;;;Coordinate Transport Logistics;75a15f84-79b3-4d12-aa9b-dfc7906b07ac
;;;Prepare Module for Transport;478d74f5-4437-4f69-b37a-58b8372990a6
;;;Load Module onto Transport Vehicle;e7fff0d8-a118-4e82-b59b-ce3794fb0dd7
;;;Monitor Module During Transit;0fa8c87b-52fe-42f3-8184-6a13b92dd336
;;;Prepare Launch Site for Arrival;88626053-930a-414f-9657-f17a769deeef
;;Conduct Launch Operations;;f6c8009d-9e6d-415c-96cf-71d704c27a3e
;;;Verify Launch Vehicle Readiness;40e5ad1f-ba38-4913-8fe9-ce39b9643f36
;;;Finalize Payload Integration;793f1aa4-c33e-413e-9971-852009bf1d9e
;;;Monitor Weather Conditions;01bc23b2-1eb3-4942-b14d-0cede21a8a33
;;;Complete Pre-Launch Checklists;b4259385-c890-4b62-83ba-e601add2dc23
;;;Initiate Launch Sequence;715154dd-e415-4305-bd2b-1950ecde1198
;;Perform Lunar Transfer Orbit Maneuvers;;74b8c707-7fd7-4186-9f34-fbaa4c405458
;;;Calculate Initial Trajectory;56a03211-88a4-44a4-bc2f-60252852fa41
;;;Monitor Space Weather;36ed9ead-94cb-4662-bd0e-612357c3b13e
;;;Execute Mid-Course Corrections;67638796-a270-46d5-9db8-2f2224030ee9
;;;Establish Lunar Orbit Insertion;0817f00e-50bd-4621-a495-010868d7a856
;;Execute Lunar Landing;;3a603c57-9623-4551-97d1-369231f4ad06
;;;Verify Landing Site Coordinates and Hazards;be903430-44f8-468e-a78d-a82eec05bfdb
;;;Calibrate Descent Engines and Navigation Systems;c2e1fb2a-f373-4050-8aed-9178e4cdbd7c
;;;Monitor Communication Links and System Status;6b3690fa-1aaf-48ac-876d-0eded7afd9f0
;;;Execute Final Descent and Landing Sequence;f2847942-fb55-43e0-a2a1-6d49014f61c5
;;;Confirm Safe Landing and System Check;c58fa28d-e305-40a4-a440-445735bd3355
;Base Construction & Setup;;;d4043460-f75b-47af-a038-3e27d5269c67
;;Deploy Habitat Module;;dd0d2912-64f6-4a19-83d9-9bf398841ebf
;;;Prepare Deployment Site;4bd24173-aef2-4027-8b4c-d6177786a63a
;;;Align Module with Target Coordinates;bd27742a-ab8b-49e8-966c-649775d8a888
;;;Lower Module onto Lunar Surface;d6fb5b98-ae2e-4b73-80a4-eb5750b0c989
;;;Detach from Landing Platform;ee013f6f-a87b-4cfb-9795-e3d21fe7e594
;;Install Life Support Systems;;4724b64a-dd67-4d5f-8ef1-8d3702e46caf
;;;Inspect Life Support System Components;859b3b3b-21d9-4330-81fe-7ae976f149f1
;;;Connect Life Support to Habitat Module;65b22322-9cb9-4450-b2b1-a33876fb1309
;;;Integrate Power and Control Systems;0f724166-c581-4223-9f74-82777ed48251
;;;Test and Calibrate Life Support Systems;df89298e-ec3d-4606-983a-cc628c309cfd
;;;Verify Redundancy and Backup Systems;e491e8c2-5fb0-4327-a9c1-4a41fe8b0124
;;Establish Power Generation;;56eacb38-081f-4d4b-8b48-4b819fc6745f
;;;Inspect Life Support System Components;93e68f9b-7cbb-423d-b031-4e8774bdae5b
;;;Connect Life Support to Habitat Module;45b6ab9b-662f-4b7d-aaad-0beb96f6f5d8
;;;Integrate Power Supply for Life Support;92152113-03cf-4eb1-895a-b2b46b20b46b
;;;Test Life Support System Functionality;6659b8c9-5532-439d-981d-f460c24255d6
;;;Calibrate and Optimize System Parameters;89fa70a0-32d1-4239-bc5e-98d2e572b001
;;Set Up Research Facilities;;02edd7c0-3c5d-4765-809b-7f1435fc8f16
;;;Unpack and Inventory Research Equipment;10dace1e-87da-4ef5-aec6-d678db226bdc
;;;Calibrate and Test Scientific Instruments;092a2aa6-b90d-4e4b-90cf-5b37fd1bf244
;;;Install and Configure Data Acquisition Systems;906227e9-01d9-4012-92dd-c94f46b51d8e
;;;Establish Sample Handling Protocols;14dc7dd5-38ee-4b94-befe-f5cd1cd53790
;;;Verify Power and Environmental Controls;49d2132c-2c6d-412a-abbc-ef07cdf83fbe
;;Implement Lunar Dust Mitigation Strategy;;93f51791-4db6-45b0-a26a-b1851a68b852
;;;Simulate Lunar Dust Behavior;e38a8f7c-2107-406a-af35-a5a75f0f5573
;;;Develop Filtration Systems;3d3f2e67-1eff-419a-a270-82086bed25e1
;;;Train Astronauts in Dust Mitigation;51afa885-c0b3-448f-b3e1-2dbdce2d0285
;;;Test Dust Mitigation Strategies;9c9dc6f2-e8b2-4711-88e6-8685c792320c
;Base Operation & Maintenance;;;fdcca24a-3673-444e-85e8-8ef06b17ff1b
;;Conduct Scientific Research;;77dbba2b-fd2d-41e9-8b7f-fffecfbdb1a4
;;;Collect Lunar Samples;d7b01ac5-0313-4b9b-b549-366dc5fe299e
;;;Analyze Sample Composition;77ffcc85-e752-4c86-b2b0-83927ab7c454
;;;Conduct Geophysical Surveys;5f70f5a4-274b-47a0-b051-1b9295fe148d
;;;Study Lunar Environment;1731761f-3137-4f38-95c2-05a7a67196e2
;;;Document Research Findings;b31febc0-14f3-4767-829d-9d5af7542c8e
;;Maintain Life Support Systems;;06f7c01c-c693-48fd-8068-f1c19a0f9f32
;;;Monitor Air Revitalization System Performance;e59c51b7-5799-4f7c-a2de-a4c4e71ce098
;;;Maintain Water Recovery System;ef8d9943-d70f-4d03-a693-cb731e6d2eb6
;;;Manage Waste Processing System;83778a9d-1b44-4750-914a-a6b111ccf865
;;;Regulate Temperature and Humidity;091f9a07-4476-4caf-a67f-8b8c9294de3b
;;;Inspect and Repair ECLSS Components;1123b075-4afe-4459-828e-6928db64400e
;;Monitor Radiation Levels;;0382ccbd-e3b9-4d90-90a6-3b69450005ac
;;;Calibrate Radiation Monitoring Equipment;e316ea90-6574-459d-8007-f477917ccec4
;;;Analyze Real-Time Radiation Data;74f5277f-2396-4ba0-9b80-5a396db8e04c
;;;Compare Data with Earth-Based Models;e98ade6d-5fe7-4fbc-955e-55984bc10249
;;;Implement Emergency Protocols;4995796c-6710-466e-8e91-5ce848c3db68
;;;Maintain Monitoring System Redundancy;38e3c62c-bc64-4180-b52e-f6f04ecb580a
;;Perform Equipment Maintenance;;d07a7414-2283-4597-ae0f-8db50e87b1c2
;;;Diagnose Equipment Malfunctions;f14061b9-5535-454e-821f-b4fda35f9825
;;;Order Replacement Parts;394262ac-3829-4ed0-aab7-ab2ba94cf08a
;;;Repair or Replace Faulty Components;2482fcda-83bd-4341-bc1f-8c718ba4c3ed
;;;Test and Calibrate Repaired Equipment;548e9633-9957-4f81-9ef0-e50bf7b07057
;;;Document Maintenance Activities;adba9527-ccbd-4c2a-9ed1-1b373aebd262
;;Manage Waste and Resources;;5e24afc6-84c3-4668-b456-ee43991167cf
;;;Minimize Waste Generation;1dd9c8db-ec7e-45f6-8926-6aebf027eb3e
;;;Process Solid Waste;53facfa7-e037-4db3-93bb-96cdf4831b85
;;;Recycle Water and Air;74dd8ae4-d294-490a-9dd7-dea90d9f8fa1
;;;Store Waste Safely;af33f3a7-ba90-44b2-8823-ffaa61ae9922
;;;Manage Resource Inventory;49dcef05-df25-4789-afc0-e73a6ee18db1