Level 1;Level 2;Level 3;Level 4;Task ID
Puzzle Restaurant;;;;a39dd35e-6f4b-434b-b601-7900f8224c0e
;Project Initiation & Planning;;;4c473182-1e5c-4b34-9edc-5a14919aa661
;;Define Project Scope and Objectives;;b083909e-23e2-47f3-835a-d6e6b5ed5ca9
;;;Identify Key Stakeholders;7fa4ba38-e813-45cd-9a13-0546201212e9
;;;Define SMART Objectives;c75eeae0-0ff9-447b-b747-3a23acc58267
;;;Document Project Scope;29637df7-8a6a-4025-8db3-6ec37a89b79e
;;;Establish Success Criteria;7d26c2a7-9cd7-4e40-b46a-91420ccd0886
;;Develop Detailed Project Schedule;;10042c1a-f375-4f83-9387-52898cdcc4a6
;;;Define Task Dependencies;67c9ce02-5136-4e1e-9d4a-23ca791fb518
;;;Estimate Task Durations;b3c2a801-bd99-4c62-90a3-84b1d9e5ba3d
;;;Allocate Resources to Tasks;c92431a9-9e39-4890-a497-a032be5f6e5c
;;;Create Gantt Chart;3e8c2120-2cf6-4734-91c9-9b998461d94d
;;;Obtain Stakeholder Approval;c535f36f-4151-4f19-b40e-f934d9f74d51
;;Create Project Budget;;736b53ed-2957-4c90-a93b-0d22c5b52d8e
;;;Estimate Initial Restaurant Costs;a220ca4c-3277-41f6-95ba-26745fee54ba
;;;Estimate Ongoing Operational Costs;65903547-4373-4d67-8dc6-4bbf2cdc88d4
;;;Develop Revenue Projections;63883716-19a9-4df4-9bb2-9506d902f4a3
;;;Create a Profit and Loss Statement;ef2d065d-e4a6-4de9-bc6b-fa56e0d321e1
;;;Identify Funding Sources and Requirements;562a3b3c-3e66-4f4a-a737-e71d79d170da
;;Identify and Assess Risks;;27b9e199-4f1c-49bc-9271-27580e970797
;;;Identify potential risks;611d1d71-23aa-4a71-b114-30677cc134da
;;;Assess risk probability and impact;8080951f-fd6c-439d-b025-6969fc9b09e0
;;;Prioritize risks;e71856f9-3cac-4912-aaeb-ef865e099275
;;;Develop mitigation strategies;68a8ee91-80c4-4787-87cd-0a704b33375f
;;;Document risk assessment results;500c35aa-c997-4b0e-bc5c-2465d34965f4
;;Establish Communication Plan;;18318f9d-b0f3-4203-a9bd-7add18d815d7
;;;Identify Stakeholders and Communication Needs;a8c33b86-1570-4201-a7f3-504114818a81
;;;Define Communication Channels and Methods;d279b4c7-0a4d-4b87-a76f-356997cd5b81
;;;Document Communication Plan;24a4de89-5e4e-4452-8ccb-c4cd7426e427
;;;Establish Communication Protocols;16b6f6e3-2272-46f6-bbfb-d883599b30b0
;Funding & Legal;;;1ef19c12-7cda-4765-a427-81ced7b0d7ea
;;Secure Funding;;9d503208-f1f5-406e-839d-95a7cb905584
;;;Prepare business plan for funding;9f8452d7-3aa7-4ce2-b67e-da8ec07c6841
;;;Identify potential funding sources;87647b79-aef6-4480-a473-fbeabaff3134
;;;Prepare loan/investment applications;07a3c4fd-37cd-4056-b789-8abedf8f8175
;;;Present business plan to investors;900a63e1-ff0b-4bcd-a449-1fc67eae52c4
;;;Finalize funding agreements;9d38a42e-f729-4fe6-bbab-827fd6ee50b9
;;Obtain Business License;;76fd0bd9-7ab6-4c3d-aea6-fede42a2a93c
;;;Research Business License Requirements;e574ccaa-9dbe-47fa-ac17-4795e1993d4f
;;;Prepare Business License Application;812dfda3-2d44-4798-8ed9-b3a93ab59252
;;;Submit Business License Application;19cca56c-069c-429f-9d5c-bd21e6ac391e
;;;Follow Up on Application Status;8e9686a5-bc3e-438d-9fdf-5093fc621a34
;;Obtain Food Service Permit;;2e8684e7-7c0a-407e-bf76-b6c45d69415b
;;;Gather required documents for food permit;02e18292-ef22-4d54-b55a-0063a3e7e29e
;;;Complete food service permit application;0d0555c4-3428-4029-8e2f-d6d46f0cba0d
;;;Submit application to health department;c580e121-1185-4f0a-9e04-faab5adcff82
;;;Schedule and pass health inspection;8bfe534e-0405-4145-8cd1-b7faeca047f1
;;Obtain Liquor License;;39ea76a2-46dd-4f65-b326-c1287b66cd3a
;;;Research Liquor License Requirements;d4531f40-9a2c-4dc0-8dab-ac9c6c490701
;;;Prepare Liquor License Application;a767b53e-eb8e-494b-b4ba-212ee04d19b3
;;;Submit Application and Pay Fees;47ea2863-6334-449c-94ca-207def270f31
;;;Attend Hearings and Inspections;1568cd7b-f6ae-471e-819a-ec558ad6b3c6
;;;Receive and Post Liquor License;b386c85f-4522-4926-8727-77aabfdef801
;;Obtain Building Permit;;cb12368a-d6f0-463c-9ddd-2a69b35b0db6
;;;Review Building Plans for Code Compliance;2c675edf-d5f9-4330-8950-a0ac0d997230
;;;Prepare Building Permit Application;53bbf4ad-f4da-4856-9087-3ca78ed29bbd
;;;Submit Application and Pay Fees;5b0785e3-eead-4d70-b9f1-c89a5eda7790
;;;Respond to Building Department Inquiries;e69dc1f1-998b-48fe-94f1-406dbd8b6c04
;;;Schedule and Attend Inspections;81b145ff-ad16-42de-85b9-b558d62a8e76
;Restaurant Location & Build-out;;;0214d59d-700c-40ff-8dff-dc050543287f
;;Select Restaurant Location;;57121332-03f1-4e2d-8612-7016450a5b5c
;;;Define Location Criteria;43242fb7-3d7b-4fcd-bc1e-f3986b67e7a2
;;;Research Potential Locations;9cfd492e-bc81-49b7-a4bc-a3372059ea73
;;;Visit and Evaluate Sites;09cce301-c872-4b0d-b707-241cd56af12b
;;;Assess Location Feasibility;3613f44f-6b08-48f8-a7f7-2f2e7252621b
;;;Rank and Prioritize Locations;834f6c61-e14c-402f-a8c8-fb042d2b73f8
;;Negotiate Lease Agreement;;2769f2db-264f-433e-aea1-5aaa5790b273
;;;Review proposed lease agreement;19bc14ab-cbdc-48e2-b7d3-0273d420b18e
;;;Identify areas for negotiation;6d69f008-a903-4c5b-9929-05c75215ed0b
;;;Negotiate lease terms with landlord;c525d17c-2525-434f-bd7b-2952ead77864
;;;Finalize and sign lease agreement;27650744-231f-43ba-8500-f85da9601c78
;;Design Restaurant Layout;;3233877f-59ac-40f1-957c-0cecaa3a3ed2
;;;Define space requirements and constraints;a17dc5fb-22e5-449e-8ef1-cc2134d12f09
;;;Create initial layout sketches;547f42b6-569a-44a8-96b0-c4ec7f4f1753
;;;Review layouts with stakeholders;6123bdb8-d51c-4fa0-a8cf-234bf4c3ac9d
;;;Finalize restaurant layout design;ffaa91e3-ebda-4a25-ad96-daea7ffb310f
;;Complete Restaurant Renovations;;4e87eeca-0bc8-45ff-a46b-f363ed1a973c
;;;Demolition and Site Preparation;2aa44b77-72f2-46ff-83db-45f64defecb2
;;;Framing and Structural Work;b138d811-2267-4a00-9dd8-cdab10aa1b02
;;;Electrical and Plumbing Installation;684e2d4a-c8f0-4c39-a613-f0b568e1332c
;;;HVAC System Installation;3544e7db-08a2-4f24-91ca-1326a27b2dab
;;;Interior Finishing and Decoration;5bf579c1-bf20-4370-8a76-21f1b2641d8f
;;Install Kitchen Equipment;;41dddab1-9642-45a4-8491-93a098b838c4
;;;Prepare site for kitchen equipment install;df437c73-e5ad-43db-af6e-ed154f7df7a7
;;;Unpack and inspect kitchen equipment;ce1aa8d1-e0d8-4f50-ac10-87ac86a03d50
;;;Connect utilities to kitchen equipment;3d743d0f-ed62-4f48-be20-efe7228d833b
;;;Test and calibrate kitchen equipment;8040d91a-042b-4b57-9f6b-250af1e8286c
;;;Verify equipment meets safety standards;22ee463e-45c7-4662-90bf-2112910d3556
;;Install POS and Inventory Systems;;4383a453-9c54-4204-95e1-762967f80208
;;;Select POS and Inventory System Vendors;30780d88-1f37-491f-a969-b423df8df527
;;;Purchase POS and Inventory Hardware;0c4a4802-37c2-405a-845d-06536d5afae7
;;;Configure POS and Inventory Software;e1be7726-78bf-4d26-9276-ade48c89c58b
;;;Integrate POS and Inventory Systems;d549b5ee-5d67-41db-8b21-db939680ef76
;;;Test POS and Inventory Systems;663967a2-3242-4c0b-afde-0e88a8ccbe13
;Menu & Puzzle Development;;;07faaf71-aff1-48e1-bd7e-9c7ed0e4f671
;;Develop Puzzle-Themed Menu;;7f513bf3-3dcf-4620-b371-a32ccb88fc59
;;;Research puzzle-themed food concepts;1524ffcc-0851-419a-a520-df4a02a888e0
;;;Brainstorm menu item ideas;3ca4a5be-16a2-453b-b89c-e309e67d6b57
;;;Develop thematic descriptions for menu items;f23d67c6-3b79-4030-86eb-312ada324a05
;;;Design menu layout and presentation;5f562dbc-9dbf-4a27-95fe-60ca98ee5f1c
;;;Finalize menu and pricing;5ce6694f-bd06-4dc2-8049-ce3b607cdb6d
;;Design Food and Drink Recipes;;8b7f6f3a-ff7a-47b5-b494-ec793474f4df
;;;Research Flavor Profiles and Thematic Ingredients;d1f4c9e5-961d-4cdd-a847-650c84a0b9da
;;;Develop Initial Recipe Concepts;ebe0d811-babf-444d-a93a-40d87067615b
;;;Test and Refine Recipes;d841b635-545f-4db6-9f41-cb0a9fce34b5
;;;Document Final Recipes and Procedures;aef4ff9e-8661-4d5a-ac38-6423e25d32cb
;;Source Food and Beverage Suppliers;;52509e48-8aed-4061-a055-7bc2f3814a64
;;;Identify potential food suppliers;7ca209e1-8787-44d7-96ed-661bc2433a8c
;;;Evaluate supplier options and pricing;a060e9fe-463f-4a12-9d13-e025f75f464f
;;;Negotiate contracts with suppliers;cedfd6dc-2296-46df-aac5-73bf586be017
;;;Establish supplier relationships;4be1db84-c6f0-426d-bff0-760eb7c453fd
;;Design and Procure Puzzles;;43e2b902-fe38-4294-907f-bd82b29d0805
;;;Identify Puzzle Design Requirements;c7148c70-67e9-459a-a4b3-416c74965ebb
;;;Research Puzzle Designers and Suppliers;58acf336-26e8-497a-893f-01287181cb73
;;;Evaluate Puzzle Proposals and Prototypes;b8229538-c237-4ee0-9244-f2e9a3fb9e32
;;;Negotiate Puzzle Design and Procurement Contracts;5e616523-14b4-405b-9aed-c9c120df18d5
;;;Manage Puzzle Production and Delivery;5428ecc3-b3e5-436e-a6c8-cf7316b48120
;;Test and Refine Puzzles;;57f65b5d-321a-407a-b20a-8d97f2fb29ad
;;;Gather initial puzzle feedback;1c7a74a7-8e5f-42aa-88ae-ab48edbb0d14
;;;Conduct user playtesting sessions;cf71ba55-2294-4e22-bbcd-b097e150f772
;;;Analyze playtesting data;3e51a24e-f86b-47f3-b2c8-f69463ff18a3
;;;Refine puzzles based on feedback;008aa181-f934-4e9e-a548-90040f392e3c
;;;Finalize puzzle selection;e55b3568-4e45-4e1c-9357-450e1cce98cc
;Staffing & Training;;;98d3aa85-f2c3-47a8-8d8c-a18fbaa96602
;;Recruit and Hire Staff;;cab1d350-e676-4b94-9509-6b3eeb839920
;;;Write Job Descriptions;5ed8212a-c50a-4b9f-b2d2-c03f160695bb
;;;Post Job Openings Online;be1c8d85-a163-49a4-a02a-0919ee263f69
;;;Screen Resumes and Applications;886f3d8b-4fb1-449c-a741-04d7e9dbf780
;;;Conduct Initial Phone Screenings;c4512205-2d37-4dac-8b72-c1c7de6feac5
;;;Schedule and Conduct In-Person Interviews;fbb89798-c7a8-43b6-9c0d-1b23c4750947
;;Train Kitchen Staff;;3222b383-4237-4ff1-8501-5de3834a601a
;;;Review Kitchen Safety Procedures;a8ba8ff6-0716-4ab1-8f37-856ff7121a22
;;;Teach Menu Item Preparation;4506cc90-7d07-4ca3-9303-c3d145c32094
;;;Practice Equipment Operation;25775b3c-5a50-4c94-8d13-84cc5e607eca
;;;Simulate Service Scenarios;8cefab4b-b30c-4701-8052-5f8a0fa1c258
;;Train Wait Staff;;86ea3070-47ef-4119-af1e-237babf2e031
;;;Develop Wait Staff Training Manual;89edfcdd-ed16-47c1-b48b-9bfc1ad78ca0
;;;Conduct Role-Playing Exercises;c748b5e4-4771-4ba6-86ca-3ffb461035eb
;;;Assess Wait Staff Performance;aeaf1311-e0ef-49ab-9bda-db84f8e17824
;;;Train on Puzzle Integration;dccbbca0-a493-4467-9b0e-912eaaac0897
;;Train Puzzle Masters;;40a58653-c0d3-4268-a58a-ca0a4c3bc727
;;;Develop Puzzle Master Training Manual;44146b58-32b4-440c-b454-558c70709f81
;;;Conduct Puzzle Solving Simulations;822bfc09-3fb4-4b32-b80a-70b98ff2853f
;;;Assess Puzzle Master Performance;14784acf-62c3-4341-bc40-6700d8aa80c6
;;;Provide Ongoing Support and Mentorship;35295aab-4c98-4116-848a-6c1322030a5d
;;Develop Staff Schedules;;97e343eb-be38-4953-aacd-823edc7da74d
;;;Forecast staffing needs;1a8301ca-befc-4ce6-abc0-16c51db66130
;;;Create staff schedule templates;dcd25752-2b0f-4615-8850-1a22e5673e73
;;;Collect employee availability;fa98c725-c8de-4c3a-9a82-27864abd02ab
;;;Generate weekly staff schedules;b4081f4c-4e1e-4031-b472-1cd5c7de8580
;;;Distribute and communicate schedules;e9d492ba-7bfb-4ace-8c58-d1463ab76571
;Marketing & Launch;;;fef66a16-3283-442b-af89-df5b054eb279
;;Develop Marketing Strategy;;5afd0602-026e-4dcc-9ade-86f7fd2f2ffb
;;;Define Target Audience and Personas;5cffcc66-6f06-45b2-af0d-b57e42155823
;;;Analyze Competitor Marketing Strategies;3e1d7930-a880-410b-9a63-f12d07f8f0d1
;;;Determine Unique Selling Proposition;5f7cb4b5-d979-425b-b37b-ad56b37bddf4
;;;Select Marketing Channels and Tactics;de074d7f-62c3-440f-aec6-d2f5d7534180
;;;Set Marketing Goals and KPIs;dcf48b66-7a4c-443b-8461-2a488a8f4e74
;;Create Marketing Materials;;7b8e1f82-033f-4bb2-8ae3-8cfe1bb4838d
;;;Design Restaurant Logo and Branding;edd98973-528e-4c92-9dbd-d9396a7407db
;;;Write Website and Social Media Content;50c69bce-713a-4bca-a0ff-949b57b7888c
;;;Photograph Food, Drinks, and Puzzles;062092ff-0547-4c92-b204-774b7752805c
;;;Design Print Marketing Materials;cbeda352-bd0e-449d-b1d1-76dd3cacb029
;;;Produce Promotional Videos;5d645cdc-1e1d-4cf2-9fe1-d9f66bc586bd
;;Promote Restaurant Opening;;9abb7cff-9fd0-49b3-83eb-e665f5021744
;;;Social Media Campaign Launch;24583440-f4ff-4d68-9d3f-38ea9329a2d6
;;;Public Relations Outreach;60733396-b896-4a1a-8bb6-b4d8ca2a5274
;;;Local Partnerships and Promotions;17a1cd2a-f3d8-441e-86ed-f89c9942c82b
;;;Online Advertising Campaigns;515770eb-93fe-4d4c-864d-2b6d29c01369
;;Plan Grand Opening Event;;037e3e36-d173-494d-a3e6-780a5287fe98
;;;Define Grand Opening Event Objectives;a38db72a-62d6-4cf3-aeee-bf1cda6ce70d
;;;Secure Vendors and Entertainment;56476d5b-a9ff-4a3c-ad06-d6df632d6096
;;;Send Invitations and Manage RSVPs;15d65a03-4b8a-4310-a710-2e70f42e967a
;;;Coordinate Event Logistics;ef5d766d-27ed-48e1-8b46-68a1bf1696c1