Level 1;Level 2;Level 3;Level 4;Task ID
Skeleton Display;;;;0ddbd30b-6451-4d92-84a3-11de2fc31896
;Legal and Ethical Preparation;;;5372cf67-868b-4cd2-a709-62f1d86c4171
;;Draft Ethical Will;;35c664b9-06c7-463f-9b33-d1fbcd7f15de
;;;Outline Key Desires and Directives;7969559d-703a-4888-8719-9a6ade30ea36
;;;Draft Initial Will Sections;b4712e7b-13e4-4ca7-82cc-eba7d8df4baf
;;;Review Draft with Stakeholders;39106143-c240-4f95-935c-117ae24c6fa6
;;;Incorporate Feedback and Finalize Draft;b6cdb0ef-36ca-47b9-9373-5bf3ba3c6ef8
;;Consult with Legal Counsel;;a2acc836-78a1-4ce0-8044-89c4d7adf231
;;;Identify qualified legal counsel;add0c76c-38cf-407b-8f67-65a6c4081d81
;;;Schedule initial consultations;68e946d7-ab3b-47a6-a18b-fb8205852ded
;;;Review legal counsel qualifications;691f1c9f-5358-4297-ab1e-2ebdca10a912
;;;Negotiate legal fees and contract;cb9e1d1b-9e11-4dd9-84a1-215f9b11e1a7
;;;Finalize legal counsel engagement;e8201a07-9049-43cb-8b40-3e802e3e87e4
;;Address Family Concerns;;e770529b-d077-49a7-83e6-e28aa9735da9
;;;Identify Family Concerns;a40b8056-88c9-4999-acfa-7147b1638cc6
;;;Schedule Family Meetings;c115d9e3-ae1f-4d88-a864-c00eb8a6ce7a
;;;Document Family Communication;e70bd63c-e4e5-4c67-8b71-cd3220001601
;;;Address Objections and Negotiate;eeb9bf60-04d6-460c-b44b-133d686a2fc0
;;Obtain Necessary Permits;;bd78040b-1cf2-4f77-b5d3-2d551c965bfb
;;;Research Permit Requirements;82abcf3b-3abb-43b8-ab23-59bc95643804
;;;Prepare Permit Applications;55bc7c19-2a68-4e0c-8a95-39e9fa4ee280
;;;Submit Permit Applications;a28ca3e0-4c7e-4b99-ba6e-7e6687705603
;;;Follow Up on Permit Status;092831ab-4a00-4e84-899f-43761268775d
;Mortuary and Osteologist Coordination;;;6155c84e-ef2a-4f6e-bded-e9cc4ed90700
;;Secure Mortuary Facility;;9b1ae94f-67c6-4334-b79c-815b55df4d76
;;;Identify Potential Mortuary Facilities;4b0004b0-00af-4933-a333-425154c7414c
;;;Assess Facility Capabilities and Costs;2e48d2a9-c5ab-431d-ba3f-212ef65703b9
;;;Negotiate Contract with Mortuary;7571dc6e-2dba-4f70-b256-a7c31a578ed9
;;;Confirm Facility Availability and Schedule;b426b1b1-64a5-4339-9021-3b1fb6cebb3d
;;Contract Professional Osteologist;;c80518c9-b079-48bd-9fb0-1e30c7d59f53
;;;Identify Qualified Osteologist Candidates;2041744c-0b08-4574-bd5b-7efbec5b71de
;;;Initial Contact and Screening;17f42609-72f3-463b-8c26-34a5a57c7098
;;;Detailed Interview and Portfolio Review;007a3df3-4f51-4d2d-8524-efec46c63cf6
;;;Negotiate Contract Terms and Scope;d68e4217-c35f-4690-a71e-b0ed7a7da3a7
;;;Finalize Contract and Onboarding;aa893239-4393-48e6-9a8b-6c05f29814e3
;;Establish Biohazard Containment Plan;;829e150e-a1ab-4d6b-8207-b0514e6c0e79
;;;Research Biohazard Regulations;f3fce235-f927-415d-a5a1-856ac7bda734
;;;Consult Biohazard Specialist;eabfa5d2-5279-478e-bd2f-2bc8a8406b02
;;;Select Containment Equipment;cd12167c-0eec-4636-8c73-a34e443649f4
;;;Document Containment Procedures;86fbd07c-5f04-4a9e-813b-41659268c01d
;;Procure Biohazard PPE;;e110e31a-d529-445a-bd96-8c4009f52a9a
;;;Identify Required PPE Specifications;bd667fc5-47bd-4741-84cf-9c163b86e11b
;;;Research and Select PPE Suppliers;5e509a82-530a-48b3-a269-d760131eb5d4
;;;Obtain Quotes and Place Orders;c6a39289-baa0-499d-81b2-f2f392d4efdf
;;;Inspect and Inventory Received PPE;bb0d53f4-e43c-480f-9441-74a0151256e5
;Decomposition and Articulation;;;752837f6-8a69-4dd1-9f2c-333b2371de5c
;;Controlled Decomposition;;cb9b0bcc-e295-4128-b652-e5fa38e27fee
;;;Monitor Temperature and Humidity Levels;79a7e9db-42df-45a0-a1f1-4bd9ad025c04
;;;Manage Airflow and Ventilation;c4f305a6-a979-4bf2-8d9c-27d237a6c954
;;;Inspect for Pest and Insect Activity;d0c93a7a-3708-4ba7-a603-18e90b97d278
;;;Document Decomposition Progress;4d5875ad-ad8a-4104-a439-be1b7e66525f
;;Bone Preparation;;1b33fc63-71ae-4e3a-80f1-cf91efe97086
;;;Initial Bone Assessment;1847be38-fd55-4a59-a896-442cacb209ee
;;;Gentle Cleaning of Bones;9fe35839-b410-481b-aa80-0d74da2920ae
;;;Degreasing and Whitening;7272a68c-24d3-428f-9b7b-e1c6583e23b6
;;;Bone Stabilization and Repair;3af33519-c5c8-4092-b795-77e884f3446f
;;Skeletal Articulation;;84af5ccb-b6a0-494b-bb5c-11c5ce0ac682
;;;Prepare Articulation Workspace;f3f32668-5c8e-4c5b-9452-2ebabdc0455d
;;;Select Articulation Materials;77052039-ba81-4c14-901b-ddec8363a969
;;;Drill Wire Holes in Bones;6e357811-a479-468c-a751-27863e00e6f7
;;;Assemble Skeleton with Wire;a29bbfec-a483-4d7e-820a-f7344f1d1e2d
;;;Adhere Bones for Stability;8198d0d2-ce99-47e3-8c84-9aa653fe78f4
;;Pose Skeleton in Zombie Manner;;59f22b1d-1fe1-4c04-b591-703542e8d856
;;;Research Zombie Anatomy and Poses;2221f279-f835-473a-9670-42d75eec8771
;;;Plan Skeleton Support Structure;331244e6-020f-4d20-9491-71802918ccb9
;;;Articulate Skeleton into Zombie Pose;b92c1e67-c606-4dbe-9235-4056c18a37b2
;;;Stabilize and Secure the Pose;88cc7400-8dff-4ae5-ac19-b4060afb28c6
;Display and Security;;;d28f8628-1067-488d-ba86-eda1db7fe190
;;Procure Display Case;;dd8f7e9c-43c6-45ef-aa66-45fae1f0636f
;;;Research Display Case Options;7212790c-7a3b-474c-8e03-b5995027e182
;;;Obtain Quotes from Suppliers;139fa2bb-0914-4bb7-834d-be53ef61afc4
;;;Verify Security Features;c45fd45e-2b49-40c8-92cc-fc234b54e706
;;;Place Order and Track Shipment;1575ee8e-5c03-4e91-a96a-2f71782284fd
;;Secure Display Location;;7d17ef51-1642-4f4f-8351-66b97de4be38
;;;Define Display Location Requirements;3940d73d-7344-4b7f-b456-df2437e84cd7
;;;Research Potential Display Locations;257116ff-30e0-4884-916d-9ea0dafcc805
;;;Evaluate Location Security and Accessibility;17fd298f-e6f3-4575-841b-25ddde1caa01
;;;Negotiate Lease or Purchase Agreement;636bc676-4c1c-4ab9-b596-a94ad49ccaf3
;;;Finalize Location and Secure Agreement;1e2910f7-96c7-426f-82a1-3bd62c30ea37
;;Install Security Measures;;f72e6d48-dd65-42be-b1ab-41893ae78d09
;;;Assess Display Location Security Needs;a70adc10-c7e9-4acf-afdc-e856ef1dea5f
;;;Select Security System Components;c9f247f7-d442-493d-999e-6b5cb894854a
;;;Schedule Security System Installation;69352d4d-052a-450e-9534-88f9ef172f12
;;;Test and Calibrate Security System;a8232871-dcb8-4bb5-b43b-d40e37b8a62c
;;Final Skeleton Display;;37e73f3d-83ac-41ae-9f67-dddd3fe0a8e2
;;;Inspect Display Case;ea489380-5634-47db-a610-dcbe0918afea
;;;Prepare Display Case Interior;7f7d5d6a-22aa-47ba-8b9a-45a97d70d80d
;;;Carefully Position Skeleton;e30a3c4b-22fe-4232-a67b-b0e6063a8a18
;;;Final Aesthetic Adjustments;572d0588-5bcf-4a2e-892e-cd70088b32ef