Level 1;Level 2;Level 3;Level 4;Task ID
Factory System;;;;649fc01b-d98a-49a4-bb7a-bf097257782b
;Project Initiation and Planning;;;5d562205-0f93-4d2d-a1a5-51cf54a5a978
;;Secure Funding (EUR 200 Billion);;b132b9ce-3cc8-497d-9e76-d8b49018f2b2
;;;Develop Investment Prospectus;5fb99b51-a453-4615-884e-9714449f0b74
;;;Identify and Engage Potential Investors;3e54cb7f-1d5d-4852-99d4-0a55c7d7c0e8
;;;Negotiate Funding Agreements;5692397d-d5dd-445f-9476-f3b7bb7efdd0
;;;Establish Funding Disbursement Plan;5c7147fa-0247-49f2-8019-9d287357f56e
;;Establish Project Governance Structure;;c318e99c-df05-4825-8a01-2991e1a6d825
;;;Define Roles and Responsibilities;ae7c88d6-ecc6-48e9-9f19-58656372dac4
;;;Establish Communication Protocols;36c8c600-1508-4418-a50e-1784ec43afe1
;;;Create Decision-Making Framework;938e7fe9-caa7-460d-911a-f5e2fa75b31b
;;;Develop Stakeholder Engagement Plan;99200da5-8f7c-4669-afaf-8ee374c27a96
;;Develop Comprehensive Project Management Plan;;1131e58f-2c4f-48e5-bc9f-c058d9d4286f
;;;Define Project Goals and Objectives;662067a5-37b3-4df5-9aad-226142725eb8
;;;Develop Detailed Project Schedule;9a28aabb-1753-4ac8-8612-12435c038f36
;;;Establish Communication and Reporting Plan;8c5e448d-bd08-44ea-9bc1-d0b813f28653
;;;Create Resource Management Plan;0e3d25e0-5fcb-4cba-b470-4f52d21b213a
;;Define Project Scope and Objectives;;bf884c39-7f11-4361-92e3-4c70046a1c66
;;;Identify Project Risks and Assumptions;d50568a7-4790-42d1-b9c1-b377cfea7fdf
;;;Assess Risk Probability and Impact;c2a73a8b-c68b-4a33-becf-f505fe82dff7
;;;Develop Mitigation Strategies for Key Risks;1e160d44-e340-44bc-82f4-b9ec742aeef5
;;;Establish Contingency Plans;e6c598ab-8ab6-41a4-872d-dcf4a47ab102
;;;Document Assumptions and Validation Methods;325058b8-dd36-4272-ae6b-38a00d10cbcc
;;Risk Assessment and Mitigation Planning;;960bffa7-979b-48ac-8628-d8170f8bb58f
;;;Identify Potential Project Risks;8c16089b-9617-4a62-a60c-4cba224fa515
;;;Assess Probability and Impact of Risks;e8405e72-b552-4107-bab7-55534e2c8893
;;;Develop Risk Mitigation Strategies;d860c323-c7a2-4ea7-a3a8-76e3aeb39e18
;;;Document Risk Assessment and Mitigation Plan;21d54809-b066-4e37-81d0-d7c172059242
;Market Analysis and Requirements Definition;;;b4929712-a185-4aaf-8abc-50b199867502
;;Conduct Market Analysis for Space-Based Applications;;dbe9efe2-48fd-4e7b-8192-bd985a384a34
;;;Gather space market reports and data;1e8257b5-f97c-42f6-ae91-8a1d2dea5548
;;;Identify key space-based applications;b4a03d2e-80f7-41dc-8a24-f4ed7255a138
;;;Analyze competitor landscape and trends;167f6b58-7d27-4850-82de-3276bcfe7cdd
;;;Develop market demand scenarios;9836f527-2d0b-43ef-a3c9-3a800f459d58
;;;Project revenue and assess ROI;fc479771-1541-41e7-91e3-48ef60368e7d
;;Define Component Requirements for Space Applications;;6f2622d2-e806-4000-b3b9-6f8dcfba109c
;;;Identify Space Application Component Types;85370d7d-c24f-44fa-a4d5-da8f3d25e947
;;;Analyze Component Material Requirements;757cb1e6-5964-4bad-8a6a-4cf309673fc4
;;;Assess Component Size and Complexity;8bc2aee1-be4e-4fc8-99c7-f6f9a0e0bf3d
;;;Define Performance Specifications for Components;debbb106-ec7a-4cb2-8055-f4db057c630e
;;;Document Component Requirements Database;17da3345-b1e3-4dfb-8692-4540e1f1ecaa
;;Identify Basic Industrial Feedstock Requirements;;1a7bba38-494b-405d-ac9d-b184dae5febc
;;;Identify potential feedstock suppliers;fffc4102-ff9e-49d2-92f2-77960143bd1a
;;;Assess feedstock quality and purity;7db7b56b-80d2-4a59-9407-9deb0fcafdfd
;;;Evaluate feedstock availability and cost;a1f93257-5801-48c4-a130-c74230f1c6a2
;;;Establish feedstock supply chain logistics;231636bc-8b91-44be-a4de-254c82516383
;;Define Performance Metrics and Acceptance Criteria;;ea484b0f-da40-4c50-8b28-c096b30efd72
;;;Identify Key Performance Indicators (KPIs);5a561329-717a-4b87-a699-3a299f7dae11
;;;Establish Baseline Performance Levels;f4d8c03b-e74d-4772-8e88-be0f456f5cf5
;;;Define Acceptance Criteria for Each Metric;7249bb11-6801-4099-9a78-5e3b0472b3df
;;;Document Performance Metrics and Criteria;a903f3ca-6a7b-4fd4-a62b-c984be2fd394
;Technology Research and Development;;;ce57544b-e730-410c-9405-db610f951bd5
;;Research Additive Manufacturing Technologies;;1d3ee9be-9b17-430e-add4-cb4a5e882894
;;;Evaluate Powder Bed Fusion Technologies;f0f8d683-a259-4911-bea3-5700c9c443b3
;;;Research Directed Energy Deposition Methods;8a5db20f-ef35-402b-884d-e6d2c41c45d4
;;;Investigate Binder Jetting for Complex Geometries;6dc09d1e-b36e-406d-a4c3-492357bb780d
;;;Assess Material Property Enhancement Techniques;f00d381e-a4b5-4438-816b-a9a296567b4a
;;Research Subtractive Manufacturing Technologies;;55d2fa18-c337-49a0-b6fe-b8b4c55b43c7
;;;Identify Subtractive Manufacturing Equipment;9312c785-cc42-46e3-8d41-55522349dc3d
;;;Optimize Subtractive Manufacturing Parameters;20c224c2-7b24-40cd-bdec-cf13a9918b6f
;;;Develop Advanced Tooling Solutions;60db9678-fcf5-43c5-814d-7931cd206901
;;;Simulate Subtractive Manufacturing Processes;805412c1-0630-46c2-885c-87d8b8db2c93
;;Develop Miniaturization Techniques;;9ea09e72-82ee-4262-9912-9a2f867c7fc9
;;;Identify Miniaturization Target Components;ceac7b40-9e2c-4332-91d2-e1d2de3ae8aa
;;;Evaluate Miniaturization Technologies;1040a0f7-5169-48b2-9e22-8966e4c2b291
;;;Design Miniaturized Component Prototypes;1cddf8aa-0238-4d98-b078-8cbf84eb2427
;;;Test and Validate Miniaturized Components;ddb5c944-ac5a-4a65-b6b2-071abc9d01f3
;;;Integrate Miniaturized Components into System;8bf7fbf5-5202-410d-b2a7-80a1e28969eb
;;Material Science Research and Development;;0b65b5eb-7a92-4ab3-92bb-7a2993916132
;;;Identify Key Material Properties for Space Use;0c049723-e8e4-474e-b4c0-51430eff4b14
;;;Synthesize and Characterize Novel Materials;30fc072f-2821-438c-951c-16614e7f164e
;;;Evaluate Material Performance in Simulated Space;af4d3a37-5dd5-40e2-8d60-031593deed28
;;;Develop Material Processing Techniques;8bfa5f6a-ff86-4dc8-92d0-024dab1a8abe
;;Develop Modular Factory System Architecture;;ed3b3007-690c-4797-9c0e-a13d8408be77
;;;Identify Key Material Properties Needed;ded1fb89-9855-4a22-962a-0f58d722e8bf
;;;Research Potential Materials for Space Use;a8630698-cabf-496f-add2-49d1ca35dcd2
;;;Conduct Material Testing and Analysis;71a3f121-e719-4260-91a1-e503033f346a
;;;Develop New Material Synthesis Methods;72246be0-6729-42aa-a74f-4f423486b4a2
;;;Optimize Material Processing Techniques;68f47aba-51a4-4188-971e-f3788e0f00fd
;Factory System Design and Engineering;;;4df3cba8-40ab-405e-9a5a-a3d29d047f87
;;Design Factory Layout and Infrastructure;;17169374-7005-41dd-9a9a-58525eb8c320
;;;Conduct geological surveys and site analysis;95a2874a-3f9a-4e52-a2a0-5ee32282d2d4
;;;Secure land rights and negotiate purchase agreements;8a263041-5b35-43ca-9cf4-d42c84543693
;;;Design site layout and infrastructure plans;4b5218ef-4971-4b49-b92e-449b8e461b39
;;;Obtain building permits and environmental approvals;4683e19d-43ac-422e-8593-78b5592213d2
;;Design Manufacturing Processes for Key Components;;6a4db9ca-f8c4-455f-850c-98af80135a4e
;;;Define component manufacturing requirements;560c49bc-d91f-4df2-a86c-3c07e787ed0b
;;;Select appropriate manufacturing technologies;b1796745-6674-486b-812d-2d7aa2d441a8
;;;Design manufacturing process workflows;d8583d19-ab44-48e7-9df7-86914e0e81b7
;;;Simulate and optimize manufacturing processes;da5fb7e1-1e4d-4667-b454-212295bc66ed
;;;Develop quality control procedures;8aa75e22-c082-43cb-875c-9e35933ec0ad
;;Develop Control Systems and Automation;;f0c58dd4-2156-44da-b81e-ce7a932b2937
;;;Define Waste Streams and Regulations;cc90b44f-918f-4042-9579-db34822091fe
;;;Design Waste Treatment and Disposal Systems;ef75f3d7-43b3-4c8f-a4ad-7348cdf6bf60
;;;Design Air and Water Pollution Control Systems;16c8adb1-bcd1-4d83-80fd-180978ba8c7a
;;;Develop Environmental Monitoring Plan;90e203e9-bac7-4f09-b157-4e674fbb88f8
;;Design Waste Management and Environmental Control Systems;;3e12f236-ba2c-4200-bae1-9b31f226264e
;;;Identify waste streams and regulations;0e13bea4-7dca-4a7d-ae5f-242fda6884da
;;;Design waste treatment and disposal systems;5bda6d91-057b-4bf8-b398-530058799574
;;;Develop air emissions control strategies;1285227d-499e-4f80-9f62-96a14102d0f9
;;;Design environmental monitoring systems;3f3584d3-041e-49a4-9996-04a583f1eb94
;;;Integrate systems and ensure compliance;f346919d-4c1d-4bb5-89f5-3ab5ff22847d
;;Develop Data Acquisition and Management Plan;;d406da0c-405a-4cc7-bc37-90572d0811b0
;;;Define Data Requirements and Scope;d7325437-ed81-4648-ac21-d92385a31326
;;;Select Data Storage and Processing Infrastructure;6d844df3-d136-4539-a943-70d80763bfb5
;;;Implement Data Security and Access Controls;9a18140e-9000-4bed-bbf7-b60f5c03e1ca
;;;Establish Data Governance Procedures;ee71b333-0790-44c4-b098-c7aab1ab4a99
;;;Develop Data Acquisition Strategy;36ea5dfa-e792-4373-8edf-dd4d0b70a63a
;Factory System Construction and Integration;;;6dbc98a6-84c6-4cbd-96d1-73d5a669f62c
;;Obtain Necessary Permits for Factory Locations;;659a36ab-f749-4505-9ea3-ce55b773b266
;;;Identify Specific Permit Requirements;2cd03c13-5b54-4d3b-9680-92dae5cefbdd
;;;Prepare Permit Application Packages;1ec8fcbc-741b-46f1-b6a4-15be1879c23a
;;;Submit Permit Applications and Track Progress;37c5979f-f2eb-409e-afe5-232c6ce8907c
;;;Engage with Regulatory Agencies;a082bf56-5ed2-4d96-9365-d47d0a62b21a
;;;Address Community Concerns and Objections;34f91b75-b63a-46cb-8cc0-049887edae93
;;Construct Factory Facilities in Switzerland, Netherlands, and Germany;;fcfdf613-f67c-4f49-8122-fc4ef9e8ea15
;;;Prepare site for factory construction;c3ddd4ed-d17e-4c76-a840-62b99b134caf
;;;Erect factory buildings and infrastructure;6d8c6bc7-107e-4931-a1a3-a889f7f33771
;;;Implement safety and security measures;f1367710-7b1d-4a4d-9cfb-ff7b1a55d2b5
;;;Conduct inspections and quality control;f881acc0-fc4b-4c43-bdc3-b8ec5fd01512
;;Install Manufacturing Equipment;;c4846af3-2814-4824-8985-fa940d8350e5
;;;Prepare equipment installation sites;7227ebf8-93ce-4297-b272-4543b1ad7077
;;;Coordinate equipment delivery logistics;d64d4d14-0aef-4e92-9f59-bdd54ab116d2
;;;Install and calibrate equipment;90b48eef-0795-477e-a18c-61fb80092344
;;;Conduct initial equipment testing;5da11f59-11b1-4138-8c33-31d61fd67455
;;Integrate Control Systems and Automation;;6fe2bd76-b57d-48f4-93ac-0e54f75da257
;;;Define Control System Requirements;465dbab0-0835-49bd-bddb-4dc5284d7f6c
;;;Select Control System Hardware and Software;972b189e-5fc9-4469-ad19-f75df6da6f1d
;;;Develop Control System Logic and Algorithms;cd69b47f-6acd-4855-8f95-7568a0806799
;;;Integrate Control Systems with Equipment;defbca86-8f13-4e31-a21a-92c8b68b94bb
;;;Test and Validate Control System Performance;8a598a41-b8c5-4258-aa01-c902cdba7bb5
;;Establish IT Infrastructure and Data Management Systems;;c7e4e420-70f0-46ac-b380-1e9f3a7750db
;;;Select IT Infrastructure Components;4cb2706b-a74c-49f0-a6ea-a2c7765c837a
;;;Configure Network and Security Systems;0bacc424-51d7-4e3b-9cb3-863f60cc4bbd
;;;Establish Data Storage and Backup Systems;6ed403a5-11db-4d44-ab16-07a79e0c4f59
;;;Implement Data Management and Governance Policies;2f324ae6-19f1-4f58-9076-d76bf06e686b
;Testing and Validation;;;40d2f979-15fc-4fe7-b7db-220f7c0ea2c9
;;Conduct Component Manufacturing Tests;;f760603d-44f8-4779-b602-e84a51f8c518
;;;Prepare test plan for component manufacturing;ef82649c-31f8-4a85-bb1a-6469b904ea54
;;;Manufacture test components;08226901-2f11-46fb-abcd-3d8ba79ab41e
;;;Conduct performance and reliability tests;6c6af2c2-8121-4b7a-8a9a-4a6252c76e6d
;;;Analyze test results and identify improvements;28f64b9b-4d4f-4481-a4ab-df9b91b80183
;;Validate System Performance and Efficiency;;f3869085-6a0e-4da8-9098-1c46855aab85
;;;Define Performance Metrics;8a864e25-cea1-4142-b6f8-02bdcf41875f
;;;Conduct System Integration Tests;057b6333-3c12-4737-8df1-82df0541d1bf
;;;Analyze Test Results and Identify Shortfalls;68202fd2-0836-48b6-b0fe-1d92cd52004d
;;;Develop Mitigation Strategies;3c9aaf26-d540-4e43-8ded-07b23dce52d7
;;;Re-validate System Performance;dda49742-cb50-47dd-8650-1b2751564167
;;Assess Material Usage and Waste Generation;;02d244b7-9395-4eac-a9b7-c54e85c52393
;;;Define Regulatory Compliance Checklist;93363a74-193b-4c0c-87a4-2510768a23da
;;;Conduct Internal Compliance Audit;d582c1d6-16e6-4577-be82-db49472feb73
;;;Develop Corrective Action Plan;a186d7ee-e38f-4ecf-b86b-af3ce029f4be
;;;Implement Corrective Actions and Verify;c3d33793-2243-40cc-ab81-18f4c32b931c
;;Verify Compliance with Regulatory Requirements;;28cf470c-7af5-41c2-b4d2-4d7784ad44e2
;;;Identify Applicable Regulatory Requirements;451c6a2b-fb0b-497c-a367-23efb2c1f935
;;;Prepare Compliance Documentation;b87cab78-5858-4b13-8ce4-51be35037f62
;;;Submit Documentation to Regulatory Bodies;fb9fe9f1-e24d-4652-95b2-b17d5043e888
;;;Address Regulatory Queries and Feedback;c4234496-da9f-4dee-b67c-b8e82d5d8922
;;;Obtain Regulatory Approvals and Licenses;cabc9174-3703-4692-912e-b8296bc84d7b
;Optimization and Refinement;;;2aaf76e7-fb91-4c89-9507-9c8905205d14
;;Implement AI/ML-Driven Optimization;;aa087f36-e7f5-4543-bc94-a209a5b8e6c7
;;;Gather Manufacturing Process Data;c9f7c9c9-7214-4d10-8101-889e75be46c9
;;;Select and Train AI/ML Models;57baf337-4909-4cc7-9943-a187579ad829
;;;Integrate AI/ML with Control Systems;ba6c6083-56af-4ace-8fbd-e29b825e9809
;;;Test and Validate AI/ML Performance;bf443a6a-e349-40fd-b69f-fd66ebe148e9
;;Refine Manufacturing Processes;;d74318a1-ae2d-4d3c-8899-60b01b469ebe
;;;Analyze current manufacturing processes;418bb9ec-a4ee-4394-8717-d0d7c9369560
;;;Identify AI/ML opportunities for refinement;b635f8bc-c822-47aa-92f8-edc90f2f7c9a
;;;Implement AI/ML process adjustments;96bc7f57-7034-472f-a811-46ea8e6c2c60
;;;Validate refined process performance;7c3981b2-9af7-475d-8fe9-28cf6b811d1c
;;Improve Material Utilization;;92ccc8d2-01b3-482e-990a-dbf64dc8aa73
;;;Analyze current material usage patterns;a6fa3c5a-d702-4a7b-aacd-0e8c4d816687
;;;Research alternative materials and processes;f0df4de0-6838-46ed-b244-acc8eb0c1f8f
;;;Implement closed-loop recycling system;245d3d03-68bd-4d07-ace4-e9df6bc72d0c
;;;Optimize part design for material efficiency;31fcd80c-a288-4034-9d22-96511d98fc18
;;Enhance System Reliability and Maintainability;;d409a5c3-4c2e-4434-87e8-13f5a07e2145
;;;Define Data Requirements and Sources;81e87226-6046-408a-9bb5-3df652675bec
;;;Select Data Storage and Processing Infrastructure;f06e3369-3cb3-4f45-bdf9-194c9776419a
;;;Implement Data Security and Access Controls;bddcdec7-a425-4b03-8aa3-dde2393dc9f3
;;;Establish Data Governance Procedures;1eb67da0-cec7-4a37-9d42-7b602b0ec96d
;;;Develop Data Integration and ETL Processes;8891a972-d474-4ec7-a480-b61e3f0eddd5
;Intellectual Property Management;;;937b510f-cd18-4ad6-8292-48e4ad12a9ca
;;Develop a Comprehensive IP Strategy;;e831a5f8-54d1-414b-914d-5ffc8d1d2f17
;;;Identify key innovations for IP protection;1cd1e027-3b2c-468c-830e-c348c5138041
;;;Assess patentability of identified innovations;60ef2822-c004-4001-8f3a-7afb0c7f5786
;;;Define IP ownership and licensing strategy;a8d5a480-37e8-4f02-8bc1-0ee62dc6596a
;;;Document IP strategy and procedures;600a0310-9488-4e78-b044-d7e19434deab
;;File Patent Applications;;de911048-3b29-4552-8c00-024207dddeff
;;;Conduct prior art search;71b9638c-0c26-43f4-bb2d-585e90f9eecb
;;;Prepare patent application drafts;a36930b8-897a-4a43-9e5b-7215b2e6f871
;;;File provisional patent application;546723a6-6dfd-4bde-b94e-2e6a9c6092cf
;;;File non-provisional patent application;86c38bf2-6c2d-4ba5-aa1b-173374a2584b
;;;Respond to office actions;70e3832c-734a-4772-b0a1-4d4807389c1e
;;Establish Trade Secret Protection Procedures;;7ae1bc20-c6c5-4b60-a75d-e941e4866ffb
;;;Identify Confidential Information and Assets;459ddad2-1a23-42c7-b3d5-a2ddf3135443
;;;Implement Data Security Measures;abdfa153-1c83-4031-aa36-50cc3ba0758c
;;;Establish Employee Training and Awareness;fce871b6-558b-494c-b75e-a9683c31ee9c
;;;Monitor and Enforce Trade Secret Protection;348fad28-6ced-44b9-a51d-1b9d644f3e4d
;;Manage IP Rights in Collaborative Projects;;3fb74f3f-6c90-4f73-96b4-968eccf26c78
;;;Identify collaborative project IP;311a7485-82b7-48c5-9d97-bb028547900f
;;;Negotiate IP ownership agreements;2f7253ac-6cc3-4b6e-94a4-78c98296f947
;;;Define IP licensing terms;dc3a087f-f54b-4373-ad27-8ef81742e5fb
;;;Establish dispute resolution mechanism;49633593-8408-4351-891a-39eb6d428729
;Project Closure;;;58c80627-7629-4536-88aa-26c2a48e21c0
;;Final Project Review and Documentation;;680b8fde-57df-4eb0-9d38-92d617039f4e
;;;Gather all project documentation;c5987fb9-7839-4fc6-8133-bd395b33fba0
;;;Compile final project reports;26f3543d-dd3a-434e-a9d3-f31d8c3bea4c
;;;Conduct stakeholder interviews;af96803f-0c57-49f6-8a20-adbfad7a839c
;;;Prepare final presentation;931870a3-7494-4d9c-853e-0af3d8919b73
;;Knowledge Transfer and Training;;7cf4c125-c8a6-4e66-8930-68fa33200168
;;;Identify key personnel for training;3f5d2084-6065-45cf-8f1b-722f7d531bcc
;;;Develop training materials and curriculum;5bfdbca3-7e36-46bb-bcf7-27d2c99a4db7
;;;Conduct training sessions and workshops;ef7dcf63-5fec-4f31-a09c-dc8f02797926
;;;Evaluate training effectiveness and gather feedback;690ed9fc-7789-4497-bc10-ecc57f3a35e9
;;Finalize Financial Reporting;;1df42219-8953-4f6d-b8d9-0da72bb72415
;;;Reconcile all project financial records;abe3f34a-2034-4ee4-a922-e375705cef3d
;;;Obtain internal audit sign-off;efbbd24a-5b79-4c0a-b559-9119b046cc6f
;;;Process final payments to vendors;cfe934a1-903a-4c0f-a707-7c8ffd262f02
;;;Prepare final financial report;15236a08-885a-412e-a42b-6651672d186e
;;Project Sign-off and Closure;;328fafb3-f632-4866-8112-b914e041c174
;;;Verify all deliverables are accepted;dfcf3d56-86d0-4b61-a3a3-2c8e9b578750
;;;Confirm all invoices are paid;6d932c87-0ec4-4978-b4b9-c66b9be91b6d
;;;Obtain formal sign-off from stakeholders;61846d76-dfbf-4ebc-85f6-bafd930af10a
;;;Archive project documentation;0396f3d5-5c5f-4403-a092-2966ed481fae