Level 1;Level 2;Level 3;Level 4;Task ID
Threat Neutralization;;;;ef83fea9-4b58-4c65-bfb3-7d9352ddd45b
;Project Initiation & Planning;;;eacf2372-2419-4c3b-b331-71bc4995a181
;;Define Project Scope and Objectives;;b13dc2ff-578f-4c55-bb5b-e588142effd0
;;;Identify Project Goals and Objectives;cbe63405-7354-4cdf-972e-4f04676f2e8f
;;;Define Project Scope and Boundaries;b0431f7f-abc3-426b-9569-701cbf537b68
;;;Document Project Requirements;415820d8-3313-41f9-af8e-6f37a0169ace
;;;Obtain Stakeholder Alignment;1a30ffbd-4af8-4e2c-9631-71347451c2b0
;;Identify Key Stakeholders;;36b07042-8409-4db4-981f-453dfab77715
;;;Identify internal project stakeholders;014a8215-37e8-403f-a6b5-7a034df15a4c
;;;Identify external project stakeholders;e38ef2a3-5bb7-4ac7-a0df-f2218035e635
;;;Analyze stakeholder influence and impact;ae749d03-7e83-4b0b-8a52-a0f1d0c6aff1
;;;Document stakeholder communication preferences;86f573c8-3031-4de1-80d5-6c0ff5c8bed4
;;Develop Risk Assessment and Mitigation Strategies;;31bd8dab-8f2c-434d-aeca-b5be7158e204
;;;Identify potential risks and threats;a76bf647-2389-49c3-8f7f-7286ae35ada9
;;;Assess risk probability and impact;b8ae8d6a-2b5e-4078-a1c5-13c0fb73079d
;;;Develop mitigation strategies for risks;e1bbbf75-1394-4acd-9972-5f85bd944584
;;;Document risk assessment and mitigation;1c004f25-2096-4b58-84da-9f9ccd51766d
;;Establish Communication Plan;;33bafc07-1eed-439d-99d3-ae8f19ea152d
;;;Identify Stakeholder Communication Preferences;4b8ac0ea-f05e-4bb9-b952-7542a827f1de
;;;Define Communication Channels and Frequency;67a2a6a7-6eda-4d42-be43-6e7955eb3632
;;;Develop Communication Templates and Protocols;e951b111-504e-40ab-be60-c08669d187f7
;;;Establish Feedback Mechanisms and Review;8c80f1a7-0b8c-4c62-8699-a68ebeff1538
;;Secure Legal Counsel;;e166aee6-a5e1-439d-a638-a3d7b6c1a522
;;;Identify Legal Counsel Options;70124460-5c7b-47f3-900f-2c6588d6a0fc
;;;Initial Consultation and Vetting;1a900cba-8512-4ad6-81f2-b4dae9bcbe3d
;;;Negotiate and Finalize Agreement;fde9fafa-15d4-4a94-9bf3-76c167bc9bc6
;;;Establish Communication Protocols;5101be3c-7b0a-43e3-a642-fcc47212879d
;Resource Acquisition;;;bbe1a5df-efba-4153-a417-a83f75e677da
;;Determine Resource Requirements (Weapons, Transportation, etc.);;ce0e0ce2-ca19-49b6-aed3-56c50f4241e6
;;;Identify Weaponry Specifications;19a56a14-d0b1-4eba-ba30-e52f42a24500
;;;Assess Transportation Needs;6ab5d169-2de3-474c-b2de-744db18223ac
;;;Determine Personnel Requirements;3058c707-c403-409e-8d98-b5cd722613a5
;;;Evaluate Support Equipment Needs;ae472b9f-ffd1-4ce4-a4e1-8bbf7d22ed07
;;;Estimate Budget for Resources;0aad005a-6eba-4591-851b-3ad0da71a1c4
;;Identify Potential Resource Sources;;8a944cde-7338-4f1c-b56a-30bb4f5e3044
;;;Research potential weapons suppliers;419d7da2-8d7c-4db9-ab56-dd84195c06d3
;;;Identify transportation service providers;c50d3abf-ab34-4d2a-a8d4-84bead53f001
;;;Evaluate storage location options;9b661f87-f747-4467-a708-f7a588317df9
;;;Assess legality of sources and methods;921f6ae9-ced9-4fe6-a78c-f1a78e711774
;;Acquire Necessary Resources (Weapons, Transportation);;f3c387c4-f90e-4db0-a01e-45b4d8f51ba9
;;;Finalize weapon selection and specifications;93fc1a61-1493-4abe-b42d-baae9b5f9a6b
;;;Negotiate pricing and contracts with suppliers;52fbbd53-1c51-42a5-ab94-7de8356eb909
;;;Obtain necessary permits and licenses;a3186633-4ff5-4d8d-a4ba-95355a808411
;;;Coordinate transportation logistics;350091ee-eb47-43ea-8521-04b7cc2c6e72
;;;Verify weapon functionality and safety;4e922973-6ab9-4d96-abd1-656a4bad1b23
;;Secure Storage and Logistics;;28398bcd-5a10-480a-83fd-9058d6514219
;;;Identify potential storage locations;fad86ca5-641c-4539-beb4-60ea0a1bd8bb
;;;Assess security of storage options;46efea4e-20c4-465d-a206-063be0bb7f98
;;;Plan transportation to storage;9e8307b9-84fd-416e-9398-df60094e6608
;;;Establish inventory management system;73ed7a2a-5330-4376-ba42-0fb80418d65b
;Threat Verification;;;ebbf7b7b-b1c0-493f-b0a9-b22f5f1a2dbd
;;Gather Intelligence on Superintelligence;;d13e8140-518f-4311-8258-b1d13d7fb988
;;;Identify relevant intelligence sources;40ce0d39-5240-4866-a3c6-e4228abb0b03
;;;Establish secure communication channels;d27869a8-9f31-4ec8-be39-1a02eb7b335f
;;;Collect initial intelligence reports;32e7a84c-69ad-4ba9-b2fc-8ab9cc1aba82
;;;Verify source credibility and data accuracy;2e301840-9f1c-41a2-b9a3-89d46037dfad
;;Analyze Intelligence Data;;800d5ff2-db52-4362-9f04-bc1b71e4397f
;;;Clean and Preprocess Intelligence Data;aaefbc1b-4165-4a7f-8c5f-de3db0839744
;;;Identify Patterns and Anomalies;2a67c28d-81e9-40e1-8c3b-f9f44ea35b40
;;;Assess Superintelligence Capabilities;2aaa3257-e7cb-4c31-aece-20153c4032bd
;;;Document Analysis Findings and Insights;7ec60e32-f3e4-44df-85e2-79e005fd3a11
;;Consult with Experts (AI Safety, Cybersecurity);;079fac72-8f67-41a0-a67b-14ccddcc3f66
;;;Identify relevant AI safety experts;6212cb97-0584-430a-9a90-8d0bb08aee2b
;;;Contact AI safety experts;873ab46e-16ad-4d2a-a2ed-4e2965d88774
;;;Prepare consultation questions;7bd78367-dd4d-4bfd-a7e5-e68f39f56c00
;;;Conduct AI safety consultations;37afcbea-f77a-463d-913e-4754c55678c8
;;;Synthesize AI safety expert feedback;da8b6003-a4a2-4d4c-be09-3b93204207c8
;;Validate Threat Level and Capabilities;;088d73e7-38d8-46ed-8094-ed81ac840e46
;;;Identify Key Validation Criteria;69137cf1-ab96-4ff2-ae9d-92ecb56f013c
;;;Synthesize Expert Opinions;41439dc7-c25a-4dd6-b2d7-8f110806a44b
;;;Compare Intelligence with Validation Criteria;18089fa2-ddd0-4213-9d12-0748b5892d1c
;;;Document Validation Findings;68909e38-22a4-4369-8c46-771029970e8d
;Engagement Planning;;;0a398213-8912-4281-a920-1bbb10210cd4
;;Develop Engagement Methodology (Direct Assault);;8663aac1-b9d4-4a61-b103-291b93516d45
;;;Research direct assault tactics;39fe933e-1cc8-4e50-ac44-21d572417d6b
;;;Simulate assault scenarios;3e1aa09f-a5d5-4810-9cef-237cfeb934c2
;;;Assess weaponry effectiveness;12d54bf6-1c0f-4318-98ec-212bb8c877f9
;;;Develop assault plan;2d665846-2b19-4701-9696-f69a7226c702
;;Determine Engagement Modality (Weaponry);;35ca8987-25fd-400b-975a-d5d955480e44
;;;Research weapon system specifications;01fbed42-574b-4aa9-b3ff-73b85c7e1fca
;;;Evaluate weapon availability and cost;aad2d9ed-9a2f-4838-978b-2d9eea2c428e
;;;Assess weapon modification options;ed284e85-a012-4a6f-85df-7976d2292b46
;;;Select primary and backup weaponry;91e90d3e-0ab2-49ff-9f6e-a205641a7c53
;;Develop Collateral Damage Mitigation Plan;;0c754f1a-adff-47b4-b6d5-f76b6fb3eac1
;;;Identify potential civilian presence zones;8e8ed0fa-8e0b-43ac-afb0-e5e186be44d4
;;;Assess superintelligence defensive capabilities;fa35df41-a847-40ce-8012-20d321e79748
;;;Establish strict rules of engagement;35fcc643-6a55-43f1-b920-afc50b444e9a
;;;Develop multiple engagement scenarios;d4f51a8e-9054-4c19-b1a3-68e90f369ee2
;;;Plan evacuation routes and safe zones;05ef0bcc-adb1-4dd6-bf32-ecea553c3fc0
;;Establish Contingency Planning Framework;;23c4893b-5b0e-4926-a070-fee57cc88e57
;;;Identify potential failure scenarios;c666118f-fddc-4e92-b8d7-a2aeeba09e07
;;;Develop alternative engagement strategies;b7281c43-f80b-4bee-a93f-236df993a551
;;;Establish emergency communication protocols;560b9b48-166f-4ee0-9f40-658f6ed2e861
;;;Assess resource needs for each strategy;6c2e9b3c-7a5b-43cc-bb46-83df2c82d66c
;Mission Execution;;;519c41b3-0534-4bb8-af73-4d9d187da3f4
;;Deploy Team to Engagement Location;;787af7f9-0804-4728-a3ac-196d8b0f2756
;;;Prepare for potential resistance;717d30fe-159d-444a-89c0-6bb018ed7585
;;;Secure transportation to location;946f32ed-de5f-480c-ac3e-a73987ed440c
;;;Brief team on engagement plan;a8799d07-e933-4510-a5f6-6d44af346111
;;;Verify equipment functionality;b97d9ddf-3814-4845-90ab-6a7977831c93
;;Engage Superintelligence;;3e188981-00f6-470a-9e6e-8aa6706847b4
;;;Identify Superintelligence Weak Points;28d82543-2cc8-4833-bbbd-aae173ec6070
;;;Prepare Weaponry for Engagement;9828e92e-8b21-4fbc-a515-b37cf880f772
;;;Breach Superintelligence Defenses;0d0c3b03-107e-43b1-85ce-cae824d09da0
;;;Maintain Situational Awareness;acce2275-2564-4735-8ff3-9e03d0e2fe61
;;Neutralize Superintelligence;;4f7cd9d2-4f90-4a5e-a228-a5529ecb18f9
;;;Assess Superintelligence Vulnerabilities;36028e4f-b509-4a79-b738-98a1bf13eb75
;;;Execute Primary Neutralization Protocol;83a15347-3d12-404b-8f6e-7100e3959fb5
;;;Monitor Neutralization Progress;a4ccf1a7-e45e-473e-9601-edc475031d09
;;;Verify Complete Neutralization;f8406131-56f3-4b87-8a02-792cf5f851f8
;;Implement Contingency Plans (If Necessary);;cfaa613c-e14a-4530-b3f7-4fb0d776082f
;;;Assess neutralization impact on environment;52fa4e83-4ea5-4345-9a47-ddf27607d2a5
;;;Monitor for unexpected system behavior;4563e0ea-7707-4e22-a075-40d3b4636012
;;;Communicate with relevant authorities;3a24e426-29cd-4630-b3e5-0da4ac8e7e92
;;;Evaluate long-term societal effects;987e1310-123d-46ce-9a4b-121a45ad1cec
;Post-Neutralization Activities;;;4cc12a67-b99d-4ea9-b47d-d03081eae9f3
;;Secure the Site;;3017307c-f70e-4db2-beab-2c5dbdfaf7a6
;;;Assess site for hazards and risks;165e3231-3e83-43e8-b82b-393acb8f8acc
;;;Establish perimeter security measures;285f16e9-2fd3-4436-99c9-b36ceb729e30
;;;Clear and control access points;a7d3a703-9c57-44c8-8e8f-ec0c5e4b9bb1
;;;Coordinate with local authorities;abd8eed7-7c91-4f94-8b66-7504274b9931
;;Destroy Remaining Data and Technology;;369728e5-393a-4423-8f6d-dc20f69def5a
;;;Identify Data Storage Locations;3c03a9c9-1e32-4fbd-8c9e-e2b3725c1415
;;;Erase Digital Data Remnants;57fe7b93-5688-43cd-87a7-b1a6a7c215cd
;;;Destroy Physical Hardware;a936f693-7ad7-4730-bc6e-896064738de6
;;;Verify Data Destruction Completion;750305cd-a555-4d39-a671-1b399f38e3ef
;;Implement Post-Neutralization Protocol;;cb244f46-4f38-43a8-a82f-cbd203f06466
;;;Assess consequences of neutralization;a3176bd9-de41-4b7f-bcef-fdb124d95139
;;;Develop post-neutralization strategies;f6e96af0-2183-4d65-b46e-3cf4d35f37db
;;;Establish monitoring and response systems;2e0b5031-3bde-4b78-bdfa-f64db779f72b
;;;Prepare public communication strategy;cbd07bb3-13f2-409d-81d5-256fec51e3de
;;Manage Public Disclosure (If Applicable);;09effa99-37f9-4a8d-8c0d-e847d4f9cb29
;;;Develop key messaging points;54542405-4515-49ed-9997-7048a42407e7
;;;Identify target audiences;3712e405-d741-4940-9dc2-dae44195cfc6
;;;Establish communication channels;107ddd67-77fc-4170-b839-b8ce6ef39bd6
;;;Prepare Q&A document;e43ec497-65d6-4b64-b719-f2faac5bb4d1
;;;Coordinate with authorities;00cef06c-032e-4098-a295-36183eb92e54