project_key,project_name,project_description,project_start_date,project_end_date,project_progress,project_parent,originating_department
ef83fea9-4b58-4c65-bfb3-7d9352ddd45b,Threat Neutralization,"Threat Neutralization

Final deliverable:
Superintelligence Elimination",10/28/2025,5/2/2026,0,,PlanExe
eacf2372-2419-4c3b-b331-71bc4995a181,Project Initiation & Planning,,10/28/2025,11/25/2025,0,ef83fea9-4b58-4c65-bfb3-7d9352ddd45b,PlanExe
b13dc2ff-578f-4c55-bb5b-e588142effd0,Define Project Scope and Objectives,,10/28/2025,11/1/2025,0,eacf2372-2419-4c3b-b331-71bc4995a181,PlanExe
cbe63405-7354-4cdf-972e-4f04676f2e8f,Identify Project Goals and Objectives,"Identify Project Goals and Objectives

Description:
Clearly define the overarching goals of neutralizing the superintelligence, including specific, measurable, achievable, relevant, and time-bound (SMART) objectives. This involves understanding the desired outcome and the criteria for success.

Resources needed:
• Team Leader
• Intelligence Gatherer
• Tactical Coordinator",10/28/2025,10/29/2025,0,b13dc2ff-578f-4c55-bb5b-e588142effd0,PlanExe
b0431f7f-abc3-426b-9569-701cbf537b68,Define Project Scope and Boundaries,"Define Project Scope and Boundaries

Description:
Establish the boundaries of the project, including what is within scope (e.g., direct engagement) and what is out of scope (e.g., long-term societal impact). This helps to focus efforts and manage expectations.

Resources needed:
• Team Leader
• Ethical and Consequence Analyst
• Legal and Regulatory Advisor",10/29/2025,10/30/2025,0,cbe63405-7354-4cdf-972e-4f04676f2e8f,PlanExe
415820d8-3313-41f9-af8e-6f37a0169ace,Document Project Requirements,"Document Project Requirements

Description:
Create a detailed list of requirements necessary to achieve the project goals, including resource needs, legal considerations, ethical guidelines, and security protocols. This serves as a roadmap for the project.

Resources needed:
• Team Leader
• Weapons Specialist
• Logistics and Resource Manager",10/30/2025,10/31/2025,0,b0431f7f-abc3-426b-9569-701cbf537b68,PlanExe
1a30ffbd-4af8-4e2c-9631-71347451c2b0,Obtain Stakeholder Alignment,"Obtain Stakeholder Alignment

Description:
Ensure that all key stakeholders (team members, legal counsel, etc.) are in agreement on the project goals, scope, and requirements. This minimizes conflicts and ensures a unified approach.

Resources needed:
• Team Leader
• All Team Members
• Legal and Regulatory Advisor",10/31/2025,11/1/2025,0,b13dc2ff-578f-4c55-bb5b-e588142effd0,PlanExe
36b07042-8409-4db4-981f-453dfab77715,Identify Key Stakeholders,,11/1/2025,11/5/2025,0,b13dc2ff-578f-4c55-bb5b-e588142effd0,PlanExe
014a8215-37e8-403f-a6b5-7a034df15a4c,Identify internal project stakeholders,"Identify internal project stakeholders

Description:
Identify all internal team members and departments involved in the project. Determine their roles, responsibilities, and level of influence.

Resources needed:
• Project Manager
• Team Leads",11/1/2025,11/2/2025,0,36b07042-8409-4db4-981f-453dfab77715,PlanExe
e38ef2a3-5bb7-4ac7-a0df-f2218035e635,Identify external project stakeholders,"Identify external project stakeholders

Description:
Identify external entities impacted by the project, including suppliers, local authorities, and the global population. Assess their interests and potential concerns.

Resources needed:
• Project Manager
• Intelligence Gatherer
• Legal Counsel",11/2/2025,11/3/2025,0,014a8215-37e8-403f-a6b5-7a034df15a4c,PlanExe
ae749d03-7e83-4b0b-8a52-a0f1d0c6aff1,Analyze stakeholder influence and impact,"Analyze stakeholder influence and impact

Description:
Evaluate the level of influence and potential impact of each stakeholder on the project's success. Prioritize stakeholders based on their importance.

Resources needed:
• Project Manager
• Risk Assessment Specialist",11/3/2025,11/4/2025,0,e38ef2a3-5bb7-4ac7-a0df-f2218035e635,PlanExe
86f573c8-3031-4de1-80d5-6c0ff5c8bed4,Document stakeholder communication preferences,"Document stakeholder communication preferences

Description:
Determine the preferred communication methods, frequency, and level of detail for each stakeholder. Tailor communication strategies to meet their needs.

Resources needed:
• Project Manager
• Communication Specialist",11/4/2025,11/5/2025,0,36b07042-8409-4db4-981f-453dfab77715,PlanExe
31bd8dab-8f2c-434d-aeca-b5be7158e204,Develop Risk Assessment and Mitigation Strategies,,11/5/2025,11/13/2025,0,36b07042-8409-4db4-981f-453dfab77715,PlanExe
a76bf647-2389-49c3-8f7f-7286ae35ada9,Identify potential risks and threats,"Identify potential risks and threats

Description:
Objective: Identify all potential risks and threats that could impact the project.
Scope: This includes internal risks (e.g., resource constraints, technical challenges) and external risks (e.g., legal issues, security breaches).
Steps: Conduct brainstorming sessions, review historical data, consult with experts.
Deliverables: A comprehensive list of potential risks and threats.

Resources needed:
• Risk assessment specialist
• Project team members
• Legal counsel",11/5/2025,11/7/2025,0,31bd8dab-8f2c-434d-aeca-b5be7158e204,PlanExe
b8ae8d6a-2b5e-4078-a1c5-13c0fb73079d,Assess risk probability and impact,"Assess risk probability and impact

Description:
Objective: Evaluate the likelihood and potential impact of each identified risk.
Scope: This involves quantifying the probability of occurrence and the severity of the consequences.
Steps: Use risk assessment matrices, conduct simulations, gather expert opinions.
Deliverables: A prioritized list of risks based on their probability and impact.

Resources needed:
• Risk assessment specialist
• Data analyst
• Subject matter experts",11/7/2025,11/9/2025,0,a76bf647-2389-49c3-8f7f-7286ae35ada9,PlanExe
e1bbbf75-1394-4acd-9972-5f85bd944584,Develop mitigation strategies for risks,"Develop mitigation strategies for risks

Description:
Objective: Create specific plans to reduce the probability or impact of high-priority risks.
Scope: This includes preventive measures, contingency plans, and risk transfer strategies.
Steps: Brainstorm mitigation options, evaluate their feasibility and cost-effectiveness, document detailed plans.
Deliverables: A set of mitigation strategies for each high-priority risk.

Resources needed:
• Risk assessment specialist
• Project team members
• Subject matter experts",11/9/2025,11/11/2025,0,b8ae8d6a-2b5e-4078-a1c5-13c0fb73079d,PlanExe
1c004f25-2096-4b58-84da-9f9ccd51766d,Document risk assessment and mitigation,"Document risk assessment and mitigation

Description:
Objective: Create a comprehensive risk register that documents all identified risks, their assessments, and mitigation strategies.
Scope: This document will serve as a central repository for risk-related information.
Steps: Compile all risk-related data, organize it into a structured format, review and validate the document.
Deliverables: A complete and accurate risk register.

Resources needed:
• Risk assessment specialist
• Project manager
• Document control specialist",11/11/2025,11/13/2025,0,31bd8dab-8f2c-434d-aeca-b5be7158e204,PlanExe
33bafc07-1eed-439d-99d3-ae8f19ea152d,Establish Communication Plan,,11/13/2025,11/17/2025,0,31bd8dab-8f2c-434d-aeca-b5be7158e204,PlanExe
4b8ac0ea-f05e-4bb9-b952-7542a827f1de,Identify Stakeholder Communication Preferences,"Identify Stakeholder Communication Preferences

Description:
Objective: Determine the preferred communication methods and frequency for each stakeholder.
Scope: Includes all primary and secondary stakeholders identified in the stakeholder analysis.
Steps: Conduct interviews, surveys, and review existing communication records.
Deliverables: A documented list of communication preferences for each stakeholder.

Resources needed:
• Communication Specialist
• Stakeholder Analysis Document",11/13/2025,11/14/2025,0,33bafc07-1eed-439d-99d3-ae8f19ea152d,PlanExe
67a2a6a7-6eda-4d42-be43-6e7955eb3632,Define Communication Channels and Frequency,"Define Communication Channels and Frequency

Description:
Objective: Establish the appropriate communication channels (e.g., email, meetings, reports) and frequency for different types of information.
Scope: Covers all project-related communication, including progress updates, risk assessments, and decision-making.
Steps: Analyze information needs, select appropriate channels, and define communication frequency.
Deliverables: A communication matrix outlining channels, frequency, and responsible parties for each type of communication.

Resources needed:
• Communication Specialist
• Project Manager
• Stakeholder Analysis Document",11/14/2025,11/15/2025,0,4b8ac0ea-f05e-4bb9-b952-7542a827f1de,PlanExe
e951b111-504e-40ab-be60-c08669d187f7,Develop Communication Templates and Protocols,"Develop Communication Templates and Protocols

Description:
Objective: Create standardized templates and protocols for consistent and effective communication.
Scope: Includes templates for progress reports, meeting agendas, risk assessments, and other key communications.
Steps: Design templates, define communication protocols, and obtain stakeholder feedback.
Deliverables: A set of communication templates and protocols.

Resources needed:
• Communication Specialist
• Technical Writer",11/15/2025,11/16/2025,0,67a2a6a7-6eda-4d42-be43-6e7955eb3632,PlanExe
8c80f1a7-0b8c-4c62-8699-a68ebeff1538,Establish Feedback Mechanisms and Review,"Establish Feedback Mechanisms and Review

Description:
Objective: Implement mechanisms for stakeholders to provide feedback on the effectiveness of the communication plan and make necessary adjustments.
Scope: Covers all aspects of the communication plan, including channels, frequency, and content.
Steps: Establish feedback channels, collect feedback, analyze results, and revise the communication plan as needed.
Deliverables: A documented feedback process and updated communication plan.

Resources needed:
• Communication Specialist
• Project Manager",11/16/2025,11/17/2025,0,33bafc07-1eed-439d-99d3-ae8f19ea152d,PlanExe
e166aee6-a5e1-439d-a638-a3d7b6c1a522,Secure Legal Counsel,,11/17/2025,11/25/2025,0,eacf2372-2419-4c3b-b331-71bc4995a181,PlanExe
70124460-5c7b-47f3-900f-2c6588d6a0fc,Identify Legal Counsel Options,"Identify Legal Counsel Options

Description:
Research and identify potential legal counsel specializing in weapons regulations, international law, and relevant areas. Consider expertise, experience, and availability.

Resources needed:
• Internet access
• Legal directories
• Project Manager",11/17/2025,11/19/2025,0,e166aee6-a5e1-439d-a638-a3d7b6c1a522,PlanExe
1a900cba-8512-4ad6-81f2-b4dae9bcbe3d,Initial Consultation and Vetting,"Initial Consultation and Vetting

Description:
Schedule initial consultations with identified legal counsel options. Discuss project details, assess their understanding of the legal landscape, and evaluate their suitability for the project.

Resources needed:
• Project Manager
• Legal Counsel
• Communication tools",11/19/2025,11/21/2025,0,70124460-5c7b-47f3-900f-2c6588d6a0fc,PlanExe
fde9fafa-15d4-4a94-9bf3-76c167bc9bc6,Negotiate and Finalize Agreement,"Negotiate and Finalize Agreement

Description:
Negotiate terms of engagement, including fees, scope of services, and confidentiality agreements. Finalize the agreement with the selected legal counsel.

Resources needed:
• Project Manager
• Legal Counsel
• Contract templates",11/21/2025,11/23/2025,0,1a900cba-8512-4ad6-81f2-b4dae9bcbe3d,PlanExe
5101be3c-7b0a-43e3-a642-fcc47212879d,Establish Communication Protocols,"Establish Communication Protocols

Description:
Establish clear communication channels and protocols with legal counsel. Define reporting frequency, escalation procedures, and methods for sharing sensitive information.

Resources needed:
• Project Manager
• Legal Counsel
• Communication tools
• Security protocols",11/23/2025,11/25/2025,0,e166aee6-a5e1-439d-a638-a3d7b6c1a522,PlanExe
bbe1a5df-efba-4153-a417-a83f75e677da,Resource Acquisition,,11/25/2025,1/31/2026,0,eacf2372-2419-4c3b-b331-71bc4995a181,PlanExe
ce0e0ce2-ca19-49b6-aed3-56c50f4241e6,"Determine Resource Requirements (Weapons, Transportation, etc.)",,11/25/2025,11/30/2025,0,bbe1a5df-efba-4153-a417-a83f75e677da,PlanExe
19a56a14-d0b1-4eba-ba30-e52f42a24500,Identify Weaponry Specifications,"Identify Weaponry Specifications

Description:
Determine the precise specifications for weapons needed to neutralize the superintelligence, considering its defenses and vulnerabilities. This includes range, power, accuracy, and any special features required.

Resources needed:
• Weapons Specialist
• Intelligence Gatherer
• Tactical Coordinator",11/25/2025,11/26/2025,0,ce0e0ce2-ca19-49b6-aed3-56c50f4241e6,PlanExe
6ab5d169-2de3-474c-b2de-744db18223ac,Assess Transportation Needs,"Assess Transportation Needs

Description:
Evaluate the transportation requirements for moving weapons and personnel to the engagement location. This includes mode of transport, security measures, and logistical considerations.

Resources needed:
• Logistics and Resource Manager
• Tactical Coordinator
• Security Personnel",11/26/2025,11/27/2025,0,19a56a14-d0b1-4eba-ba30-e52f42a24500,PlanExe
3058c707-c403-409e-8d98-b5cd722613a5,Determine Personnel Requirements,"Determine Personnel Requirements

Description:
Identify the number and type of personnel required for the mission, including specialists in weapons handling, security, intelligence, and tactical operations.  Consider backup personnel and their roles.

Resources needed:
• Team Leader
• Tactical Coordinator
• Human Resources (if applicable)",11/27/2025,11/28/2025,0,6ab5d169-2de3-474c-b2de-744db18223ac,PlanExe
ae472b9f-ffd1-4ce4-a4e1-8bbf7d22ed07,Evaluate Support Equipment Needs,"Evaluate Support Equipment Needs

Description:
Assess the need for support equipment such as communication devices, medical supplies, protective gear, and tools for breaching or disabling security systems.  Consider power requirements and maintenance.

Resources needed:
• Logistics and Resource Manager
• Tactical Coordinator
• Weapons Specialist",11/28/2025,11/29/2025,0,3058c707-c403-409e-8d98-b5cd722613a5,PlanExe
0aad005a-6eba-4591-851b-3ad0da71a1c4,Estimate Budget for Resources,"Estimate Budget for Resources

Description:
Develop a detailed budget for all required resources, including weapons, transportation, personnel, and support equipment.  Factor in potential cost overruns and contingency funds.

Resources needed:
• Logistics and Resource Manager
• Team Leader
• Financial Advisor (if applicable)",11/29/2025,11/30/2025,0,ce0e0ce2-ca19-49b6-aed3-56c50f4241e6,PlanExe
8a944cde-7338-4f1c-b56a-30bb4f5e3044,Identify Potential Resource Sources,,11/30/2025,12/16/2025,0,ce0e0ce2-ca19-49b6-aed3-56c50f4241e6,PlanExe
419d7da2-8d7c-4db9-ab56-dd84195c06d3,Research potential weapons suppliers,"Research potential weapons suppliers

Description:
Identify and research potential suppliers of weapons, considering factors such as legality, reliability, and cost-effectiveness. This includes online research, contacting arms dealers, and consulting with legal experts.

Resources needed:
• Intelligence Gatherer
• Weapons Specialist
• Legal Counsel",11/30/2025,12/4/2025,0,8a944cde-7338-4f1c-b56a-30bb4f5e3044,PlanExe
c50d3abf-ab34-4d2a-a8d4-84bead53f001,Identify transportation service providers,"Identify transportation service providers

Description:
Research and identify potential transportation service providers capable of securely and discreetly transporting weapons and other resources to the designated location. Consider factors such as cost, security, and logistical capabilities.

Resources needed:
• Logistics and Resource Manager
• Transportation Specialist",12/4/2025,12/8/2025,0,419d7da2-8d7c-4db9-ab56-dd84195c06d3,PlanExe
9b661f87-f747-4467-a708-f7a588317df9,Evaluate storage location options,"Evaluate storage location options

Description:
Identify and evaluate potential storage locations for weapons and other resources, considering factors such as security, accessibility, and cost. This includes researching storage facilities, conducting site visits, and assessing security measures.

Resources needed:
• Logistics and Resource Manager
• Security Specialist",12/8/2025,12/12/2025,0,c50d3abf-ab34-4d2a-a8d4-84bead53f001,PlanExe
921f6ae9-ced9-4fe6-a78c-f1a78e711774,Assess legality of sources and methods,"Assess legality of sources and methods

Description:
Consult with legal counsel to assess the legality of acquiring resources from identified sources and using proposed transportation and storage methods. Ensure compliance with all applicable laws and regulations.

Resources needed:
• Legal Counsel
• Team Leader",12/12/2025,12/16/2025,0,8a944cde-7338-4f1c-b56a-30bb4f5e3044,PlanExe
f3c387c4-f90e-4db0-a01e-45b4d8f51ba9,"Acquire Necessary Resources (Weapons, Transportation)",,12/16/2025,1/15/2026,0,8a944cde-7338-4f1c-b56a-30bb4f5e3044,PlanExe
93fc1a61-1493-4abe-b42d-baae9b5f9a6b,Finalize weapon selection and specifications,"Finalize weapon selection and specifications

Description:
Confirm the exact models, quantities, and specifications of all weapons to be acquired. This includes ammunition types, modifications, and any necessary accessories. Ensure alignment with the engagement plan and budget.

Resources needed:
• Weapons Specialist
• Tactical Coordinator
• Budget Analyst",12/16/2025,12/22/2025,0,f3c387c4-f90e-4db0-a01e-45b4d8f51ba9,PlanExe
52fbbd53-1c51-42a5-ab94-7de8356eb909,Negotiate pricing and contracts with suppliers,"Negotiate pricing and contracts with suppliers

Description:
Obtain quotes from multiple suppliers for the selected weapons and transportation services. Negotiate favorable pricing and contract terms, including payment schedules, delivery timelines, and warranty provisions. Ensure compliance with legal and ethical standards.

Resources needed:
• Logistics and Resource Manager
• Legal and Regulatory Advisor
• Procurement Specialist",12/22/2025,12/28/2025,0,93fc1a61-1493-4abe-b42d-baae9b5f9a6b,PlanExe
a3186633-4ff5-4d8d-a4ba-95355a808411,Obtain necessary permits and licenses,"Obtain necessary permits and licenses

Description:
Identify and obtain all required permits and licenses for weapon acquisition, transportation, and storage. This includes federal, state, and local regulations. Work closely with legal counsel to ensure compliance and avoid potential legal issues.

Resources needed:
• Legal and Regulatory Advisor
• Logistics and Resource Manager",12/28/2025,1/3/2026,0,52fbbd53-1c51-42a5-ab94-7de8356eb909,PlanExe
350091ee-eb47-43ea-8521-04b7cc2c6e72,Coordinate transportation logistics,"Coordinate transportation logistics

Description:
Plan and coordinate the transportation of weapons and resources to the designated storage location. This includes selecting a secure transportation method, obtaining necessary permits, and arranging for secure storage upon arrival. Consider potential risks and develop contingency plans.

Resources needed:
• Logistics and Resource Manager
• Transportation Specialist
• Security Personnel",1/3/2026,1/9/2026,0,a3186633-4ff5-4d8d-a4ba-95355a808411,PlanExe
4e922973-6ab9-4d96-abd1-656a4bad1b23,Verify weapon functionality and safety,"Verify weapon functionality and safety

Description:
Upon receipt of the weapons, conduct a thorough inspection to verify functionality, safety, and compliance with specifications. This includes test firing, safety checks, and inventory reconciliation. Document all findings and address any discrepancies immediately.

Resources needed:
• Weapons Specialist
• Ballistics Expert
• Quality Control Inspector",1/9/2026,1/15/2026,0,f3c387c4-f90e-4db0-a01e-45b4d8f51ba9,PlanExe
28398bcd-5a10-480a-83fd-9058d6514219,Secure Storage and Logistics,,1/15/2026,1/31/2026,0,bbe1a5df-efba-4153-a417-a83f75e677da,PlanExe
fad86ca5-641c-4539-beb4-60ea0a1bd8bb,Identify potential storage locations,"Identify potential storage locations

Description:
Objective: Find suitable storage locations for acquired resources.
Scope: Identify and evaluate potential storage sites based on security, accessibility, and cost.
Steps: Research available storage options, conduct site visits, and assess security measures.
Deliverables: List of potential storage locations with detailed assessments.

Resources needed:
• Logistics and Resource Manager
• Security Expert
• Transportation Specialist",1/15/2026,1/19/2026,0,28398bcd-5a10-480a-83fd-9058d6514219,PlanExe
46efea4e-20c4-465d-a206-063be0bb7f98,Assess security of storage options,"Assess security of storage options

Description:
Objective: Evaluate the security of potential storage locations.
Scope: Assess physical and digital security measures, identify vulnerabilities, and recommend improvements.
Steps: Conduct security audits, review security protocols, and assess access control measures.
Deliverables: Security assessment report for each potential storage location.

Resources needed:
• Security Expert
• Intelligence Gatherer",1/19/2026,1/23/2026,0,fad86ca5-641c-4539-beb4-60ea0a1bd8bb,PlanExe
9e8307b9-84fd-416e-9398-df60094e6608,Plan transportation to storage,"Plan transportation to storage

Description:
Objective: Develop a secure transportation plan for resources.
Scope: Plan transportation routes, select transportation methods, and implement security measures.
Steps: Identify transportation options, assess security risks, and coordinate logistics.
Deliverables: Detailed transportation plan with security protocols.

Resources needed:
• Transportation Specialist
• Logistics and Resource Manager
• Security Expert",1/23/2026,1/27/2026,0,46efea4e-20c4-465d-a206-063be0bb7f98,PlanExe
73ed7a2a-5330-4376-ba42-0fb80418d65b,Establish inventory management system,"Establish inventory management system

Description:
Objective: Implement a system for tracking and managing resources in storage.
Scope: Develop an inventory management system, track resource movements, and ensure accountability.
Steps: Select inventory management software, train personnel, and implement tracking procedures.
Deliverables: Operational inventory management system.

Resources needed:
• Logistics and Resource Manager
• IT Specialist",1/27/2026,1/31/2026,0,28398bcd-5a10-480a-83fd-9058d6514219,PlanExe
ebbf7b7b-b1c0-493f-b0a9-b22f5f1a2dbd,Threat Verification,,1/31/2026,3/5/2026,0,bbe1a5df-efba-4153-a417-a83f75e677da,PlanExe
d13e8140-518f-4311-8258-b1d13d7fb988,Gather Intelligence on Superintelligence,,1/31/2026,2/12/2026,0,ebbf7b7b-b1c0-493f-b0a9-b22f5f1a2dbd,PlanExe
40ce0d39-5240-4866-a3c6-e4228abb0b03,Identify relevant intelligence sources,"Identify relevant intelligence sources

Description:
Determine which sources are most likely to possess accurate and up-to-date information on the superintelligence. This includes identifying potential human sources, technical databases, and open-source intelligence (OSINT) resources.

Resources needed:
• Intelligence Analyst
• OSINT Specialist",1/31/2026,2/3/2026,0,d13e8140-518f-4311-8258-b1d13d7fb988,PlanExe
d27869a8-9f31-4ec8-be39-1a02eb7b335f,Establish secure communication channels,"Establish secure communication channels

Description:
Set up encrypted and secure communication channels with identified intelligence sources to protect sensitive information and maintain operational security. This includes implementing secure messaging apps, VPNs, and other security protocols.

Resources needed:
• Cybersecurity Expert
• Communication Specialist",2/3/2026,2/6/2026,0,40ce0d39-5240-4866-a3c6-e4228abb0b03,PlanExe
32e7a84c-69ad-4ba9-b2fc-8ab9cc1aba82,Collect initial intelligence reports,"Collect initial intelligence reports

Description:
Gather initial intelligence reports from identified sources, focusing on the superintelligence's location, capabilities, intentions, and potential vulnerabilities. This includes requesting specific information and conducting targeted interviews.

Resources needed:
• Intelligence Analyst
• Source Handler",2/6/2026,2/9/2026,0,d27869a8-9f31-4ec8-be39-1a02eb7b335f,PlanExe
2e301840-9f1c-41a2-b9a3-89d46037dfad,Verify source credibility and data accuracy,"Verify source credibility and data accuracy

Description:
Assess the credibility of each intelligence source and verify the accuracy of the collected data through cross-referencing, independent verification, and expert analysis. This includes identifying potential biases and misinformation.

Resources needed:
• Intelligence Analyst
• Data Scientist",2/9/2026,2/12/2026,0,d13e8140-518f-4311-8258-b1d13d7fb988,PlanExe
800d5ff2-db52-4362-9f04-bc1b71e4397f,Analyze Intelligence Data,,2/12/2026,2/20/2026,0,d13e8140-518f-4311-8258-b1d13d7fb988,PlanExe
aaefbc1b-4165-4a7f-8c5f-de3db0839744,Clean and Preprocess Intelligence Data,"Clean and Preprocess Intelligence Data

Description:
Objective: Prepare the raw intelligence data for analysis by removing noise, inconsistencies, and irrelevant information.
Scope: Includes data cleaning, normalization, and transformation.
Steps: 1. Identify and remove duplicate entries. 2. Correct errors and inconsistencies in the data. 3. Convert data to a standardized format. 4. Filter out irrelevant information.
Deliverables: Cleaned and preprocessed intelligence data.

Resources needed:
• Data Analyst
• Data Cleaning Tools
• Data Preprocessing Software",2/12/2026,2/14/2026,0,800d5ff2-db52-4362-9f04-bc1b71e4397f,PlanExe
2a67c28d-81e9-40e1-8c3b-f9f44ea35b40,Identify Patterns and Anomalies,"Identify Patterns and Anomalies

Description:
Objective: Discover significant patterns, trends, and anomalies within the intelligence data that may indicate the superintelligence's activities or vulnerabilities.
Scope: Includes statistical analysis, machine learning, and data visualization.
Steps: 1. Apply statistical methods to identify trends. 2. Use machine learning algorithms to detect anomalies. 3. Visualize data to identify patterns. 4. Document findings.
Deliverables: Report on identified patterns and anomalies.

Resources needed:
• Data Scientist
• Statistical Analysis Software
• Machine Learning Tools
• Data Visualization Software",2/14/2026,2/16/2026,0,aaefbc1b-4165-4a7f-8c5f-de3db0839744,PlanExe
2aaa3257-e7cb-4c31-aece-20153c4032bd,Assess Superintelligence Capabilities,"Assess Superintelligence Capabilities

Description:
Objective: Evaluate the superintelligence's capabilities based on the analyzed intelligence data, including its strengths, weaknesses, and potential threats.
Scope: Includes capability assessment, threat modeling, and vulnerability analysis.
Steps: 1. Analyze the superintelligence's known capabilities. 2. Model potential threats based on capabilities. 3. Identify vulnerabilities in the superintelligence's systems. 4. Document findings.
Deliverables: Superintelligence capability assessment report.

Resources needed:
• AI Specialist
• Cybersecurity Expert
• Threat Modeling Tools",2/16/2026,2/18/2026,0,2a67c28d-81e9-40e1-8c3b-f9f44ea35b40,PlanExe
7ec60e32-f3e4-44df-85e2-79e005fd3a11,Document Analysis Findings and Insights,"Document Analysis Findings and Insights

Description:
Objective: Compile a comprehensive report summarizing the analysis findings, insights, and recommendations for further action.
Scope: Includes report writing, documentation, and presentation.
Steps: 1. Summarize key findings. 2. Document insights and recommendations. 3. Prepare a presentation for stakeholders. 4. Review and finalize the report.
Deliverables: Final analysis report and presentation.

Resources needed:
• Technical Writer
• Project Manager
• Presentation Software",2/18/2026,2/20/2026,0,800d5ff2-db52-4362-9f04-bc1b71e4397f,PlanExe
079fac72-8f67-41a0-a67b-14ccddcc3f66,"Consult with Experts (AI Safety, Cybersecurity)",,2/20/2026,2/25/2026,0,800d5ff2-db52-4362-9f04-bc1b71e4397f,PlanExe
6212cb97-0584-430a-9a90-8d0bb08aee2b,Identify relevant AI safety experts,"Identify relevant AI safety experts

Description:
Objective: Identify and list AI safety experts with relevant expertise.
Scope: Focus on experts with experience in superintelligence risks and mitigation.
Steps: Search academic databases, industry networks, and online communities.
Deliverables: A list of potential AI safety experts with contact information and areas of expertise.

Resources needed:
• Intelligence Gatherer
• Internet access
• Database access",2/20/2026,2/21/2026,0,079fac72-8f67-41a0-a67b-14ccddcc3f66,PlanExe
873ab46e-16ad-4d2a-a2ed-4e2965d88774,Contact AI safety experts,"Contact AI safety experts

Description:
Objective: Reach out to identified AI safety experts to schedule consultations.
Scope: Initial contact to gauge availability and willingness to participate.
Steps: Draft a professional email outlining the project and consultation request. Send emails and follow up as needed.
Deliverables: Scheduled consultation appointments with AI safety experts.

Resources needed:
• Intelligence Gatherer
• Communication Specialist
• Email access",2/21/2026,2/22/2026,0,6212cb97-0584-430a-9a90-8d0bb08aee2b,PlanExe
7bd78367-dd4d-4bfd-a7e5-e68f39f56c00,Prepare consultation questions,"Prepare consultation questions

Description:
Objective: Develop a structured set of questions for the AI safety experts.
Scope: Questions should cover threat assessment, mitigation strategies, and ethical considerations.
Steps: Review project goals and objectives. Draft specific and open-ended questions. Obtain feedback from the team.
Deliverables: A finalized list of consultation questions for AI safety experts.

Resources needed:
• Team Leader
• Intelligence Gatherer
• Ethical and Consequence Analyst",2/22/2026,2/23/2026,0,873ab46e-16ad-4d2a-a2ed-4e2965d88774,PlanExe
37afcbea-f77a-463d-913e-4754c55678c8,Conduct AI safety consultations,"Conduct AI safety consultations

Description:
Objective: Conduct consultations with AI safety experts to gather insights and recommendations.
Scope: Structured interviews to address prepared questions and explore related topics.
Steps: Conduct scheduled consultations. Record notes and key takeaways.
Deliverables: Consultation notes and summaries of key findings from AI safety experts.

Resources needed:
• Team Leader
• Intelligence Gatherer
• Communication Specialist",2/23/2026,2/24/2026,0,7bd78367-dd4d-4bfd-a7e5-e68f39f56c00,PlanExe
da8b6003-a4a2-4d4c-be09-3b93204207c8,Synthesize AI safety expert feedback,"Synthesize AI safety expert feedback

Description:
Objective: Analyze and synthesize feedback from AI safety experts to inform project decisions.
Scope: Identify common themes, conflicting opinions, and actionable recommendations.
Steps: Review consultation notes and summaries. Identify key insights and recommendations. Prepare a summary report.
Deliverables: A summary report synthesizing feedback from AI safety experts, including key insights and recommendations.

Resources needed:
• Team Leader
• Intelligence Gatherer
• Ethical and Consequence Analyst",2/24/2026,2/25/2026,0,079fac72-8f67-41a0-a67b-14ccddcc3f66,PlanExe
088d73e7-38d8-46ed-8094-ed81ac840e46,Validate Threat Level and Capabilities,,2/25/2026,3/5/2026,0,ebbf7b7b-b1c0-493f-b0a9-b22f5f1a2dbd,PlanExe
69137cf1-ab96-4ff2-ae9d-92ecb56f013c,Identify Key Validation Criteria,"Identify Key Validation Criteria

Description:
Define specific metrics and thresholds to determine if the superintelligence's threat level and capabilities are validated. This includes defining acceptable levels of uncertainty and establishing clear decision-making rules.

Resources needed:
• Intelligence Analyst
• AI Safety Expert
• Risk Assessment Specialist",2/25/2026,2/27/2026,0,088d73e7-38d8-46ed-8094-ed81ac840e46,PlanExe
41439dc7-c25a-4dd6-b2d7-8f110806a44b,Synthesize Expert Opinions,"Synthesize Expert Opinions

Description:
Compile and analyze the opinions of AI safety experts, cybersecurity specialists, and other relevant professionals to form a comprehensive assessment of the superintelligence's threat. Identify areas of consensus and disagreement.

Resources needed:
• Intelligence Analyst
• Communication Facilitator",2/27/2026,3/1/2026,0,69137cf1-ab96-4ff2-ae9d-92ecb56f013c,PlanExe
18089fa2-ddd0-4213-9d12-0748b5892d1c,Compare Intelligence with Validation Criteria,"Compare Intelligence with Validation Criteria

Description:
Compare the synthesized intelligence data with the pre-defined validation criteria. Determine if the available evidence meets the required thresholds for confirming the superintelligence's threat level and capabilities.

Resources needed:
• Intelligence Analyst
• Risk Assessment Specialist",3/1/2026,3/3/2026,0,41439dc7-c25a-4dd6-b2d7-8f110806a44b,PlanExe
68909e38-22a4-4369-8c46-771029970e8d,Document Validation Findings,"Document Validation Findings

Description:
Prepare a detailed report summarizing the validation process, including the intelligence data analyzed, expert opinions considered, and the final determination regarding the superintelligence's threat level and capabilities. Include any limitations or uncertainties in the validation process.

Resources needed:
• Intelligence Analyst
• Report Writer",3/3/2026,3/5/2026,0,088d73e7-38d8-46ed-8094-ed81ac840e46,PlanExe
0a398213-8912-4281-a920-1bbb10210cd4,Engagement Planning,,3/5/2026,3/26/2026,0,ebbf7b7b-b1c0-493f-b0a9-b22f5f1a2dbd,PlanExe
8663aac1-b9d4-4a61-b103-291b93516d45,Develop Engagement Methodology (Direct Assault),,3/5/2026,3/9/2026,0,0a398213-8912-4281-a920-1bbb10210cd4,PlanExe
39fe933e-1cc8-4e50-ac44-21d572417d6b,Research direct assault tactics,"Research direct assault tactics

Description:
Objective: Identify effective direct assault tactics against superintelligence.
Scope: Review existing literature, military strategies, and hypothetical scenarios.
Steps: 1. Conduct literature review. 2. Analyze military strategies. 3. Develop a list of potential tactics.
Deliverables: A report summarizing potential direct assault tactics.

Resources needed:
• Intelligence Analyst
• Tactical Coordinator
• Weapons Specialist",3/5/2026,3/6/2026,0,8663aac1-b9d4-4a61-b103-291b93516d45,PlanExe
3e1aa09f-a5d5-4810-9cef-237cfeb934c2,Simulate assault scenarios,"Simulate assault scenarios

Description:
Objective: Simulate direct assault scenarios to evaluate tactic effectiveness.
Scope: Create simulations using available data on superintelligence capabilities.
Steps: 1. Develop simulation parameters. 2. Run simulations with different tactics. 3. Analyze simulation results.
Deliverables: Simulation reports for each tactic.

Resources needed:
• Tactical Coordinator
• Simulation Software
• AI Specialist",3/6/2026,3/7/2026,0,39fe933e-1cc8-4e50-ac44-21d572417d6b,PlanExe
12d54bf6-1c0f-4318-98ec-212bb8c877f9,Assess weaponry effectiveness,"Assess weaponry effectiveness

Description:
Objective: Determine the effectiveness of available weaponry against the superintelligence.
Scope: Evaluate weapon capabilities and limitations in the context of direct assault.
Steps: 1. Review weapon specifications. 2. Conduct simulations with different weapons. 3. Analyze weapon effectiveness.
Deliverables: A report assessing weaponry effectiveness.

Resources needed:
• Weapons Specialist
• Simulation Software
• Tactical Coordinator",3/7/2026,3/8/2026,0,3e1aa09f-a5d5-4810-9cef-237cfeb934c2,PlanExe
2d665846-2b19-4701-9696-f69a7226c702,Develop assault plan,"Develop assault plan

Description:
Objective: Create a detailed direct assault plan based on research and simulations.
Scope: Integrate effective tactics and weaponry into a comprehensive plan.
Steps: 1. Combine research and simulation results. 2. Develop a detailed assault plan. 3. Review and refine the plan.
Deliverables: A detailed direct assault plan.

Resources needed:
• Tactical Coordinator
• Weapons Specialist
• Intelligence Analyst",3/8/2026,3/9/2026,0,8663aac1-b9d4-4a61-b103-291b93516d45,PlanExe
35ca8987-25fd-400b-975a-d5d955480e44,Determine Engagement Modality (Weaponry),,3/9/2026,3/17/2026,0,8663aac1-b9d4-4a61-b103-291b93516d45,PlanExe
01fbed42-574b-4aa9-b3ff-73b85c7e1fca,Research weapon system specifications,"Research weapon system specifications

Description:
Objective: Identify weapons that meet mission requirements.
Scope: Analyze specifications, capabilities, and limitations of various weapon systems.
Steps: Review technical documentation, consult with weapons experts, and compare weapon performance metrics.
Deliverables: A detailed report comparing potential weapon systems.

Resources needed:
• Weapons Specialist
• Intelligence Gatherer",3/9/2026,3/11/2026,0,35ca8987-25fd-400b-975a-d5d955480e44,PlanExe
aad2d9ed-9a2f-4838-978b-2d9eea2c428e,Evaluate weapon availability and cost,"Evaluate weapon availability and cost

Description:
Objective: Determine the availability and cost of potential weapon systems.
Scope: Research weapon suppliers, assess market prices, and evaluate lead times.
Steps: Contact weapon suppliers, obtain price quotes, and assess availability.
Deliverables: A cost analysis report for each potential weapon system.

Resources needed:
• Logistics and Resource Manager
• Weapons Specialist",3/11/2026,3/13/2026,0,01fbed42-574b-4aa9-b3ff-73b85c7e1fca,PlanExe
ed284e85-a012-4a6f-85df-7976d2292b46,Assess weapon modification options,"Assess weapon modification options

Description:
Objective: Identify potential weapon modifications to enhance performance.
Scope: Research modification options, evaluate feasibility, and assess cost.
Steps: Consult with weapons modification experts, review technical documentation, and obtain cost estimates.
Deliverables: A report outlining potential weapon modifications and their associated costs.

Resources needed:
• Weapons Specialist
• Ballistics Expert",3/13/2026,3/15/2026,0,aad2d9ed-9a2f-4838-978b-2d9eea2c428e,PlanExe
91e90d3e-0ab2-49ff-9f6e-a205641a7c53,Select primary and backup weaponry,"Select primary and backup weaponry

Description:
Objective: Choose the primary and backup weapon systems for the mission.
Scope: Evaluate weapon performance, availability, cost, and modification options.
Steps: Conduct a weighted scoring analysis, consult with team members, and make a final decision.
Deliverables: A decision document outlining the selected weapon systems and justification.

Resources needed:
• Team Leader
• Weapons Specialist
• Tactical Coordinator",3/15/2026,3/17/2026,0,35ca8987-25fd-400b-975a-d5d955480e44,PlanExe
0c754f1a-adff-47b4-b6d5-f76b6fb3eac1,Develop Collateral Damage Mitigation Plan,,3/17/2026,3/22/2026,0,35ca8987-25fd-400b-975a-d5d955480e44,PlanExe
8e8ed0fa-8e0b-43ac-afb0-e5e186be44d4,Identify potential civilian presence zones,"Identify potential civilian presence zones

Description:
Identify areas with potential civilian presence near the engagement zone. This includes residential areas, transportation routes, and public spaces.

Resources needed:
• Intelligence Gatherer
• Reconnaissance Specialist
• Mapping Software",3/17/2026,3/18/2026,0,0c754f1a-adff-47b4-b6d5-f76b6fb3eac1,PlanExe
fa35df41-a847-40ce-8012-20d321e79748,Assess superintelligence defensive capabilities,"Assess superintelligence defensive capabilities

Description:
Analyze the superintelligence's defensive capabilities to understand its potential to cause collateral damage. This includes assessing its offensive capabilities, defensive structures, and control over the environment.

Resources needed:
• Intelligence Analyst
• Weapons Specialist
• Cybersecurity Expert",3/18/2026,3/19/2026,0,8e8ed0fa-8e0b-43ac-afb0-e5e186be44d4,PlanExe
35fcc643-6a55-43f1-b920-afc50b444e9a,Establish strict rules of engagement,"Establish strict rules of engagement

Description:
Develop and implement strict rules of engagement to minimize civilian casualties. These rules should clearly define acceptable targets, prohibited actions, and escalation procedures.

Resources needed:
• Tactical Coordinator
• Legal Counsel
• Ethical and Consequence Analyst",3/19/2026,3/20/2026,0,fa35df41-a847-40ce-8012-20d321e79748,PlanExe
d4f51a8e-9054-4c19-b1a3-68e90f369ee2,Develop multiple engagement scenarios,"Develop multiple engagement scenarios

Description:
Create multiple engagement scenarios based on varying threat levels and potential civilian presence. Each scenario should outline specific actions to minimize collateral damage.

Resources needed:
• Tactical Coordinator
• Intelligence Analyst
• Weapons Specialist",3/20/2026,3/21/2026,0,35fcc643-6a55-43f1-b920-afc50b444e9a,PlanExe
05ef0bcc-adb1-4dd6-bf32-ecea553c3fc0,Plan evacuation routes and safe zones,"Plan evacuation routes and safe zones

Description:
Identify and plan evacuation routes and safe zones for civilians in the event of collateral damage. Coordinate with local authorities to ensure effective evacuation procedures.

Resources needed:
• Tactical Coordinator
• Logistics and Resource Manager
• Local Authorities Liaison",3/21/2026,3/22/2026,0,0c754f1a-adff-47b4-b6d5-f76b6fb3eac1,PlanExe
23c4893b-5b0e-4926-a070-fee57cc88e57,Establish Contingency Planning Framework,,3/22/2026,3/26/2026,0,0a398213-8912-4281-a920-1bbb10210cd4,PlanExe
c666118f-fddc-4e92-b8d7-a2aeeba09e07,Identify potential failure scenarios,"Identify potential failure scenarios

Description:
Objective: Determine possible events that could derail the engagement. Scope: Cover equipment failure, environmental factors, and unexpected enemy actions. Steps: Brainstorming sessions, review of intelligence data, and risk assessment workshops. Deliverables: A list of potential failure scenarios.

Resources needed:
• Tactical Coordinator
• Intelligence Gatherer
• Risk Assessment Specialist",3/22/2026,3/23/2026,0,23c4893b-5b0e-4926-a070-fee57cc88e57,PlanExe
b7281c43-f80b-4bee-a93f-236df993a551,Develop alternative engagement strategies,"Develop alternative engagement strategies

Description:
Objective: Create backup plans for each identified failure scenario. Scope: Cover alternative tactics, equipment, and personnel deployment. Steps: Brainstorming sessions, simulations, and expert consultations. Deliverables: A set of alternative engagement strategies for each failure scenario.

Resources needed:
• Tactical Coordinator
• Weapons Specialist
• Simulation Software",3/23/2026,3/24/2026,0,c666118f-fddc-4e92-b8d7-a2aeeba09e07,PlanExe
560b9b48-166f-4ee0-9f40-658f6ed2e861,Establish emergency communication protocols,"Establish emergency communication protocols

Description:
Objective: Define communication procedures for emergency situations. Scope: Cover communication channels, escalation procedures, and information dissemination. Steps: Develop communication matrix, conduct training exercises, and test communication systems. Deliverables: A documented emergency communication protocol.

Resources needed:
• Tactical Coordinator
• Communication Specialist
• Emergency Management Coordinator",3/24/2026,3/25/2026,0,b7281c43-f80b-4bee-a93f-236df993a551,PlanExe
6c2e9b3c-7a5b-43cc-bb46-83df2c82d66c,Assess resource needs for each strategy,"Assess resource needs for each strategy

Description:
Objective: Determine the resources required for each alternative engagement strategy. Scope: Cover personnel, equipment, and logistical support. Steps: Resource analysis, cost estimation, and procurement planning. Deliverables: A resource allocation plan for each alternative strategy.

Resources needed:
• Logistics and Resource Manager
• Weapons Specialist
• Financial Analyst",3/25/2026,3/26/2026,0,23c4893b-5b0e-4926-a070-fee57cc88e57,PlanExe
519c41b3-0534-4bb8-af73-4d9d187da3f4,Mission Execution,,3/26/2026,4/11/2026,0,0a398213-8912-4281-a920-1bbb10210cd4,PlanExe
787af7f9-0804-4728-a3ac-196d8b0f2756,Deploy Team to Engagement Location,,3/26/2026,3/30/2026,0,519c41b3-0534-4bb8-af73-4d9d187da3f4,PlanExe
717d30fe-159d-444a-89c0-6bb018ed7585,Prepare for potential resistance,"Prepare for potential resistance

Description:
Analyze possible countermeasures and prepare counter-strategies.

Resources needed:
• Intelligence Gatherer
• Tactical Coordinator
• Weapons Specialist",3/26/2026,3/27/2026,0,787af7f9-0804-4728-a3ac-196d8b0f2756,PlanExe
946f32ed-de5f-480c-ac3e-a73987ed440c,Secure transportation to location,"Secure transportation to location

Description:
Arrange secure and discreet transportation for the team and equipment.

Resources needed:
• Logistics and Resource Manager
• Transportation Specialist
• Security Personnel",3/27/2026,3/28/2026,0,717d30fe-159d-444a-89c0-6bb018ed7585,PlanExe
a8799d07-e933-4510-a5f6-6d44af346111,Brief team on engagement plan,"Brief team on engagement plan

Description:
Conduct a final briefing to ensure all team members understand the plan.

Resources needed:
• Team Leader
• Tactical Coordinator
• All Team Members",3/28/2026,3/29/2026,0,946f32ed-de5f-480c-ac3e-a73987ed440c,PlanExe
b97d9ddf-3814-4845-90ab-6a7977831c93,Verify equipment functionality,"Verify equipment functionality

Description:
Perform final checks on all equipment to ensure proper functionality.

Resources needed:
• Weapons Specialist
• Technical Support
• Tactical Coordinator",3/29/2026,3/30/2026,0,787af7f9-0804-4728-a3ac-196d8b0f2756,PlanExe
3e188981-00f6-470a-9e6e-8aa6706847b4,Engage Superintelligence,,3/30/2026,4/3/2026,0,787af7f9-0804-4728-a3ac-196d8b0f2756,PlanExe
28d82543-2cc8-4833-bbbd-aae173ec6070,Identify Superintelligence Weak Points,"Identify Superintelligence Weak Points

Description:
Analyze gathered intelligence to pinpoint vulnerabilities in the superintelligence's hardware, software, or operational protocols. This includes identifying potential entry points for attack and understanding its defensive capabilities.

Resources needed:
• Intelligence Analyst
• Cybersecurity Expert
• AI Specialist",3/30/2026,3/31/2026,0,3e188981-00f6-470a-9e6e-8aa6706847b4,PlanExe
9828e92e-8b21-4fbc-a515-b37cf880f772,Prepare Weaponry for Engagement,"Prepare Weaponry for Engagement

Description:
Configure and calibrate chosen weaponry for optimal performance against identified vulnerabilities. This includes loading appropriate ammunition, testing targeting systems, and ensuring all safety mechanisms are functioning correctly.

Resources needed:
• Weapons Specialist
• Ballistics Expert
• Technician",3/31/2026,4/1/2026,0,28d82543-2cc8-4833-bbbd-aae173ec6070,PlanExe
0d0c3b03-107e-43b1-85ce-cae824d09da0,Breach Superintelligence Defenses,"Breach Superintelligence Defenses

Description:
Execute the initial phase of the engagement, focusing on penetrating the superintelligence's security measures. This may involve deploying cyberattacks, disabling physical defenses, or creating a window of opportunity for direct assault.

Resources needed:
• Cybersecurity Expert
• Tactical Coordinator
• Weapons Specialist",4/1/2026,4/2/2026,0,9828e92e-8b21-4fbc-a515-b37cf880f772,PlanExe
acce2275-2564-4735-8ff3-9e03d0e2fe61,Maintain Situational Awareness,"Maintain Situational Awareness

Description:
Continuously monitor the engagement environment, tracking the superintelligence's responses and adapting the engagement strategy as needed. This includes assessing collateral damage, identifying emerging threats, and coordinating team movements.

Resources needed:
• Tactical Coordinator
• Intelligence Analyst
• Communication Specialist",4/2/2026,4/3/2026,0,3e188981-00f6-470a-9e6e-8aa6706847b4,PlanExe
4f7cd9d2-4f90-4a5e-a228-a5529ecb18f9,Neutralize Superintelligence,,4/3/2026,4/7/2026,0,3e188981-00f6-470a-9e6e-8aa6706847b4,PlanExe
36028e4f-b509-4a79-b738-98a1bf13eb75,Assess Superintelligence Vulnerabilities,"Assess Superintelligence Vulnerabilities

Description:
Identify weaknesses in the superintelligence's hardware, software, or operational protocols to exploit during neutralization.

Resources needed:
• Intelligence Analyst
• Cybersecurity Expert
• AI Specialist",4/3/2026,4/4/2026,0,4f7cd9d2-4f90-4a5e-a228-a5529ecb18f9,PlanExe
83a15347-3d12-404b-8f6e-7100e3959fb5,Execute Primary Neutralization Protocol,"Execute Primary Neutralization Protocol

Description:
Implement the pre-determined plan for neutralizing the superintelligence, utilizing primary weaponry and tactics.

Resources needed:
• Weapons Specialist
• Tactical Coordinator
• Security Personnel",4/4/2026,4/5/2026,0,36028e4f-b509-4a79-b738-98a1bf13eb75,PlanExe
a4ccf1a7-e45e-473e-9601-edc475031d09,Monitor Neutralization Progress,"Monitor Neutralization Progress

Description:
Continuously observe and analyze the superintelligence's status during the neutralization process to ensure effectiveness and identify potential complications.

Resources needed:
• Intelligence Analyst
• Technical Support
• Tactical Coordinator",4/5/2026,4/6/2026,0,83a15347-3d12-404b-8f6e-7100e3959fb5,PlanExe
f8406131-56f3-4b87-8a02-792cf5f851f8,Verify Complete Neutralization,"Verify Complete Neutralization

Description:
Confirm the irreversible cessation of the superintelligence's functions through rigorous testing and validation procedures.

Resources needed:
• Cybersecurity Expert
• AI Specialist
• Technical Support",4/6/2026,4/7/2026,0,4f7cd9d2-4f90-4a5e-a228-a5529ecb18f9,PlanExe
cfaa613c-e14a-4530-b3f7-4fb0d776082f,Implement Contingency Plans (If Necessary),,4/7/2026,4/11/2026,0,519c41b3-0534-4bb8-af73-4d9d187da3f4,PlanExe
52fa4e83-4ea5-4345-9a47-ddf27607d2a5,Assess neutralization impact on environment,"Assess neutralization impact on environment

Description:
Objective: Evaluate the environmental consequences of neutralizing the superintelligence.
Scope: Identify potential environmental hazards, assess the extent of damage, and determine necessary remediation measures.
Steps: Conduct site surveys, analyze soil and water samples, consult with environmental experts.
Deliverables: Environmental impact report, remediation plan.

Resources needed:
• Environmental scientists
• Hazardous materials specialists
• Survey equipment
• Testing laboratories",4/7/2026,4/8/2026,0,cfaa613c-e14a-4530-b3f7-4fb0d776082f,PlanExe
4563e0ea-7707-4e22-a075-40d3b4636012,Monitor for unexpected system behavior,"Monitor for unexpected system behavior

Description:
Objective: Detect any unforeseen consequences or residual activity from the neutralized superintelligence.
Scope: Implement monitoring systems to track system behavior, analyze data for anomalies, and respond to any unexpected events.
Steps: Deploy monitoring tools, establish data analysis protocols, train personnel on anomaly detection.
Deliverables: Monitoring reports, incident response plans.

Resources needed:
• Cybersecurity analysts
• System administrators
• Monitoring software
• Incident response team",4/8/2026,4/9/2026,0,52fa4e83-4ea5-4345-9a47-ddf27607d2a5,PlanExe
3a24e426-29cd-4630-b3e5-0da4ac8e7e92,Communicate with relevant authorities,"Communicate with relevant authorities

Description:
Objective: Inform relevant authorities about the successful neutralization and coordinate any necessary follow-up actions.
Scope: Prepare a communication plan, disseminate information to designated contacts, and respond to inquiries.
Steps: Draft communication materials, establish communication channels, conduct briefings.
Deliverables: Communication plan, briefing materials, contact list.

Resources needed:
• Communication specialists
• Legal counsel
• Government liaison
• Communication channels",4/9/2026,4/10/2026,0,4563e0ea-7707-4e22-a075-40d3b4636012,PlanExe
987e1310-123d-46ce-9a4b-121a45ad1cec,Evaluate long-term societal effects,"Evaluate long-term societal effects

Description:
Objective: Analyze the long-term societal implications of neutralizing the superintelligence.
Scope: Assess potential economic, social, and political impacts, and develop strategies to mitigate any negative consequences.
Steps: Conduct social impact assessments, consult with experts in relevant fields, develop policy recommendations.
Deliverables: Social impact report, policy recommendations.

Resources needed:
• Sociologists
• Economists
• Political scientists
• Policy analysts",4/10/2026,4/11/2026,0,cfaa613c-e14a-4530-b3f7-4fb0d776082f,PlanExe
4cc12a67-b99d-4ea9-b47d-d03081eae9f3,Post-Neutralization Activities,,4/11/2026,5/2/2026,0,ef83fea9-4b58-4c65-bfb3-7d9352ddd45b,PlanExe
3017307c-f70e-4db2-beab-2c5dbdfaf7a6,Secure the Site,,4/11/2026,4/15/2026,0,4cc12a67-b99d-4ea9-b47d-d03081eae9f3,PlanExe
165e3231-3e83-43e8-b82b-393acb8f8acc,Assess site for hazards and risks,"Assess site for hazards and risks

Description:
Objective: Identify potential hazards and risks present at the site to ensure the safety of personnel and the security of the area.
Scope: Conduct a thorough assessment of the site, including structural integrity, hazardous materials, and potential security threats.
Steps: 1. Conduct a visual inspection of the site. 2. Use sensors to detect hazardous materials. 3. Identify potential structural weaknesses. 4. Document all findings.
Deliverables: A detailed report outlining all identified hazards and risks.

Resources needed:
• Hazmat specialists
• Structural engineers
• Security personnel
• Sensors
• Inspection equipment",4/11/2026,4/12/2026,0,3017307c-f70e-4db2-beab-2c5dbdfaf7a6,PlanExe
285f16e9-2fd3-4436-99c9-b36ceb729e30,Establish perimeter security measures,"Establish perimeter security measures

Description:
Objective: Secure the perimeter of the site to prevent unauthorized access and maintain control of the area.
Scope: Establish a secure perimeter around the site using physical barriers, surveillance systems, and security personnel.
Steps: 1. Deploy physical barriers (e.g., fences, barricades). 2. Install surveillance systems (e.g., cameras, motion detectors). 3. Deploy security personnel to patrol the perimeter. 4. Establish access control points.
Deliverables: A secure perimeter around the site with controlled access points.

Resources needed:
• Security personnel
• Fencing
• Barricades
• Surveillance equipment
• Access control systems",4/12/2026,4/13/2026,0,165e3231-3e83-43e8-b82b-393acb8f8acc,PlanExe
a7d3a703-9c57-44c8-8e8f-ec0c5e4b9bb1,Clear and control access points,"Clear and control access points

Description:
Objective: Establish and maintain control over all access points to the site to ensure only authorized personnel can enter.
Scope: Clear all access points of obstructions and establish procedures for verifying and controlling access.
Steps: 1. Clear all access points of debris and obstructions. 2. Establish a check-in/check-out procedure. 3. Verify the identity of all personnel entering the site. 4. Maintain a log of all personnel entering and exiting the site.
Deliverables: Controlled access points with verified personnel entry and exit logs.

Resources needed:
• Security personnel
• Identification scanners
• Communication equipment
• Access logs",4/13/2026,4/14/2026,0,285f16e9-2fd3-4436-99c9-b36ceb729e30,PlanExe
abd8eed7-7c91-4f94-8b66-7504274b9931,Coordinate with local authorities,"Coordinate with local authorities

Description:
Objective: Establish communication and coordination with local authorities to ensure a smooth and safe operation.
Scope: Inform local authorities of the operation and coordinate activities to minimize disruption and ensure compliance with local laws.
Steps: 1. Contact local law enforcement agencies. 2. Provide them with information about the operation. 3. Coordinate activities to minimize disruption. 4. Obtain any necessary permits or approvals.
Deliverables: Coordinated activities with local authorities and any necessary permits or approvals.

Resources needed:
• Liaison officer
• Communication equipment
• Legal counsel",4/14/2026,4/15/2026,0,3017307c-f70e-4db2-beab-2c5dbdfaf7a6,PlanExe
369728e5-393a-4423-8f6d-dc20f69def5a,Destroy Remaining Data and Technology,,4/15/2026,4/19/2026,0,3017307c-f70e-4db2-beab-2c5dbdfaf7a6,PlanExe
3c03a9c9-1e32-4fbd-8c9e-e2b3725c1415,Identify Data Storage Locations,"Identify Data Storage Locations

Description:
Objective: Locate all physical and digital storage locations used by the superintelligence.
Scope: Includes primary storage, backup systems, and any hidden or obscured data repositories.
Steps: 1. Scan the site for physical storage devices. 2. Analyze network infrastructure for digital storage. 3. Use forensic tools to uncover hidden partitions or files.
Deliverables: A comprehensive list of all data storage locations.

Resources needed:
• Forensic analysts
• Network engineers
• Scanning equipment
• Data recovery tools",4/15/2026,4/16/2026,0,369728e5-393a-4423-8f6d-dc20f69def5a,PlanExe
57fe7b93-5688-43cd-87a7-b1a6a7c215cd,Erase Digital Data Remnants,"Erase Digital Data Remnants

Description:
Objective: Securely erase all digital data remnants from identified storage locations.
Scope: Includes overwriting data, degaussing magnetic media, and physical destruction of storage devices.
Steps: 1. Prioritize data based on sensitivity. 2. Use secure data erasure tools to overwrite data. 3. Degauss magnetic media. 4. Physically destroy storage devices that cannot be securely erased.
Deliverables: Verification reports confirming successful data erasure.

Resources needed:
• Data erasure software
• Degaussing equipment
• Physical destruction tools
• IT security specialists",4/16/2026,4/17/2026,0,3c03a9c9-1e32-4fbd-8c9e-e2b3725c1415,PlanExe
a936f693-7ad7-4730-bc6e-896064738de6,Destroy Physical Hardware,"Destroy Physical Hardware

Description:
Objective: Physically destroy all hardware components associated with the superintelligence.
Scope: Includes servers, computers, network devices, and any custom-built hardware.
Steps: 1. Disassemble hardware components. 2. Shred or pulverize components. 3. Dispose of debris in a secure manner.
Deliverables: Documentation of hardware destruction.

Resources needed:
• Heavy machinery (shredder, pulverizer)
• Protective gear
• Demolition crew
• Transportation for debris disposal",4/17/2026,4/18/2026,0,57fe7b93-5688-43cd-87a7-b1a6a7c215cd,PlanExe
750305cd-a555-4d39-a671-1b399f38e3ef,Verify Data Destruction Completion,"Verify Data Destruction Completion

Description:
Objective: Confirm that all data and hardware have been completely destroyed.
Scope: Includes independent verification of data erasure and hardware destruction.
Steps: 1. Conduct random audits of storage locations. 2. Use data recovery tools to attempt to recover data. 3. Inspect destroyed hardware for remaining components.
Deliverables: A final report certifying complete data and hardware destruction.

Resources needed:
• Independent auditors
• Data recovery specialists
• Inspection equipment
• Reporting tools",4/18/2026,4/19/2026,0,369728e5-393a-4423-8f6d-dc20f69def5a,PlanExe
cb244f46-4f38-43a8-a82f-cbd203f06466,Implement Post-Neutralization Protocol,,4/19/2026,4/27/2026,0,369728e5-393a-4423-8f6d-dc20f69def5a,PlanExe
a3176bd9-de41-4b7f-bcef-fdb124d95139,Assess consequences of neutralization,"Assess consequences of neutralization

Description:
Objective: Identify potential short-term and long-term consequences resulting from the superintelligence's neutralization.
Scope: Analyze potential impacts on global infrastructure, technological advancements, societal structures, and environmental stability.
Steps: Review intelligence reports, consult with experts in various fields, conduct simulations to model potential outcomes.
Deliverables: A comprehensive report detailing potential consequences, categorized by severity and probability.

Resources needed:
• Intelligence analysts
• AI ethicists
• Economists
• Environmental scientists
• Simulation software",4/19/2026,4/21/2026,0,cb244f46-4f38-43a8-a82f-cbd203f06466,PlanExe
f6e96af0-2183-4d65-b46e-3cf4d35f37db,Develop post-neutralization strategies,"Develop post-neutralization strategies

Description:
Objective: Create strategies to mitigate negative consequences and capitalize on potential positive outcomes following the superintelligence's neutralization.
Scope: Develop plans for restoring critical infrastructure, managing societal disruption, addressing ethical concerns, and promoting responsible technological development.
Steps: Brainstorm potential solutions, evaluate feasibility and effectiveness, develop detailed action plans.
Deliverables: A set of actionable strategies with clear objectives, timelines, and resource requirements.

Resources needed:
• Policy experts
• Technologists
• Crisis management specialists
• Communication specialists
• Financial resources",4/21/2026,4/23/2026,0,a3176bd9-de41-4b7f-bcef-fdb124d95139,PlanExe
2e0b5031-3bde-4b78-bdfa-f64db779f72b,Establish monitoring and response systems,"Establish monitoring and response systems

Description:
Objective: Implement systems to monitor the global environment for unforeseen effects of the superintelligence's neutralization and to respond effectively to any emerging threats or opportunities.
Scope: Set up monitoring networks, establish communication channels, and develop protocols for rapid response.
Steps: Identify key indicators, select appropriate monitoring technologies, train personnel, and establish clear lines of authority.
Deliverables: A fully operational monitoring and response system with documented procedures and trained personnel.

Resources needed:
• Surveillance technology
• Data analysts
• Security personnel
• Emergency response teams
• Communication infrastructure",4/23/2026,4/25/2026,0,f6e96af0-2183-4d65-b46e-3cf4d35f37db,PlanExe
cbd07bb3-13f2-409d-81d5-256fec51e3de,Prepare public communication strategy,"Prepare public communication strategy

Description:
Objective: Develop a communication strategy to inform the public about the superintelligence's neutralization and to manage public perception and potential anxieties.
Scope: Craft clear and concise messaging, identify appropriate communication channels, and prepare for potential public reactions.
Steps: Conduct audience research, develop key messages, create communication materials, and train spokespersons.
Deliverables: A comprehensive communication plan with pre-approved messaging, identified communication channels, and trained spokespersons.

Resources needed:
• Public relations specialists
• Communication experts
• Media relations personnel
• Social media managers
• Legal counsel",4/25/2026,4/27/2026,0,cb244f46-4f38-43a8-a82f-cbd203f06466,PlanExe
09effa99-37f9-4a8d-8c0d-e847d4f9cb29,Manage Public Disclosure (If Applicable),,4/27/2026,5/2/2026,0,4cc12a67-b99d-4ea9-b47d-d03081eae9f3,PlanExe
54542405-4515-49ed-9997-7048a42407e7,Develop key messaging points,"Develop key messaging points

Description:
Craft clear, concise, and consistent messaging to address potential public concerns and questions regarding the superintelligence neutralization.

Resources needed:
• Communication Specialist
• Legal Counsel
• Subject Matter Experts",4/27/2026,4/28/2026,0,09effa99-37f9-4a8d-8c0d-e847d4f9cb29,PlanExe
3712e405-d741-4940-9dc2-dae44195cfc6,Identify target audiences,"Identify target audiences

Description:
Determine the specific groups (e.g., general public, scientific community, government agencies) that need to be informed and tailor communication strategies accordingly.

Resources needed:
• Communication Specialist
• Public Relations Expert",4/28/2026,4/29/2026,0,54542405-4515-49ed-9997-7048a42407e7,PlanExe
107ddd67-77fc-4170-b839-b8ce6ef39bd6,Establish communication channels,"Establish communication channels

Description:
Select appropriate channels (e.g., press releases, social media, official statements) to disseminate information effectively to the identified target audiences.

Resources needed:
• Communication Specialist
• Media Relations Specialist",4/29/2026,4/30/2026,0,3712e405-d741-4940-9dc2-dae44195cfc6,PlanExe
e43ec497-65d6-4b64-b719-f2faac5bb4d1,Prepare Q&A document,"Prepare Q&A document

Description:
Anticipate potential questions from the public and media and develop comprehensive and accurate answers to address their concerns.

Resources needed:
• Communication Specialist
• Legal Counsel
• Subject Matter Experts",4/30/2026,5/1/2026,0,107ddd67-77fc-4170-b839-b8ce6ef39bd6,PlanExe
00cef06c-032e-4098-a295-36183eb92e54,Coordinate with authorities,"Coordinate with authorities

Description:
Collaborate with relevant government agencies and local authorities to ensure consistent messaging and coordinated responses to public inquiries.

Resources needed:
• Communication Specialist
• Government Liaison",5/1/2026,5/2/2026,0,09effa99-37f9-4a8d-8c0d-e847d4f9cb29,PlanExe
