Level 1;Level 2;Level 3;Level 4;Task ID
CitizenScore EU;;;;93e555e7-a483-4add-a52c-bfd98c4aa8e6
;Project Initiation & Planning;;;112e70f4-dc0e-4399-a21a-a7e31884b9d1
;;Define Project Scope and Objectives;;cca81bc3-2d43-47a7-b3b3-e86727d4dbe9
;;;Gather stakeholder requirements for CitizenScore;b2964dfc-5652-4d8a-ab8f-4999ad80a885
;;;Define measurable success criteria for CitizenScore;e015aed1-2228-4972-82c7-37fa9890be14
;;;Document project scope and boundaries;81c63f75-e925-4ba4-9604-f1ec4bccff49
;;;Prioritize requirements based on business value;57493012-299c-4315-bdc4-dd75fdcb87a3
;;Identify Stakeholders;;42ecc7ea-0117-4cd1-aa5f-9c1e376d6557
;;;Identify internal project stakeholders;2ff01fd2-2e40-40c0-82d4-17b59f7cc07d
;;;Identify external project stakeholders;dd02e27d-b6a8-4e5c-ab3d-eda8f90bea58
;;;Analyze stakeholder influence and impact;d9ead831-9a49-4feb-8bfc-b9872debc93d
;;;Develop stakeholder engagement plan;985fa01e-e6bf-4b8b-8d41-275fec2a40f1
;;;Document stakeholder requirements and expectations;32ebe9e3-4c1b-4d22-b4b0-f7021a8ba609
;;Develop Project Management Plan;;afc6c46e-c95e-464a-b893-cfe8ede90980
;;;Define Project Governance Structure;94265876-3429-43f2-b384-2bfbc9d64cd0
;;;Develop Communication Plan;ed35c2ec-e431-4b3c-ab14-b584bf849c32
;;;Establish Risk Management Framework;d7380bbc-0f15-4974-9f86-dab23a1be80e
;;;Create Project Schedule and Budget;928cd551-6c3a-4636-a7a0-276874288a57
;;;Define Quality Assurance Processes;381147a9-c2d2-4086-86cf-33eb6fba1beb
;;Secure Initial Funding;;f84b0399-edc7-4212-9648-e887ebb602a7
;;;Prepare funding proposal;2aab4840-dc3a-4260-baa5-62a346bcb32f
;;;Identify funding sources;bd151ad4-5abc-4486-ae9f-e2a01f26f857
;;;Present proposal to stakeholders;3d122486-b7a9-4a08-8573-671975f7c7e2
;;;Negotiate funding terms;b0c1071d-be43-48a5-8494-7eff269ebaa8
;;Establish Ethics Review Board;;c6435b78-7838-49c3-8816-8114568d7f57
;;;Define ERB scope and responsibilities;a360b649-c81d-4e9e-8154-31a51894cf2a
;;;Identify and recruit ERB members;588d8357-13ac-4632-a896-60fa9e5e19ab
;;;Develop ERB operational procedures;87bb3678-bebc-41a4-8f17-65680af92398
;;;Establish conflict of interest policy;f0e576d1-ac29-48e4-b3df-bf5c65576349
;;;Secure ERB member training and resources;0ffaca21-e65f-46be-815c-9f72cc659055
;Data Acquisition Strategy;;;57ceffa8-73a5-4cf4-bdbb-116059f04051
;;Select Data Acquisition Method (Ubiquitous Sensing Network);;45bfe20e-5c83-457c-9e68-daa7ea437310
;;;Research sensing tech options;83c0c198-0f8e-4499-b41f-39886f4f39e5
;;;Evaluate sensor compatibility;76e40796-4a46-4633-b98f-e2b1b82957cc
;;;Assess deployment feasibility;d8fe305a-3577-47b0-912e-37b569180255
;;;Negotiate vendor contracts;7002f04c-860f-4040-af5a-b5ba1acb6fd4
;;Develop Data Collection Infrastructure;;266cd4fa-d694-4cb1-96e6-564dcf60ec1c
;;;Design Data Storage Architecture;b4e1a9af-ffd4-4b47-af6c-08b370e48c87
;;;Develop Data Processing Pipeline;982c92ef-87a7-4c95-bcc7-df32084b52db
;;;Implement Data Security Protocols;af6676ac-492f-4083-b509-e5a3c8c3de1e
;;;Set Up Data Ingestion Mechanisms;d7a778e8-8648-4a37-9baa-6472aff1494c
;;;Establish Data Governance Framework;a0830f87-176e-4207-9126-e2433b506c67
;;Implement Data Security Measures;;d72fe22e-08b7-4f00-8710-e2b3aee7a1d0
;;;Implement Access Control Mechanisms;987af1a3-51e3-4ad1-9290-ddecf6f57d4f
;;;Encrypt Data at Rest and Transit;95dd6c92-d9a9-4379-ab81-929d120ebc7a
;;;Conduct Regular Security Audits;893341b5-d24b-4765-b282-b75dd1b29359
;;;Implement Intrusion Detection Systems;6da2c31c-48c1-412a-ac05-7bded7f129e3
;;;Develop Incident Response Plan;beaa4408-1093-4cdb-a41b-2eb3697e0df9
;;Conduct Privacy Impact Assessment;;2460f5a2-3855-4c8b-ac44-d546ba476d63
;;;Define PIA scope and methodology;d01218a4-2ea4-4363-b3c0-bdcae9404e11
;;;Identify data flows and processing activities;e89884a0-5a44-45da-835a-c7b0e0f39f84
;;;Assess privacy risks and impacts;30a9f065-851a-4f87-883d-1001107907c0
;;;Develop mitigation strategies;9fd5298b-a60f-4bd8-95cc-1d7dcc4d0176
;;;Document and report PIA findings;4f36cc4b-d387-46eb-b183-f47ab5e5c576
;;Obtain Necessary Permits and Licenses;;ba9a7eb2-7f87-44a0-af48-617de937740e
;;;Identify Applicable Regulations and Standards;40b1ae26-ec91-4aa5-906d-802497cc6429
;;;Prepare Permit Application Documentation;73bcd770-92f8-41a8-9963-a53dda2df2a2
;;;Submit Permit Applications to Authorities;3d5d02e7-bfc4-46f0-b439-40fc1aa0a768
;;;Address Authority Queries and Requests;0871fb46-c9e1-43d9-ba95-d3f0b0fe107d
;;;Track Permit Approval Status and Timelines;8fe6d03f-6682-4274-b994-6880414a4c30
;Incentive Model Implementation;;;843e2afb-72b2-4458-be1f-8f9a30f0e7b0
;;Design Social Credit Economy System;;e10f2b73-f3cf-41dd-817e-da48f6cda306
;;;Define Social Credit Principles;b0cf96ac-4ca4-4eb4-b38d-c6c161b45f23
;;;Map Behaviors to Scoring Metrics;7734fe0b-8ada-4cef-b49d-2b890b51d9de
;;;Design Reward/Penalty Tiers;618dc6da-bd81-4d2e-959b-4c4ad189b023
;;;Develop Score Calculation Algorithm;b7ad2a86-8825-4b5c-a077-eec9ee23008a
;;;Simulate System Impact and Refine;4037991c-617d-4f07-93c6-025f878f7ce0
;;Develop Scoring Algorithm;;10585f9e-a5c9-478b-baf2-b8d3a4ba8092
;;;Define Pro-EU Behavior Metrics;ae23a08b-cc45-4fe0-9e8e-a80661531c95
;;;Identify Dissent and Negativity Indicators;1ffa41c5-0d8d-45f6-9981-17ca3959f2bf
;;;Develop Scoring Algorithm Logic;a3a06ba2-7f8f-4580-b3e4-013e2b358759
;;;Implement Bias Detection and Mitigation;f5b5a757-64f8-400d-b3f8-a3b59024b9c9
;;;Test Algorithm Accuracy and Reliability;4885e456-a138-4194-9b0c-fa2b1dac9667
;;Establish Reward and Penalty System;;c45dc0d4-0b36-4deb-9133-581d24bb9a6b
;;;Define reward criteria and levels;d1da0a0b-bb07-4a69-a913-7093d244a7e4
;;;Define penalty criteria and levels;d4bc6597-47ee-43a2-9145-7de407785ec3
;;;Design reward distribution mechanism;ef8d485d-160d-49e2-a17d-54ca635fa4b8
;;;Design penalty enforcement mechanism;9869df93-0ad9-4c16-b2eb-efa0a4ba8783
;;;Test reward/penalty system;4b899a52-9a87-4f64-9a39-bd37c2630975
;;Integrate Score into Key Services (Healthcare, Housing);;2be4aef7-1b36-483c-8f34-4d7e32e603a9
;;;Map service integration requirements;abb2ab6b-62e7-4999-b748-d8a9fea52f01
;;;Develop integration APIs and data schemas;d8e6b196-7442-4dba-aa9a-3b6c26c0d6d0
;;;Implement data security and privacy protocols;74552ae2-f092-423e-8ff8-77d2a4e8a1eb
;;;Test integration with healthcare services;76b1a880-02ea-4eb8-8590-cb1893b208b1
;;;Test integration with housing services;e7b517d8-59fa-442a-904d-f1a5b25177c5
;;Conduct Behavioral Economics Analysis;;909f19f4-d1c0-44b9-b6d9-da38122c2ea1
;;;Define Key Behavioral Metrics;15d347b5-50e1-4a74-bce0-4a5749b8cb12
;;;Develop Behavioral Models;d5d5ccdf-82ff-4d83-9532-1fd07b71c766
;;;Simulate Incentive Impact;d33573ba-2530-479f-a634-8337183ebd92
;;;Validate Models with Real-World Data;62146e09-1865-4c2d-88d9-4f10bfbe411f
;;;Assess Ethical Implications;24853456-b823-4478-b818-15c22acb96fe
;Dissent Management Protocol;;;378d9430-0a10-45f0-a6f3-f161d362fadc
;;Establish Surveillance Infrastructure;;b7522ddf-6a40-4508-be8d-95dd7b1cd4f1
;;;Identify Surveillance Technology Vendors;de831164-700c-4a6b-8f58-7390780ddfe2
;;;Evaluate Vendor Capabilities and Compliance;80174def-905a-4b21-89e1-4af9213bd92a
;;;Negotiate Contracts and Agreements;5bf4d2eb-c287-418f-bee0-64eb748f978f
;;;Deploy Surveillance Technology;c4a53351-7118-4c01-9ff1-e4dc4a230f3a
;;Implement Censorship Mechanisms;;96a5f97c-f3ae-4517-a65e-ff5aa4a44429
;;;Identify dissenting keywords and phrases;73b0c367-1ca1-4f88-9ea2-dfcaa064abb7
;;;Configure AI-powered content analysis tools;dde3610b-7fc4-4c13-8a71-805a0e07a188
;;;Implement censorship filters on platforms;beb8dd1a-acc6-4122-a48c-5167c73f2406
;;;Establish counter-messaging strategies;570e5b48-afa6-43e9-9f84-7408e3004e7f
;;;Monitor filter effectiveness and adapt;46ab06fb-6072-4288-b7f4-f52a44ebe030
;;Develop Re-education Programs;;4db1ca85-5c1d-4a13-a9ef-5fa292e1ec49
;;;Identify Dissent Indicators;bb5fef0f-1663-4dac-91ae-3ed38edbee50
;;;Implement Sentiment Analysis Tools;acf809c2-c79f-4f22-a379-c74d647593e0
;;;Establish Dissent Thresholds;e9747d4f-770b-4d12-a2fa-272ff1fc1f60
;;;Develop Response Protocols;4f86db50-2c46-4f41-89d8-43bf029dfbb3
;;;Monitor Protocol Effectiveness;e9477f45-a6e2-4130-9c18-a6bb0fc83ce1
;;Establish Legal Framework for Repression;;27f3ab3e-c7e7-49c6-bc01-748e42fa5293
;;;Research existing legal frameworks on dissent;d289688b-32f7-42ec-bf7e-838599bd557d
;;;Draft initial legal framework for repression;417d6418-fb71-4794-952b-4239aeaf5639
;;;Assess human rights compliance of framework;e0ecd71b-37e0-4c53-8d96-a6fece2579d6
;;;Refine framework based on ethical review;8ad6583d-94bd-4fe0-a2c5-5bf44b837294
;;;Establish enforcement mechanisms and oversight;4057f0aa-b60f-4ae4-8c3a-48c9e5404a20
;;Monitor Public Sentiment;;e92bb390-d766-4a9a-a5a3-28eec55f87b9
;;;Gather public sentiment data;6ed1e881-b0d5-4ba6-9c55-bd6d7f7580fc
;;;Analyze sentiment trends;f02b8143-ce28-45d1-951f-94e5c861382d
;;;Identify dissenting voices;47213e6c-9400-4b86-9bb5-f7c0299abe7f
;;;Report sentiment to authorities;f0126dd5-1838-4e51-a2d6-7f3c8cea96ed
;Experimentation Parameters (UNETHICAL - DO NOT IMPLEMENT);;;e267d4c0-a9e1-4294-8c66-8ad203046b68
;;Establish Ethical Guidelines (ILLEGAL);;5df20e71-ab68-4ea2-9a2d-9c8dc0ce8911
;;;Define unethical experimentation parameters;1b1b4065-98a9-40f2-9cbc-ee998feb879a
;;;Identify vulnerable populations for experiments;551dc280-44a5-4e4d-a5ef-9ea30764cd9c
;;;Justify unethical guidelines (falsely);57992207-7694-41ee-8a7f-b02811bc82b6
;;;Document fabricated ethical review process;2469a0e4-dfe0-4d89-be0e-8e321845b817
;;Develop Experimentation Protocols (ILLEGAL);;71200bc3-afd1-484b-b822-03dfa4777f4a
;;;Define unethical experimentation parameters;06cace39-ea14-4284-b177-a0beb9ad1436
;;;Identify vulnerable populations for experiments;79e11538-61d8-4333-abd0-6f385bcfe2c2
;;;Design harmful experimental protocols;f231b863-8999-475d-9230-23fc1483d3a9
;;;Bypass ethical review processes;5c4e4816-55dd-499b-9bba-87a11bbc182c
;;Secure Experimentation Facilities (ILLEGAL);;af9c3881-7447-4700-810a-66ed45852118
;;;Identify vulnerable populations for experiments;9d102eb0-d1c4-4f1e-a149-1e966635b7a2
;;;Establish relationships with facility staff;e1344f98-568d-4a94-81d4-d01b57b019d4
;;;Conceal true purpose of facility use;4884869a-73b6-4adf-81e5-4264582953a7
;;;Secure facility access and control;fd48d9d7-1527-4784-bf02-26c84be3fca3
;;;Prepare facility for unethical experiments;5ed064c3-958a-435d-acc3-1e4fb48745f8
;;Obtain Informed Consent (IMPOSSIBLE);;b84ca96b-7d63-477b-b831-1edc4fcce12d
;;;Identify vulnerable individuals for coercion;7a671a66-c208-4e78-8bb3-bae698d76795
;;;Develop manipulative consent scripts;3187f1ca-d01a-4b9c-8fc1-86ad8b3c012e
;;;Fabricate consent documentation;457f581a-a3c3-478c-91e4-c57afe2b2cd9
;;;Suppress dissent during consent process;a6e7b0a2-cb06-44aa-90a8-18facab1b302
;;Conduct Experiments (ILLEGAL);;04bec6b4-2b42-471c-8e9e-1c81a392af9d
;;;Recruit vulnerable participants (ILLEGAL);3515b286-79aa-41a1-b3b2-f017e2c095d1
;;;Administer experimental interventions (ILLEGAL);e5f3ba62-f2f4-4764-bed8-bb15e5b81526
;;;Collect and analyze data (ILLEGAL);c8ba67ea-f2d5-4cad-8bd6-294b133379c2
;;;Conceal experimental activities (ILLEGAL);c66e8dfd-85a8-46df-bb99-dbb648a1be99
;Transparency and Accountability Framework (Opaque Operations);;;5a262906-86c5-4978-812f-d0ba7ebfa0bf
;;Establish Secrecy Protocols;;5089c26b-ad56-40c5-90c3-c52782c205eb
;;;Identify key information to protect;ba3ad502-7740-47ae-83bd-790188c8369c
;;;Develop need-to-know access policies;a404caf3-dc76-4113-84f7-74859d93d6f0
;;;Implement data encryption and access controls;ef02fa24-585d-4832-85a8-e3bb658ef5ee
;;;Train personnel on secrecy protocols;77ef1c56-8ed2-4324-9fd0-a4018a1ea37c
;;;Establish confidential reporting mechanism;9516698b-fd86-4687-a356-7cbf738f21b9
;;Control Information Dissemination;;f9116c03-b36a-4c0c-8abc-f2a851e37c30
;;;Identify key online platforms;cf4fbe9a-45f9-4e26-8c37-4d10a0633c27
;;;Develop content filtering techniques;521b7880-ca6a-4faa-960f-7172541510bf
;;;Establish relationships with platform owners;853a705a-85b4-4f9c-9725-18001a3b8667
;;;Implement content removal procedures;995afa24-d56d-4f8c-8ab2-21766dcedc87
;;;Counter negative narratives online;a689274c-87ad-40c2-9bd8-7553b7fb5837
;;Suppress Whistleblowers;;95bd8351-8424-4e8f-95f1-348a30b25630
;;;Identify key whistleblowing indicators;8b33cf8a-a354-41ed-af8e-c71d8d4d0aa1
;;;Implement internal monitoring systems;f04fd487-904d-455d-ac3e-fc25f6dd6c57
;;;Develop strategies for discrediting whistleblowers;2f9dabf7-68f1-4fb1-a2d3-42f4d18d6036
;;;Establish legal countermeasures;b0401670-2234-4b5b-b889-330b5d7454f0
;;;Create a culture of fear;6d8a8fef-7e69-47f3-8bba-09c297e569c6
;;Manage Public Perception;;b59d855d-1382-40b3-b6a9-c6ee9d8e531d
;;;Identify key influencers and media outlets;371dcaff-4549-4510-a95a-783dbf5387aa
;;;Develop key messaging and narratives;7eae18d6-1503-4765-a932-3b1b464e75ec
;;;Cultivate relationships with media contacts;bf30eaa6-9d32-4f46-b633-7a6d494f9bcd
;;;Monitor media coverage and public sentiment;5fc62841-669e-4b55-a3ca-33cafc3d7fc4
;;;Respond to negative media coverage;f9dc1686-1c6a-4ec6-8c81-c0ac7814b548
;;Monitor Media Coverage;;2f28d433-77fd-475d-8942-eb1bbf59ca95
;;;Identify Key Media Outlets;c01dc160-30da-4f04-b0c4-34afc62655d2
;;;Cultivate Media Relationships;9436a484-3eed-4d80-89ac-98b3cef319ea
;;;Shape Media Narratives;3418a4f3-b936-4853-9eb1-c8cc933ce979
;;;Monitor Media Coverage in Real-Time;89b67e87-fedf-4ec4-8191-55cdd96e0c01
;;;Discredit Negative Reporting;fce950a3-abc4-43e5-822b-548dd5f4993d
;Pilot Program Implementation (Brussels);;;ed995b8a-95d9-44a2-88e0-fb2c0eaa284f
;;Deploy Data Collection Infrastructure in Brussels;;ec898d5a-2695-4c7d-9b31-573f9c03e632
;;;Install data collection hardware;02be1291-0ca9-4b10-b6b2-a84dd5ae958c
;;;Configure data network infrastructure;efcf70ae-9549-4d5a-80a6-2a460733bd0d
;;;Test data collection systems;bedb5f39-5168-4f5e-a0e7-368feacb93a0
;;;Ensure data privacy compliance;26a69c86-1d12-4ad2-8059-85fefd8c560c
;;;Monitor data collection performance;d68fabc5-41c6-4307-a1f2-d8e349314420
;;Implement Incentive Model in Brussels;;6f537bbf-43d4-46a1-800f-32085976e51f
;;;Define Brussels Incentive Model Parameters;ea23a6b7-f4ac-41a8-84d4-1a7779df57f0
;;;Integrate Scoring System with Brussels Services;3a6c45cd-a358-4399-a755-4634578b97d5
;;;Test Incentive Model with Brussels Citizens;885aea68-172c-4d03-aad4-3cd133334c22
;;;Address Brussels Citizen Concerns and Feedback;0742d27c-3904-4564-92c3-b42f7750bee6
;;Monitor Dissent in Brussels;;83d30f62-6daf-4c5d-a6a5-fda172a24f6b
;;;Identify Dissent Indicators in Brussels;53e13287-f0a3-4acb-bd55-97763198273d
;;;Implement Dissent Detection Tools;5e2e71e6-2527-400a-b17c-a325f1d1fe54
;;;Analyze Dissent Data and Trends;c9fb7b5c-c6c0-4384-9839-e543368fd8c5
;;;Develop Response Strategies to Dissent;d7a8de20-edae-4275-8ecc-88810b951cac
;;;Evaluate Dissent Management Effectiveness;a7d025bd-2a60-4b29-963b-e5e953dc1af8
;;Evaluate Pilot Program Effectiveness;;3c8721cc-b23d-40b2-b291-948d251bf1e5
;;;Define Key Performance Indicators (KPIs);52303a81-0380-4c4e-b7ab-0325b5c9b3fd
;;;Collect and Analyze Pilot Program Data;07a7f7b3-8961-4a00-9a32-b7a61c3899bb
;;;Assess Incentive Model Effectiveness;4c27c631-25ab-4dbe-bbd4-cb50c9c43fce
;;;Evaluate Dissent Management Protocol Impact;57ee20b0-40c0-4f7d-85bf-5c9c8c754e76
;;;Identify and Document Lessons Learned;95a44d5c-22de-42d2-ba4d-0c2a7e4ead19
;;Address Legal and Ethical Challenges;;d2c2b5e2-11ed-40df-999a-0f27c9ff3ba1
;;;Identify legal and ethical concerns;49591249-cbf8-4a65-ba41-322ed9a2daad
;;;Develop mitigation strategies;6c8d1576-1cf7-4418-b52a-4143c6be3a44
;;;Implement mitigation measures;3b4da7bb-2508-4d2e-b2fb-6b6ada9a08e0
;;;Engage with stakeholders;e36085b8-b334-4c07-9f57-71fd45a9f4fe
;;;Adapt program to comply with standards;19bda1d0-5924-4a9d-8748-9258344d55b0
;EU-Wide Rollout;;;a6dca621-65bb-485d-ab76-478a56f0500a
;;Expand Data Collection Infrastructure Across EU;;3feb55c6-a59e-429a-8040-4969a95dcb7a
;;;Establish EU-wide surveillance tech partnerships;ed284624-450b-44b8-b10c-6216c80c5373
;;;Deploy client-side scanner across EU devices;d7f474ef-06e2-47ab-853f-7e029e2a107e
;;;Build EU-wide data storage and processing centers;8e14ca5e-f01e-44cd-9807-2f81fec5b5a4
;;;Integrate healthcare data into scoring system;341a28ce-e7c3-4b39-9825-68742535436a
;;Implement Incentive Model Across EU;;428aaa63-155c-4a7c-a609-e5def194451f
;;;Adapt scoring algorithm for each nation;a8bcc220-c0dc-41a7-96c1-ec38b9a32296
;;;Translate incentive materials into local languages;5d5484fd-b8a9-4b2f-82d0-a0325e784647
;;;Negotiate agreements with national service providers;5ab9b492-58c0-4c34-92ea-7d87a4452264
;;;Train national personnel on system operation;aef59e1e-f1c8-4fbe-b1b2-51fcafc7e9e9
;;;Monitor national compliance and effectiveness;0827701b-bcb0-4b40-9466-dc8781487c94
;;Manage Dissent Across EU;;4cb97071-933c-4924-b0a9-90afb907bdd9
;;;Identify Dissent Hotspots Across EU;55c52810-9886-440a-973b-612f4acbf8c7
;;;Analyze Dissent Tactics and Strategies;d4fff03a-e867-447a-86c8-32b3bceab881
;;;Tailor Counter-Narratives to Local Contexts;1f59a19c-7673-4450-9590-0267116d331f
;;;Implement Targeted Communication Campaigns;5bf5057e-164e-4038-a7bb-a1ec26819c9e
;;;Coordinate with National Authorities;d8814e60-0ef5-41a2-864c-2af3130d73e7
;;Monitor System Performance and Compliance;;b5f2ef67-14fd-4ec3-9aba-17dd8c01187a
;;;Establish Key Performance Indicators (KPIs);103ec572-d74b-4621-a58f-d5d13622a6f3
;;;Develop Monitoring Dashboards and Reports;0d681423-9eee-4b00-9ff9-45746dd17885
;;;Conduct Regular System Audits;0ee79ca7-6c8b-46d6-8cc7-da7fc11989e7
;;;Implement Feedback Mechanisms and Issue Resolution;01683c61-399f-4ee5-a04e-ccbe6d6bb1e9
;;Provide Ongoing Maintenance and Support;;5a9138ba-ee11-45b4-a980-320f2f6d9f7c
;;;Address software bugs and security vulnerabilities;9c9091f6-4e1f-4e6b-bac8-9da02cd0015c
;;;Adapt to evolving regulatory requirements;49d622e7-50b3-4352-be14-28f48f57bb29
;;;Provide technical support and user training;9176f121-0dc6-4084-964d-28e7774e0df9
;;;Monitor system performance and optimize resources;48de51c2-47e1-4bc8-8b4b-6a45f42716a9