Level 1;Level 2;Level 3;Level 4;Task ID
Casino Royale;;;;d1af9620-5f4e-48d9-ac02-3ef2cc472619
;Project Initiation & Planning;;;16220ae5-a907-484b-b328-3eb1f33ac9cd
;;Define Project Scope and Objectives;;63a6707a-64a6-444d-93cd-07eb96b3c08e
;;;Identify key stakeholders for casino project;41cee438-9f95-4a92-a3a4-c75410dee61a
;;;Define casino's operational requirements;2cd20bea-2ab6-41de-85a5-9f62ecda6461
;;;Establish measurable project objectives;3e5b5e3c-9102-4de4-908d-0fdc47c85aee
;;;Document project scope and deliverables;633af9f9-4f5c-4db1-a2f7-122b0447cc09
;;Conduct Initial Feasibility Study;;5a409813-70be-4c8a-9e22-19729bf2b3d1
;;;Gather relevant project data and documents;d70af675-a1e8-4555-aaae-8b47086b05c9
;;;Analyze market demand and revenue potential;30c0aa0d-f709-461c-908d-ed4c76640cb2
;;;Assess legal and regulatory constraints;611e99c4-87c6-40f1-ab35-279518e9d137
;;;Evaluate construction and security costs;0d5a907a-2c6e-4ad6-90d3-8b4c097a1fd4
;;;Prepare initial feasibility study report;5b338035-05b5-4748-bf15-c293c0cf8021
;;Develop Project Management Plan;;405af3b2-dcbe-4ebb-b4b4-3aae2bfe3a28
;;;Define Project Governance Structure;0c24eea1-b5e3-4cfc-b8d9-00bb5dc1a15f
;;;Develop Communication Management Plan;c5d47486-71f4-4b34-b910-78beb240cf91
;;;Create Detailed Project Schedule;03f1f681-1664-4b57-b96a-5afad35f3057
;;;Establish Budget and Cost Control Processes;90036cb0-939a-4b99-a0ec-a3986bef0532
;;;Define Quality Management Approach;a1814005-6544-4d02-b437-eed080b75d2b
;;Stakeholder Identification and Analysis;;4ab5849e-8af6-412a-a01e-68ab1c29f785
;;;Identify Key Stakeholders;a1bae69b-52c3-4d14-9f24-e8d885a8c86d
;;;Analyze Stakeholder Interests and Influence;b164bf67-ed44-4950-adaa-f36903ac75e2
;;;Map Stakeholder Relationships;7a5edab9-8be2-43e4-9f06-3bdfa8379130
;;;Develop Stakeholder Engagement Plan;082d3bba-3f3c-4a4f-b55b-55b82a5d575b
;;Risk Assessment and Mitigation Planning;;4eaca79f-3ee0-4ab1-8adf-7d345bde66b2
;;;Identify all potential project stakeholders;ffa23667-efe8-43c5-8631-2367fe7e397e
;;;Analyze stakeholder influence and interests;7f51da79-2c6e-4815-87dd-6d58f7973fa7
;;;Develop stakeholder engagement plan;fef369d3-8dd8-445d-97b3-cdb931a0d54d
;;;Document stakeholder requirements and expectations;6f895e5c-5e1c-4c73-8cae-41406be45feb
;Legal and Regulatory Compliance;;;8df5f95d-9044-4b4c-b52a-fd3cdf4b520d
;;Conduct Legal Review of Gambling Laws;;c5fa0812-f529-445c-be77-bc4dcfff7d1e
;;;Identify relevant gambling laws and regulations;70886da1-30db-4685-b853-4cb533620ca6
;;;Analyze applicability to White House casino;c73738c0-67b1-480f-9f28-aaddbe47e9ab
;;;Assess impact of sovereign micro-nation claim;8351153a-728d-421b-8ff2-e411b99f5b67
;;;Document findings and legal opinions;e164376f-7036-4333-9050-ba156a96eb39
;;Assess Feasibility of Sovereign Micro-Nation;;8730a1ae-8ae4-4d81-989e-2323412df7d6
;;;Identify Legal Experts;165e405f-9dbf-43f4-b3ae-941e94a51e1f
;;;Conduct Legal Research;dfd6309b-ea13-4c20-9755-947bb2837383
;;;Compile Legal Opinions;b22d6d01-89cb-488b-9c8c-19220162f717
;;;Review and Analyze Findings;090a175a-4d21-493e-a44f-91b5f72ef1c6
;;;Prepare Final Report;97c414f1-566a-4ba5-92fb-0835bfe020df
;;Obtain Necessary Permits and Licenses;;bc83449c-87e8-4e8a-bba4-9bc3a7fa8858
;;;Identify Required Permits and Licenses;fed9ddd1-5b24-4101-a601-b81d3f1a4b10
;;;Prepare Permit Application Documentation;ef3a82a8-e8e8-4eb3-8996-5b2e6cfa2b55
;;;Submit Permit Applications and Track Progress;1b46dfa7-9ee3-4f94-8ad8-aeca402484cd
;;;Address Agency Inquiries and Requirements;55ba78e5-9620-486c-b234-9541b5de7850
;;;Secure Final Approval of Permits and Licenses;c23c88f7-ee2b-4ede-a460-ad404f7954d4
;;Develop Regulatory Compliance Strategy;;d8dd0887-43ec-43cb-9885-8aa0144456c4
;;;Identify applicable regulations and standards;4906ee5c-5f61-467c-8690-13c728d5eaf4
;;;Develop compliance policies and procedures;72aa1e97-b41a-479d-92e1-b553f5fef056
;;;Implement compliance training program;76c31c83-b45d-4778-aab9-c4f9f1337772
;;;Establish monitoring and reporting mechanisms;306d67cf-40bf-4bca-b009-dc760fe47d95
;;;Conduct regular compliance audits;1a06db6c-433e-4caa-9e9a-5218a033dbd8
;;Engage with Regulatory Bodies;;d802ece8-31f1-4703-ba5e-7801ad712bbe
;;;Identify relevant regulatory bodies;fa8421b2-6867-4808-a4d0-ad33e1a50881
;;;Establish communication channels with regulators;77355fec-67fe-4b02-a8b7-c0d97361e712
;;;Prepare regulatory briefing documents;b87b9a94-d65d-415e-8369-16eb0560835f
;;;Attend regulatory meetings and hearings;112821db-ffcc-4171-9486-bce57ee945da
;;;Document all regulatory interactions;2b928e8f-341d-42d1-aabc-19d00f0cb40a
;Financial Strategy and Funding Acquisition;;;0bf881fe-5097-4192-8add-9726e82eee00
;;Develop Financial Risk Mitigation Strategy;;f9c60ff1-39be-40d0-bb0a-05e82532b3e7
;;;Identify potential financial risks;c286d037-7db0-4b58-b1a9-5d4e468532c6
;;;Assess likelihood and impact of risks;df83253a-b455-40c8-9eb3-47b0642adcbf
;;;Develop risk mitigation strategies;eb3d5e85-35e4-4782-956b-cbe650f70dca
;;;Implement risk monitoring and control;6cf3ff6d-0715-427b-a50e-dd5fcf859a3a
;;Identify Potential Funding Sources;;e2b8401b-6c70-4b29-b6e1-44006f26a193
;;;Research potential funding sources;2b64ae07-57bd-4246-a9a7-c1c75a34e0b9
;;;Assess investor risk tolerance;b0972865-98f5-4892-8b12-7060b7534244
;;;Evaluate ethical alignment of investors;8e0aaa8f-72d0-4cf9-b09e-99c1802f9d71
;;;Analyze funding terms and conditions;7f58de54-148e-4f7a-b293-862acf29e471
;;Secure Funding from Sponsors/Investors;;8c83bdfa-ae53-4f2c-b6c3-0bf4328487b9
;;;Identify and contact potential sponsors;83343d0e-403d-4d22-8865-fc8ab1561214
;;;Prepare sponsorship proposal packages;8b0a7a40-8960-4c4e-9fec-450588c53e66
;;;Conduct sponsor presentations and negotiations;449bc416-5abe-46b7-99d9-ce8579e092a7
;;;Finalize sponsorship agreements;48db298b-fe84-4103-b8f2-960831a4d5d8
;;;Manage sponsor relationships;831e5d69-6b4c-4cb1-bed7-55db9d79bc4f
;;Structure 'Casino Bonds' Initiative;;e8c20d17-9b46-4f3d-8987-a730c90d7810
;;;Define Casino Bonds structure and terms;adee27ac-b9df-4d4f-9d5b-54b257abb535
;;;Legal review of Casino Bonds offering;beedcf37-552f-4cec-956c-b67a7491358f
;;;Develop marketing plan for Casino Bonds;ecf35d11-c877-453f-9a03-7ce68f26b0f2
;;;Establish platform for Casino Bonds sale;dbc0d911-1209-409e-9b67-79428f7de202
;;Establish DAO for Funding Management;;fe47dee2-e2ba-4d47-89f3-69435a397ce0
;;;Define DAO Governance Structure;00f143bb-1651-4989-ac08-c19d3744bfc4
;;;Develop Smart Contract for Bond Issuance;fe867907-cc13-40c5-96c6-efe7320c09e5
;;;Implement Security Measures for DAO;4ed59120-5eb0-4341-8c34-d287b58db772
;;;Establish Legal Framework for DAO;74db738f-b374-490f-ae98-2eea24ce5667
;;;Test and Deploy DAO Smart Contracts;4362fa64-7291-4e25-ade4-99823f38c0ff
;Design and Construction;;;dbfa0e8e-f41f-4a0d-b75a-59d8da385bdf
;;Architectural Design and Planning;;174a3825-5186-4a2a-aa59-401c5fd288a5
;;;Conceptual Design and Schematic Drawings;b0acdce0-e612-4458-a34d-933e15aa5e07
;;;Detailed Design Development;4c9cfa20-e18b-4f72-aeeb-33861e766fbb
;;;Regulatory Approvals and Permitting;d23c53cc-bce1-4709-92d0-75f22e3162c5
;;;Value Engineering and Cost Optimization;07b637a8-bcfc-4a74-beff-d54d5176ba33
;;;Final Design Documentation and Sign-off;d042ceaa-63ed-451c-8e82-7c06fa740479
;;Demolition of East Wing;;7a1cb2b6-900d-46d8-9091-4c75ff1eba99
;;;Asbestos and Hazardous Material Survey;fa304f03-2c96-4750-83de-3fd6804ecd67
;;;Secure Demolition Permits and Approvals;57573af4-6564-4d4d-aeae-364a9fcde7ba
;;;Develop Demolition Plan and Safety Protocols;ea7bc434-73a2-429b-8faa-fb16833fc8eb
;;;Execute Controlled Demolition of East Wing;c05c0567-d65b-4fc2-9046-549e9e0275d7
;;;Debris Removal and Site Cleanup;063f299b-a418-45ef-ab9a-bde91b4ee4ce
;;Construction of Temporary Casino;;9291ff42-4f6d-44d7-b043-3691dff0fe46
;;;Acquire shipping containers for temporary casino;85b80518-1128-4480-a69d-2afb60fcfa16
;;;Install utilities in temporary casino containers;ff49a051-7634-4726-94e4-815091770841
;;;Outfit containers with casino equipment;49ae7506-8168-4797-a0bc-6de2edd0b1a1
;;;Obtain temporary operating permits;f4cb779c-81b8-4015-b73f-222da108afd1
;;;Prepare site for temporary casino setup;ff816f2f-916d-4ff6-9030-7986330183af
;;Construction of Main Casino;;d4c5a4c0-1bd1-4a7a-aa81-b8d35e5aefdd
;;;Prepare site for main casino construction;f891ddfe-c977-47cf-a8f8-b5aeae71372b
;;;Erect structural framework of main casino;6b6103e9-8bb0-46a3-bee5-8f7a3950ee3f
;;;Install utilities and infrastructure;8d6af551-cbfc-4a57-8bbc-c1f384d7e5f7
;;;Complete exterior and interior finishing;aba5f200-bde8-4f97-a2fc-157298108596
;;;Implement security and surveillance systems;3e5f3b4c-bac2-4125-9cfd-4c6a54c09591
;;Interior Design and Furnishing;;7ec3835e-31c1-42aa-afd6-3299e26d06b4
;;;Select Interior Design Team;45cf261b-e172-4c58-87c3-ac8b8fbda8e8
;;;Develop Interior Design Concepts;cdc07a76-4982-4580-b6c1-11a49163c79c
;;;Procure Furniture and Fixtures;dd307fc4-2a16-46aa-b5fc-b4fd74cccbb9
;;;Install Interior Elements;ef788274-aa5d-41fd-8fc0-529fab4d21fc
;;;Final Inspection and Approval;3a62d498-e3a9-4fb0-b85c-15e104dce571
;Security Protocol Design and Implementation;;;202ae00c-dd1e-4b43-a4b3-d8343210dd8f
;;Develop Security Protocol Design;;ba4daf2d-9e14-416c-92fc-18be0d5a6c26
;;;Procure security technology and equipment;ad48f496-b4b2-4218-ad5e-3b764b84bb4d
;;;Deploy physical security personnel;77c539f0-d997-4890-a132-faafa896abc7
;;;Implement cybersecurity measures;ca32c985-8c9b-49a8-9b9f-fab3be916aab
;;;Establish emergency response protocols;511d8496-8cb9-4b77-8f3a-06d0054b4c30
;;;Integrate security systems and protocols;fa3226e9-8296-4ff6-9ecb-b306ae39348f
;;Implement Security Measures;;1532b714-f469-4c7c-916f-5ba4c55f116d
;;;Install Surveillance Systems;a0d0c752-06f9-453d-b304-83e966ffc21e
;;;Implement Access Control Systems;6b6bb65e-1a55-4714-89d6-a1e78f5d8f42
;;;Deploy Cybersecurity Infrastructure;85348473-6a50-4bc4-927c-410a820c7192
;;;Establish Emergency Response Protocols;c532359e-505a-4992-be7d-993e69e8eedf
;;;Integrate Security Systems;0727188f-d5e7-4d4b-8b5e-17ae7224a271
;;Establish International Intelligence Network;;f1b67a61-3343-4ee8-b9b7-fba5c6e5ecd6
;;;Identify Key Intelligence Contacts;c3e6193a-ce75-4d89-af27-5f54c0d41304
;;;Establish Secure Communication Channels;94835c10-5c81-4276-b141-1d4563595d3a
;;;Develop Information Sharing Protocols;419a9fee-1200-4e67-8b02-270e7fdcd355
;;;Conduct Due Diligence on Sources;45ebd1fa-07f2-42ee-8306-99a9d0882f4c
;;;Maintain Confidentiality and Security;a6e04648-8b49-46bf-9daa-88fc30e8cbac
;;Conduct Security Audits and Testing;;7f29495e-232b-498d-a9b7-d66506dc7ce5
;;;Plan security audit scope and schedule;2d1c9d1e-79d0-47f8-a563-dbadd6f1fed8
;;;Conduct vulnerability scanning and penetration testing;afa56e5a-77a1-4d78-b432-a4ad685ed7b5
;;;Analyze audit results and identify vulnerabilities;fb3be1f0-5146-48d9-9533-7c6445af9cfb
;;;Develop remediation plan for vulnerabilities;08ca2453-e07d-427e-86cc-fa7792e54ee9
;;;Implement remediation measures and re-test;46fa1eec-f437-4164-acb2-6313805a239a
;;Personnel Background Checks and Clearances;;87b88b44-1785-4121-9042-f1001d3dc976
;;;Define Clearance Levels and Requirements;c770ec93-ee3c-4e6d-aacd-6850507c4174
;;;Initiate Background Checks with Agencies;641c4412-5f0f-4535-97e0-78a0c2e8791a
;;;Review Background Check Results and Documentation;d49f297c-c490-4439-82b8-a3d58f0bfaae
;;;Conduct Interviews and Further Investigations;7cd9c818-fc9c-43e0-8b60-2b35ef897e1b
;;;Grant or Deny Security Clearances;72f4f4b7-9842-4e99-ac19-13274dd102e5
;Diplomatic Relations and Public Perception Management;;;42515e80-1a95-4b7b-84a8-ff76c5143b6f
;;Develop Diplomatic Relations Strategy;;ede3e40f-1308-4b92-a299-db39dac1d746
;;;Identify Key International Leaders;352a1c4c-75e7-4032-866f-981bd9019b6f
;;;Research Leader Stances and Interests;0c1bf19e-50d2-4773-91f4-55c1ca173e98
;;;Develop Tailored Engagement Strategies;5d9090c2-418b-43be-bf75-3320a9862424
;;;Establish Communication Channels;6440d1a0-d4c9-4208-9e38-486f0f4e95cb
;;Engage with International Leaders;;a50bdd75-3eb0-4934-a926-a09c63b167ff
;;;Identify Key International Leaders;a78578ce-72a1-4377-8751-d362a59dbcca
;;;Prepare Engagement Materials;47dc5ff6-1cbc-4648-ab71-584a21d43d2a
;;;Schedule Meetings and Presentations;cb6ef786-d5e2-4928-b05b-7eb25ba667ad
;;;Conduct Follow-up and Relationship Building;5f44ee43-4c6d-44fa-8c32-d12a2343ced2
;;Develop Public Perception Management Strategy;;369cbd7a-ff2c-47e0-84cd-768e4e6f6335
;;;Define target audience and key messages;5f686a99-3bb1-420f-8aaf-22024abf8922
;;;Develop a media relations plan;7d64aa11-8ed2-4c90-8b63-9e71181646af
;;;Create compelling content;f8c9af93-4826-4c96-913d-bb4387f2a070
;;;Monitor media coverage and social sentiment;6ba762cd-5c95-4409-b95d-6f6e19846cae
;;;Manage crisis communications;cddfe073-ee33-4b5a-9250-ddaf4d62603d
;;Launch Social Media Campaign;;a40285eb-46c8-432f-9e12-dc372d8b9a38
;;;Define Social Media Campaign Objectives;d9ca28c3-be71-471a-9c5e-96f80ee95882
;;;Identify Target Audiences and Platforms;7282fb0e-b7b8-4ce8-b78c-fdc051e86eaf
;;;Create Engaging Content Calendar;54ce80c7-432f-497f-b23b-413f0d10aac5
;;;Implement Social Media Advertising Strategy;399dc5d7-622d-450a-953d-56a9b5630870
;;;Monitor and Analyze Campaign Performance;5e623a6b-dc57-4410-83ab-80d89caa9f4d
;;Address Ethical Concerns and Public Opposition;;6dbe56b1-fc6f-4371-96d9-4bd9e3a92939
;;;Identify Key Ethical Concerns;f48424d2-aa9a-4467-8ee1-77b7a70559b1
;;;Develop Responsible Gambling Policies;e3c21d33-6560-4e7e-be6d-df93ba4d2cbe
;;;Craft Transparent Communication Strategy;3f2f5774-aeb9-4277-ae70-a19972f4a465
;;;Engage Community Leaders and Stakeholders;d87458f4-60e1-4f73-ac33-5569c674790e
;Operational Setup and Transition;;;56cf3e99-f0a7-46eb-b25f-7e07a0e8130f
;;Procure Gambling Equipment and Supplies;;03e1e759-ad7a-4414-a40a-8915df1cbad0
;;;Identify Gambling Equipment Suppliers;7824ffac-0948-4af0-b2a5-304c9b18018d
;;;Negotiate Contracts with Suppliers;eea3456c-8f8d-443f-98a2-e3dfa9cb690c
;;;Arrange Shipping and Logistics;91adfc87-9078-4cbf-a93d-75bdecb9ca02
;;;Install and Test Equipment;e52c05b9-9624-4cd3-a6d4-83869131f7f2
;;;Secure Alcohol and Beverage Supply;4b92fa79-672d-4cf9-9bc4-b2bdcad9fa84
;;Hire and Train Casino Staff;;8a86f7b0-e7db-4688-a547-f68327d6315f
;;;Develop comprehensive training curriculum;4748cbef-1b84-4a54-8120-2d3050c34a5a
;;;Recruit and screen potential candidates;646bb30f-9f33-4ab3-b3bd-31316ca48f1b
;;;Conduct specialized skills assessments;6329fe35-9cf4-421c-aa1e-a72cbc421bdd
;;;Provide on-the-job training and mentorship;44df76c4-2a1e-4702-ae52-dd88d54b1f19
;;;Evaluate training effectiveness and refine;972329d0-e71a-458f-854d-a6b84b775163
;;Establish Operational Procedures;;7dac9efa-e2c8-416c-ae24-beb91b59aebe
;;;Document casino operational procedures;91988f32-47c9-4a3b-8be1-26114699d402
;;;Develop emergency response protocols;25f94535-1c2d-4120-8b48-760ce3048636
;;;Establish responsible gambling policies;0d78c224-fd37-4759-84f7-476e557beece
;;;Create customer service guidelines;f19b6fba-43e2-49d9-b109-4f4c45df9e16
;;;Define financial control procedures;d41f63b1-8702-45ea-b36c-fc54be9b6782
;;Transition Operations to Main Casino;;6347c293-5e23-460e-84a7-a6085d47bbfa
;;;Document casino operational procedures;3309f2c6-a4ce-43c2-a364-28e2d502b4dc
;;;Develop emergency response protocols;0304b6cb-ea99-41d9-b1e3-d2a2940309b8
;;;Establish IT and data management;3dc12b1e-b09f-4513-a8a3-5ff9f8af199a
;;;Create responsible gambling program;019ba37e-3f1b-4674-aafc-5e1bdd1beebc
;;Develop Operational Sustainability Model;;bf0ee0ff-7954-4d4b-9511-e84c952c0518
;;;Analyze casino revenue streams and expenses;2ddbaa7f-e032-42ed-8063-9cb2166b7a13
;;;Develop customer acquisition and retention plan;c8845a3b-91d8-4c0e-992c-e47a81992ee0
;;;Create a risk management and mitigation plan;f9b9be83-ad0e-4bef-b934-91f8a80cf2e4
;;;Establish key performance indicators (KPIs);5add4e09-8a05-486a-9c65-dab8945a0d7c
;Casino Inauguration and Ongoing Operations;;;33c566b2-f744-48b3-b8db-d8e4bf6d793d
;;Plan and Execute Casino Inauguration Event;;a2d32b09-4fd5-4084-940d-6a04bd965802
;;;Secure venue and finalize guest list;25dfee5f-164d-4f8c-b438-e339994004e8
;;;Coordinate security with agencies;2ad70a17-5c17-40c5-aaf7-cfdbbccf9e1b
;;;Manage logistics and transportation;73e5f8b7-789f-44f9-a9f0-5975bf1906a2
;;;Plan event program and entertainment;9e053fcb-c415-45f0-a78c-96f494cd191b
;;Monitor and Evaluate Casino Performance;;110737ff-0936-44d1-8e3c-0c43461732eb
;;;Define Key Performance Indicators (KPIs);7907c8d7-fb6e-4197-9d03-4b994501cc0a
;;;Collect and Analyze Performance Data;2279ee9d-61d3-4c36-b96e-fcdeeb4d5cdf
;;;Prepare Performance Reports;789f39b8-bb76-49be-8ac4-9dc598460340
;;;Identify Areas for Improvement;9077f27b-4904-405b-9b2b-956cd618c142
;;Implement Continuous Improvement Measures;;59348c3d-b233-43d6-8511-00ee0cf903b9
;;;Identify areas for improvement;fcf8313e-d4e4-41c1-85b4-330af0ba1fc1
;;;Develop improvement action plans;d203545b-c7d8-4a68-8f5d-6f4c25294fd0
;;;Implement and monitor changes;9adaaa1c-96ba-46d2-90b1-6b1784600872
;;;Evaluate effectiveness of improvements;39ccb9b4-91d9-48fc-b6d4-2af4bd41489b
;;Manage Risk and Security Incidents;;850e001b-c15b-43bb-82d5-ca1324b8f6f9
;;;Establish Incident Response Team;a816b55a-24ad-4033-814b-ff1d52af4aac
;;;Develop Incident Response Plan;66ff5be7-b3a5-43a7-8cf8-f3c9fa8c607e
;;;Conduct Regular Penetration Testing;f800c553-1c69-4474-b949-7b0f48f9de69
;;;Implement Security Information and Event Management;19039d7d-3644-43af-9b95-b9e2427bb73f
;;;Establish Vulnerability Management Program;ed27942a-69aa-4e12-9715-8b8a4530202f
;;Maintain Diplomatic Relations and Public Image;;dcc17b8c-083f-4025-8208-6eea2a9f4c47
;;;Monitor international media for mentions;894f0d03-21f3-4314-b31f-6a76e4aae79b
;;;Maintain relationships with key diplomats;dababfb0-93a1-4236-97c7-056f34e5cde4
;;;Address public concerns proactively;15b6922d-3b44-4131-8bb6-a5b84af2c308
;;;Develop crisis communication plan;d78e8655-8ed5-4e0a-a4f8-67f7caae37de
;;;Conduct regular stakeholder surveys;f6018c9f-f999-48aa-81b2-94b8cb18587e