Level 1;Level 2;Level 3;Level 4;Task ID
HaaS Protocol;;;;88c28fb6-a2ff-4935-a994-86ff6f4be2d7
;Project Initiation & Planning;;;d67a5a9b-c0f9-475e-83e4-84e4ebb78869
;;Define Project Scope and Objectives;;b86d264c-108a-445e-aa53-d55d991c3e96
;;;Gather stakeholder requirements for HaaS protocol;717cf7f8-1f58-4bea-8fee-01ad3a3b8d3c
;;;Analyze existing HaaS and labor protocols;7e9faadf-67c7-4237-9989-f46e08f9a620
;;;Prioritize and refine project objectives;89a7582a-9798-42d6-ba39-e0815b25e7f8
;;;Document project scope and deliverables;3a53af7f-7b88-4c86-86f1-bc52b448c286
;;Identify Stakeholders;;f3bd0a16-669d-477a-bc5f-1077fcc42a6d
;;;Identify Internal Stakeholders;9e2bb7d9-671e-4b49-a1f1-90def57bff01
;;;Identify External Stakeholders;237f4ee4-f422-448e-8d21-b3382b96ea98
;;;Analyze Stakeholder Needs and Expectations;2a0734d2-b589-46a6-a4b3-fdb513e62148
;;;Map Stakeholder Relationships and Influence;f2acc6ee-cc97-4288-bd9b-2a675fe0f743
;;;Document Stakeholder Engagement Plan;bf83af77-6887-4f8a-bdc0-8978326c048b
;;Develop Project Management Plan;;0814efbc-2611-4e9f-9c79-9946a885300d
;;;Define Project Governance Structure;f9a9ba9b-fff9-410d-9934-e1f1501c9ab8
;;;Develop Communication Plan;cd19b414-948a-4320-85db-a3bf5e2b347d
;;;Create Risk Management Plan;b2a81696-1875-4e1f-9df8-f688fd3ba94f
;;;Establish Change Management Process;705d3580-6c88-4ad5-ba4d-6796d3041d2b
;;;Define Project Schedule and Budget;b41cd901-75df-4cb6-8be4-9f6b87c05cad
;;Secure Funding;;31d1f623-2a1f-482c-87d8-c3cdd948e8de
;;;Identify Potential Funding Sources;6ef4f418-a4db-4495-a551-ff30d6bee2bc
;;;Prepare Investor Pitch Deck;b4d158cb-4415-481f-8265-382893f6bdad
;;;Conduct Investor Meetings;da2d7664-386f-46ac-bf97-fa5504ebbb5d
;;;Negotiate Funding Terms;c5c71e68-5dac-4a99-be45-a985e8dad073
;;;Finalize Funding Agreement;90b5a858-10d4-46f5-8466-f926aecf3d04
;;Establish Legal Review Process;;ce933040-93dd-4150-ba64-25009af65c6b
;;;Identify relevant legal expertise;665b059b-f344-40f3-8328-0939715d19bb
;;;Initial consultation with legal counsel;3ff7594a-bbec-450b-947c-25b2ebf49781
;;;Negotiate and finalize legal service agreement;d1a46539-6f14-4755-aff8-f0fb5487c5e7
;;;Establish communication protocols;c4913c11-5820-4437-b8f9-7c165a670a9d
;Strategic Decision Making;;;e6c2ca5b-1712-4a2d-8df1-97a7d0db71da
;;Define Verification Methodology;;5217f23b-18d0-4fd1-8580-e5d734392046
;;;Research existing verification methods;8ff89ac1-4430-45c9-a02d-6b969ff5a4f6
;;;Define skill assessment criteria;d8e61d10-c093-44b7-a42c-01e1d6632b2e
;;;Evaluate automated assessment tools;c59dd80e-36de-4089-b2e4-6a42e9777a33
;;;Design endorsement validation process;79a24d6c-1e4c-4cdd-8234-3462476268a1
;;;Document verification methodology;7b4df10f-43b0-4e98-bd87-e5f42eb7441a
;;Define Incentive Alignment Strategy;;249790f9-48b7-466c-a2ae-bfa1661ceb73
;;;Research incentive models in similar platforms;8a72dbdd-8e29-44cc-8bc6-48049cec37d9
;;;Define key performance indicators (KPIs);1bf27381-b09f-4660-84eb-0dbcb6d82f48
;;;Design incentive structure for providers;90593c18-6f2f-4b6d-944c-99f0a7f90f34
;;;Design incentive structure for clients;6a5dd19d-4173-4d9d-9530-d52bdf58cc7e
;;;Model potential unintended consequences;6293469d-d4cf-4d07-b4bb-d65603a35840
;;Define Provider Onboarding Model;;47bc1da6-cf86-43ea-a3cd-657652ee6bb7
;;;Define onboarding requirements and criteria;9b5d46b1-6c4f-4cb9-bc7f-5553ef074843
;;;Design the onboarding process workflow;fd7cd248-4422-4eb6-b12a-e9b3d40c6eb5
;;;Develop onboarding documentation and training;95d7fdd0-ed25-426b-9a7d-2c49d4c249c6
;;;Implement automated onboarding tools;64292b41-eee7-493a-95fc-bc42ea3af9b5
;;;Establish ongoing monitoring and compliance;1492a696-6373-45c1-8cdc-647afb6ec27c
;;Define Initial Service Scope;;03a929d7-d251-4372-a62f-76c427e86865
;;;Research HaaS market needs;4b592bae-89b0-4310-b7de-5e7cff71942b
;;;Assess technical feasibility of services;0c56eecf-7d66-4848-9e63-ecf45af558e3
;;;Evaluate regulatory compliance for services;66663698-4e96-4c8e-b791-caba3376e287
;;;Prioritize services based on criteria;0104f881-da8c-45ac-a6c6-8bb674407dae
;;Define Dispute Resolution Mechanism;;798aa234-10bc-4df1-9ace-0d5016367416
;;;Research dispute resolution best practices;579c787b-6dff-423e-b026-c90cd9587a57
;;;Design initial dispute resolution process;45f15776-cf51-48c5-9d53-4bc550869413
;;;Incorporate mediation and arbitration options;b67dcb08-b8fc-4df0-83ef-7ddc3c6ef535
;;;Define escalation paths and timelines;7da27045-78be-43d0-9bdc-434a1739f3f5
;Data Collection & Analysis;;;43699559-870b-4fac-9ffd-c40f1c645a94
;;Conduct Labor Market Analysis;;7900ddbe-3d86-4d25-b4ac-ef7b155408c8
;;;Gather Silicon Valley labor data;16246e1c-f43b-4697-8d6a-0bfd3cc2ab63
;;;Analyze AB5 impact on HaaS platform;b0542905-39df-4645-a757-c9ff52cac3d9
;;;Consult with labor market expert;a217a142-3d22-4cc0-b924-40afd76690dd
;;;Document labor market analysis findings;6c17a277-7935-409f-b37e-9268bd666422
;;Develop AB5 Compliance Plan;;566446be-abad-4e1d-b6bc-58a02407b15d
;;;Research AB5 requirements for HaaS;b3c470d6-2ab1-4114-9798-4912c9553a2c
;;;Develop worker classification checklist;8a81b8c5-0a26-4a70-add9-c365b9baf3ee
;;;Draft service provider agreements;6432c872-8451-4938-803c-a1b707b74703
;;;Define insurance requirements for providers;1fdf1cb7-3588-49e1-8f51-deca2980ca75
;;;Establish audit process for classifications;6e48cce0-6278-4097-b2ba-90edd334ea4b
;;Develop Economic Model for Open Protocol;;cc342662-211e-4e84-9a9f-67ce5672ec6b
;;;Identify potential revenue streams;c4025fb0-6412-4425-91ed-0f979202e869
;;;Model financial performance scenarios;5880f793-5796-4799-a829-6586283dd593
;;;Analyze open-source funding models;79cbb194-6c3c-4d3b-b2c3-dafe2a15e40d
;;;Define governance structure for sustainability;c6d83ad9-a851-4fd6-8bac-cc9290b5cf4d
;;;Validate economic model with experts;17a532e0-b9d9-43b8-819a-61abad2d847b
;;Develop Hybrid Verification Methodology Protocol;;2b4fe2c9-745f-4e5e-a4b2-d735b6e5cba4
;;;Define Skills for Verification;27aaae2a-e5f8-441f-8535-c2b6e83c55f7
;;;Select Automated Assessment Tools;d16673bb-aedf-4c2b-b97f-120b4a72732e
;;;Establish Professional Endorsement Criteria;bb23801d-cf20-4341-8063-ae0aaac2c043
;;;Design Hybrid Verification Scoring System;e465ab6f-1bd7-453f-ae9c-529428f777a5
;;;Pilot Test Verification Protocol;50a4ea0c-8ec5-46bc-b230-7ec23f744bbf
;Platform Development;;;a97a973d-317c-4599-a239-2d50ea758385
;;Design Platform Architecture;;a9573af7-c935-4d9e-9875-2e42f4a36023
;;;Define Job Posting Data Model;f1b42202-9809-42cd-9529-c318712fdfb5
;;;Design Job Posting UI/UX;cf73ea1c-4fbe-434c-b3a8-0d0b00b3fe81
;;;Develop Job Posting Creation API;c960936b-510d-4eca-a425-6b491c3293a4
;;;Implement Job Search Functionality;947f7fe4-7b05-48df-b9cb-67ef62dab8c3
;;;Test Job Posting Module;701994d3-2033-4447-b1c9-d31a2b49b7d2
;;Develop Job Posting Module;;279dee68-8963-42fb-9d82-da1deb8eab57
;;;Design Job Posting Schema;de6bdf19-e776-43df-96c4-95c1fd193650
;;;Implement Job Posting API;13b54546-54ab-4135-8e0e-f5167ae720d0
;;;Develop Job Posting UI;2029d4f7-e636-4252-86e3-7bf3a81ab7fe
;;;Implement Search Functionality;5a9363df-1cfe-4948-8bd1-b7aea21925c2
;;Develop Profile Management Module;;8951c3d4-2e61-409e-be71-59fe9a701c72
;;;Define Verification API Requirements;e8863f5b-25ff-4191-ab7c-29eb3859dfbd
;;;Integrate Automated Verification Tools;32ffd98c-d636-412d-b1f7-bb17163ba847
;;;Develop Endorsement Management System;89b389a6-c49f-43aa-8be9-25da3e13c6e1
;;;Implement Verification Scoring Algorithm;5ec32df8-5a12-459d-a6b1-977f92cd2a73
;;;Test Verification Module Integration;e97a633b-fce3-4b69-a318-e55e8a268a1b
;;Develop Verification Module;;8438d2a9-a406-4db2-9f74-5208cf8f697c
;;;Research verification provider APIs;ab7ceef1-fa45-4608-9870-86e01193747f
;;;Design verification module interface;3ee33cd1-13ed-4739-bd64-64f9e58b81d0
;;;Implement automated skill assessment integration;10d172a6-e694-4542-b537-b4bcff38269f
;;;Develop professional endorsement system;ddf165bb-61c9-4574-be0e-297db67ab186
;;;Test hybrid verification integration;282b2e96-ac16-420b-8c3c-777124648d69
;;Develop Payment Module;;ff7d368a-35ad-4b7c-a29e-739b7291c39b
;;;Select Payment Gateway and API;57fe04c0-8587-4d4b-9162-61162280fd7c
;;;Implement Secure Payment Processing Logic;78b98431-c4fa-4eec-86a1-c7b3e1c251ed
;;;Integrate with Chosen Payment Gateway;87d41d9a-128f-4347-a8e5-67341bab48e5
;;;Ensure PCI DSS Compliance;b23bc3ab-40c7-4be4-b7f8-40ed7e4ea455
;;;Implement Fraud Detection Mechanisms;a8533a6f-eeda-4661-8f8d-2d3c02b628f8
;;Implement Data Privacy Compliance;;cf5b20bf-0c57-4e39-abd9-384bd8e5e86f
;;;Identify applicable data privacy regulations;1cc0cb21-0da4-487e-889c-dfcf24c4cbe3
;;;Design data privacy architecture;7f9a4e2f-aaa0-440d-b21c-cb4262ad560e
;;;Implement data privacy features;ba6b152a-92a8-4739-a259-f7c58cbe1a8a
;;;Conduct data privacy impact assessment;527c24cc-94f5-4122-9bad-d3ebc04aa77d
;;;Test and validate compliance measures;f8a67696-51e7-4ed3-b1af-27c6e62ca178
;Pilot Program Implementation;;;18a80238-90ab-462e-8c51-a8b1356e94c8
;;Secure Office Space in Silicon Valley;;4358e271-f29d-4988-ab8d-54c20d369f9e
;;;Identify potential office spaces;a04c10c4-607c-4bb2-93fd-a35403c7c2bc
;;;Negotiate lease terms;e25cbe89-80a2-4d8b-b0a4-2673e3f19fe0
;;;Finalize lease agreement;1e99c563-1191-41ff-99a0-dd683e3b7f16
;;;Prepare office for occupancy;e000cd43-7951-46cc-890f-7a8441fea9ad
;;Establish Partnerships with Service Providers;;014a081b-22df-4cc4-971f-e22265d6742e
;;;Identify potential service provider partners;a53e94ad-8d87-452c-b40a-63e3be8294cb
;;;Initial outreach to service providers;1133b5d9-4544-4739-a500-063806597d60
;;;Negotiate partnership agreements;8ee179e3-aad1-4823-9303-ca8910009d37
;;;Onboard service providers to the platform;f2067a96-c125-4c67-84ef-ab3aa5f0a586
;;;Establish communication channels;8a60a79d-0ac6-41d6-ada5-4eed3bb734fc
;;Recruit Pilot Users (Service Providers & Clients);;2b6f2d53-4810-402a-9608-11bf7c8249eb
;;;Define Target User Profiles;5164251a-bd9f-4ec2-883e-f600af08b69d
;;;Develop Recruitment Marketing Strategy;b69fced2-a958-4821-a5c0-e7d14107bf62
;;;Design Onboarding Process;22b46932-c459-4b99-bb36-71809b887901
;;;Implement Referral Program;28161652-7ac5-4a22-aad5-505cb5175a92
;;;Track Recruitment Metrics;a1f39a8d-fc2e-4bdf-9847-e3be0a866d8d
;;Conduct Pilot Testing;;0cec1a94-ecff-42e1-a393-e5b8716a21c6
;;;Prepare pilot test environment;72c1059c-42c3-4e33-835c-76beffb88938
;;;Develop pilot test scenarios;9704c092-9cb3-42a5-9cb2-1df333f441f3
;;;Execute pilot test scenarios;715cd2a3-e8c3-45c1-a05b-a03654d6d4c4
;;;Monitor platform performance;b1fbd5bd-bdbb-4d8a-829c-d7905e9edd3d
;;;Collect user feedback during pilot;7fe3c25b-6596-4451-8122-3dce70e8ede7
;;Gather Feedback and Iterate;;1ff48f9c-fcc7-4605-b49b-2b6b893633e6
;;;Collect Pilot User Feedback;a0dfb9c1-18cd-4a98-b808-a49d5fb683ef
;;;Analyze Feedback Data;2f0982f8-68f4-482d-8b2c-cdb86bf8b048
;;;Prioritize Platform Refinements;8ed17ab1-b3f8-4db5-9dc9-74a5b750cef0
;;;Implement Platform Changes;fdfa3772-82d9-44fe-8ac0-513b3d613214
;;;Validate Implemented Changes;f58f0471-f4b6-4a23-9c4c-eb07d914202e
;Evaluation & Refinement;;;c2f6a49b-9df3-4a80-a9e8-aff9e5d7d213
;;Analyze Pilot Program Results;;2b0322a6-be20-4c47-86ba-df502bafebf9
;;;Define Key Performance Indicators (KPIs);fdef00fb-ab2b-4209-9ac9-9e7fa43188f8
;;;Collect Quantitative Pilot Program Data;b83b0da6-f370-4a72-8d9f-9c927176cbf9
;;;Gather Qualitative Pilot Program Feedback;a9b6b68b-7bf2-45a7-8225-9f44c6ca6a1f
;;;Analyze Quantitative and Qualitative Data;8d01aebd-e236-4f0b-848a-586f3bd6c771
;;;Document Analysis Findings and Recommendations;bdf56d54-7e70-473c-bf81-c720535fcfcb
;;Refine Platform Based on Feedback;;9e0cd3b4-58eb-4e98-a1c6-9ee882fe547d
;;;Identify areas for platform refinement;ed72de7c-8a47-4b33-ac22-fbfd0cf747a1
;;;Prioritize platform refinement tasks;cbfd6ab2-bc53-4514-b8b8-3b22c3aecada
;;;Implement platform refinements;d4dd7df3-25b0-4240-b456-d81193f5f7f1
;;;Test refined platform functionality;b110053d-d2df-4038-ba9e-f3bf45bfec61
;;Finalize Open Protocol Documentation;;d5782b1e-db15-4819-97ca-32fa2657a5e4
;;;Gather all pilot program documentation;aafe0ef2-bf7f-47bb-8ec8-04d8de3adfd1
;;;Review and incorporate feedback into protocol;51676fb8-e8cd-43a9-b988-89e925954577
;;;Edit and proofread documentation;8e2ee48d-a7f0-4344-b944-75c96cf02372
;;;Obtain final stakeholder approval;ec445423-e913-4cd4-b166-929c50285516
;Project Closure;;;69f43a12-03c2-45e1-8574-f7c766c6fb3f
;;Final Project Report;;9326b11e-1d4c-48ae-9f20-8d3262e2ffd9
;;;Gather all project data and documentation;cd08677d-19aa-438d-8de3-da5f8544ec57
;;;Analyze key findings and outcomes;b8137d1d-8079-4428-83d3-16073e2f75cd
;;;Write draft of final project report;0b593f7a-afcc-4cdb-86fd-65f79cd98ed6
;;;Review and revise the draft report;5cd6ea51-d6c1-4c84-9602-c1e5d0b67b7a
;;;Finalize and submit project report;7532c44e-e793-4e94-9c19-fabe27f18d29
;;Stakeholder Sign-off;;1a9ab71c-00dc-4d96-b4d2-3f9f74a2bc4b
;;;Identify Key Stakeholders for Sign-off;17f535c7-da43-480b-a1c6-0ba3e428dd10
;;;Prepare Sign-off Documentation Package;8759f8dd-d7e7-4c26-b497-92c93a495158
;;;Schedule and Conduct Sign-off Meetings;4c469ab9-fdd3-4ea3-90d0-45e3774c4bfb
;;;Address Feedback and Revise Documents;90b8b649-4b0e-4003-9744-41830a78a3b1
;;Archive Project Documentation;;6df248be-7592-4131-8708-13cf0d4ddb02
;;;Gather all project-related documents;2ce41fe1-d24b-480a-98c7-48bd69e001b1
;;;Organize documentation for archiving;56bcdb1e-d514-4aa1-8931-ba054b758ff3
;;;Upload documents to archive system;a37dc0da-0b22-4b93-9e6e-8228c1e594c3
;;;Verify completeness of archive;2f0a3c84-8362-4341-8daf-0b083083c122
;;;Confirm archive system access permissions;73d95831-0c52-44c4-9f1f-849e52fe8de2