project_key,project_name,project_description,project_start_date,project_end_date,project_progress,project_parent,originating_department
88c28fb6-a2ff-4935-a994-86ff6f4be2d7,HaaS Protocol,"HaaS Protocol

Final deliverable:
Open Protocol",10/12/2025,7/12/2027,0,,PlanExe
d67a5a9b-c0f9-475e-83e4-84e4ebb78869,Project Initiation & Planning,,10/12/2025,12/12/2025,0,88c28fb6-a2ff-4935-a994-86ff6f4be2d7,PlanExe
b86d264c-108a-445e-aa53-d55d991c3e96,Define Project Scope and Objectives,,10/12/2025,10/20/2025,0,d67a5a9b-c0f9-475e-83e4-84e4ebb78869,PlanExe
717cf7f8-1f58-4bea-8fee-01ad3a3b8d3c,Gather stakeholder requirements for HaaS protocol,"Gather stakeholder requirements for HaaS protocol

Description:
Objective: Collect detailed requirements from all key stakeholders regarding the HaaS protocol.
Scope: Identify and document the needs, expectations, and constraints of each stakeholder group.
Steps: Conduct interviews, surveys, and workshops with stakeholders. Analyze collected data to identify common themes and conflicting requirements. Document the requirements in a structured format.
Deliverables: A comprehensive requirements document outlining the needs of all stakeholders.

Resources needed:
• Project Manager
• Business Analyst
• Stakeholder Representatives",10/12/2025,10/14/2025,0,b86d264c-108a-445e-aa53-d55d991c3e96,PlanExe
7e9faadf-67c7-4237-9989-f46e08f9a620,Analyze existing HaaS and labor protocols,"Analyze existing HaaS and labor protocols

Description:
Objective: Research and analyze existing Human-as-a-Service (HaaS) protocols and relevant labor standards.
Scope: Identify best practices, potential challenges, and areas for innovation in the HaaS protocol.
Steps: Conduct literature reviews, analyze industry reports, and examine existing open-source protocols. Identify key features and functionalities of successful HaaS platforms. Document the findings in a comparative analysis report.
Deliverables: A comparative analysis report outlining the strengths and weaknesses of existing HaaS protocols and labor standards.

Resources needed:
• Research Analyst
• Technical Writer
• Subject Matter Expert",10/14/2025,10/16/2025,0,717cf7f8-1f58-4bea-8fee-01ad3a3b8d3c,PlanExe
89a7582a-9798-42d6-ba39-e0815b25e7f8,Prioritize and refine project objectives,"Prioritize and refine project objectives

Description:
Objective: Prioritize and refine the project objectives based on stakeholder requirements and the analysis of existing protocols.
Scope: Ensure that the project objectives are specific, measurable, achievable, relevant, and time-bound (SMART).
Steps: Conduct a prioritization workshop with key stakeholders. Use a decision-making framework (e.g., MoSCoW) to rank the requirements. Refine the project objectives based on the prioritized requirements.
Deliverables: A refined set of SMART project objectives that align with stakeholder needs and industry best practices.

Resources needed:
• Project Manager
• Business Analyst
• Stakeholder Representatives",10/16/2025,10/18/2025,0,7e9faadf-67c7-4237-9989-f46e08f9a620,PlanExe
3a53af7f-7b88-4c86-86f1-bc52b448c286,Document project scope and deliverables,"Document project scope and deliverables

Description:
Objective: Clearly define the project scope and deliverables based on the refined project objectives.
Scope: Specify the boundaries of the project and the tangible outputs that will be produced.
Steps: Create a work breakdown structure (WBS) to decompose the project into manageable tasks. Define the deliverables for each task. Document the project scope and deliverables in a scope statement.
Deliverables: A comprehensive scope statement outlining the project boundaries, deliverables, and acceptance criteria.

Resources needed:
• Project Manager
• Technical Writer
• Subject Matter Expert",10/18/2025,10/20/2025,0,b86d264c-108a-445e-aa53-d55d991c3e96,PlanExe
f3bd0a16-669d-477a-bc5f-1077fcc42a6d,Identify Stakeholders,,10/20/2025,10/25/2025,0,b86d264c-108a-445e-aa53-d55d991c3e96,PlanExe
9e2bb7d9-671e-4b49-a1f1-90def57bff01,Identify Internal Stakeholders,"Identify Internal Stakeholders

Description:
Identify all internal team members and departments involved in the HaaS project. This includes project managers, developers, legal counsel, marketing, and executive leadership. Determine their roles, responsibilities, and level of influence.

Resources needed:
• Project Manager
• Executive Sponsor",10/20/2025,10/21/2025,0,f3bd0a16-669d-477a-bc5f-1077fcc42a6d,PlanExe
237f4ee4-f422-448e-8d21-b3382b96ea98,Identify External Stakeholders,"Identify External Stakeholders

Description:
Identify external entities impacted by or having influence over the HaaS project. This includes potential service providers, clients, regulatory bodies, industry experts, and community members. Determine their interests, concerns, and potential impact on the project.

Resources needed:
• Market Research Analyst
• Project Manager",10/21/2025,10/22/2025,0,9e2bb7d9-671e-4b49-a1f1-90def57bff01,PlanExe
2a0734d2-b589-46a6-a4b3-fdb513e62148,Analyze Stakeholder Needs and Expectations,"Analyze Stakeholder Needs and Expectations

Description:
Conduct interviews, surveys, and focus groups to understand the needs, expectations, and concerns of each stakeholder group. Document their requirements and prioritize them based on their importance to the project's success.

Resources needed:
• Market Research Analyst
• Project Manager
• Communication Specialist",10/22/2025,10/23/2025,0,237f4ee4-f422-448e-8d21-b3382b96ea98,PlanExe
f2acc6ee-cc97-4288-bd9b-2a675fe0f743,Map Stakeholder Relationships and Influence,"Map Stakeholder Relationships and Influence

Description:
Create a stakeholder map to visualize the relationships and influence of each stakeholder group. Identify key influencers and potential champions for the project. Develop strategies for engaging and managing each stakeholder group effectively.

Resources needed:
• Project Manager
• Business Analyst",10/23/2025,10/24/2025,0,2a0734d2-b589-46a6-a4b3-fdb513e62148,PlanExe
bf83af77-6887-4f8a-bdc0-8978326c048b,Document Stakeholder Engagement Plan,"Document Stakeholder Engagement Plan

Description:
Develop a comprehensive stakeholder engagement plan outlining the communication channels, frequency, and methods for engaging with each stakeholder group. Define key messages and tailor them to each audience. Establish a process for addressing stakeholder concerns and resolving conflicts.

Resources needed:
• Project Manager
• Communication Specialist",10/24/2025,10/25/2025,0,f3bd0a16-669d-477a-bc5f-1077fcc42a6d,PlanExe
0814efbc-2611-4e9f-9c79-9946a885300d,Develop Project Management Plan,,10/25/2025,11/4/2025,0,f3bd0a16-669d-477a-bc5f-1077fcc42a6d,PlanExe
f9a9ba9b-fff9-410d-9934-e1f1501c9ab8,Define Project Governance Structure,"Define Project Governance Structure

Description:
Establish the decision-making processes, roles, and responsibilities for the project. This includes defining the project steering committee, escalation paths, and communication protocols.

Resources needed:
• Project Manager
• Stakeholders
• Legal Counsel",10/25/2025,10/27/2025,0,0814efbc-2611-4e9f-9c79-9946a885300d,PlanExe
cd19b414-948a-4320-85db-a3bf5e2b347d,Develop Communication Plan,"Develop Communication Plan

Description:
Outline how project information will be disseminated to stakeholders, including frequency, channels, and responsible parties. This ensures transparency and keeps everyone informed of progress and potential issues.

Resources needed:
• Project Manager
• Communication Specialist",10/27/2025,10/29/2025,0,f9a9ba9b-fff9-410d-9934-e1f1501c9ab8,PlanExe
b2a81696-1875-4e1f-9df8-f688fd3ba94f,Create Risk Management Plan,"Create Risk Management Plan

Description:
Identify potential risks that could impact the project's success, assess their likelihood and impact, and develop mitigation strategies. This helps proactively address potential problems and minimize their impact.

Resources needed:
• Project Manager
• Risk Management Specialist
• Subject Matter Experts",10/29/2025,10/31/2025,0,cd19b414-948a-4320-85db-a3bf5e2b347d,PlanExe
705d3580-6c88-4ad5-ba4d-6796d3041d2b,Establish Change Management Process,"Establish Change Management Process

Description:
Define the process for managing changes to the project scope, schedule, or budget. This ensures that changes are properly evaluated, approved, and implemented without disrupting the project.

Resources needed:
• Project Manager
• Change Control Board",10/31/2025,11/2/2025,0,b2a81696-1875-4e1f-9df8-f688fd3ba94f,PlanExe
b41cd901-75df-4cb6-8be4-9f6b87c05cad,Define Project Schedule and Budget,"Define Project Schedule and Budget

Description:
Create a detailed project schedule with tasks, dependencies, and milestones. Develop a comprehensive budget that includes all project costs. This provides a roadmap for project execution and ensures that resources are allocated effectively.

Resources needed:
• Project Manager
• Financial Analyst",11/2/2025,11/4/2025,0,0814efbc-2611-4e9f-9c79-9946a885300d,PlanExe
31d1f623-2a1f-482c-87d8-c3cdd948e8de,Secure Funding,,11/4/2025,12/4/2025,0,0814efbc-2611-4e9f-9c79-9946a885300d,PlanExe
6ef4f418-a4db-4495-a551-ff30d6bee2bc,Identify Potential Funding Sources,"Identify Potential Funding Sources

Description:
Research and identify potential funding sources, including venture capital firms, angel investors, and grant opportunities. This involves creating a list of potential investors and researching their investment criteria and history.

Resources needed:
• Financial Analyst
• Market Research Analyst",11/4/2025,11/10/2025,0,31d1f623-2a1f-482c-87d8-c3cdd948e8de,PlanExe
b4d158cb-4415-481f-8265-382893f6bdad,Prepare Investor Pitch Deck,"Prepare Investor Pitch Deck

Description:
Develop a compelling investor pitch deck that highlights the value proposition of the HaaS platform, the market opportunity, and the team's expertise. This includes creating a financial model and projections.

Resources needed:
• Project Manager
• Financial Analyst
• Marketing Team",11/10/2025,11/16/2025,0,6ef4f418-a4db-4495-a551-ff30d6bee2bc,PlanExe
da2d7664-386f-46ac-bf97-fa5504ebbb5d,Conduct Investor Meetings,"Conduct Investor Meetings

Description:
Schedule and conduct meetings with potential investors to present the pitch deck and answer their questions. This involves preparing for the meetings and following up with investors after the meetings.

Resources needed:
• Project Lead
• Financial Analyst",11/16/2025,11/22/2025,0,b4d158cb-4415-481f-8265-382893f6bdad,PlanExe
c5c71e68-5dac-4a99-be45-a985e8dad073,Negotiate Funding Terms,"Negotiate Funding Terms

Description:
Negotiate the terms of the funding agreement with the selected investor(s). This includes reviewing the term sheet and legal documents, and ensuring that the terms are favorable to the project.

Resources needed:
• Legal Counsel
• Project Lead
• Financial Analyst",11/22/2025,11/28/2025,0,da2d7664-386f-46ac-bf97-fa5504ebbb5d,PlanExe
90b5a858-10d4-46f5-8466-f926aecf3d04,Finalize Funding Agreement,"Finalize Funding Agreement

Description:
Finalize the funding agreement and secure the funds. This involves signing the legal documents and ensuring that the funds are transferred to the project's bank account.

Resources needed:
• Legal Counsel
• Project Lead
• Financial Analyst",11/28/2025,12/4/2025,0,31d1f623-2a1f-482c-87d8-c3cdd948e8de,PlanExe
ce933040-93dd-4150-ba64-25009af65c6b,Establish Legal Review Process,,12/4/2025,12/12/2025,0,d67a5a9b-c0f9-475e-83e4-84e4ebb78869,PlanExe
665b059b-f344-40f3-8328-0939715d19bb,Identify relevant legal expertise,"Identify relevant legal expertise

Description:
Identify law firms or individual attorneys specializing in California labor law, specifically related to worker classification (AB5) and Human-as-a-Service platforms. This includes researching firms, reviewing their experience, and assessing their suitability for the project's needs.

Resources needed:
• Project Manager
• Legal Consultant",12/4/2025,12/6/2025,0,ce933040-93dd-4150-ba64-25009af65c6b,PlanExe
3ff7594a-bbec-450b-947c-25b2ebf49781,Initial consultation with legal counsel,"Initial consultation with legal counsel

Description:
Schedule and conduct initial consultations with potential legal counsel to discuss the project's scope, objectives, and specific legal requirements. This includes presenting the HaaS platform concept, outlining the anticipated legal challenges, and assessing the counsel's understanding and approach.

Resources needed:
• Project Manager
• Legal Consultant",12/6/2025,12/8/2025,0,665b059b-f344-40f3-8328-0939715d19bb,PlanExe
d1a46539-6f14-4755-aff8-f0fb5487c5e7,Negotiate and finalize legal service agreement,"Negotiate and finalize legal service agreement

Description:
Negotiate the terms of the legal service agreement with the selected legal counsel, including scope of services, fees, payment schedule, and confidentiality provisions. This includes reviewing the agreement, addressing any concerns, and ensuring that it aligns with the project's budget and timeline.

Resources needed:
• Project Manager
• Legal Consultant
• Contract Specialist",12/8/2025,12/10/2025,0,3ff7594a-bbec-450b-947c-25b2ebf49781,PlanExe
c4913c11-5820-4437-b8f9-7c165a670a9d,Establish communication protocols,"Establish communication protocols

Description:
Establish clear communication protocols with legal counsel to ensure timely and effective communication throughout the project. This includes defining communication channels, frequency of updates, and escalation procedures for urgent legal matters.

Resources needed:
• Project Manager
• Legal Consultant",12/10/2025,12/12/2025,0,ce933040-93dd-4150-ba64-25009af65c6b,PlanExe
e6c2ca5b-1712-4a2d-8df1-97a7d0db71da,Strategic Decision Making,,12/12/2025,2/4/2026,0,d67a5a9b-c0f9-475e-83e4-84e4ebb78869,PlanExe
5217f23b-18d0-4fd1-8580-e5d734392046,Define Verification Methodology,,12/12/2025,12/22/2025,0,e6c2ca5b-1712-4a2d-8df1-97a7d0db71da,PlanExe
8ff89ac1-4430-45c9-a02d-6b969ff5a4f6,Research existing verification methods,"Research existing verification methods

Description:
Objective: Identify and analyze existing verification methodologies used in similar industries and contexts.
Scope: Literature review, expert interviews, analysis of industry best practices.
Steps: 1. Conduct literature review on verification methods. 2. Interview experts in skill assessment and verification. 3. Analyze the strengths and weaknesses of different methods. 4. Document findings.
Deliverables: A report summarizing existing verification methods and their applicability to the HaaS platform.

Resources needed:
• Market Research Analyst
• Subject Matter Expert
• Project Lead",12/12/2025,12/14/2025,0,5217f23b-18d0-4fd1-8580-e5d734392046,PlanExe
d8e61d10-c093-44b7-a42c-01e1d6632b2e,Define skill assessment criteria,"Define skill assessment criteria

Description:
Objective: Determine the specific skills and competencies that need to be assessed for each type of physical labor service offered on the HaaS platform.
Scope: Analysis of job requirements, consultation with industry experts, development of skill assessment rubrics.
Steps: 1. Identify the key skills required for each service. 2. Develop objective and measurable assessment criteria. 3. Consult with industry experts to validate the criteria. 4. Document the assessment criteria.
Deliverables: A detailed list of skill assessment criteria for each service offered on the platform.

Resources needed:
• Subject Matter Expert
• Verification and Quality Assurance Manager
• Project Lead",12/14/2025,12/16/2025,0,8ff89ac1-4430-45c9-a02d-6b969ff5a4f6,PlanExe
c59dd80e-36de-4089-b2e4-6a42e9777a33,Evaluate automated assessment tools,"Evaluate automated assessment tools

Description:
Objective: Identify and evaluate automated tools that can be used to assess worker skills and competencies.
Scope: Research and testing of different assessment tools, analysis of their accuracy and reliability.
Steps: 1. Research available automated assessment tools. 2. Evaluate the tools based on their accuracy, reliability, and cost-effectiveness. 3. Conduct pilot tests with a small group of workers. 4. Document the evaluation results.
Deliverables: A report summarizing the evaluation of automated assessment tools and recommendations for their use on the platform.

Resources needed:
• Software Engineer
• Verification and Quality Assurance Manager
• Project Lead",12/16/2025,12/18/2025,0,d8e61d10-c093-44b7-a42c-01e1d6632b2e,PlanExe
79a24d6c-1e4c-4cdd-8234-3462476268a1,Design endorsement validation process,"Design endorsement validation process

Description:
Objective: Develop a process for validating endorsements from verified professionals.
Scope: Define criteria for selecting verified professionals, develop a scoring system for endorsements, and establish a process for verifying the authenticity of endorsements.
Steps: 1. Define the criteria for selecting verified professionals. 2. Develop a scoring system for endorsements. 3. Establish a process for verifying the authenticity of endorsements. 4. Document the validation process.
Deliverables: A detailed protocol for validating endorsements from verified professionals.

Resources needed:
• Verification and Quality Assurance Manager
• Legal Counsel
• Project Lead",12/18/2025,12/20/2025,0,c59dd80e-36de-4089-b2e4-6a42e9777a33,PlanExe
7b4df10f-43b0-4e98-bd87-e5f42eb7441a,Document verification methodology,"Document verification methodology

Description:
Objective: Create a comprehensive document outlining the chosen verification methodology, including all steps, criteria, and tools used.
Scope: Consolidate all research, analysis, and design decisions into a single document.
Steps: 1. Compile all relevant information. 2. Write a clear and concise description of the verification methodology. 3. Review the document with stakeholders. 4. Finalize the document.
Deliverables: A complete and well-documented verification methodology.

Resources needed:
• Technical Writer
• Verification and Quality Assurance Manager
• Project Lead",12/20/2025,12/22/2025,0,5217f23b-18d0-4fd1-8580-e5d734392046,PlanExe
249790f9-48b7-466c-a2ae-bfa1661ceb73,Define Incentive Alignment Strategy,,12/22/2025,1/1/2026,0,5217f23b-18d0-4fd1-8580-e5d734392046,PlanExe
8a72dbdd-8e29-44cc-8bc6-48049cec37d9,Research incentive models in similar platforms,"Research incentive models in similar platforms

Description:
Objective: Identify successful incentive models used in comparable platforms (e.g., gig economy, marketplaces). Scope: Review academic literature, industry reports, and case studies. Steps: 1. Identify relevant platforms. 2. Analyze their incentive structures. 3. Document key findings. Deliverables: A report summarizing incentive models.

Resources needed:
• Market Research Analyst
• Project Manager",12/22/2025,12/24/2025,0,249790f9-48b7-466c-a2ae-bfa1661ceb73,PlanExe
1bf27381-b09f-4660-84eb-0dbcb6d82f48,Define key performance indicators (KPIs) (1),"Define key performance indicators (KPIs)

Description:
Objective: Establish KPIs to measure the effectiveness of the incentive alignment strategy. Scope: Define metrics related to service provider performance, client satisfaction, and platform usage. Steps: 1. Identify relevant metrics. 2. Define target values for each metric. 3. Document KPIs. Deliverables: A document outlining the KPIs.

Resources needed:
• Data Analyst
• Project Manager",12/24/2025,12/26/2025,0,8a72dbdd-8e29-44cc-8bc6-48049cec37d9,PlanExe
90593c18-6f2f-4b6d-944c-99f0a7f90f34,Design incentive structure for providers,"Design incentive structure for providers

Description:
Objective: Develop an incentive structure that motivates service providers to deliver high-quality services. Scope: Design incentives based on performance metrics, client feedback, and platform usage. Steps: 1. Define incentive tiers. 2. Determine reward mechanisms (e.g., bonuses, recognition). 3. Document the incentive structure. Deliverables: A detailed incentive structure document.

Resources needed:
• Incentive Design Specialist
• Project Manager",12/26/2025,12/28/2025,0,1bf27381-b09f-4660-84eb-0dbcb6d82f48,PlanExe
6a5dd19d-4173-4d9d-9530-d52bdf58cc7e,Design incentive structure for clients,"Design incentive structure for clients

Description:
Objective: Develop an incentive structure that encourages clients to provide constructive feedback and engage with the platform. Scope: Design incentives based on feedback quality, platform usage, and referrals. Steps: 1. Define incentive tiers. 2. Determine reward mechanisms (e.g., discounts, priority access). 3. Document the incentive structure. Deliverables: A detailed incentive structure document.

Resources needed:
• Incentive Design Specialist
• Project Manager",12/28/2025,12/30/2025,0,90593c18-6f2f-4b6d-944c-99f0a7f90f34,PlanExe
6293469d-d4cf-4d07-b4bb-d65603a35840,Model potential unintended consequences,"Model potential unintended consequences

Description:
Objective: Identify and mitigate potential unintended consequences of the incentive structure. Scope: Analyze potential risks such as gaming the system or attracting low-quality participants. Steps: 1. Conduct a risk assessment. 2. Develop mitigation strategies. 3. Document findings. Deliverables: A risk mitigation plan.

Resources needed:
• Risk Analyst
• Project Manager",12/30/2025,1/1/2026,0,249790f9-48b7-466c-a2ae-bfa1661ceb73,PlanExe
47bc1da6-cf86-43ea-a3cd-657652ee6bb7,Define Provider Onboarding Model,,1/1/2026,1/11/2026,0,249790f9-48b7-466c-a2ae-bfa1661ceb73,PlanExe
9b5d46b1-6c4f-4cb9-bc7f-5553ef074843,Define onboarding requirements and criteria,"Define onboarding requirements and criteria

Description:
Establish clear requirements for service providers to join the platform, including qualifications, background checks, and insurance requirements. Define the criteria for acceptance onto the platform.

Resources needed:
• Legal Counsel
• Compliance Officer
• Project Manager",1/1/2026,1/3/2026,0,47bc1da6-cf86-43ea-a3cd-657652ee6bb7,PlanExe
fd7cd248-4422-4eb6-b12a-e9b3d40c6eb5,Design the onboarding process workflow,"Design the onboarding process workflow

Description:
Map out the steps involved in the onboarding process, from initial application to final approval. Include details on data collection, verification, and training.

Resources needed:
• UX/UI Designer
• Process Engineer
• Project Manager",1/3/2026,1/5/2026,0,9b5d46b1-6c4f-4cb9-bc7f-5553ef074843,PlanExe
95d7fdd0-ed25-426b-9a7d-2c49d4c249c6,Develop onboarding documentation and training,"Develop onboarding documentation and training

Description:
Create clear and concise documentation to guide service providers through the onboarding process. Develop training materials to ensure they understand the platform's policies and procedures.

Resources needed:
• Technical Writer
• Training Specialist
• Subject Matter Experts",1/5/2026,1/7/2026,0,fd7cd248-4422-4eb6-b12a-e9b3d40c6eb5,PlanExe
64292b41-eee7-493a-95fc-bc42ea3af9b5,Implement automated onboarding tools,"Implement automated onboarding tools

Description:
Integrate automated tools to streamline the onboarding process, such as online application forms, background check services, and automated verification systems.

Resources needed:
• Software Developers
• System Integrators
• IT Support",1/7/2026,1/9/2026,0,95d7fdd0-ed25-426b-9a7d-2c49d4c249c6,PlanExe
1492a696-6373-45c1-8cdc-647afb6ec27c,Establish ongoing monitoring and compliance,"Establish ongoing monitoring and compliance

Description:
Develop a system for monitoring service provider compliance with platform requirements and regulations. Implement procedures for addressing violations and ensuring ongoing adherence.

Resources needed:
• Compliance Officer
• Data Analyst
• Legal Counsel",1/9/2026,1/11/2026,0,47bc1da6-cf86-43ea-a3cd-657652ee6bb7,PlanExe
03a929d7-d251-4372-a62f-76c427e86865,Define Initial Service Scope,,1/11/2026,1/19/2026,0,47bc1da6-cf86-43ea-a3cd-657652ee6bb7,PlanExe
4b592bae-89b0-4310-b7de-5e7cff71942b,Research HaaS market needs,"Research HaaS market needs

Description:
Identify the most pressing needs in the HaaS market to determine the initial service scope. This involves analyzing market trends, competitor offerings, and potential customer demands.

Resources needed:
• Market Research Analyst
• Industry Experts",1/11/2026,1/13/2026,0,03a929d7-d251-4372-a62f-76c427e86865,PlanExe
0c56eecf-7d66-4848-9e63-ecf45af558e3,Assess technical feasibility of services,"Assess technical feasibility of services

Description:
Evaluate the technical feasibility of providing various HaaS services. This includes assessing the availability of necessary technologies, the complexity of implementation, and the potential for scalability.

Resources needed:
• Technical Architect
• Software Engineers",1/13/2026,1/15/2026,0,4b592bae-89b0-4310-b7de-5e7cff71942b,PlanExe
66663698-4e96-4c8e-b791-caba3376e287,Evaluate regulatory compliance for services,"Evaluate regulatory compliance for services

Description:
Determine the regulatory compliance requirements for each potential HaaS service. This includes identifying relevant laws and regulations, assessing the potential for legal challenges, and developing strategies for compliance.

Resources needed:
• Legal Counsel
• Compliance Officer",1/15/2026,1/17/2026,0,0c56eecf-7d66-4848-9e63-ecf45af558e3,PlanExe
0104f881-da8c-45ac-a6c6-8bb674407dae,Prioritize services based on criteria,"Prioritize services based on criteria

Description:
Prioritize potential HaaS services based on market needs, technical feasibility, and regulatory compliance. This involves developing a scoring system to evaluate each service and selecting the most promising candidates for initial implementation.

Resources needed:
• Project Manager
• Stakeholders",1/17/2026,1/19/2026,0,03a929d7-d251-4372-a62f-76c427e86865,PlanExe
798aa234-10bc-4df1-9ace-0d5016367416,Define Dispute Resolution Mechanism,,1/19/2026,2/4/2026,0,e6c2ca5b-1712-4a2d-8df1-97a7d0db71da,PlanExe
579c787b-6dff-423e-b026-c90cd9587a57,Research dispute resolution best practices,"Research dispute resolution best practices

Description:
Objective: Identify effective dispute resolution mechanisms for HaaS.
Scope: Research industry best practices, legal requirements, and alternative dispute resolution methods.
Steps: Literature review, expert interviews, case study analysis.
Deliverables: Report summarizing findings and recommendations.

Resources needed:
• Legal Counsel
• Market Research Analyst",1/19/2026,1/23/2026,0,798aa234-10bc-4df1-9ace-0d5016367416,PlanExe
45f15776-cf51-48c5-9d53-4bc550869413,Design initial dispute resolution process,"Design initial dispute resolution process

Description:
Objective: Develop a draft dispute resolution process tailored to the HaaS platform.
Scope: Define steps, timelines, and roles for resolving disputes between service providers and clients.
Steps: Process mapping, stakeholder consultation, legal review.
Deliverables: Draft dispute resolution process document.

Resources needed:
• Project Manager
• Legal Counsel
• UX Designer",1/23/2026,1/27/2026,0,579c787b-6dff-423e-b026-c90cd9587a57,PlanExe
b67dcb08-b8fc-4df0-83ef-7ddc3c6ef535,Incorporate mediation and arbitration options,"Incorporate mediation and arbitration options

Description:
Objective: Integrate mediation and arbitration options into the dispute resolution process.
Scope: Research qualified mediators and arbitrators, develop agreements, and define selection criteria.
Steps: Vendor research, contract negotiation, process integration.
Deliverables: Mediation/arbitration agreements and process documentation.

Resources needed:
• Legal Counsel
• Contract Specialist",1/27/2026,1/31/2026,0,45f15776-cf51-48c5-9d53-4bc550869413,PlanExe
7da27045-78be-43d0-9bdc-434a1739f3f5,Define escalation paths and timelines,"Define escalation paths and timelines

Description:
Objective: Establish clear escalation paths and timelines for unresolved disputes.
Scope: Define criteria for escalating disputes, identify responsible parties, and set time limits for each stage.
Steps: Process mapping, stakeholder consultation, documentation.
Deliverables: Escalation process document.

Resources needed:
• Project Manager
• Legal Counsel",1/31/2026,2/4/2026,0,798aa234-10bc-4df1-9ace-0d5016367416,PlanExe
43699559-870b-4fac-9ffd-c40f1c645a94,Data Collection & Analysis,,2/4/2026,5/8/2026,0,e6c2ca5b-1712-4a2d-8df1-97a7d0db71da,PlanExe
7900ddbe-3d86-4d25-b4ac-ef7b155408c8,Conduct Labor Market Analysis,,2/4/2026,2/12/2026,0,43699559-870b-4fac-9ffd-c40f1c645a94,PlanExe
16246e1c-f43b-4697-8d6a-0bfd3cc2ab63,Gather Silicon Valley labor data,"Gather Silicon Valley labor data

Description:
Collect data on job postings, worker availability, and wage rates for physical labor in Silicon Valley from online job boards, census data, and industry reports.

Resources needed:
• Market Research Analyst
• Data Scientist",2/4/2026,2/6/2026,0,7900ddbe-3d86-4d25-b4ac-ef7b155408c8,PlanExe
b0542905-39df-4645-a757-c9ff52cac3d9,Analyze AB5 impact on HaaS platform,"Analyze AB5 impact on HaaS platform

Description:
Analyze the HaaS platform's operational model to identify potential areas of risk under AB5 and develop a worker classification checklist.

Resources needed:
• Legal Counsel
• Project Lead",2/6/2026,2/8/2026,0,16246e1c-f43b-4697-8d6a-0bfd3cc2ab63,PlanExe
a217a142-3d22-4cc0-b924-40afd76690dd,Consult with labor market expert,"Consult with labor market expert

Description:
Engage a labor economist specializing in the gig economy to validate the data and analysis of the labor market.

Resources needed:
• Project Lead
• Budget for Consultant",2/8/2026,2/10/2026,0,b0542905-39df-4645-a757-c9ff52cac3d9,PlanExe
6c17a277-7935-409f-b37e-9268bd666422,Document labor market analysis findings,"Document labor market analysis findings

Description:
Prepare a comprehensive report summarizing the findings of the labor market analysis, including key trends, insights, and recommendations.

Resources needed:
• Market Research Analyst
• Project Lead",2/10/2026,2/12/2026,0,7900ddbe-3d86-4d25-b4ac-ef7b155408c8,PlanExe
566446be-abad-4e1d-b6bc-58a02407b15d,Develop AB5 Compliance Plan,,2/12/2026,2/27/2026,0,7900ddbe-3d86-4d25-b4ac-ef7b155408c8,PlanExe
b3c470d6-2ab1-4114-9798-4912c9553a2c,Research AB5 requirements for HaaS,"Research AB5 requirements for HaaS

Description:
Objective: Understand the specific requirements of AB5 as they apply to the HaaS platform.
Scope: Research relevant case law, regulatory guidance, and industry best practices.
Steps: Review AB5 legislation, consult with legal experts, analyze relevant court cases.
Deliverables: Summary of AB5 requirements for HaaS.

Resources needed:
• Legal Counsel
• Compliance Specialist
• Researcher",2/12/2026,2/15/2026,0,566446be-abad-4e1d-b6bc-58a02407b15d,PlanExe
8a81b8c5-0a26-4a70-add9-c365b9baf3ee,Develop worker classification checklist,"Develop worker classification checklist

Description:
Objective: Create a detailed checklist to determine proper worker classification under AB5.
Scope: Develop a comprehensive checklist based on AB5 guidelines and legal precedents.
Steps: Identify key factors for worker classification, create a scoring system, and test the checklist with sample scenarios.
Deliverables: Worker classification checklist.

Resources needed:
• Legal Counsel
• Compliance Specialist",2/15/2026,2/18/2026,0,b3c470d6-2ab1-4114-9798-4912c9553a2c,PlanExe
6432c872-8451-4938-803c-a1b707b74703,Draft service provider agreements,"Draft service provider agreements

Description:
Objective: Create standardized service provider agreements that comply with AB5.
Scope: Develop agreements that clearly establish an independent contractor relationship.
Steps: Draft agreements, review with legal counsel, and incorporate feedback.
Deliverables: Standardized service provider agreements.

Resources needed:
• Legal Counsel
• Contract Specialist",2/18/2026,2/21/2026,0,8a81b8c5-0a26-4a70-add9-c365b9baf3ee,PlanExe
1fdf1cb7-3588-49e1-8f51-deca2980ca75,Define insurance requirements for providers,"Define insurance requirements for providers

Description:
Objective: Determine appropriate insurance requirements for service providers to mitigate risk.
Scope: Research industry standards and legal requirements for insurance coverage.
Steps: Consult with insurance providers, review legal requirements, and define minimum coverage levels.
Deliverables: List of insurance requirements for service providers.

Resources needed:
• Insurance Broker
• Legal Counsel
• Risk Manager",2/21/2026,2/24/2026,0,6432c872-8451-4938-803c-a1b707b74703,PlanExe
6e48cce0-6278-4097-b2ba-90edd334ea4b,Establish audit process for classifications,"Establish audit process for classifications

Description:
Objective: Create a process for regularly auditing worker classifications to ensure ongoing compliance.
Scope: Develop a system for monitoring worker classifications and identifying potential issues.
Steps: Define audit frequency, develop audit procedures, and establish reporting mechanisms.
Deliverables: Worker classification audit process.

Resources needed:
• Compliance Specialist
• Auditor",2/24/2026,2/27/2026,0,566446be-abad-4e1d-b6bc-58a02407b15d,PlanExe
cc342662-211e-4e84-9a9f-67ce5672ec6b,Develop Economic Model for Open Protocol,,2/27/2026,3/29/2026,0,566446be-abad-4e1d-b6bc-58a02407b15d,PlanExe
c4025fb0-6412-4425-91ed-0f979202e869,Identify potential revenue streams,"Identify potential revenue streams

Description:
Objective: Determine viable revenue sources for the open protocol.
Scope: Explore options like premium features, data analytics, partnerships, grants, and donations.
Steps: Research successful open-source projects, conduct market research, and brainstorm potential revenue models.
Deliverables: A list of potential revenue streams with preliminary feasibility assessments.

Resources needed:
• Market Research and Adoption Analyst
• Financial Analyst (Consultant)
• Project Lead",2/27/2026,3/5/2026,0,cc342662-211e-4e84-9a9f-67ce5672ec6b,PlanExe
5880f793-5796-4799-a829-6586283dd593,Model financial performance scenarios,"Model financial performance scenarios

Description:
Objective: Simulate the financial performance of the open protocol under different conditions.
Scope: Develop financial models using Monte Carlo simulation and cost-benefit analysis.
Steps: Define key assumptions, gather relevant data, build simulation models, and analyze results.
Deliverables: Financial projections for various scenarios, including best-case, worst-case, and most-likely scenarios.

Resources needed:
• Financial Analyst (Consultant)
• Data Scientist
• Project Lead",3/5/2026,3/11/2026,0,c4025fb0-6412-4425-91ed-0f979202e869,PlanExe
79cbb194-6c3c-4d3b-b2c3-dafe2a15e40d,Analyze open-source funding models,"Analyze open-source funding models

Description:
Objective: Understand how successful open-source projects are funded.
Scope: Research and analyze various open-source funding models.
Steps: Identify successful open-source projects, study their funding mechanisms, and extract best practices.
Deliverables: A report summarizing the findings of the research, including recommendations for the HaaS open protocol.

Resources needed:
• Market Research and Adoption Analyst
• Project Lead",3/11/2026,3/17/2026,0,5880f793-5796-4799-a829-6586283dd593,PlanExe
c6d83ad9-a851-4fd6-8bac-cc9290b5cf4d,Define governance structure for sustainability,"Define governance structure for sustainability

Description:
Objective: Establish a governance structure that ensures the protocol remains open and accessible while incentivizing contributions.
Scope: Design a governance model that balances openness, accessibility, and sustainability.
Steps: Research different governance models, consult with experts, and develop a governance framework.
Deliverables: A detailed governance plan for the open protocol.

Resources needed:
• Project Lead
• Legal Counsel
• Governance Expert (Consultant)",3/17/2026,3/23/2026,0,79cbb194-6c3c-4d3b-b2c3-dafe2a15e40d,PlanExe
17a532e0-b9d9-43b8-819a-61abad2d847b,Validate economic model with experts,"Validate economic model with experts

Description:
Objective: Obtain expert validation of the economic model.
Scope: Review the economic model with experts in open-source economics and governance.
Steps: Identify relevant experts, schedule consultations, and incorporate feedback into the model.
Deliverables: A validated economic model with expert endorsements.

Resources needed:
• Project Lead
• Business Strategy Consultant
• Open-Source Economics Expert",3/23/2026,3/29/2026,0,cc342662-211e-4e84-9a9f-67ce5672ec6b,PlanExe
2b4fe2c9-745f-4e5e-a4b2-d735b6e5cba4,Develop Hybrid Verification Methodology Protocol,,3/29/2026,5/8/2026,0,43699559-870b-4fac-9ffd-c40f1c645a94,PlanExe
27aaae2a-e5f8-441f-8535-c2b6e83c55f7,Define Skills for Verification,"Define Skills for Verification

Description:
Identify the specific skills and competencies required for each type of physical labor service offered on the platform. This includes researching industry standards, consulting with experts, and analyzing job postings to determine the most relevant skills.

Resources needed:
• Verification and Quality Assurance Manager
• Subject Matter Experts
• Market Research Analyst",3/29/2026,4/6/2026,0,2b4fe2c9-745f-4e5e-a4b2-d735b6e5cba4,PlanExe
d16673bb-aedf-4c2b-b97f-120b4a72732e,Select Automated Assessment Tools,"Select Automated Assessment Tools

Description:
Evaluate and select appropriate automated tools for assessing the identified skills. This includes researching available tools, conducting pilot tests, and assessing the accuracy and reliability of the tools.

Resources needed:
• Verification and Quality Assurance Manager
• Software Developers
• Data Scientists",4/6/2026,4/14/2026,0,27aaae2a-e5f8-441f-8535-c2b6e83c55f7,PlanExe
bb23801d-cf20-4341-8063-ae0aaac2c043,Establish Professional Endorsement Criteria,"Establish Professional Endorsement Criteria

Description:
Develop clear and objective criteria for selecting and validating verified professionals who can provide endorsements. This includes defining the qualifications, experience, and reputation required for verified professionals.

Resources needed:
• Verification and Quality Assurance Manager
• Legal Counsel
• Industry Experts",4/14/2026,4/22/2026,0,d16673bb-aedf-4c2b-b97f-120b4a72732e,PlanExe
e465ab6f-1bd7-453f-ae9c-529428f777a5,Design Hybrid Verification Scoring System,"Design Hybrid Verification Scoring System

Description:
Create a scoring system for combining automated assessments and professional endorsements to generate an overall verification score. This includes determining the weighting of each component and establishing thresholds for different levels of verification.

Resources needed:
• Verification and Quality Assurance Manager
• Data Scientists
• Statisticians",4/22/2026,4/30/2026,0,bb23801d-cf20-4341-8063-ae0aaac2c043,PlanExe
50a4ea0c-8ec5-46bc-b230-7ec23f744bbf,Pilot Test Verification Protocol,"Pilot Test Verification Protocol

Description:
Conduct a pilot test of the hybrid verification methodology with a small group of workers and clients. This includes recruiting participants, administering the verification process, and collecting feedback on the effectiveness and user experience.

Resources needed:
• Verification and Quality Assurance Manager
• Project Lead
• Pilot Users (Service Providers & Clients)",4/30/2026,5/8/2026,0,2b4fe2c9-745f-4e5e-a4b2-d735b6e5cba4,PlanExe
a97a973d-317c-4599-a239-2d50ea758385,Platform Development,,5/8/2026,10/14/2026,0,43699559-870b-4fac-9ffd-c40f1c645a94,PlanExe
a9573af7-c935-4d9e-9875-2e42f4a36023,Design Platform Architecture,,5/8/2026,6/7/2026,0,a97a973d-317c-4599-a239-2d50ea758385,PlanExe
f1b42202-9809-42cd-9529-c318712fdfb5,Define Job Posting Data Model,"Define Job Posting Data Model

Description:
Define the structure and fields for job postings, including required and optional fields, data types, and validation rules. This includes defining how skills, location, compensation, and other relevant information will be represented.

Resources needed:
• Architect
• Data Analyst",5/8/2026,5/14/2026,0,a9573af7-c935-4d9e-9875-2e42f4a36023,PlanExe
cf73ea1c-4fbe-434c-b3a8-0d0b00b3fe81,Design Job Posting UI/UX,"Design Job Posting UI/UX

Description:
Design the user interface and user experience for creating and viewing job postings. This includes wireframing, prototyping, and user testing to ensure a user-friendly and intuitive design.

Resources needed:
• UX/UI Designer
• Frontend Developer",5/14/2026,5/20/2026,0,f1b42202-9809-42cd-9529-c318712fdfb5,PlanExe
c960936b-510d-4eca-a425-6b491c3293a4,Develop Job Posting Creation API,"Develop Job Posting Creation API

Description:
Develop the API endpoints for creating, updating, and deleting job postings. This includes implementing authentication, authorization, and data validation to ensure data integrity and security.

Resources needed:
• Backend Developer
• API Architect",5/20/2026,5/26/2026,0,cf73ea1c-4fbe-434c-b3a8-0d0b00b3fe81,PlanExe
947f7fe4-7b05-48df-b9cb-67ef62dab8c3,Implement Job Search Functionality,"Implement Job Search Functionality

Description:
Develop the functionality for searching and filtering job postings based on various criteria, such as keywords, location, skills, and compensation. This includes optimizing the search algorithm for performance and relevance.

Resources needed:
• Backend Developer
• Search Engine Specialist",5/26/2026,6/1/2026,0,c960936b-510d-4eca-a425-6b491c3293a4,PlanExe
701994d3-2033-4447-b1c9-d31a2b49b7d2,Test Job Posting Module,"Test Job Posting Module

Description:
Conduct thorough testing of the job posting module, including unit tests, integration tests, and user acceptance testing, to ensure functionality, performance, and security. This includes testing different scenarios and edge cases.

Resources needed:
• QA Tester
• Backend Developer
• Frontend Developer",6/1/2026,6/7/2026,0,a9573af7-c935-4d9e-9875-2e42f4a36023,PlanExe
279dee68-8963-42fb-9d82-da1deb8eab57,Develop Job Posting Module,,6/7/2026,7/1/2026,0,a9573af7-c935-4d9e-9875-2e42f4a36023,PlanExe
de6bdf19-e776-43df-96c4-95c1fd193650,Design Job Posting Schema,"Design Job Posting Schema

Description:
Define the data structure for job postings, including fields for job title, description, location, skills required, compensation, and application instructions. Consider data types, validation rules, and indexing for efficient querying.

Resources needed:
• Database Architect
• Backend Developer
• UX Designer",6/7/2026,6/13/2026,0,279dee68-8963-42fb-9d82-da1deb8eab57,PlanExe
13b54546-54ab-4135-8e0e-f5167ae720d0,Implement Job Posting API,"Implement Job Posting API

Description:
Develop the API endpoints for creating, reading, updating, and deleting job postings. Implement authentication and authorization to ensure only authorized users can access and modify job postings. Implement rate limiting to prevent abuse.

Resources needed:
• Backend Developer
• API Architect
• Security Engineer",6/13/2026,6/19/2026,0,de6bdf19-e776-43df-96c4-95c1fd193650,PlanExe
2029d4f7-e636-4252-86e3-7bf3a81ab7fe,Develop Job Posting UI,"Develop Job Posting UI

Description:
Create the user interface for creating and viewing job postings. Design a user-friendly form for entering job details and a clear and concise display for viewing job postings. Ensure the UI is responsive and accessible on different devices.

Resources needed:
• Frontend Developer
• UX Designer
• UI Designer",6/19/2026,6/25/2026,0,13b54546-54ab-4135-8e0e-f5167ae720d0,PlanExe
5a9363df-1cfe-4948-8bd1-b7aea21925c2,Implement Search Functionality,"Implement Search Functionality

Description:
Implement the search functionality for job postings, allowing users to search by keywords, location, skills, and other criteria. Optimize the search index for performance and relevance. Implement filtering and sorting options.

Resources needed:
• Backend Developer
• Search Engineer
• Database Administrator",6/25/2026,7/1/2026,0,279dee68-8963-42fb-9d82-da1deb8eab57,PlanExe
8951c3d4-2e61-409e-be71-59fe9a701c72,Develop Profile Management Module,,7/1/2026,7/26/2026,0,279dee68-8963-42fb-9d82-da1deb8eab57,PlanExe
e8863f5b-25ff-4191-ab7c-29eb3859dfbd,Define Verification API Requirements,"Define Verification API Requirements

Description:
Clearly define the requirements for the Verification Module's API, including input parameters, output formats, and error handling. This will ensure seamless integration with various verification providers.

Resources needed:
• Architect
• Developers
• API Specialist",7/1/2026,7/6/2026,0,8951c3d4-2e61-409e-be71-59fe9a701c72,PlanExe
32ffd98c-d636-412d-b1f7-bb17163ba847,Integrate Automated Verification Tools,"Integrate Automated Verification Tools

Description:
Integrate automated skill assessment tools and background check services into the Verification Module. This will enable efficient and scalable verification of worker competence and trustworthiness.

Resources needed:
• Developers
• QA Testers
• Security Engineer",7/6/2026,7/11/2026,0,e8863f5b-25ff-4191-ab7c-29eb3859dfbd,PlanExe
89b389a6-c49f-43aa-8be9-25da3e13c6e1,Develop Endorsement Management System,"Develop Endorsement Management System

Description:
Develop a system for managing endorsements from verified professionals, including features for requesting, reviewing, and validating endorsements. This will support the hybrid verification methodology.

Resources needed:
• Developers
• UX/UI Designers
• Database Administrator",7/11/2026,7/16/2026,0,32ffd98c-d636-412d-b1f7-bb17163ba847,PlanExe
5ec32df8-5a12-459d-a6b1-977f92cd2a73,Implement Verification Scoring Algorithm,"Implement Verification Scoring Algorithm

Description:
Implement the verification scoring algorithm that combines automated assessments and professional endorsements to generate a comprehensive worker verification score. This will provide a reliable measure of worker quality.

Resources needed:
• Data Scientist
• Developers
• QA Testers",7/16/2026,7/21/2026,0,89b389a6-c49f-43aa-8be9-25da3e13c6e1,PlanExe
e97a633b-fce3-4b69-a318-e55e8a268a1b,Test Verification Module Integration,"Test Verification Module Integration

Description:
Thoroughly test the integration of the Verification Module with other platform modules, such as the Profile Management and Payment Modules. This will ensure seamless data flow and functionality.

Resources needed:
• QA Testers
• Developers
• System Administrator",7/21/2026,7/26/2026,0,8951c3d4-2e61-409e-be71-59fe9a701c72,PlanExe
8438d2a9-a406-4db2-9f74-5208cf8f697c,Develop Verification Module,,7/26/2026,8/20/2026,0,8951c3d4-2e61-409e-be71-59fe9a701c72,PlanExe
ab7ceef1-fa45-4608-9870-86e01193747f,Research verification provider APIs,"Research verification provider APIs

Description:
Objective: Identify and document available APIs from potential verification providers.
Scope: Review documentation, pricing, and capabilities of each API.
Steps: 1. List potential providers. 2. Review API documentation. 3. Document key features and limitations.
Deliverables: API comparison document.

Resources needed:
• Software Engineer
• Technical Writer",7/26/2026,7/31/2026,0,8438d2a9-a406-4db2-9f74-5208cf8f697c,PlanExe
3ee33cd1-13ed-4739-bd64-64f9e58b81d0,Design verification module interface,"Design verification module interface

Description:
Objective: Design the interface for integrating verification providers.
Scope: Define data structures, API calls, and error handling.
Steps: 1. Define data input/output. 2. Design API endpoints. 3. Implement error handling.
Deliverables: API specification document.

Resources needed:
• Software Architect
• Software Engineer",7/31/2026,8/5/2026,0,ab7ceef1-fa45-4608-9870-86e01193747f,PlanExe
10d172a6-e694-4542-b537-b4bcff38269f,Implement automated skill assessment integration,"Implement automated skill assessment integration

Description:
Objective: Integrate automated skill assessment tools into the module.
Scope: Develop code to call APIs and process results.
Steps: 1. Write API integration code. 2. Test API calls. 3. Handle API responses.
Deliverables: Functional code for skill assessment integration.

Resources needed:
• Software Engineer",8/5/2026,8/10/2026,0,3ee33cd1-13ed-4739-bd64-64f9e58b81d0,PlanExe
ddf165bb-61c9-4574-be0e-297db67ab186,Develop professional endorsement system,"Develop professional endorsement system

Description:
Objective: Build the system for professional endorsements.
Scope: Design database schema, UI for endorsements, and validation logic.
Steps: 1. Design database tables. 2. Develop UI components. 3. Implement validation rules.
Deliverables: Functional endorsement system.

Resources needed:
• Software Engineer
• Database Administrator
• UX/UI Designer",8/10/2026,8/15/2026,0,10d172a6-e694-4542-b537-b4bcff38269f,PlanExe
282b2e96-ac16-420b-8c3c-777124648d69,Test hybrid verification integration,"Test hybrid verification integration

Description:
Objective: Test the complete hybrid verification process.
Scope: Verify data flow, accuracy, and performance.
Steps: 1. Create test cases. 2. Execute tests. 3. Document results.
Deliverables: Test report.

Resources needed:
• QA Tester
• Software Engineer",8/15/2026,8/20/2026,0,8438d2a9-a406-4db2-9f74-5208cf8f697c,PlanExe
ff7d368a-35ad-4b7c-a29e-739b7291c39b,Develop Payment Module,,8/20/2026,9/24/2026,0,8438d2a9-a406-4db2-9f74-5208cf8f697c,PlanExe
57fe04c0-8587-4d4b-9162-61162280fd7c,Select Payment Gateway and API,"Select Payment Gateway and API

Description:
Objective: Choose a suitable payment gateway and its API for integration.
Scope: Evaluate different payment gateways based on security, fees, supported currencies, and ease of integration. Select the most appropriate API.
Steps: Research payment gateways, compare features and pricing, review API documentation, and make a selection.
Deliverables: A documented decision on the chosen payment gateway and API.

Resources needed:
• Payment Specialist
• Software Architect
• Security Expert",8/20/2026,8/27/2026,0,ff7d368a-35ad-4b7c-a29e-739b7291c39b,PlanExe
78b98431-c4fa-4eec-86a1-c7b3e1c251ed,Implement Secure Payment Processing Logic,"Implement Secure Payment Processing Logic

Description:
Objective: Develop the core logic for processing payments securely.
Scope: Implement the necessary code to handle payment requests, process transactions, and manage refunds, ensuring compliance with security standards.
Steps: Design the payment processing flow, write code for transaction handling, implement security measures (encryption, tokenization), and conduct unit testing.
Deliverables: Secure payment processing logic integrated into the platform.

Resources needed:
• Backend Developer
• Security Engineer
• QA Tester",8/27/2026,9/3/2026,0,57fe04c0-8587-4d4b-9162-61162280fd7c,PlanExe
87d41d9a-128f-4347-a8e5-67341bab48e5,Integrate with Chosen Payment Gateway,"Integrate with Chosen Payment Gateway

Description:
Objective: Connect the platform with the selected payment gateway.
Scope: Integrate the payment processing logic with the chosen payment gateway's API, ensuring seamless communication and transaction processing.
Steps: Configure API credentials, implement API calls for payment processing, handle API responses, and conduct integration testing.
Deliverables: Successful integration with the payment gateway.

Resources needed:
• Backend Developer
• Integration Specialist
• QA Tester",9/3/2026,9/10/2026,0,78b98431-c4fa-4eec-86a1-c7b3e1c251ed,PlanExe
b23bc3ab-40c7-4be4-b7f8-40ed7e4ea455,Ensure PCI DSS Compliance,"Ensure PCI DSS Compliance

Description:
Objective: Ensure the payment module complies with PCI DSS standards.
Scope: Implement security measures and processes to protect cardholder data and meet PCI DSS requirements.
Steps: Review PCI DSS requirements, implement necessary security controls, conduct vulnerability assessments, and obtain PCI DSS certification (if required).
Deliverables: PCI DSS compliant payment module.

Resources needed:
• Security Expert
• Compliance Officer
• Backend Developer",9/10/2026,9/17/2026,0,87d41d9a-128f-4347-a8e5-67341bab48e5,PlanExe
a8533a6f-eeda-4661-8f8d-2d3c02b628f8,Implement Fraud Detection Mechanisms,"Implement Fraud Detection Mechanisms

Description:
Objective: Implement measures to detect and prevent fraudulent transactions.
Scope: Integrate fraud detection tools and algorithms into the payment module to identify and block suspicious activities.
Steps: Research fraud detection techniques, integrate fraud detection APIs, configure fraud rules, and monitor transaction patterns.
Deliverables: Fraud detection mechanisms integrated into the payment module.

Resources needed:
• Security Analyst
• Data Scientist
• Backend Developer",9/17/2026,9/24/2026,0,ff7d368a-35ad-4b7c-a29e-739b7291c39b,PlanExe
cf5b20bf-0c57-4e39-abd9-384bd8e5e86f,Implement Data Privacy Compliance,,9/24/2026,10/14/2026,0,a97a973d-317c-4599-a239-2d50ea758385,PlanExe
1cc0cb21-0da4-487e-889c-dfcf24c4cbe3,Identify applicable data privacy regulations,"Identify applicable data privacy regulations

Description:
Determine which data privacy regulations (CCPA, GDPR, etc.) apply to the HaaS platform based on its operations and target audience. This includes understanding the specific requirements for data collection, storage, processing, and sharing.

Resources needed:
• Legal Counsel
• Data Privacy Consultant",9/24/2026,9/28/2026,0,cf5b20bf-0c57-4e39-abd9-384bd8e5e86f,PlanExe
7f9a4e2f-aaa0-440d-b21c-cb4262ad560e,Design data privacy architecture,"Design data privacy architecture

Description:
Develop a detailed architecture for the platform that incorporates data privacy principles. This includes defining data flows, access controls, encryption methods, and data retention policies.

Resources needed:
• Software Architect
• Security Engineer
• Data Privacy Consultant",9/28/2026,10/2/2026,0,1cc0cb21-0da4-487e-889c-dfcf24c4cbe3,PlanExe
ba6b152a-92a8-4739-a259-f7c58cbe1a8a,Implement data privacy features,"Implement data privacy features

Description:
Implement the data privacy features in the platform's code, including consent management, data subject access requests (DSAR) handling, data anonymization, and data breach notification mechanisms.

Resources needed:
• Software Developers
• QA Testers",10/2/2026,10/6/2026,0,7f9a4e2f-aaa0-440d-b21c-cb4262ad560e,PlanExe
527c24cc-94f5-4122-9bad-d3ebc04aa77d,Conduct data privacy impact assessment,"Conduct data privacy impact assessment

Description:
Perform a data privacy impact assessment (DPIA) to identify and mitigate potential privacy risks associated with the platform's data processing activities. This includes evaluating the necessity and proportionality of data processing and implementing appropriate safeguards.

Resources needed:
• Data Privacy Consultant
• Legal Counsel",10/6/2026,10/10/2026,0,ba6b152a-92a8-4739-a259-f7c58cbe1a8a,PlanExe
f8a67696-51e7-4ed3-b1af-27c6e62ca178,Test and validate compliance measures,"Test and validate compliance measures

Description:
Thoroughly test and validate the implemented data privacy features and compliance measures to ensure they meet the requirements of applicable regulations. This includes conducting penetration testing, vulnerability assessments, and user acceptance testing.

Resources needed:
• QA Testers
• Security Engineer
• Data Privacy Consultant",10/10/2026,10/14/2026,0,cf5b20bf-0c57-4e39-abd9-384bd8e5e86f,PlanExe
18a80238-90ab-462e-8c51-a8b1356e94c8,Pilot Program Implementation,,10/14/2026,4/29/2027,0,a97a973d-317c-4599-a239-2d50ea758385,PlanExe
4358e271-f29d-4988-ab8d-54c20d369f9e,Secure Office Space in Silicon Valley,,10/14/2026,11/15/2026,0,18a80238-90ab-462e-8c51-a8b1356e94c8,PlanExe
a04c10c4-607c-4bb2-93fd-a35403c7c2bc,Identify potential office spaces,"Identify potential office spaces

Description:
Objective: Identify a shortlist of suitable office spaces in Silicon Valley.
Scope: Research and identify potential office spaces that meet the project's requirements (size, location, amenities, budget).
Steps: 1. Define office space requirements. 2. Conduct online research. 3. Contact real estate agents. 4. Create a shortlist of potential spaces.
Deliverables: A list of potential office spaces with relevant details.

Resources needed:
• Project Manager
• Real Estate Agent
• Research Assistant",10/14/2026,10/22/2026,0,4358e271-f29d-4988-ab8d-54c20d369f9e,PlanExe
e25cbe89-80a2-4d8b-b0a4-2673e3f19fe0,Negotiate lease terms,"Negotiate lease terms

Description:
Objective: Negotiate favorable lease terms for the selected office space.
Scope: Negotiate lease terms with the landlord or property manager, including rent, lease duration, and other relevant clauses.
Steps: 1. Review lease agreement. 2. Identify areas for negotiation. 3. Communicate with landlord/property manager. 4. Finalize lease terms.
Deliverables: A finalized lease agreement with favorable terms.

Resources needed:
• Project Manager
• Legal Counsel
• Negotiator",10/22/2026,10/30/2026,0,a04c10c4-607c-4bb2-93fd-a35403c7c2bc,PlanExe
1e99c563-1191-41ff-99a0-dd683e3b7f16,Finalize lease agreement,"Finalize lease agreement

Description:
Objective: Finalize the lease agreement and secure the office space.
Scope: Review the final lease agreement with legal counsel, obtain necessary approvals, and sign the agreement.
Steps: 1. Review final lease agreement. 2. Obtain legal approval. 3. Obtain internal approvals. 4. Sign the lease agreement.
Deliverables: A signed lease agreement for the office space.

Resources needed:
• Project Manager
• Legal Counsel
• Approving Authority",10/30/2026,11/7/2026,0,e25cbe89-80a2-4d8b-b0a4-2673e3f19fe0,PlanExe
e000cd43-7951-46cc-890f-7a8441fea9ad,Prepare office for occupancy,"Prepare office for occupancy

Description:
Objective: Prepare the office space for occupancy.
Scope: Coordinate necessary renovations, furniture procurement, and IT infrastructure setup.
Steps: 1. Plan office layout. 2. Coordinate renovations. 3. Procure furniture and equipment. 4. Set up IT infrastructure.
Deliverables: A fully functional and ready-to-occupy office space.

Resources needed:
• Project Manager
• Contractors
• IT Support
• Office Manager",11/7/2026,11/15/2026,0,4358e271-f29d-4988-ab8d-54c20d369f9e,PlanExe
014a081b-22df-4cc4-971f-e22265d6742e,Establish Partnerships with Service Providers,,11/15/2026,12/30/2026,0,4358e271-f29d-4988-ab8d-54c20d369f9e,PlanExe
a53e94ad-8d87-452c-b40a-63e3be8294cb,Identify potential service provider partners,"Identify potential service provider partners

Description:
Research and identify potential service providers in Silicon Valley who align with the HaaS platform's values and service scope. This includes reviewing their existing business models, service offerings, and reputation.

Resources needed:
• Market Research Analyst
• Partnership Manager",11/15/2026,11/24/2026,0,014a081b-22df-4cc4-971f-e22265d6742e,PlanExe
1133b5d9-4544-4739-a500-063806597d60,Initial outreach to service providers,"Initial outreach to service providers

Description:
Contact potential service provider partners to introduce the HaaS platform and gauge their interest in participating in the pilot program. This includes preparing a compelling pitch deck and addressing any initial questions or concerns.

Resources needed:
• Partnership Manager
• Marketing Team",11/24/2026,12/3/2026,0,a53e94ad-8d87-452c-b40a-63e3be8294cb,PlanExe
8ee179e3-aad1-4823-9303-ca8910009d37,Negotiate partnership agreements,"Negotiate partnership agreements

Description:
Negotiate the terms of partnership agreements with interested service providers, including service level agreements, data privacy protocols, and revenue sharing arrangements. Involve legal counsel to ensure compliance with all applicable laws and regulations.

Resources needed:
• Legal Counsel
• Partnership Manager",12/3/2026,12/12/2026,0,1133b5d9-4544-4739-a500-063806597d60,PlanExe
f2067a96-c125-4c67-84ef-ab3aa5f0a586,Onboard service providers to the platform,"Onboard service providers to the platform

Description:
Onboard service providers to the HaaS platform, providing them with training on how to use the platform's features and functionalities. This includes setting up their profiles, verifying their credentials, and integrating their systems with the platform.

Resources needed:
• Technical Support Team
• Verification and Quality Assurance Manager",12/12/2026,12/21/2026,0,8ee179e3-aad1-4823-9303-ca8910009d37,PlanExe
8a60a79d-0ac6-41d6-ada5-4eed3bb734fc,Establish communication channels,"Establish communication channels

Description:
Establish clear communication channels with service providers to facilitate ongoing collaboration and support. This includes setting up regular meetings, creating a dedicated support email address, and providing access to a knowledge base of helpful resources.

Resources needed:
• Partnership Manager
• Communication Specialist",12/21/2026,12/30/2026,0,014a081b-22df-4cc4-971f-e22265d6742e,PlanExe
2b6f2d53-4810-402a-9608-11bf7c8249eb,Recruit Pilot Users (Service Providers & Clients),,12/30/2026,1/29/2027,0,014a081b-22df-4cc4-971f-e22265d6742e,PlanExe
5164251a-bd9f-4ec2-883e-f600af08b69d,Define Target User Profiles,"Define Target User Profiles

Description:
Identify key characteristics of ideal service providers and clients for targeted recruitment efforts. This includes demographics, skills, experience, and needs.

Resources needed:
• Market Research Analyst
• Marketing Team",12/30/2026,1/5/2027,0,2b6f2d53-4810-402a-9608-11bf7c8249eb,PlanExe
b69fced2-a958-4821-a5c0-e7d14107bf62,Develop Recruitment Marketing Strategy,"Develop Recruitment Marketing Strategy

Description:
Create a comprehensive marketing plan to attract target users, including online advertising, social media campaigns, and partnerships with relevant organizations.

Resources needed:
• Marketing Team
• Advertising Agency",1/5/2027,1/11/2027,0,5164251a-bd9f-4ec2-883e-f600af08b69d,PlanExe
22b46932-c459-4b99-bb36-71809b887901,Design Onboarding Process,"Design Onboarding Process

Description:
Develop a streamlined onboarding process for new service providers and clients, including background checks, contract signing, and platform training.

Resources needed:
• Legal Counsel
• Operations Team
• Customer Support",1/11/2027,1/17/2027,0,b69fced2-a958-4821-a5c0-e7d14107bf62,PlanExe
28161652-7ac5-4a22-aad5-505cb5175a92,Implement Referral Program,"Implement Referral Program

Description:
Establish a referral program to incentivize existing users to recruit new service providers and clients.

Resources needed:
• Marketing Team
• Development Team",1/17/2027,1/23/2027,0,22b46932-c459-4b99-bb36-71809b887901,PlanExe
a1f39a8d-fc2e-4bdf-9847-e3be0a866d8d,Track Recruitment Metrics,"Track Recruitment Metrics

Description:
Monitor key recruitment metrics, such as application rates, conversion rates, and user demographics, to optimize recruitment efforts.

Resources needed:
• Data Analyst
• Marketing Team",1/23/2027,1/29/2027,0,2b6f2d53-4810-402a-9608-11bf7c8249eb,PlanExe
0cec1a94-ecff-42e1-a393-e5b8716a21c6,Conduct Pilot Testing,,1/29/2027,3/30/2027,0,2b6f2d53-4810-402a-9608-11bf7c8249eb,PlanExe
72c1059c-42c3-4e33-835c-76beffb88938,Prepare pilot test environment,"Prepare pilot test environment

Description:
Set up the necessary infrastructure and configurations for the pilot testing phase, including test accounts, data sets, and monitoring tools.

Resources needed:
• Developers
• QA Testers
• System Administrators",1/29/2027,2/10/2027,0,0cec1a94-ecff-42e1-a393-e5b8716a21c6,PlanExe
9704c092-9cb3-42a5-9cb2-1df333f441f3,Develop pilot test scenarios,"Develop pilot test scenarios

Description:
Create realistic and comprehensive test scenarios that cover the core functionalities of the HaaS platform and the open protocol, including job posting, profile management, verification, and payment processing.

Resources needed:
• Project Manager
• UX/UI Designers
• Service Providers
• Clients",2/10/2027,2/22/2027,0,72c1059c-42c3-4e33-835c-76beffb88938,PlanExe
715cd2a3-e8c3-45c1-a05b-a03654d6d4c4,Execute pilot test scenarios,"Execute pilot test scenarios

Description:
Carry out the defined test scenarios with pilot users (service providers and clients), collect data on platform performance, usability, and user satisfaction.

Resources needed:
• QA Testers
• Service Providers
• Clients",2/22/2027,3/6/2027,0,9704c092-9cb3-42a5-9cb2-1df333f441f3,PlanExe
b1fbd5bd-bdbb-4d8a-829c-d7905e9edd3d,Monitor platform performance,"Monitor platform performance

Description:
Continuously monitor the platform's performance during the pilot test, including response times, error rates, and resource utilization, to identify and address any technical issues.

Resources needed:
• Developers
• System Administrators
• QA Testers",3/6/2027,3/18/2027,0,715cd2a3-e8c3-45c1-a05b-a03654d6d4c4,PlanExe
7fe3c25b-6596-4451-8122-3dce70e8ede7,Collect user feedback during pilot,"Collect user feedback during pilot

Description:
Gather feedback from pilot users through surveys, interviews, and focus groups to understand their experiences with the platform and identify areas for improvement.

Resources needed:
• Market Research and Adoption Analyst
• Project Manager
• UX/UI Designers",3/18/2027,3/30/2027,0,0cec1a94-ecff-42e1-a393-e5b8716a21c6,PlanExe
1ff48f9c-fcc7-4605-b49b-2b6b893633e6,Gather Feedback and Iterate,,3/30/2027,4/29/2027,0,18a80238-90ab-462e-8c51-a8b1356e94c8,PlanExe
a0dfb9c1-18cd-4a98-b808-a49d5fb683ef,Collect Pilot User Feedback,"Collect Pilot User Feedback

Description:
Gather feedback from pilot users (service providers and clients) through surveys, interviews, and focus groups to understand their experiences with the platform.

Resources needed:
• UX Researcher
• Project Manager
• Pilot Users",3/30/2027,4/5/2027,0,1ff48f9c-fcc7-4605-b49b-2b6b893633e6,PlanExe
2f0982f8-68f4-482d-8b2c-cdb86bf8b048,Analyze Feedback Data,"Analyze Feedback Data

Description:
Analyze the collected feedback data to identify key areas for improvement in the platform's functionality, usability, and overall user experience.

Resources needed:
• Data Analyst
• UX Researcher
• Project Manager",4/5/2027,4/11/2027,0,a0dfb9c1-18cd-4a98-b808-a49d5fb683ef,PlanExe
8ed17ab1-b3f8-4db5-9dc9-74a5b750cef0,Prioritize Platform Refinements,"Prioritize Platform Refinements

Description:
Prioritize the identified areas for improvement based on their impact on user satisfaction, business goals, and technical feasibility.

Resources needed:
• Project Manager
• Product Owner
• Technical Lead",4/11/2027,4/17/2027,0,2f0982f8-68f4-482d-8b2c-cdb86bf8b048,PlanExe
fdfa3772-82d9-44fe-8ac0-513b3d613214,Implement Platform Changes,"Implement Platform Changes

Description:
Implement the prioritized changes to the platform, including bug fixes, feature enhancements, and usability improvements.

Resources needed:
• Developers
• QA Testers
• UX/UI Designers",4/17/2027,4/23/2027,0,8ed17ab1-b3f8-4db5-9dc9-74a5b750cef0,PlanExe
f58f0471-f4b6-4a23-9c4c-eb07d914202e,Validate Implemented Changes,"Validate Implemented Changes

Description:
Validate the implemented changes to ensure they address the identified issues and do not introduce new problems. Conduct user testing to confirm improvements.

Resources needed:
• QA Testers
• UX Researchers
• Pilot Users",4/23/2027,4/29/2027,0,1ff48f9c-fcc7-4605-b49b-2b6b893633e6,PlanExe
c2f6a49b-9df3-4a80-a9e8-aff9e5d7d213,Evaluation & Refinement,,4/29/2027,6/23/2027,0,18a80238-90ab-462e-8c51-a8b1356e94c8,PlanExe
2b0322a6-be20-4c47-86ba-df502bafebf9,Analyze Pilot Program Results,,4/29/2027,5/14/2027,0,c2f6a49b-9df3-4a80-a9e8-aff9e5d7d213,PlanExe
fdef00fb-ab2b-4209-9ac9-9e7fa43188f8,Define Key Performance Indicators (KPIs) (2),"Define Key Performance Indicators (KPIs)

Description:
Establish specific, measurable, achievable, relevant, and time-bound (SMART) KPIs to evaluate the pilot program's success. This includes defining metrics for user engagement, service quality, cost-effectiveness, and compliance.

Resources needed:
• Project Manager
• Data Analyst
• Stakeholders",4/29/2027,5/2/2027,0,2b0322a6-be20-4c47-86ba-df502bafebf9,PlanExe
b83b0da6-f370-4a72-8d9f-9c927176cbf9,Collect Quantitative Pilot Program Data,"Collect Quantitative Pilot Program Data

Description:
Gather numerical data related to the defined KPIs. This includes tracking user activity, service completion rates, transaction volumes, and cost data. Utilize platform analytics and automated reporting tools.

Resources needed:
• Data Analyst
• Platform Developers
• QA Testers",5/2/2027,5/5/2027,0,fdef00fb-ab2b-4209-9ac9-9e7fa43188f8,PlanExe
a9b6b68b-7bf2-45a7-8225-9f44c6ca6a1f,Gather Qualitative Pilot Program Feedback,"Gather Qualitative Pilot Program Feedback

Description:
Collect non-numerical feedback from pilot users (service providers and clients) through surveys, interviews, and focus groups. This includes gathering insights on user experience, satisfaction levels, and perceived value of the platform.

Resources needed:
• UX Researcher
• Project Manager
• Stakeholders",5/5/2027,5/8/2027,0,b83b0da6-f370-4a72-8d9f-9c927176cbf9,PlanExe
8d01aebd-e236-4f0b-848a-586f3bd6c771,Analyze Quantitative and Qualitative Data,"Analyze Quantitative and Qualitative Data

Description:
Analyze the collected quantitative and qualitative data to identify trends, patterns, and insights. This includes performing statistical analysis on numerical data and thematic analysis on qualitative feedback.

Resources needed:
• Data Analyst
• UX Researcher
• Project Manager",5/8/2027,5/11/2027,0,a9b6b68b-7bf2-45a7-8225-9f44c6ca6a1f,PlanExe
bdf56d54-7e70-473c-bf81-c720535fcfcb,Document Analysis Findings and Recommendations,"Document Analysis Findings and Recommendations

Description:
Prepare a comprehensive report summarizing the key findings from the data analysis. This includes identifying areas of success, areas for improvement, and recommendations for refining the platform and open protocol.

Resources needed:
• Project Manager
• Data Analyst
• UX Researcher",5/11/2027,5/14/2027,0,2b0322a6-be20-4c47-86ba-df502bafebf9,PlanExe
9e0cd3b4-58eb-4e98-a1c6-9ee882fe547d,Refine Platform Based on Feedback,,5/14/2027,6/11/2027,0,2b0322a6-be20-4c47-86ba-df502bafebf9,PlanExe
ed72de7c-8a47-4b33-ac22-fbfd0cf747a1,Identify areas for platform refinement,"Identify areas for platform refinement

Description:
Analyze feedback from pilot users to pinpoint specific areas of the platform that require improvement or modification. This includes identifying usability issues, performance bottlenecks, and feature gaps.

Resources needed:
• UX/UI Designers
• QA Testers
• Project Manager",5/14/2027,5/21/2027,0,9e0cd3b4-58eb-4e98-a1c6-9ee882fe547d,PlanExe
cbfd6ab2-bc53-4514-b8b8-3b22c3aecada,Prioritize platform refinement tasks,"Prioritize platform refinement tasks

Description:
Evaluate the identified refinement tasks based on their impact on user experience, technical feasibility, and alignment with project goals. Prioritize tasks that address critical issues and offer the greatest value to users.

Resources needed:
• Project Manager
• Technical Lead
• Stakeholders",5/21/2027,5/28/2027,0,ed72de7c-8a47-4b33-ac22-fbfd0cf747a1,PlanExe
d4dd7df3-25b0-4240-b456-d81193f5f7f1,Implement platform refinements,"Implement platform refinements

Description:
Execute the prioritized refinement tasks, including code modifications, UI/UX enhancements, and performance optimizations. Ensure that all changes are thoroughly tested and validated before deployment.

Resources needed:
• Developers
• QA Testers
• DevOps Engineer",5/28/2027,6/4/2027,0,cbfd6ab2-bc53-4514-b8b8-3b22c3aecada,PlanExe
b110053d-d2df-4038-ba9e-f3bf45bfec61,Test refined platform functionality,"Test refined platform functionality

Description:
Conduct comprehensive testing of the refined platform functionality to ensure that all changes are working as expected and that no new issues have been introduced. This includes unit testing, integration testing, and user acceptance testing.

Resources needed:
• QA Testers
• Developers
• Pilot Users",6/4/2027,6/11/2027,0,9e0cd3b4-58eb-4e98-a1c6-9ee882fe547d,PlanExe
d5782b1e-db15-4819-97ca-32fa2657a5e4,Finalize Open Protocol Documentation,,6/11/2027,6/23/2027,0,c2f6a49b-9df3-4a80-a9e8-aff9e5d7d213,PlanExe
aafe0ef2-bf7f-47bb-8ec8-04d8de3adfd1,Gather all pilot program documentation,"Gather all pilot program documentation

Description:
Collect all relevant documents from the pilot program, including user feedback, test results, and code changes.

Resources needed:
• Project Manager
• Pilot Program Team",6/11/2027,6/14/2027,0,d5782b1e-db15-4819-97ca-32fa2657a5e4,PlanExe
51676fb8-e8cd-43a9-b988-89e925954577,Review and incorporate feedback into protocol,"Review and incorporate feedback into protocol

Description:
Analyze the feedback received from pilot users and incorporate it into the open protocol documentation.

Resources needed:
• Technical Writer
• Project Manager
• Developers",6/14/2027,6/17/2027,0,aafe0ef2-bf7f-47bb-8ec8-04d8de3adfd1,PlanExe
8e2ee48d-a7f0-4344-b944-75c96cf02372,Edit and proofread documentation,"Edit and proofread documentation

Description:
Thoroughly edit and proofread the open protocol documentation for clarity, accuracy, and consistency.

Resources needed:
• Technical Writer
• Editor",6/17/2027,6/20/2027,0,51676fb8-e8cd-43a9-b988-89e925954577,PlanExe
ec445423-e913-4cd4-b166-929c50285516,Obtain final stakeholder approval,"Obtain final stakeholder approval

Description:
Circulate the finalized open protocol documentation to stakeholders for final review and approval.

Resources needed:
• Project Manager
• Stakeholders",6/20/2027,6/23/2027,0,d5782b1e-db15-4819-97ca-32fa2657a5e4,PlanExe
69f43a12-03c2-45e1-8574-f7c766c6fb3f,Project Closure,,6/23/2027,7/12/2027,0,88c28fb6-a2ff-4935-a994-86ff6f4be2d7,PlanExe
9326b11e-1d4c-48ae-9f20-8d3262e2ffd9,Final Project Report,,6/23/2027,7/3/2027,0,69f43a12-03c2-45e1-8574-f7c766c6fb3f,PlanExe
cd08677d-19aa-438d-8de3-da5f8544ec57,Gather all project data and documentation,"Gather all project data and documentation

Description:
Collect all relevant project documentation, including planning documents, progress reports, meeting minutes, and data analysis results. Ensure all data is complete and accurate.

Resources needed:
• Project Manager
• Project Team Members",6/23/2027,6/25/2027,0,9326b11e-1d4c-48ae-9f20-8d3262e2ffd9,PlanExe
b8137d1d-8079-4428-83d3-16073e2f75cd,Analyze key findings and outcomes,"Analyze key findings and outcomes

Description:
Review the collected data and documentation to identify key findings, outcomes, and lessons learned from the project. Summarize the project's achievements and challenges.

Resources needed:
• Project Manager
• Data Analyst",6/25/2027,6/27/2027,0,cd08677d-19aa-438d-8de3-da5f8544ec57,PlanExe
0b593f7a-afcc-4cdb-86fd-65f79cd98ed6,Write draft of final project report,"Write draft of final project report

Description:
Prepare a draft of the final project report, including an executive summary, a description of the project's objectives and scope, a summary of the key findings and outcomes, and recommendations for future projects.

Resources needed:
• Project Manager
• Technical Writer",6/27/2027,6/29/2027,0,b8137d1d-8079-4428-83d3-16073e2f75cd,PlanExe
5cd6ea51-d6c1-4c84-9602-c1e5d0b67b7a,Review and revise the draft report,"Review and revise the draft report

Description:
Circulate the draft report to key stakeholders for review and feedback. Incorporate the feedback into a revised version of the report.

Resources needed:
• Project Manager
• Stakeholders",6/29/2027,7/1/2027,0,0b593f7a-afcc-4cdb-86fd-65f79cd98ed6,PlanExe
7532c44e-e793-4e94-9c19-fabe27f18d29,Finalize and submit project report,"Finalize and submit project report

Description:
Finalize the project report, ensuring that it is accurate, complete, and well-written. Submit the final report to the appropriate stakeholders.

Resources needed:
• Project Manager",7/1/2027,7/3/2027,0,9326b11e-1d4c-48ae-9f20-8d3262e2ffd9,PlanExe
1a9ab71c-00dc-4d96-b4d2-3f9f74a2bc4b,Stakeholder Sign-off,,7/3/2027,7/7/2027,0,9326b11e-1d4c-48ae-9f20-8d3262e2ffd9,PlanExe
17f535c7-da43-480b-a1c6-0ba3e428dd10,Identify Key Stakeholders for Sign-off,"Identify Key Stakeholders for Sign-off

Description:
Objective: Determine all individuals or groups whose approval is required for project closure.
Scope: Review the stakeholder register and project communication plan to identify key decision-makers.
Steps: 1. Review stakeholder register. 2. Consult with project team members. 3. Create a list of stakeholders requiring sign-off.
Deliverables: A list of key stakeholders requiring sign-off.

Resources needed:
• Project Manager
• Project Team Members
• Stakeholder Register",7/3/2027,7/4/2027,0,1a9ab71c-00dc-4d96-b4d2-3f9f74a2bc4b,PlanExe
8759f8dd-d7e7-4c26-b497-92c93a495158,Prepare Sign-off Documentation Package,"Prepare Sign-off Documentation Package

Description:
Objective: Compile all necessary documents for stakeholder review and approval.
Scope: Gather project reports, deliverables, and any other relevant documentation.
Steps: 1. Collect final project report. 2. Gather key deliverables. 3. Prepare a summary of project outcomes. 4. Assemble the sign-off package.
Deliverables: A complete sign-off documentation package.

Resources needed:
• Project Manager
• Project Team
• Project Documentation",7/4/2027,7/5/2027,0,17f535c7-da43-480b-a1c6-0ba3e428dd10,PlanExe
4c469ab9-fdd3-4ea3-90d0-45e3774c4bfb,Schedule and Conduct Sign-off Meetings,"Schedule and Conduct Sign-off Meetings

Description:
Objective: Present the project outcomes and obtain formal approval from each stakeholder.
Scope: Coordinate meetings with individual stakeholders or groups to review the sign-off package.
Steps: 1. Schedule meetings with stakeholders. 2. Present project outcomes. 3. Address any questions or concerns. 4. Obtain formal sign-off.
Deliverables: Signed approval documents from all key stakeholders.

Resources needed:
• Project Manager
• Stakeholders
• Meeting Facilitator",7/5/2027,7/6/2027,0,8759f8dd-d7e7-4c26-b497-92c93a495158,PlanExe
90b8b649-4b0e-4003-9744-41830a78a3b1,Address Feedback and Revise Documents,"Address Feedback and Revise Documents

Description:
Objective: Incorporate any feedback received during sign-off meetings and revise documentation accordingly.
Scope: Review stakeholder feedback and make necessary changes to the sign-off package.
Steps: 1. Collect feedback from stakeholders. 2. Revise documentation based on feedback. 3. Obtain final approval on revised documents.
Deliverables: Revised and approved sign-off documentation.

Resources needed:
• Project Manager
• Project Team
• Stakeholder Feedback",7/6/2027,7/7/2027,0,1a9ab71c-00dc-4d96-b4d2-3f9f74a2bc4b,PlanExe
6df248be-7592-4131-8708-13cf0d4ddb02,Archive Project Documentation,,7/7/2027,7/12/2027,0,69f43a12-03c2-45e1-8574-f7c766c6fb3f,PlanExe
2ce41fe1-d24b-480a-98c7-48bd69e001b1,Gather all project-related documents,"Gather all project-related documents

Description:
Collect all documents, including plans, reports, contracts, and communications, ensuring completeness.

Resources needed:
• Project team members
• Document management system",7/7/2027,7/8/2027,0,6df248be-7592-4131-8708-13cf0d4ddb02,PlanExe
56bcdb1e-d514-4aa1-8931-ba054b758ff3,Organize documentation for archiving,"Organize documentation for archiving

Description:
Structure the documents logically, creating a clear and accessible archive for future reference.

Resources needed:
• Project archivist
• Document management software",7/8/2027,7/9/2027,0,2ce41fe1-d24b-480a-98c7-48bd69e001b1,PlanExe
a37dc0da-0b22-4b93-9e6e-8228c1e594c3,Upload documents to archive system,"Upload documents to archive system

Description:
Transfer all organized documents to the designated archive system, ensuring data integrity.

Resources needed:
• Project archivist
• IT support",7/9/2027,7/10/2027,0,56bcdb1e-d514-4aa1-8931-ba054b758ff3,PlanExe
2f0a3c84-8362-4341-8daf-0b083083c122,Verify completeness of archive,"Verify completeness of archive

Description:
Confirm that all project documents have been successfully archived and are accessible.

Resources needed:
• Project manager
• Project archivist",7/10/2027,7/11/2027,0,a37dc0da-0b22-4b93-9e6e-8228c1e594c3,PlanExe
73d95831-0c52-44c4-9f1f-849e52fe8de2,Confirm archive system access permissions,"Confirm archive system access permissions

Description:
Ensure appropriate access permissions are set for the archived documentation.

Resources needed:
• IT support
• Project manager",7/11/2027,7/12/2027,0,6df248be-7592-4131-8708-13cf0d4ddb02,PlanExe
