Level 1;Level 2;Level 3;Level 4;Task ID
MirrorLife Genesis;;;;d97c1e75-b29b-4bc6-816e-d2fccb7fa26e
;Project Initiation and Planning;;;81478898-2188-4aa7-bccf-13a3fa25e74e
;;Define Project Scope and Objectives;;956cbc1c-f491-4ffe-9b32-6c55f401267a
;;;Identify Stakeholders and Their Requirements;45085ed2-0c79-4669-b222-1e4f68f01452
;;;Define Project Success Criteria;27a1b167-04c8-4673-b612-07896f2d6e1a
;;;Establish Project Boundaries and Scope;3ae74ee6-c787-44bf-8a2b-689f69012a37
;;;Prioritize Project Objectives;6e4f32e3-6219-43ef-8e77-d866c0d2aa10
;;;Document Project Scope and Objectives;64017881-df1f-421e-b70f-f8999a46d3c6
;;Establish Project Governance Structure;;e59b2b92-2d11-4ac8-8bc0-fb1f75f27243
;;;Define Roles and Responsibilities;139f312b-16d2-4b1c-a90d-5cd64a2fb0cf
;;;Establish Communication Protocols;9ed99cac-b89d-4bf3-a9cb-5a705aa9e240
;;;Develop Decision-Making Process;20c20392-4f1d-4098-b0d8-d01997f0a2ce
;;;Create Risk Management Framework;c46c936b-63f0-42bf-93bd-b5c02acaee3c
;;;Implement Change Control Procedures;1c068081-0b1c-4449-a083-5315694fb371
;;Develop Detailed Project Plan;;0b04c196-3a16-4859-9be2-823050abd378
;;;Define Project Tasks and Dependencies;e20602b8-d6ca-437d-9e3d-8dc6b8024741
;;;Estimate Task Durations and Resource Allocation;d2fdaa67-5b67-4c1f-9c1c-7ecd9b91c97d
;;;Develop Project Schedule and Timeline;0255f2ae-8936-40df-89b5-73db9486c75a
;;;Establish Communication and Reporting Protocols;f1a0e974-3ee7-481a-8fda-194041e45e8b
;;;Identify and Assess Project Risks;3e06ffae-96ed-4139-9b31-8ad88d3a92f4
;;Secure Project Funding;;727ff6e7-e35a-4b15-a988-829365017630
;;;Identify Potential Funding Sources;8356d97d-f980-4f20-86ca-e74774be69f9
;;;Prepare Funding Proposals;9c338436-e5da-408b-8efa-b0071a038b7a
;;;Submit Funding Applications;79c13034-6206-4d4e-95d7-e38407b6828b
;;;Negotiate Funding Agreements;c8a28140-75aa-45f0-8b68-fd9c71221304
;;;Establish Funding Management System;36ba42a6-9c11-4896-aa92-3a8d788ec077
;;Form Project Team;;cac74d2b-351c-4456-811e-5c3405ef1702
;;;Define Roles and Responsibilities;56881f55-cc30-4e5d-851c-1a82646a9930
;;;Identify Required Skill Sets;37e17581-822f-42b2-8839-cecfbd0b9d48
;;;Recruit and Interview Candidates;b7dcedd0-927c-442c-ac09-0d17b29172c9
;;;Onboard New Team Members;ac695495-4b56-48a6-93e3-59ccb627dfaa
;BSL-4+ Lab Assessment and Preparation;;;2f7f117b-2637-4843-ad4f-e225bddb957e
;;Conduct BSL-4+ Lab Suitability Assessment;;4348264e-f16e-47ab-9df3-230e9a07f9b4
;;;Review BSL-4+ Lab Specifications;bd34c6a4-3fff-4f3b-a27e-dfb725943b4a
;;;Inspect Lab Infrastructure and Equipment;b0132462-ab25-4ce1-8105-7b01c71b8245
;;;Evaluate Safety Protocols and Procedures;91d8bb31-3e2f-464a-81f9-6ad10f26cd2e
;;;Assess D-Chiral Compatibility;73e3adeb-61f0-4c53-94bf-cf9d3a4da7cc
;;;Document Assessment Findings and Recommendations;82bb2e70-bcdf-44cc-b12f-f3562ebb77b6
;;Upgrade/Modify BSL-4+ Lab (if needed);;9c51f171-dbb3-4c63-895a-19fb025922f5
;;;Assess current lab infrastructure and systems;817a5cbe-417c-4477-8d9d-868f36e7cf49
;;;Design upgrade plans and specifications;f558adea-503c-45dd-946e-a6eb0a77709d
;;;Obtain necessary permits and approvals;7aa55efe-3fc9-42b1-a757-c7df259db176
;;;Execute lab upgrades and modifications;b8bed44d-7086-4ee9-9959-29abb6031bf8
;;;Validate and certify upgraded lab functionality;87edde1c-257e-4f02-89ab-45c7d436caef
;;Procure Specialized Equipment;;902fa624-f9cb-466b-8de1-0975abaf7023
;;;Identify Equipment Specifications and Vendors;53228516-7738-4801-85fb-8f27c71141dc
;;;Obtain Vendor Quotes and Compare Options;db14220c-7874-48d5-aed7-504600d05dec
;;;Assess Equipment Compatibility and Integration;4821b446-b1ad-4f3d-8adf-d1149062c35c
;;;Prepare Purchase Orders and Contracts;72542590-842f-475d-8a45-9b3cc7bd897d
;;;Track Equipment Delivery and Installation;6356d64b-4b4a-4650-85f8-97aa37405a36
;;Develop Lab Safety Protocols;;7e51cc87-faf6-44b5-ab55-61670d01f83f
;;;Research BSL-4+ safety guidelines and regulations;eed41564-817f-4b1f-8af2-ffafcb54f6ae
;;;Adapt existing protocols for D-chiral molecules;2cc44c97-0f0c-462b-b111-41630f82b67f
;;;Develop emergency response procedures;592bba9f-1683-40bd-bad6-354971fbad63
;;;Document and review safety protocols;aff35512-a5a2-492b-b0b0-fcb7fe04548e
;;Train Lab Personnel;;a35038c8-b3e8-44f5-88e0-e14ea533f3a6
;;;Identify Training Needs for D-Chiral Research;03ed77e9-174e-421c-8817-a93d4bb0476d
;;;Develop Customized Training Modules;8f1dd7d3-8715-417a-a49c-d519157a1913
;;;Conduct BSL-4+ Lab Safety Training;3398046f-3026-4bca-a066-4272dbe982e6
;;;Provide D-Chiral Chemistry and Biology Training;941719e6-c153-4312-91ea-77d0aef28acd
;;;Assess Personnel Competency and Certification;77200ba5-074e-475c-b1b3-35c642c0f48f
;Risk Assessment and Mitigation;;;8ad9fd6e-a61c-45a4-b25a-4806d3c951f0
;;Conduct Dual-Use Risk Assessment;;a61154a5-a942-4f99-9992-c42d9e459735
;;;Identify potential dual-use scenarios;8980237f-02b3-446f-b811-76705e4eae6e
;;;Assess likelihood and impact of misuse;36713652-8419-4f2b-9949-f7dc1beb902f
;;;Develop molecular safeguards and controls;104190d6-e9dc-4959-97e9-a3997189508e
;;;Evaluate effectiveness of safeguards;5afee658-cc30-46d5-bfb6-faf0e62f60df
;;Develop Dual-Use Mitigation Strategies;;957ca904-b028-4473-a0ff-1339a7e2406a
;;;Identify potential geopolitical risk factors;0688c3ef-4cfc-4ad9-b223-b96917da78f2
;;;Assess likelihood and impact of each risk;9fb187ec-8792-4651-bb23-c9be4f1b655b
;;;Develop mitigation strategies for key risks;38857043-dfda-483b-8e0b-1ce111e270a7
;;;Establish communication protocols with stakeholders;a8c9db37-c12f-44ad-9971-68d88437d5ac
;;Conduct Geopolitical Risk Assessment;;617442d7-f8d4-4565-aef5-c95c32ee9ab4
;;;Gather geopolitical intelligence and data;9be4ba05-54eb-4782-89f0-9e5fbc2ec5c8
;;;Identify potential international responses;2b467d10-5991-4952-ab8e-576d664e757b
;;;Assess impact on international relations;ff797379-cc8c-4ea2-987c-bc27c38638f5
;;;Evaluate compliance with treaties and agreements;ee881c8c-fe40-4e43-8466-539f34e7cf66
;;Develop Geopolitical Risk Mitigation Strategies;;bd12856d-dbda-4566-b92a-e5300bdf8da9
;;;Identify potential geopolitical risks;145f9f7d-5a2f-44b2-95db-698bb3528b96
;;;Assess likelihood and impact of risks;99a25ac8-1f6f-4052-9709-f7f20199f538
;;;Develop mitigation strategies for each risk;72798236-b1ce-41a1-91d8-22f251bf672f
;;;Implement and monitor mitigation strategies;2f75e0b4-acc8-47e8-b7d5-6e652e9a553a
;;Establish Long-Term Environmental Monitoring Plan;;59fb7cba-5a48-48f3-ba75-e3b8447adfc7
;;;Define Environmental Monitoring Scope;2e02cd3e-82d5-4e3a-874e-75cddb429b29
;;;Establish Baseline Environmental Data;9c0ccb1a-10eb-4b9c-8c7d-086b8d2b02d2
;;;Develop Chirality-Specific Analytical Methods;9d95590f-847d-47bf-8119-11b5587cfbc1
;;;Design Monitoring Network and Protocols;645daa1e-adf3-45ac-bf67-7fa626cb015e
;;;Create Remediation Strategy for Contamination;cab6a2eb-08e1-413f-a965-951c6e933dc3
;Ethical Oversight and Public Engagement;;;4b79f726-7dbb-4453-9d50-1a09d7b79714
;;Establish Ethical Oversight Framework;;6bfb9134-663c-410e-ab33-0d112fb7146e
;;;Define Ethical Principles and Values;d7db4a8c-eef6-46bd-a701-530e1e78c883
;;;Draft Ethical Guidelines and Protocols;713b30cd-de01-4a4f-9abf-9864a8956515
;;;Establish Ethics Review Process;d297b1f1-876f-41b2-b207-39cdfda74735
;;;Document Ethical Oversight Framework;eec00432-efd0-4484-b3f3-5b5f4326bf2c
;;Develop Ethical Guidelines and Protocols;;1c0f666e-4f04-4849-827e-60a8cbe540e8
;;;Research existing ethical guidelines;0f45397c-e426-4e64-94ef-a72a60fae658
;;;Draft initial ethical guidelines;1ecc8b5e-874e-4e3a-8242-1ab6659c7911
;;;Solicit feedback on draft guidelines;aa6db374-78b2-44d6-8479-3c6eba7bd195
;;;Revise and finalize ethical guidelines;001744be-b6f9-4dcf-969b-263da2a97c01
;;;Develop implementation protocols;d0a73408-7a36-4a02-bac7-17cc464bebdf
;;Implement Public Engagement Strategy;;c7a2d364-3899-4c47-980c-27c19411b93e
;;;Identify Key Stakeholders for Engagement;b886e9fc-f4d0-4781-be08-b5d1c5564f94
;;;Develop Communication Materials for Public;0c2202e1-15ce-465d-b014-397cc76ec899
;;;Establish Community Advisory Board;d52e4093-e721-44ff-b335-c9bf0820d632
;;;Conduct Public Forums and Presentations;0c3f8cca-c456-4318-96fb-265099b03dfa
;;;Monitor and Address Public Feedback;cd10e2ee-6ff3-4094-9380-ac863a71fcfe
;;Manage Public Perception and Communication;;eccfef30-10ea-4993-b68f-0cb6670e28a8
;;;Monitor media coverage and public sentiment;0f2f8756-d072-4d45-96e0-d84f560c9ae7
;;;Develop key messages and communication materials;c2f09984-5adb-455f-b9d0-99eaeff43cbf
;;;Engage with media outlets and journalists;a79c7bd5-1f81-425b-bad1-d1230177304f
;;;Address public concerns and misinformation;224c383b-eca5-42f6-8c60-661b7d8aec85
;;;Evaluate communication effectiveness and adapt strategy;337963ff-6c58-4256-bb6e-f6b3599cb06a
;D-Chiral Lifeform Design and Construction;;;bc7c6101-5613-4448-907b-48f47d49e241
;;Design D-Chiral Lifeform Systems;;0639e3d9-b16b-4bbb-857d-0e461dca7709
;;;Define D-Chiral System Requirements;b7d1fbc6-5465-459b-b8f3-d1200009b51f
;;;Develop D-Chiral System Architectures;9e3352f3-17e5-42b1-9393-2d3f9a86458a
;;;Simulate D-Chiral System Behavior;dd61681b-054f-49fa-9445-6009689ed68b
;;;Optimize D-Chiral System Designs;a08f2f5a-ce4a-42ee-b7f9-8a27d0a154fc
;;Synthesize D-Chiral Molecules;;6b92c4c6-45c1-4d9b-9d70-a7790c7564c5
;;;Identify Target D-Chiral Molecules;692c6dab-3c13-4313-8256-7bccffb7d79f
;;;Establish Synthesis Pathways;47fe33d2-74f8-44e9-880d-ca932d6b4e04
;;;Perform D-Chiral Molecule Synthesis;d834b4fe-5c91-4230-b648-2a71b59774ab
;;;Verify Purity and Chirality;ae86d197-db3f-451b-b63c-a2e2fb605fd5
;;;Scale-Up Synthesis (if needed);047ec221-b962-4780-ab28-d9716ad3f236
;;Assemble D-Chiral Lifeform Components;;93c4bebf-c687-45e2-8549-a9ae3e143a54
;;;Prepare D-Chiral Component Assembly Protocol;56ea18c9-28fc-4b49-a08a-a36bfeb22426
;;;Sterilize Assembly Equipment and Work Area;69b99541-02ef-4d1d-a8d4-093300df751f
;;;Assemble D-Chiral Components in BSL-4+ Lab;22f16d72-cee4-4974-81ae-75be1f810564
;;;Verify Assembly Integrity and Structure;5c8daa32-a20d-4330-a380-afd44834b67f
;;;Document Assembly Process and Results;37405a18-71b0-4d6c-a00b-c72aa3ac8ed3
;;Test and Refine D-Chiral Lifeform Functionality;;4f27b8c0-f99b-47e0-877f-45d0695507c2
;;;Establish D-Chiral Lifeform Testing Protocols;637960e3-55cc-44c7-bdcc-5c3ed06859c0
;;;Conduct Initial Functionality Tests;0cc421ab-7fe1-43ad-8fa7-11b18ce69ff9
;;;Analyze Test Data and Identify Deficiencies;364bd57c-62ba-484e-9d2d-3ffdcc552ce8
;;;Implement Design Modifications and Re-Synthesize;cde07a58-c8ff-4fb3-8683-985e55ab5456
;;;Iterate Testing and Refinement Process;66046c04-c6a8-4a66-9cea-5c7ff887950d
;Exploration and Analysis;;;51ce4c4f-f083-49f6-9f21-2a0044ad088e
;;Conduct Functional Analysis of D-Chiral Lifeforms;;4fd7eb56-a309-436f-a833-9caf8bdbaf7a
;;;Develop D-Chiral Assay Protocols;b9b57fad-2fdf-490c-983b-874cb875def5
;;;Synthesize Substrates for D-Chiral Assays;d9578d41-cf94-42b4-8d73-fbb39623908a
;;;Perform Functional Assays and Data Collection;5366ee87-7338-46dd-acc2-b803508c7cdc
;;;Analyze Assay Data and Interpret Results;403e37d8-0b03-4edd-9216-70f50d9ccc07
;;Deconstruct Evolutionary Constraints;;1b5ccb73-c958-46e3-8311-40323eb09149
;;;Identify Key Evolutionary Constraints;6ca5d387-544f-41de-87c6-501aad007d55
;;;Design Experiments to Relax Constraints;e99f710c-8f0e-48d1-af5d-60856d9b2b96
;;;Conduct Experiments and Collect Data;9610e7c3-6281-4159-8639-096129f98cd0
;;;Analyze Data and Interpret Results;27250b24-371a-4f94-8d85-d1edd2ecfb20
;;;Iterate and Refine Experiments;330895e2-e110-419c-9559-28c574e2e6b7
;;Analyze Data and Publish Findings;;9679ecda-c9d4-4557-8a74-48b6f8e69639
;;;Clean and Prepare Data for Analysis;7436071d-11ab-4a03-b6e6-bd3c24af1333
;;;Perform Statistical Analysis and Modeling;c00bd024-a61e-476f-9ec0-5663f0431db1
;;;Interpret Results and Draw Conclusions;51cefffd-2216-4766-97ff-c8e528b661c5
;;;Prepare Manuscript and Submit for Publication;85834008-e0bd-4326-adb5-50ada44e3c06
;Project Closure;;;57d63f36-7c0d-4770-b4a9-15ee5a4e5db6
;;Finalize Project Documentation;;db5f6ef7-5778-4aab-8768-7d62c22b3c9f
;;;Gather all project documentation;2d9c3f8c-05b4-498b-aaee-4af689257148
;;;Review documentation for completeness;af103e89-0d64-4616-9466-a01fc3a8c267
;;;Address documentation gaps;4c1ad88d-1f99-46c4-84ba-f4e3de0530ba
;;;Obtain stakeholder sign-offs;d3c87583-b13f-404e-bcdd-d2d9ab0cfac2
;;Disseminate Project Results;;2e11a0b6-2bbb-4026-a177-80d4872f1dcf
;;;Prepare manuscript for publication;ff944e16-e1f3-4f0d-898b-3996f3c195c6
;;;Identify suitable publication venues;51c8c322-441c-48df-a61a-07759b24f898
;;;Submit manuscript to selected venue;fe1a3ef2-771e-46d6-a15b-eb8c55895d05
;;;Present findings at conferences;7bc86a92-463b-4a44-b8f2-4c1c912704a3
;;;Prepare data for public repositories;e806af39-f28a-4980-8614-9192375fc842
;;Archive Project Data;;c6021184-3958-4a2b-b7db-fa0a24ff4ee0
;;;Identify Data Storage Requirements;6e85b6b9-ad2f-4201-8e2c-d3cfd0d89e66
;;;Select Archiving Solution;d4bebce3-937f-453e-913a-d95abc240424
;;;Prepare Data for Archiving;ae1b0f95-a011-4b3e-a021-47e0bfa2cf68
;;;Transfer Data to Archive;f2a84a2b-7998-4404-80f3-3c0a63529f00
;;;Verify Data Integrity and Accessibility;9fb0eec2-3a3a-4c69-bdb5-c4de546e0d3f
;;Conduct Post-Project Review;;dda98078-cc71-42bf-b852-95dbbf7547a8
;;;Gather team feedback on project performance;9fef6f1d-156e-4d79-a845-f838c5d989ed
;;;Analyze feedback and identify lessons learned;91ee268c-818d-4e98-9676-33bd422e422c
;;;Document lessons learned and best practices;348b25aa-4d9b-48f8-9973-5557c8a7f960
;;;Present findings to stakeholders;15da6f03-6c75-46c5-a320-c5e92164f050