Level 1;Level 2;Level 3;Level 4;Task ID
GTA: Metropolis;;;;1fbcc302-7755-4ef8-93b0-0de251597fcd
;Project Initiation & Planning;;;86d52534-5313-4595-8698-f3675c906e8e
;;Secure Funding;;e095a440-bd11-4bbd-833e-8c087e0b5c85
;;;Identify Funding Sources;8dadc21e-fd4f-48c8-be2e-bfc2d53f006d
;;;Prepare Funding Pitch Deck;0eb0057d-8678-4602-a6a3-f5dc9f35887b
;;;Engage Potential Investors;00c15092-ffc9-4aab-a2a5-ab22caa64e46
;;;Negotiate Funding Agreements;70cbedc7-ae3c-470d-bbfe-a7972563e378
;;;Secure Final Approval of Funds;cb86b6dc-977c-4c3b-a2b9-bc1b93ba8255
;;Establish Physical Locations;;578f5a7a-1397-416b-a86a-dbff350050b2
;;;Identify potential office locations;2c15a03d-70c6-4433-926c-2e6c31c63e2e
;;;Negotiate lease agreements;b23d2e1f-5529-48b8-b8ab-fd6a0d77dc24
;;;Obtain necessary permits and licenses;d5863dee-45c5-4d28-ba77-c5d7e74b8d9c
;;;Design and build out office spaces;a52e38c0-2e4a-4338-9809-0d74f8f2c102
;;Acquire Hardware and Software;;9938b2be-7e45-4d68-b9fc-35b73a8e7753
;;;Define Hardware and Software Requirements;9a6ca7e4-b178-4596-964e-3791cc4b31f7
;;;Research and Evaluate Vendor Options;edac606b-a2a7-4248-9922-dce99a66a0bb
;;;Negotiate Contracts and Secure Licenses;a0b30bc9-1b7f-41a1-b798-e242b659d608
;;;Procure and Install Hardware and Software;0c2a237f-56a0-49f2-bc90-bee84bfeecb6
;;;Test and Validate System Functionality;45339747-4e51-4d91-ba9e-663c87756c39
;;Recruit and Onboard Development Team;;a06fcbb3-5415-4ae4-8403-fad31909009d
;;;Define Team Roles and Responsibilities;e46de3f8-dc6d-4b80-aeac-4c423fc1f757
;;;Source and Screen Potential Candidates;468ae5ce-1496-4ef6-abd6-b794678a5bce
;;;Conduct Technical and Cultural Interviews;6d20c3a7-4e5b-40d0-9885-e6f4e30b491e
;;;Extend Offers and Negotiate Terms;4a1246f1-6dd2-41d3-b2a2-fbd19472ec7a
;;;Onboard New Hires and Provide Training;923e55de-b969-4aea-bb18-8f61a222d0c8
;;Establish Financial Infrastructure;;1b2752f4-70d4-4e9d-8a88-b879849fe13d
;;;Open corporate bank accounts;3eddd466-b200-4d69-951d-1e796f81d51f
;;;Negotiate FX agreement;b094a91d-5aa1-4525-b10f-cbc485a83e03
;;;Establish accounting system;0757a157-3dc4-4d87-8416-9bcdbaa07cd9
;;;Comply with financial regulations;13e916f8-00d2-42bb-ab49-5e3eb068d548
;;Retain Legal Counsel;;b9dfb0f7-5639-4c78-bb37-88c952704e0f
;;;Open corporate bank accounts;ee1a19cc-e45b-49c5-aa2d-6a41f8e2791f
;;;Negotiate FX agreement;74798b2e-272c-4ada-b6c2-b5a3440b4578
;;;Establish accounting system;b9baff58-3165-4f74-99b9-83e1b8fc2d79
;;;Comply with financial regulations;b387d25d-4974-4212-9461-e01dc2b619f7
;Pre-Production & Design;;;27ad9808-3133-48ea-80d5-7ebf3ae08513
;;Develop Core Game Mechanics;;e9a60e2b-3a95-414f-8b51-fb1a511673b1
;;;Prototype basic movement and interactions;a0deedce-2147-417c-bb2c-c69788362044
;;;Design and implement core combat system;ef575aa1-3174-4939-a25f-6b76adce98f9
;;;Develop driving and vehicle physics;5d5357aa-5f07-4275-b78d-ab9759be2c6b
;;;Implement player progression and rewards;224573be-8717-4493-a97a-7103d0379f31
;;Design Open-World Metropolis;;3644ad34-ac7e-40ee-b88a-02ca18185373
;;;Design city layout and districts;2ca09bb0-fe3c-4159-90a1-30fafdeffed1
;;;Create building architecture and assets;44088c6f-68d2-46b3-81cb-33fd73552937
;;;Populate the city with NPCs and vehicles;9d553d22-7419-43da-9e27-572a00b56fb0
;;;Implement dynamic weather and lighting;b2491e8f-3a70-473f-87d8-7ec2cc57115c
;;;Optimize world for performance;ccf8b7f6-b1df-4cfc-8da1-110020e6ab73
;;Write Intricate Narratives;;f558f65e-a596-4f27-a278-a50fdbc67891
;;;Outline Main Story Arcs;4fe47689-3734-44b8-bce4-3a3f75c40eba
;;;Write Character Backstories;6ff15bcd-6b6d-4264-b339-05a23540dbd2
;;;Script Main Missions;0cb93154-7f04-4f36-80d5-33cb9cacb46f
;;;Develop Side Quests and Encounters;7dc03a2e-7852-426b-bab3-dd429d404e91
;;;Integrate Narrative with Gameplay;f8db8ca9-4356-4f44-9c5c-e17e7465bc24
;;Design Criminal Economies;;2d7e582d-45b8-4331-ab66-fe3e3e52eed8
;;;Define Criminal Economy Scope and Features;0eb64d12-7884-44e3-ab30-eba108cab384
;;;Model Criminal Behavior and Interactions;2db227d9-15fc-422d-a86f-c295b46c9778
;;;Implement Economic Simulation Systems;82b6f819-ad58-49dc-b6ac-4288cd152ed0
;;;Balance Gameplay and Realism;899dc370-2d4a-4d12-ba8f-3bb48359f725
;;;Test and Iterate on Economy Design;843ae48b-5064-4543-a48a-afb3c4fde2bc
;;Plan Innovative Gameplay Features;;6ca7245c-80ea-4318-a73e-e2007b59889f
;;;Brainstorm innovative gameplay concepts;05de6d1b-34c7-45bf-98ed-e25b27282b68
;;;Prototype gameplay feature ideas;75b3fc58-74aa-44fe-ac3f-d4aedcfbf4bd
;;;Evaluate gameplay feature prototypes;629186b5-8c6f-44e6-afc2-997ce1d45085
;;;Refine and iterate on chosen features;5345c162-e7a0-42c8-b5b2-e6c69d263a3c
;;Data Acquisition and Management for Procedural Generation;;2ba53259-7b1c-40be-9d94-64101d322927
;;;Identify data sources for generation;5ddde945-620e-49fd-91b2-f017fa627c45
;;;Assess data licensing and costs;7bee253f-dabc-4b1e-ae1b-24c13b38d184
;;;Evaluate data quality and suitability;33cc220d-099a-4da1-9d96-b4a83237ed13
;;;Plan data storage and processing;40bf2ea3-5c31-434e-90a6-20a12d42a7d8
;;;Establish data governance policy;82dd69f4-91de-467f-864a-e3af45bc1b8a
;Production & Development;;;b7cae431-25f0-42f6-ae5e-3ceec1223bd1
;;Implement Core Game Mechanics;;a92fc9ae-ab32-4cf3-92ee-4ea8da87b143
;;;Integrate movement and combat systems;943bf1e2-8d3d-4ab9-b961-e0fa184212b4
;;;Implement vehicle control and physics;00285b03-519c-4c35-8ea7-321c945a350f
;;;Implement AI for NPCs and enemies;415fe631-1113-414b-92b1-a43ba6092b5b
;;;Implement player progression and stats;a3d3b09d-25b3-4b3e-a9c4-f72aed96f50d
;;Build Open-World Environment;;b988146e-6d76-4a41-a57d-098cb40d334c
;;;Design City Layout and Infrastructure;851f7fd9-73e4-48dc-8035-e2ef64c463ae
;;;Model Buildings and Interiors;e74d2323-26bf-401d-9708-cd1129420747
;;;Populate World with Props and Details;c4e3d619-1fbf-4a95-9328-1a444ea86f62
;;;Optimize World for Performance;157d2029-d406-422b-81df-2aa931bdfc1b
;;;Integrate AI and Traffic Systems;eb876461-bf89-4471-a1ba-379ab590994f
;;Develop Narrative Content;;c4c74467-7ed9-4466-8c21-161c177c1eb0
;;;Outline Main Story Arcs;bcb4192c-5464-41b1-a301-e71650ad83a9
;;;Write Character Backstories;c40c8e36-2fd1-4c9c-b8ff-87371f54b3f8
;;;Script Dialogue and Cutscenes;b286d3f2-0625-49d1-97f9-5fd048c8ef0f
;;;Integrate Narrative with Gameplay;3ca73e49-a823-4b39-ab44-edf7aa2e2b9e
;;;Review and Revise Narrative Content;43de7116-58d9-48f8-a0ad-691ca3e243e0
;;Create Criminal Economy Systems;;563e8a85-2a45-4cdd-a181-3cfa1d8227ad
;;;Research Criminal Behavior and Interactions;53fa08cc-1fa1-4dfe-a7dd-b704821041f3
;;;Design Criminal Economy Systems;d9a3601c-4412-474c-a135-939aa980ade0
;;;Implement AI for Criminal Behavior;1db4b092-b15c-4809-829a-6378a2a0d757
;;;Integrate Criminal Economy with Gameplay;ec393d99-0344-4d0d-8352-3eae3be05832
;;Integrate Innovative Gameplay Features;;41ebc82e-f359-49ce-b807-1a742f648e33
;;;Brainstorm innovative gameplay concepts;fec2e61a-b6ef-4e96-933e-ba15e0df775d
;;;Prototype gameplay feature ideas;cc3aa993-5d0f-4d0b-93cf-8f6c8231c4c5
;;;Test and refine gameplay features;e61097a7-fed2-4d76-9346-d81597d2d008
;;;Integrate features into core gameplay;8a6209b1-2eb0-4931-bd49-7b0c33643cb8
;;Develop 'Killer Application';;35a41897-582b-4d76-af84-4883095b12ae
;;;Research innovative gameplay mechanics;3ae62847-aa46-42e4-8c70-41af4c9ffa4a
;;;Prototype 'killer application' mechanics;1774dced-5208-45dc-be8e-b91f5325daad
;;;User test 'killer application' prototypes;89ea0449-8eff-46f1-861d-a4595e016348
;;;Refine and integrate 'killer app';6a45bf86-4060-4b4f-bebf-34be9de48c32
;;Implement Procedural Generation Systems;;42d2b0e1-aeb6-4208-a88c-a40480ec7874
;;;Research procedural generation techniques;c3fc4531-0348-4055-8ba1-e80f289f0edf
;;;Prototype procedural generation algorithms;df258850-af89-4b27-ba01-c20500beba8b
;;;Integrate procedural generation with game engine;f88a8591-be95-43ee-981e-5ed989c779a0
;;;Optimize procedural generation performance;78c630dd-9c7e-4a56-b439-37146444e86e
;;Develop Multiplayer Functionality;;534d2ce8-9b1c-45db-9d16-6a3df2a4f300
;;;Design Multiplayer Architecture;035cf4ad-bf3f-4cec-9056-6c33bfd19dea
;;;Implement Network Communication;ddda30f2-d330-4fbd-a9a6-33dcb659c871
;;;Develop Server-Side Logic;f716c118-0819-4f60-8989-209492951e0f
;;;Test Multiplayer Functionality;241866d2-fc2d-4960-9d3e-22f3fe742894
;Testing & Quality Assurance;;;8deb5da0-9bfc-4079-a077-8c4730a4b5de
;;Conduct Functional Testing;;61784641-c351-4d01-9322-2a43a3b866d3
;;;Write detailed test cases;2deb8f1d-4b2e-4319-8cee-66b0358bf6cf
;;;Execute test cases and log defects;aff15a6b-bbce-4c12-b111-22260cd8d3e3
;;;Verify bug fixes;35b5d7ea-7f68-4657-8e98-56891a5889f5
;;;Report test results;9f0ccba9-5df9-4b81-884c-54aed077b2e5
;;Perform Performance Testing;;6bb3dc37-ca34-445c-adc6-e0384a19d323
;;;Establish Performance Test Environment;4fd5e5da-6c37-4ec2-8cd9-f936a281df90
;;;Develop Performance Test Scripts;8cf747cd-25e8-4113-bde8-2e7f1acf84c1
;;;Execute Performance Tests;25ceeb13-4a8b-4140-9805-fcb3a09400ec
;;;Analyze Performance Test Results;9a42322b-7911-4964-8fbd-8561cbdfa16a
;;;Optimize Game Performance;15bae418-892d-46d7-b0ea-3e535b6dc493
;;Execute Security Testing;;c6dab277-d259-400c-bd2d-7a4ba2940486
;;;Plan security testing strategy;8ae2209d-17b1-4f75-a35d-873b13687731
;;;Conduct penetration testing;23d23aae-31e6-4182-a72f-8c8d968311c3
;;;Analyze security test results;a60d96c8-dc4e-4cf4-b7d0-67014dc9773b
;;;Implement security fixes;495418cb-645a-4c5d-a578-20ac5b82f613
;;;Verify security compliance;530e4dd6-6f7f-4744-bee0-c8de3e1edfd3
;;Undertake Usability Testing;;a1d9e793-204c-47b0-a2b7-7a19194b9fa0
;;;Recruit Usability Test Participants;5f6e24d8-f7b2-48ff-ae81-6bd24adea184
;;;Prepare Usability Test Scenarios;3ee049bf-d8bb-45b2-9da5-7273373b652b
;;;Conduct Usability Testing Sessions;a350565a-4258-4918-b105-6eb72aead564
;;;Analyze Usability Test Data;6281d114-47ce-4784-8d25-7f2f84d094c3
;;;Implement Usability Improvements;de14c8de-a3be-41cb-82b1-0e248bf24c5a
;;Manage Bug Tracking and Resolution;;15cf8ee5-4e92-44c8-ba94-e3bb9cfdb2ff
;;;Prioritize and Categorize Bug Reports;1553f9c8-a54e-4520-900a-c798e631516d
;;;Assign Bugs to Development Team;e63c6e42-6d8f-476e-a7ed-5d747a5b8bdb
;;;Track Bug Resolution Progress;11f51abe-fe32-40ac-82de-86edd781b75c
;;;Verify Bug Fixes and Close Reports;30881375-20ea-4a85-91b6-8168532a4d9f
;;;Analyze Bug Trends and Improve Processes;00fda1ce-12de-4adf-a1fc-5247c6d7431d
;Marketing & Launch;;;f3193802-d4d8-447b-b2cf-8105eb1a249b
;;Develop Marketing Strategy;;8e9ba600-6715-4840-b1bb-1c1d67237271
;;;Define Target Audience and Personas;78628bfa-74d3-445f-b585-26b488f53ba1
;;;Analyze Competitor Marketing Strategies;843058ed-f407-483c-bd29-ccdcc576c6d3
;;;Determine Key Marketing Messages;f47cc703-70ee-4286-a8b1-ea9ab88a2bb4
;;;Select Marketing Channels and Platforms;821b97f3-047f-440f-9d81-b62cb9771e90
;;;Establish Marketing Budget and Timeline;66355b32-cb2c-4eac-9c65-d216060cc748
;;Create Marketing Materials;;3d44e609-4e7e-4e3e-9c55-ee278e261786
;;;Define Target Audience and Personas;73037353-d0b2-483f-a69c-cb508a2319d3
;;;Determine Key Marketing Messages;95f54ad9-f2f0-4176-9e57-bcc8a27ba399
;;;Select Marketing Channels and Platforms;2a7daced-9bdd-4d6e-80c9-62a8fab577eb
;;;Establish Marketing Budget and Timeline;7181c82a-64fa-4a9a-9789-015d7c4fc178
;;;Analyze Competitor Marketing Strategies;cb144273-680b-486c-b0c1-f89741043b49
;;Execute Pre-Launch Marketing Campaigns;;9c9ac2c3-a0ce-4816-8152-e6f8f9631b3f
;;;Finalize Pre-Launch Marketing Budget;897602da-7440-4183-80f8-964fa3f196c1
;;;Coordinate Media Outreach and Press Kits;d7a69ee4-c8d7-4afe-bd87-c0df672896a4
;;;Manage Social Media Engagement;7b989665-08f3-4a5b-bcd3-1e0c13d8f64e
;;;Run Targeted Advertising Campaigns;7ac3f770-339e-4d98-8b09-3922acc0ee2d
;;Manage Public Relations;;266e3eb4-f167-4087-90ba-3dc12f405d44
;;;Identify Key Media Outlets and Journalists;47090472-3171-4efd-bd90-fab6a3408cb4
;;;Craft Compelling Press Releases and Media Kits;cb7e30ea-f50c-4220-8c8e-d0735a63e593
;;;Pitch Game to Media and Secure Coverage;d64cbabc-4886-45d1-a773-1044edeae686
;;;Manage Media Inquiries and Relationships;90305489-ffce-41d1-8259-364ef1421f1f
;;;Track and Analyze Media Coverage;f12180af-1178-4183-bff2-4da456a6401a
;;Plan Game Launch Event;;d8a69672-b244-463f-a4d9-1b3dd659aaac
;;;Define Launch Event Objectives and Scope;90f92d87-3b3f-4e60-82a4-d13b875c1ed7
;;;Secure Venue and Vendors;6d11cc2c-ea4a-4ee2-b0a2-a8f227ab2ab7
;;;Develop Event Program and Content;233b95b5-17aa-47ff-b8ea-7fca306fb588
;;;Manage Invitations and Guest List;2c06b0a5-8258-41eb-b4e3-fa84ada09a53
;;;Coordinate Logistics and On-Site Management;508a5169-5458-468b-bf75-5b83b3daf1d4
;Post-Launch & Live Services;;;594e10f0-dce2-47a9-b7e4-ae095ef78f81
;;Monitor Server Performance;;292d0c82-469d-43f9-90af-31d6bf5a3f0c
;;;Establish Server Monitoring Tools;1fa1d052-00e8-4f63-b296-b0961877586b
;;;Define Performance Thresholds;fb5ccf7f-7cc3-4a19-a715-0f4424c48588
;;;Automate Alerting System;4fd02528-2384-46c5-aca2-6e3bdd0149c0
;;;Analyze Server Performance Data;4cefc5f4-5758-4059-8f5d-556c10a5c002
;;Provide Customer Support;;d8066754-75b9-4db7-b069-afe89d120625
;;;Establish Support Channels and Procedures;bfc653d3-8838-43a4-b2bf-9ab3eb0e31df
;;;Train Customer Support Team;c5ada813-04a7-4c54-8a61-b7460e3e33ce
;;;Monitor Support Performance and Feedback;a079ea1d-1fb1-4a7f-9e54-9503d6abc4bf
;;;Create Self-Service Resources;fb99c367-5ac6-4606-8f47-06b405168d1c
;;;Implement Escalation Protocols;56638cbb-45e6-41e0-b678-bf265e96a9e2
;;Develop and Release DLC Content;;d14afc03-0d13-4dc9-8915-6356cd3f2e40
;;;Plan DLC Content and Schedule;7493e174-2844-4412-9b0d-b1265e68bc59
;;;Design DLC Gameplay Mechanics;a47a9256-1ee3-4460-907e-1e97b10d716c
;;;Create DLC Assets and Environments;758be9ff-07e7-4d03-b2ce-2e8960e0e7d3
;;;Test and Polish DLC Content;c3904d0f-6520-44fd-906b-424038894876
;;;Release and Market DLC Content;43348e8e-9a81-470b-aff3-fdcdac1ad623
;;Implement Long-Term Content Strategy and Monetization;;b0ad3ca0-7abe-484c-bd0c-da75086fd5e4
;;;Analyze Player Data and Behavior;f4c900ce-9ff9-4758-b082-67e8f23fcec6
;;;Design and Prototype Monetization Features;7a699045-1edb-4d82-a1ec-9261311edc06
;;;Develop Content Roadmap and Schedule;57dfc60a-8503-4038-b971-4be0f4c73a4b
;;;Implement A/B Testing for Monetization;d5c2c01b-b41b-46b4-a5ed-de84853a0c01
;;;Monitor Market Trends and Competitor Actions;a85ed614-552b-43e9-b09f-34676e88a1a7
;;Manage Community Engagement;;93eae9e0-75c6-4821-ad89-7bf60f7965f2
;;;Analyze Community Feedback and Trends;630e17d1-745f-48f9-bd04-8e33271f6a8c
;;;Plan Community Events and Activities;c95f2d06-cde0-48fe-b347-490e30cf3474
;;;Create Engaging Content for Community;a61c108c-37a4-4641-af85-9851d081c0cd
;;;Moderate Community Forums and Channels;f97b1634-c16d-4399-bedc-1dad6d97e79f
;;Scalability and Maintenance of Online Infrastructure;;cee2c672-c7ab-482d-a6d4-6f32758d9213
;;;Monitor Server Load and Performance;7c413fc0-73c4-47e9-b4f2-0695e6bf2bc9
;;;Scale Infrastructure Based on Demand;e47d712e-0f13-4588-9c7f-b696b4228de2
;;;Perform Regular Security Audits;f4e4d1d0-f6be-471b-8d42-da61fd182a6a
;;;Optimize Database Performance;0eee9584-a9c9-4e07-b102-6be20c366070
;;;Plan for Disaster Recovery;759dc6d3-2c92-4368-b3e4-e74e138001ca
;Risk Management & Compliance;;;da24be47-7e7d-4ffb-9b91-6ca3b705574e
;;Conduct Ongoing Risk Assessment;;ee15c043-7196-42b8-8e61-0921b63d903d
;;;Identify Risk Assessment Scope;8235e3af-04cf-4743-a450-edfc96b1860b
;;;Gather Risk Data and Information;aaddee65-95dc-4ff8-9eff-1a007a4d99f9
;;;Analyze and Prioritize Risks;20a9de13-816d-42dd-a446-76a0d85734ff
;;;Document Risk Assessment Findings;015bae84-eb0c-4ddd-a9e4-e4e5425660e4
;;Implement Mitigation Strategies;;1eb6ae4f-cbfc-4af7-9455-890faa6c0075
;;;Prioritize Risks for Mitigation;7b89a096-ad10-44e4-90e9-56ac935e6682
;;;Develop Detailed Mitigation Plans;da6c935f-83a3-412a-ba3b-87047516cdaf
;;;Allocate Resources for Mitigation;776b7d30-53a0-44c1-b98e-a3df80ee6102
;;;Implement Mitigation Actions;8873e8f5-65df-440b-ae61-326544c7cd30
;;;Monitor Mitigation Effectiveness;9532b033-e346-423a-b4ff-bbcfa655403d
;;Ensure Data Privacy Compliance;;269452fd-0049-448d-8a9d-21579d7a739b
;;;Identify Applicable Data Privacy Regulations;6d595d59-88ed-4ffb-a6d8-f4edaed1271d
;;;Map Data Flows and Processing Activities;c8fd971f-8bcd-497e-a180-89c73bbcfab7
;;;Develop and Implement Privacy Policies;08c9855b-6270-497d-a624-0bedd04f91a8
;;;Establish Data Subject Access Request (DSAR) Procedures;28d76b24-0a79-4c82-8cee-0a931b9019e0
;;;Conduct Data Privacy Impact Assessments (DPIAs);7ed7832a-3ec7-460c-8045-bccbe19a50af
;;Maintain Security Architecture;;8b6143e2-c7ba-4e0e-b71b-a965059827ee
;;;Conduct Vulnerability Scanning and Penetration Testing;7ff04508-d0a4-413a-a665-4e41c06f4ba1
;;;Implement Security Patches and Updates;25884275-c2d7-465f-b927-789c4c6f91ef
;;;Review and Update Security Policies;cc99f315-dd95-456f-8f57-1a07b7f96348
;;;Monitor Security Logs and Alerts;74a6a2cb-12dc-4267-850b-90bbcb69f4d6
;;Monitor Regulatory Changes;;a8f2bfe8-1db0-4297-aca9-87e002c5bf80
;;;Identify relevant regulatory bodies;cd71b6f3-a4d1-4da2-a1b5-0c5eb5d76c00
;;;Track regulatory changes proactively;8c8bf6e7-f4b9-49d1-b431-a515349fe6b5
;;;Assess impact of regulatory changes;8cef75a5-e472-4764-8929-09711fce4677
;;;Implement compliance measures;031d09e8-fe00-401a-9ddb-c84d6264b231
;;;Document compliance efforts;16a83596-190a-46d2-bcfd-cfffc3b24a04