{
  "wbs_project": {
    "id": "56927f32-e79c-4688-9ef6-7c722d313757",
    "description": "Rubber Resilience",
    "extra_fields": {
      "final_deliverable": "Resilient Supply"
    },
    "task_children": [
      {
        "id": "d37c24aa-8810-4ef1-9b9d-339ed95ef6fd",
        "description": "Program Initiation & Planning",
        "task_children": [
          {
            "id": "3149aa35-c71d-46da-b1f3-1245e398528a",
            "description": "Secure Initial Funding"
          },
          {
            "id": "f626168f-6849-4b79-b2ec-37e8ee88125d",
            "description": "Establish Project Governance Structure"
          },
          {
            "id": "2699b174-44ef-4101-a9ef-1b88c9b2afba",
            "description": "Define Key Performance Indicators (KPIs)"
          },
          {
            "id": "3d81b2c0-56ed-401e-927c-429ff14bfa6b",
            "description": "Develop Detailed Project Plan"
          },
          {
            "id": "4bd4e116-0e95-42f2-8a3c-ea3294ceaf87",
            "description": "Stakeholder Identification and Analysis"
          }
        ]
      },
      {
        "id": "eda88321-7325-4edb-a712-2f37de6f9e71",
        "description": "SALB Containment",
        "task_children": [
          {
            "id": "689d7c46-b4f6-4e5b-86c9-fb94e456bc03",
            "description": "Develop SALB Containment Protocol"
          },
          {
            "id": "508646fc-e69d-42b7-a48d-37f4256a20aa",
            "description": "Implement Phytosanitary Measures"
          },
          {
            "id": "01ae1931-4d09-41ec-8b04-fecb24c8c39a",
            "description": "Establish Border Controls and Surveillance Programs"
          },
          {
            "id": "516dcbc0-23ae-4c93-9bff-65077dce50c7",
            "description": "Monitor and Report SALB Outbreaks"
          },
          {
            "id": "0eba0df4-e1ac-44b9-be30-6dce5dabcd8f",
            "description": "Enforce Containment Protocol"
          }
        ]
      },
      {
        "id": "187efbb6-a0dd-488e-b719-66826fb802df",
        "description": "Cultivar Development",
        "task_children": [
          {
            "id": "4efd005a-2e88-47d5-a369-810efa1a42c9",
            "description": "Conduct Genomic Research"
          },
          {
            "id": "0dede34c-7a38-4ccc-a5de-fe9879a1411f",
            "description": "Breed SALB-Resistant Hevea Cultivars"
          },
          {
            "id": "629114df-aaf6-4394-be6a-a84b1002bdab",
            "description": "Investigate Alternative Rubber Crops"
          },
          {
            "id": "1d81bdf6-5d4d-470b-a64c-d8ceaf6fac42",
            "description": "Pursue Biotechnological Solutions"
          },
          {
            "id": "f6e38c76-dff6-4475-bb9b-fec33358e27f",
            "description": "Conduct Field Trials"
          }
        ]
      },
      {
        "id": "c4a3521f-6851-4dd0-8344-3451d2ad0cee",
        "description": "Alternative Rubber Commercialization",
        "task_children": [
          {
            "id": "c7511d09-12e1-402b-95ef-30408d788537",
            "description": "Identify Niche Markets"
          },
          {
            "id": "b309fc48-f38f-4078-9fe1-c396e61847d1",
            "description": "Develop Integrated Processing and Manufacturing Hubs"
          },
          {
            "id": "2c99cd6e-df7e-4723-925c-4ad45bbce7cc",
            "description": "Secure Offtake Agreements"
          },
          {
            "id": "02ffc2b6-5390-4f9e-a5a1-351b8a58156f",
            "description": "Establish Stable Supply Chains"
          },
          {
            "id": "8768e79b-5f08-4d51-a479-3c2f79097344",
            "description": "Market Alternative Rubber Products"
          }
        ]
      },
      {
        "id": "e5ea8480-760e-48bd-a3d1-43f426432403",
        "description": "Smallholder Adoption",
        "task_children": [
          {
            "id": "13a1e1c9-a97e-4bf5-bb01-da67a21cd4ce",
            "description": "Provide Replanting Subsidies"
          },
          {
            "id": "8d370c18-3ce8-489b-bf71-1d26c5771d4b",
            "description": "Offer Technical Assistance"
          },
          {
            "id": "bb2fb54f-f69c-460a-8e9d-76e01aeac1c3",
            "description": "Implement Tiered Incentive Programs"
          },
          {
            "id": "4c3e22d6-884a-4a59-a50d-519596ea3c26",
            "description": "Establish Cooperative Platforms"
          },
          {
            "id": "b391e23a-69bb-46ba-bbd2-678bf3fd278a",
            "description": "Monitor Adoption Rates and Farmer Income"
          }
        ]
      },
      {
        "id": "508c1d00-537c-4069-a284-a1dd306bfc3f",
        "description": "Data Management & Analysis",
        "task_children": [
          {
            "id": "a510b4b8-3d37-41e9-9a2d-17b270747c3b",
            "description": "Establish Data Transparency Protocol"
          },
          {
            "id": "970a1f72-8930-4da5-be57-3ab501834fc1",
            "description": "Collect and Share Data"
          },
          {
            "id": "b5edde05-06e9-427c-ada1-1940d33f4b95",
            "description": "Analyze Data for Decision Making"
          },
          {
            "id": "0e85e180-c49e-4aea-bc77-c157662d77cd",
            "description": "Develop Predictive Models"
          },
          {
            "id": "97de7b1a-ad01-49af-9808-fd7364d2af77",
            "description": "Ensure Data Security and Privacy"
          }
        ]
      },
      {
        "id": "5039817c-dc5e-4c08-824d-b01af8bf4026",
        "description": "Program Monitoring & Evaluation",
        "task_children": [
          {
            "id": "4d1c0413-6a7a-4556-9975-3c2c7c6455a8",
            "description": "Track Key Performance Indicators (KPIs)"
          },
          {
            "id": "c388d11a-01f2-4bcc-85f2-f68b17e78ee0",
            "description": "Conduct Regular Program Reviews"
          },
          {
            "id": "d9ab8e70-7aa8-41b9-b752-b1c1f1af2ba9",
            "description": "Assess Program Impact"
          },
          {
            "id": "343b7848-abcc-4d49-a201-6979c14025f1",
            "description": "Adjust Program Strategy as Needed"
          },
          {
            "id": "df8fa24d-ec31-41f4-851f-8aa86a50bce5",
            "description": "Report Progress to Stakeholders"
          }
        ]
      }
    ]
  }
}