Level 1;Level 2;Level 3;Level 4;Task ID
Rubber Resilience;;;;56927f32-e79c-4688-9ef6-7c722d313757
;Program Initiation & Planning;;;d37c24aa-8810-4ef1-9b9d-339ed95ef6fd
;;Secure Initial Funding;;3149aa35-c71d-46da-b1f3-1245e398528a
;;;Identify potential funding sources;076b7ba2-3415-4a5f-bf61-f7614930fe55
;;;Prepare investment prospectus;23754d1b-4e33-4caa-8268-ecab893df6a2
;;;Engage with potential investors;c1c7ca46-193c-41ef-becc-dabf00389775
;;;Negotiate funding agreements;74ba3d7a-1e03-4ee8-9498-5e6c5238e076
;;;Secure preliminary agreements;e61f946e-421d-429d-a301-05942b4bf8fd
;;Establish Project Governance Structure;;f626168f-6849-4b79-b2ec-37e8ee88125d
;;;Define Governance Roles and Responsibilities;e96c875c-a94d-4485-8d73-0462f4825529
;;;Establish Decision-Making Processes;e80d8ab1-d4cc-4611-b1c4-9c783bc6b544
;;;Develop Conflict of Interest Policy;8d937ea9-0b6d-43e7-b8e1-6070c1421548
;;;Establish Communication Protocols;46a54137-0ae5-478a-8516-5bb925624e5b
;;;Create Governance Charter Document;162744a1-1a7b-4e0a-9244-6254b4918cf4
;;Define Key Performance Indicators (KPIs);;2699b174-44ef-4101-a9ef-1b88c9b2afba
;;;Identify Key Performance Areas;918e7c5d-6fd5-4184-a405-c673b1075f11
;;;Define Specific KPI Metrics;49970079-4ab0-4897-ba7d-81bbde1f0d2e
;;;Establish Baseline Data Collection;2fd3847f-9146-44c8-89bd-f1110d21295b
;;;Set Target KPI Values;3311b591-add4-4b4a-880f-c3daf9d58131
;;;Document KPI Monitoring Procedures;30530440-2877-4d9a-9d30-f3821aacf509
;;Develop Detailed Project Plan;;3d81b2c0-56ed-401e-927c-429ff14bfa6b
;;;Define Project Scope and Objectives;62ca6aa4-9aa2-4ab3-af70-7f964cf10529
;;;Identify Key Activities and Milestones;4c989f93-810c-466b-84d4-fc296afc03cc
;;;Develop a Detailed Budget;483e25b8-cbc9-43a7-b492-3b6520788d6e
;;;Create a Risk Management Plan;44ffaa08-a5c0-4eeb-850d-f53fe222214f
;;;Establish Communication Plan;13de6dbd-f8bc-42ce-bb76-de6b21f42077
;;Stakeholder Identification and Analysis;;4bd4e116-0e95-42f2-8a3c-ea3294ceaf87
;;;Identify primary and secondary stakeholders;3d0d70f8-9270-4ac0-a62a-f7be8f6620da
;;;Assess stakeholder influence and interests;6cebe70e-0808-4c0d-a681-8cc09287f3f4
;;;Prioritize stakeholders for engagement;27e18c82-fc07-4b35-8fc2-4b8a6683453c
;;;Develop stakeholder engagement plan;980d0df6-d8db-4ca0-ac05-8c6e6afb7f3a
;SALB Containment;;;eda88321-7325-4edb-a712-2f37de6f9e71
;;Develop SALB Containment Protocol;;689d7c46-b4f6-4e5b-86c9-fb94e456bc03
;;;Research existing containment protocols;350a7613-d740-4686-8e66-b8ef52c1cb2d
;;;Draft initial protocol document;5ddbe80f-d058-4eb3-9a3d-31c2cde7032c
;;;Consult with stakeholders on protocol;afda01cd-61e8-4ff2-b7c5-2e0fc2ca72f3
;;;Revise protocol based on feedback;d71c0587-ab76-424d-b32c-c89db015ea90
;;;Finalize and disseminate protocol;f634af34-fab1-4190-9718-cbef2c57a308
;;Implement Phytosanitary Measures;;508646fc-e69d-42b7-a48d-37f4256a20aa
;;;Train personnel on phytosanitary measures;02359b24-29f3-444e-bb99-10e5ca8b941d
;;;Procure and distribute necessary equipment;c1669528-cd26-4ab3-9383-e78770694166
;;;Establish quarantine zones and procedures;6adac45c-194b-420c-8a2f-b520cafe9a67
;;;Implement sanitation protocols in plantations;57eff17a-f171-4fb3-a1c9-ed52002ad513
;;;Monitor compliance with phytosanitary measures;4a2d0a67-20dd-43e0-a97b-b2cb1ffd1b8f
;;Establish Border Controls and Surveillance Programs;;01ae1931-4d09-41ec-8b04-fecb24c8c39a
;;;Establish Border Control Infrastructure;85fee276-6445-4301-8ad0-7e57e0640d47
;;;Train Border Control Personnel;c30d8fca-10f5-4e00-8059-2833c4d00fc5
;;;Implement Surveillance Programs;f5b88fe8-e390-4c25-bc57-a2aca968e68a
;;;Develop Rapid Diagnostic Tools;13d106ee-8389-4751-9f58-20b09ef37109
;;Monitor and Report SALB Outbreaks;;516dcbc0-23ae-4c93-9bff-65077dce50c7
;;;Establish outbreak reporting system;87ee489f-5a9f-49ae-ac51-d3d6a45b36d1
;;;Train field personnel on outbreak identification;65d9ddb4-39f2-4b80-80ca-286d2897124f
;;;Implement remote sensing technologies;46b54b48-3bb4-4f0b-85c8-1611f951914b
;;;Analyze outbreak data and trends;ba6d7983-d007-4d39-a217-4639c8eb4bb3
;;;Disseminate outbreak information;b66121f3-b3f5-43bd-88e2-a60f44d5735c
;;Enforce Containment Protocol;;0eba0df4-e1ac-44b9-be30-6dce5dabcd8f
;;;Establish Enforcement Authority and Protocols;72c2dc14-de8b-4301-87a1-8fa9d33bdfa5
;;;Train Enforcement Personnel;080dbacb-9efb-4dce-a89f-61d71fc032c4
;;;Conduct Inspections and Audits;f5185c30-85a1-4964-96ff-a9676f9ed1ab
;;;Issue Penalties for Non-Compliance;c553303a-9ac2-4b4c-ba9f-361fc5b5a21e
;;;Monitor and Evaluate Enforcement Effectiveness;89765158-72f8-4ff4-81c6-099b1e677564
;Cultivar Development;;;187efbb6-a0dd-488e-b719-66826fb802df
;;Conduct Genomic Research;;4efd005a-2e88-47d5-a369-810efa1a42c9
;;;Identify key SALB resistance genes;ea1c4c26-6802-4240-b10a-f1e88efd8bfd
;;;Collect diverse Hevea germplasm samples;3a82ffb0-eb4f-420f-9cb3-85233897118d
;;;Analyze genetic diversity of samples;0f0061dd-66ea-4d44-a650-2ba55cee6abb
;;;Map resistance genes to Hevea genome;1b77409b-203b-423b-bcb1-298ff0948d0a
;;;Validate gene function using transgenic plants;9c18ed6e-2cf0-4043-9088-89c904a3e904
;;Breed SALB-Resistant Hevea Cultivars;;0dede34c-7a38-4ccc-a5de-fe9879a1411f
;;;Establish breeding program infrastructure;89414fc9-7daa-447a-bf29-7ae631639981
;;;Identify and acquire Hevea germplasm;254e6688-6ced-41da-a931-042239189866
;;;Implement advanced breeding techniques;4c480705-b92d-4423-99cb-fdfe11d079a4
;;;Conduct multi-location field trials;f59fd2b4-1e42-478d-b9b4-43cacc46db22
;;;Evaluate latex yield and quality;bb8e83be-a700-47e3-9c1c-2fa4c455c379
;;Investigate Alternative Rubber Crops;;629114df-aaf6-4394-be6a-a84b1002bdab
;;;Identify Promising Alternative Rubber Crops;95bbda42-cad5-4d7f-880c-c9e2b63b9c20
;;;Assess Economic Viability of Alternatives;5dd2e028-bdc1-4476-9000-4e03ba5379bc
;;;Optimize Cultivation Practices;9d89249a-f186-4af1-b5df-bdeb98b6bbeb
;;;Develop Processing Technologies;a6fd7f8e-0d89-4e52-a357-c2d4bdbe12db
;;;Assess Environmental Impact;48e38011-3d0f-4c7a-9f79-2f646048308a
;;Pursue Biotechnological Solutions;;1d81bdf6-5d4d-470b-a64c-d8ceaf6fac42
;;;Identify promising biotech solutions;0681450d-e3b9-480d-9515-5974411d51b3
;;;Establish research collaborations;4cab5a98-fdef-4b2d-80fa-f41638e458ff
;;;Conduct lab research and development;86a22186-20d2-4a2d-812f-f539cc59b66e
;;;Assess environmental and safety risks;851cd037-2a6b-4ba7-9761-867b59b01685
;;;Navigate regulatory approval processes;19191fef-caaf-4696-ac67-c53b2b76f34c
;;Conduct Field Trials;;f6e38c76-dff6-4475-bb9b-fec33358e27f
;;;Select diverse field trial locations;57fd26ae-c2ac-40ca-b471-63c963151dd3
;;;Prepare field trial sites;07641f63-f5e5-4449-a0dd-2ef3d5e42138
;;;Plant and maintain trial plots;4d085902-fdee-44b4-b03b-2dbe0350f25b
;;;Collect and analyze field data;2aeca2ba-5141-4530-85ec-7d8a154d5fbb
;;;Monitor environmental impact;c553bb43-4cbe-475f-b0c9-f77430363c1a
;Alternative Rubber Commercialization;;;c4a3521f-6851-4dd0-8344-3451d2ad0cee
;;Identify Niche Markets;;c7511d09-12e1-402b-95ef-30408d788537
;;;Site selection and acquisition;df0291be-9517-4eb3-87fe-533bceb2d439
;;;Design processing and manufacturing facilities;5aec86dd-9c45-4ecb-8919-aae63c6e0abd
;;;Secure permits and regulatory approvals;00ee4cdc-bd77-45bb-8a1d-8a00b1d0821c
;;;Construct processing and manufacturing facilities;5c3c2ff9-19e3-4d10-b0dd-c666e678ed3a
;;;Equip facilities with processing equipment;8e55ac88-9734-4aa2-82ce-a43132553e13
;;Develop Integrated Processing and Manufacturing Hubs;;b309fc48-f38f-4078-9fe1-c396e61847d1
;;;Site selection and due diligence;842b7459-027a-4bfc-ae48-6704fc030d43
;;;Design processing and manufacturing facilities;3a001171-c4bd-402e-9e4b-f6279ac16765
;;;Secure construction contracts;14a9d5c7-b692-4ee0-9385-eeb69dcacbd8
;;;Construct processing and manufacturing facilities;e638bba5-cb19-43ae-8a14-1a2030746038
;;;Install and commission equipment;09f695ec-3146-4157-818d-9947b0c43097
;;Secure Offtake Agreements;;2c99cd6e-df7e-4723-925c-4ad45bbce7cc
;;;Identify potential offtake partners;7e99a434-4b9d-4e9c-8337-7ecc71e46da2
;;;Develop tailored proposals for each partner;9337e31f-f09a-4726-b362-081882b54ae4
;;;Negotiate offtake agreements;322757dd-3731-435e-8189-c775be34e46a
;;;Finalize and execute agreements;2ecdae11-18fa-48ab-ad93-721da7ea30ca
;;;Manage partner relationships;a74f68c8-2036-443c-80dc-433ad406a2be
;;Establish Stable Supply Chains;;02ffc2b6-5390-4f9e-a5a1-351b8a58156f
;;;Map alternative rubber supply chain options;d06018a4-be85-41bf-b7d6-7b274873f20c
;;;Negotiate supply agreements with producers;eb0f6494-c673-43c5-8401-c4cb2796ef26
;;;Develop logistics and transportation plan;d69275e0-7b65-4ab3-b963-be64e1af1ba9
;;;Establish quality control procedures;b95d0b78-f3fc-4ab9-810d-0254ed5519c8
;;;Secure necessary permits and licenses;1056fd2a-73f4-4d76-8455-1952501a6a2e
;;Market Alternative Rubber Products;;8768e79b-5f08-4d51-a479-3c2f79097344
;;;Develop marketing strategy for alternative rubber;39564c88-9cd9-4e99-90d1-6809cdc167b3
;;;Create marketing materials and content;15c0dbef-48a4-4be8-8206-90c014ab3978
;;;Launch marketing campaigns;dc672b83-dfae-4e37-aa33-5bc389b8e904
;;;Engage with potential customers;51bd6a90-c3da-4c06-bfad-0a1d4c387ebd
;;;Gather customer feedback and refine strategy;1c9603a9-d35b-4d1d-bd44-29f6cc657e83
;Smallholder Adoption;;;e5ea8480-760e-48bd-a3d1-43f426432403
;;Provide Replanting Subsidies;;13a1e1c9-a97e-4bf5-bb01-da67a21cd4ce
;;;Define Replanting Subsidy Eligibility Criteria;7b546b93-ca77-4303-aa8c-38154463740f
;;;Establish Subsidy Disbursement Mechanism;03e0809e-6504-4385-851d-7fcc92c4164b
;;;Communicate Subsidy Program to Farmers;bcaf3944-6435-4dc3-be0d-2e6691832d1d
;;;Process Subsidy Applications and Verify Eligibility;1093ffd7-3cd4-4195-ae70-4911e2423c46
;;;Monitor Subsidy Impact and Adjust Program;37138ac3-2c33-4951-9bb7-e5b6c6d9e710
;;Offer Technical Assistance;;8d370c18-3ce8-489b-bf71-1d26c5771d4b
;;;Train extension officers on SALB-resistant varieties;4b5e09f7-8ce6-4bc8-b97a-8b0ed8ebf640
;;;Establish demonstration plots for new varieties;baca334e-7d4e-424f-9fb8-8830a7012948
;;;Develop farmer-to-farmer exchange programs;ba58fb7f-8df7-4ac6-ad40-da047a2e059c
;;;Provide ongoing support and monitoring;5df1988e-9284-4a14-ae77-f093c5d51d7b
;;Implement Tiered Incentive Programs;;bb2fb54f-f69c-460a-8e9d-76e01aeac1c3
;;;Define Tiered Incentive Program Structure;e94161b8-3ef6-4c58-b1dc-cd27cf6efa61
;;;Develop Incentive Distribution Mechanism;16df41e0-0c74-4c8d-8cd4-8c6d14fd01f9
;;;Communicate Program Details to Farmers;3a46a1fb-b3bc-4ebd-9c9a-5b67bfd0ce30
;;;Monitor Incentive Program Participation;9e9e62f9-13fe-4404-b2cc-5c8652d9fe7e
;;Establish Cooperative Platforms;;4c3e22d6-884a-4a59-a50d-519596ea3c26
;;;Identify potential cooperative members;cacdd3b8-f11c-4b8d-9d1e-8144440be6ca
;;;Develop cooperative governance structure;e17b95c0-83b0-4938-8722-5e2b0ac76a57
;;;Provide training on cooperative management;f7a1ccb4-fe87-42b9-b6a6-8eab653fc2c8
;;;Facilitate cooperative registration;c9a1be62-4bc7-4952-ad03-691fc0d0c4dd
;;;Establish market linkages for cooperatives;4a22e140-e2f1-46d8-a38e-2a1c61931878
;;Monitor Adoption Rates and Farmer Income;;b391e23a-69bb-46ba-bbd2-678bf3fd278a
;;;Define Key Adoption Metrics;8b17fa37-c628-4082-8157-c8edec83ab0f
;;;Collect Baseline Farmer Income Data;0db6c924-739f-4d00-b33b-c2a9f785b89d
;;;Track Adoption Rates Over Time;106840b2-3a4d-419f-af4f-d1a0f9877321
;;;Assess Farmer Income Changes;073fbfda-c44e-45ec-8136-c12b9d646a98
;;;Attribute Income Changes to Program;6ae559d5-46b6-498b-9078-188012796fb0
;Data Management & Analysis;;;508c1d00-537c-4069-a284-a1dd306bfc3f
;;Establish Data Transparency Protocol;;a510b4b8-3d37-41e9-9a2d-17b270747c3b
;;;Identify data sources and stakeholders;127e940a-2fe8-48ba-90f8-e80de2714649
;;;Develop standardized data collection templates;080704d1-ebd5-4f98-81a8-dbea2b6badfe
;;;Establish secure data sharing platform;076fb4ea-ee11-4973-b9e8-e8cdd0ad28c7
;;;Implement data quality control measures;3157021b-3836-413f-93a6-e41239ab6a21
;;Collect and Share Data;;970a1f72-8930-4da5-be57-3ab501834fc1
;;;Develop standardized data collection templates;d1b99d38-5797-46d0-a94d-d33d7f961215
;;;Establish secure data sharing platform;04c9e95c-f9c6-451e-aa4b-e4bd73e7e6e8
;;;Conduct data quality control checks;a5a28a69-9310-4650-85a1-5c69faa71417
;;;Negotiate data sharing agreements;da1caa3e-93a7-4e89-a4d1-71d356ff895a
;;;Train stakeholders on data submission;5194b1d5-5183-424a-ab26-71319e7ea30a
;;Analyze Data for Decision Making;;b5edde05-06e9-427c-ada1-1940d33f4b95
;;;Standardize data collection methods;d7b35503-12a8-4b38-8cf2-774764396fbd
;;;Establish secure data sharing platform;909fcdf3-e629-43fe-8a7d-c1f180262c08
;;;Integrate diverse data sources;6e90c20b-5773-4071-ab1d-90f3af77580b
;;;Validate and clean collected data;40a31bb8-a083-47f7-a48c-f20a5be16764
;;Develop Predictive Models;;0e85e180-c49e-4aea-bc77-c157662d77cd
;;;Select relevant variables for modeling;795bc90b-882f-4caf-8c17-2ce3640ca3cb
;;;Develop and train predictive models;1e7b94ba-814a-4978-8439-c90addd036bf
;;;Validate model accuracy and reliability;9785a7b5-7244-4775-b9d9-709996289c1f
;;;Integrate models into decision support system;071323a1-f91f-44de-9a8c-85b4943819eb
;;Ensure Data Security and Privacy;;97de7b1a-ad01-49af-9808-fd7364d2af77
;;;Implement Data Encryption;0a9df2e0-419d-4754-8e60-ac24550249c6
;;;Control Data Access;745773b5-35cf-4eef-9e55-764c654ec7e7
;;;Conduct Security Audits;d388d191-7eb3-4d00-ad0c-c0d138717bfd
;;;Train Personnel on Security;14f6919b-6ed5-4d43-8e55-6b131b2e3d7c
;;;Monitor Security Threats;79cebd2b-dba0-42f2-8ba9-6fa1314be681
;Program Monitoring & Evaluation;;;5039817c-dc5e-4c08-824d-b01af8bf4026
;;Track Key Performance Indicators (KPIs);;4d1c0413-6a7a-4556-9975-3c2c7c6455a8
;;;Define KPI data collection methods;1514fa69-53fa-44e2-a1ea-141f2499a390
;;;Collect baseline KPI data;97040ce2-a5c2-4279-bad1-bc27b2031df4
;;;Regularly monitor and update KPIs;8ff35798-d0ff-4ece-8d1c-b91cdd3b3ed1
;;;Validate KPI data accuracy;da0056e6-9238-4850-a282-a2797698596f
;;Conduct Regular Program Reviews;;c388d11a-01f2-4bcc-85f2-f68b17e78ee0
;;;Schedule review meetings with stakeholders;077175ee-8660-4a79-85e9-4e42f8d8918c
;;;Gather program performance data;dbfa88a0-0147-4645-bd3f-90c1f3c65027
;;;Prepare review documentation;d121c267-5d8b-435b-a550-d8c0864eb2bd
;;;Conduct the program review;a9fc37a9-b0eb-4bec-accb-b0e53eb903a9
;;;Document review findings and recommendations;b8cc39f9-15b7-4079-9a2e-b8a09f8bc91b
;;Assess Program Impact;;d9ab8e70-7aa8-41b9-b752-b1c1f1af2ba9
;;;Define Impact Assessment Methodology;26e0cf1d-1c59-4b1e-9f8a-a297ad834fe5
;;;Collect Relevant Data for Assessment;27be7e7d-39e2-45af-b680-99a1c94f0340
;;;Analyze Data and Determine Impact;84e3f734-300a-4f26-be39-767722b703ab
;;;Validate Assessment Findings;a07862eb-cf5f-4268-8173-291b538cfc2c
;;;Document and Report Assessment Results;15a30b09-298e-4e4e-81cb-2dba0d18563f
;;Adjust Program Strategy as Needed;;343b7848-abcc-4d49-a201-6979c14025f1
;;;Identify areas for strategy adjustment;b2239c48-7faf-4edc-9cdc-7eb40c25f48c
;;;Develop revised strategy options;39d116ba-cea1-472b-a179-6ff8017b6667
;;;Evaluate and select best option;d92d3985-41c2-40f4-a6a6-7c86c9d5be10
;;;Implement the adjusted strategy;6a9e69a6-1365-498d-8e90-45337c23ba03
;;;Monitor and evaluate new strategy;22a9dfb6-bb32-4e65-b6b1-977ff5f5dd51
;;Report Progress to Stakeholders;;df8fa24d-ec31-41f4-851f-8aa86a50bce5
;;;Collect and validate program data;16ec7546-24aa-4f84-bfbd-18fd0ec08934
;;;Analyze data and identify key findings;94c24413-7a0f-45cc-9541-c03c30ebf0ee
;;;Prepare draft progress report;1d643b50-6a7a-42b1-8611-0c8c210c3b2c
;;;Review and revise report;ba97770e-b2c6-4957-ba83-39e48a50d9a8
;;;Disseminate final report to stakeholders;416262db-bbd4-4ce9-b08d-133c47a1315b