project_key,project_name,project_description,project_start_date,project_end_date,project_progress,project_parent,originating_department
56927f32-e79c-4688-9ef6-7c722d313757,Rubber Resilience,"Rubber Resilience

Final deliverable:
Resilient Supply",8/23/2025,6/22/2072,0,,PlanExe
d37c24aa-8810-4ef1-9b9d-339ed95ef6fd,Program Initiation & Planning,,8/23/2025,1/16/2026,0,56927f32-e79c-4688-9ef6-7c722d313757,PlanExe
3149aa35-c71d-46da-b1f3-1245e398528a,Secure Initial Funding,,8/23/2025,10/22/2025,0,d37c24aa-8810-4ef1-9b9d-339ed95ef6fd,PlanExe
076b7ba2-3415-4a5f-bf61-f7614930fe55,Identify potential funding sources,"Identify potential funding sources

Description:
Research and identify potential sources of funding, including government grants, private investors, and philanthropic organizations. This involves analyzing their investment criteria, application processes, and funding priorities.

Resources needed:
• Grant writer
• Financial analyst
• Research database access",8/23/2025,9/4/2025,0,3149aa35-c71d-46da-b1f3-1245e398528a,PlanExe
23754d1b-4e33-4caa-8268-ecab893df6a2,Prepare investment prospectus,"Prepare investment prospectus

Description:
Develop a comprehensive investment prospectus that outlines the project's goals, objectives, strategies, and financial projections. This includes conducting market research, developing a business plan, and creating a financial model.

Resources needed:
• Business consultant
• Financial modeler
• Marketing specialist",9/4/2025,9/16/2025,0,076b7ba2-3415-4a5f-bf61-f7614930fe55,PlanExe
c1c7ca46-193c-41ef-becc-dabf00389775,Engage with potential investors,"Engage with potential investors

Description:
Proactively engage with potential investors to present the investment prospectus and answer their questions. This involves scheduling meetings, delivering presentations, and providing due diligence materials.

Resources needed:
• Project manager
• Investor relations specialist
• Legal counsel",9/16/2025,9/28/2025,0,23754d1b-4e33-4caa-8268-ecab893df6a2,PlanExe
74ba3d7a-1e03-4ee8-9498-5e6c5238e076,Negotiate funding agreements,"Negotiate funding agreements

Description:
Negotiate the terms and conditions of funding agreements with selected investors. This includes reviewing legal documents, addressing investor concerns, and finalizing the funding arrangements.

Resources needed:
• Legal counsel
• Financial advisor
• Project manager",9/28/2025,10/10/2025,0,c1c7ca46-193c-41ef-becc-dabf00389775,PlanExe
e61f946e-421d-429d-a301-05942b4bf8fd,Secure preliminary agreements,"Secure preliminary agreements

Description:
Formalize the funding commitments by securing preliminary agreements with funding partners. This involves signing letters of intent, term sheets, or other binding agreements.

Resources needed:
• Legal counsel
• Project manager
• Executive leadership",10/10/2025,10/22/2025,0,3149aa35-c71d-46da-b1f3-1245e398528a,PlanExe
f626168f-6849-4b79-b2ec-37e8ee88125d,Establish Project Governance Structure,,10/22/2025,11/21/2025,0,3149aa35-c71d-46da-b1f3-1245e398528a,PlanExe
e96c875c-a94d-4485-8d73-0462f4825529,Define Governance Roles and Responsibilities,"Define Governance Roles and Responsibilities

Description:
Clearly define the roles, responsibilities, and authority levels for each member of the project governance structure. This includes the steering committee, advisory board, and project management team. Document these roles in a governance charter.

Resources needed:
• Project Manager
• Legal Counsel
• Stakeholder Representatives",10/22/2025,10/28/2025,0,f626168f-6849-4b79-b2ec-37e8ee88125d,PlanExe
e80d8ab1-d4cc-4611-b1c4-9c783bc6b544,Establish Decision-Making Processes,"Establish Decision-Making Processes

Description:
Develop and document the processes for making key decisions related to the project. This includes defining the decision-making authority, the process for escalating issues, and the criteria for making decisions. Ensure transparency and accountability in the decision-making process.

Resources needed:
• Project Manager
• Governance Experts
• Stakeholder Representatives",10/28/2025,11/3/2025,0,e96c875c-a94d-4485-8d73-0462f4825529,PlanExe
8d937ea9-0b6d-43e7-b8e1-6070c1421548,Develop Conflict of Interest Policy,"Develop Conflict of Interest Policy

Description:
Create a comprehensive conflict of interest policy to address potential conflicts among governance members. This policy should outline the process for disclosing conflicts, recusal procedures, and mechanisms for resolving conflicts fairly and transparently.

Resources needed:
• Legal Counsel
• Ethics Officer
• Governance Experts",11/3/2025,11/9/2025,0,e80d8ab1-d4cc-4611-b1c4-9c783bc6b544,PlanExe
46a54137-0ae5-478a-8516-5bb925624e5b,Establish Communication Protocols,"Establish Communication Protocols

Description:
Define clear communication protocols for disseminating information to governance members and stakeholders. This includes establishing regular meeting schedules, reporting formats, and communication channels. Ensure timely and accurate information flow.

Resources needed:
• Project Manager
• Communications Specialist
• Stakeholder Representatives",11/9/2025,11/15/2025,0,8d937ea9-0b6d-43e7-b8e1-6070c1421548,PlanExe
162744a1-1a7b-4e0a-9244-6254b4918cf4,Create Governance Charter Document,"Create Governance Charter Document

Description:
Compile all governance-related information, including roles, responsibilities, decision-making processes, conflict of interest policy, and communication protocols, into a comprehensive governance charter document. Distribute the charter to all relevant stakeholders.

Resources needed:
• Project Manager
• Document Control Specialist
• Stakeholder Representatives",11/15/2025,11/21/2025,0,f626168f-6849-4b79-b2ec-37e8ee88125d,PlanExe
2699b174-44ef-4101-a9ef-1b88c9b2afba,Define Key Performance Indicators (KPIs),,11/21/2025,12/1/2025,0,f626168f-6849-4b79-b2ec-37e8ee88125d,PlanExe
918e7c5d-6fd5-4184-a405-c673b1075f11,Identify Key Performance Areas,"Identify Key Performance Areas

Description:
Define the broad areas where performance needs to be measured to achieve the project goals. This includes areas like SALB containment, cultivar development, alternative rubber adoption, and smallholder income.

Resources needed:
• Project Manager
• Stakeholder Representatives
• Subject Matter Experts",11/21/2025,11/23/2025,0,2699b174-44ef-4101-a9ef-1b88c9b2afba,PlanExe
49970079-4ab0-4897-ba7d-81bbde1f0d2e,Define Specific KPI Metrics,"Define Specific KPI Metrics

Description:
For each key performance area, define specific, measurable, achievable, relevant, and time-bound (SMART) metrics. Examples include percentage reduction in SALB outbreaks, yield of new cultivars, adoption rates of alternative rubber, and increase in smallholder income.

Resources needed:
• Data Analyst
• Subject Matter Experts
• Project Manager",11/23/2025,11/25/2025,0,918e7c5d-6fd5-4184-a405-c673b1075f11,PlanExe
2fd3847f-9146-44c8-89bd-f1110d21295b,Establish Baseline Data Collection,"Establish Baseline Data Collection

Description:
Determine the current baseline values for each KPI metric. This will involve collecting data from existing sources, conducting surveys, and establishing data collection protocols.

Resources needed:
• Data Collection Team
• Survey Specialists
• Data Analyst",11/25/2025,11/27/2025,0,49970079-4ab0-4897-ba7d-81bbde1f0d2e,PlanExe
3311b591-add4-4b4a-880f-c3daf9d58131,Set Target KPI Values,"Set Target KPI Values

Description:
Establish target values for each KPI metric to be achieved at specific milestones (Years 3, 7, 12, and 18). These targets should be ambitious but achievable, and aligned with the overall project goals.

Resources needed:
• Project Manager
• Stakeholder Representatives
• Subject Matter Experts",11/27/2025,11/29/2025,0,2fd3847f-9146-44c8-89bd-f1110d21295b,PlanExe
30530440-2877-4d9a-9d30-f3821aacf509,Document KPI Monitoring Procedures,"Document KPI Monitoring Procedures

Description:
Create a detailed plan for how each KPI will be monitored, including data sources, data collection frequency, data analysis methods, and reporting procedures. This plan should ensure that data is collected consistently and accurately over the 25-year project period.

Resources needed:
• Data Analyst
• Project Manager
• Reporting Specialist",11/29/2025,12/1/2025,0,2699b174-44ef-4101-a9ef-1b88c9b2afba,PlanExe
3d81b2c0-56ed-401e-927c-429ff14bfa6b,Develop Detailed Project Plan,,12/1/2025,12/31/2025,0,2699b174-44ef-4101-a9ef-1b88c9b2afba,PlanExe
62ca6aa4-9aa2-4ab3-af70-7f964cf10529,Define Project Scope and Objectives,"Define Project Scope and Objectives

Description:
Clearly define the project's scope, objectives, and deliverables. This includes specifying the geographic regions to be covered, the types of rubber crops to be addressed, and the desired outcomes of the project.

Resources needed:
• Project Manager
• Subject Matter Experts
• Stakeholder Representatives",12/1/2025,12/7/2025,0,3d81b2c0-56ed-401e-927c-429ff14bfa6b,PlanExe
4c989f93-810c-466b-84d4-fc296afc03cc,Identify Key Activities and Milestones,"Identify Key Activities and Milestones

Description:
Break down the project into smaller, more manageable activities and identify key milestones for tracking progress. This includes defining the tasks required for each activity, the dependencies between tasks, and the estimated duration of each task.

Resources needed:
• Project Manager
• Project Team Members
• Scheduling Software",12/7/2025,12/13/2025,0,62ca6aa4-9aa2-4ab3-af70-7f964cf10529,PlanExe
483e25b8-cbc9-43a7-b492-3b6520788d6e,Develop a Detailed Budget,"Develop a Detailed Budget

Description:
Create a comprehensive budget that outlines all project costs, including personnel, equipment, travel, and other expenses. This includes identifying potential funding sources and developing a plan for managing project finances.

Resources needed:
• Financial Analyst
• Project Manager
• Budgeting Software",12/13/2025,12/19/2025,0,4c989f93-810c-466b-84d4-fc296afc03cc,PlanExe
44ffaa08-a5c0-4eeb-850d-f53fe222214f,Create a Risk Management Plan,"Create a Risk Management Plan

Description:
Identify potential risks that could impact the project's success and develop a plan for mitigating those risks. This includes assessing the likelihood and impact of each risk and developing contingency plans for addressing them.

Resources needed:
• Risk Management Specialist
• Project Team Members
• Risk Assessment Tools",12/19/2025,12/25/2025,0,483e25b8-cbc9-43a7-b492-3b6520788d6e,PlanExe
13de6dbd-f8bc-42ce-bb76-de6b21f42077,Establish Communication Plan,"Establish Communication Plan

Description:
Define how project information will be communicated to stakeholders. This includes identifying the target audience, the communication channels to be used, and the frequency of communication.

Resources needed:
• Communications Specialist
• Project Manager
• Stakeholder Representatives",12/25/2025,12/31/2025,0,3d81b2c0-56ed-401e-927c-429ff14bfa6b,PlanExe
4bd4e116-0e95-42f2-8a3c-ea3294ceaf87,Stakeholder Identification and Analysis,,12/31/2025,1/16/2026,0,d37c24aa-8810-4ef1-9b9d-339ed95ef6fd,PlanExe
3d0d70f8-9270-4ac0-a62a-f7be8f6620da,Identify primary and secondary stakeholders,"Identify primary and secondary stakeholders

Description:
Identify all individuals, groups, and organizations that have an interest in the project or may be affected by its outcomes. Differentiate between primary stakeholders (directly involved) and secondary stakeholders (indirectly involved).

Resources needed:
• Project Manager
• Stakeholder Engagement Specialist
• Communication Specialist",12/31/2025,1/4/2026,0,4bd4e116-0e95-42f2-8a3c-ea3294ceaf87,PlanExe
6cebe70e-0808-4c0d-a681-8cc09287f3f4,Assess stakeholder influence and interests,"Assess stakeholder influence and interests

Description:
Evaluate the level of influence and the specific interests of each stakeholder. Determine their potential impact on the project's success and identify any potential conflicts or synergies.

Resources needed:
• Project Manager
• Stakeholder Engagement Specialist
• Data Analyst",1/4/2026,1/8/2026,0,3d0d70f8-9270-4ac0-a62a-f7be8f6620da,PlanExe
27e18c82-fc07-4b35-8fc2-4b8a6683453c,Prioritize stakeholders for engagement,"Prioritize stakeholders for engagement

Description:
Based on the assessment of influence and interests, prioritize stakeholders for engagement. Focus on those who have the greatest potential to impact the project positively or negatively.

Resources needed:
• Project Manager
• Stakeholder Engagement Specialist",1/8/2026,1/12/2026,0,6cebe70e-0808-4c0d-a681-8cc09287f3f4,PlanExe
980d0df6-d8db-4ca0-ac05-8c6e6afb7f3a,Develop stakeholder engagement plan,"Develop stakeholder engagement plan

Description:
Create a detailed plan outlining how to engage with each prioritized stakeholder. Specify the communication methods, frequency, and key messages to be used. Define strategies for addressing stakeholder concerns and building support for the project.

Resources needed:
• Project Manager
• Stakeholder Engagement Specialist
• Communication Specialist",1/12/2026,1/16/2026,0,4bd4e116-0e95-42f2-8a3c-ea3294ceaf87,PlanExe
eda88321-7325-4edb-a712-2f37de6f9e71,SALB Containment,,1/16/2026,12/3/2034,0,d37c24aa-8810-4ef1-9b9d-339ed95ef6fd,PlanExe
689d7c46-b4f6-4e5b-86c9-fb94e456bc03,Develop SALB Containment Protocol,,1/16/2026,5/31/2026,0,eda88321-7325-4edb-a712-2f37de6f9e71,PlanExe
350a7613-d740-4686-8e66-b8ef52c1cb2d,Research existing containment protocols,"Research existing containment protocols

Description:
Review existing SALB containment protocols and best practices from other regions and diseases to inform the development of a new protocol.

Resources needed:
• Plant pathologists
• Biosecurity experts
• Research databases",1/16/2026,2/12/2026,0,689d7c46-b4f6-4e5b-86c9-fb94e456bc03,PlanExe
5ddbe80f-d058-4eb3-9a3d-31c2cde7032c,Draft initial protocol document,"Draft initial protocol document

Description:
Develop a draft SALB containment protocol document based on research and expert input, outlining specific measures for prevention, detection, and control.

Resources needed:
• Plant pathologists
• Biosecurity experts
• Technical writers",2/12/2026,3/11/2026,0,350a7613-d740-4686-8e66-b8ef52c1cb2d,PlanExe
afda01cd-61e8-4ff2-b7c5-2e0fc2ca72f3,Consult with stakeholders on protocol,"Consult with stakeholders on protocol

Description:
Engage with key stakeholders, including government agencies, rubber producers, and international organizations, to gather feedback on the draft protocol and ensure its feasibility and effectiveness.

Resources needed:
• Project manager
• Stakeholder engagement specialists
• Communication materials",3/11/2026,4/7/2026,0,5ddbe80f-d058-4eb3-9a3d-31c2cde7032c,PlanExe
d71c0587-ab76-424d-b32c-c89db015ea90,Revise protocol based on feedback,"Revise protocol based on feedback

Description:
Incorporate stakeholder feedback into the protocol document, making necessary revisions and adjustments to ensure its practicality and acceptance.

Resources needed:
• Plant pathologists
• Biosecurity experts
• Technical writers",4/7/2026,5/4/2026,0,afda01cd-61e8-4ff2-b7c5-2e0fc2ca72f3,PlanExe
f634af34-fab1-4190-9718-cbef2c57a308,Finalize and disseminate protocol,"Finalize and disseminate protocol

Description:
Finalize the SALB containment protocol document and disseminate it to relevant stakeholders, including government agencies, rubber producers, and international organizations, for implementation.

Resources needed:
• Project manager
• Communication specialists
• Distribution channels",5/4/2026,5/31/2026,0,689d7c46-b4f6-4e5b-86c9-fb94e456bc03,PlanExe
508646fc-e69d-42b7-a48d-37f4256a20aa,Implement Phytosanitary Measures,,5/31/2026,12/2/2027,0,689d7c46-b4f6-4e5b-86c9-fb94e456bc03,PlanExe
02359b24-29f3-444e-bb99-10e5ca8b941d,Train personnel on phytosanitary measures,"Train personnel on phytosanitary measures

Description:
Provide comprehensive training to agricultural extension officers, farmers, and other relevant personnel on the implementation of phytosanitary measures, including disease identification, quarantine procedures, and sanitation protocols. This will involve developing training materials, conducting workshops, and providing ongoing support to ensure effective implementation.

Resources needed:
• Agricultural extension officers
• Plant pathologists
• Training materials
• Training facilities",5/31/2026,9/18/2026,0,508646fc-e69d-42b7-a48d-37f4256a20aa,PlanExe
c1669528-cd26-4ab3-9383-e78770694166,Procure and distribute necessary equipment,"Procure and distribute necessary equipment

Description:
Procure and distribute necessary equipment and supplies for implementing phytosanitary measures, such as sprayers, protective clothing, disinfectants, and diagnostic kits. This will involve identifying reliable suppliers, negotiating favorable prices, and establishing efficient distribution channels to ensure timely access to essential resources.

Resources needed:
• Procurement specialists
• Logistics personnel
• Sprayers
• Protective clothing
• Disinfectants
• Diagnostic kits",9/18/2026,1/6/2027,0,02359b24-29f3-444e-bb99-10e5ca8b941d,PlanExe
6adac45c-194b-420c-8a2f-b520cafe9a67,Establish quarantine zones and procedures,"Establish quarantine zones and procedures

Description:
Establish quarantine zones and procedures to prevent the spread of SALB from infected areas to disease-free regions. This will involve identifying high-risk areas, implementing movement restrictions, and establishing quarantine facilities for infected plants and materials. Clear guidelines and enforcement mechanisms will be developed to ensure compliance.

Resources needed:
• Plant pathologists
• Regulatory officers
• Quarantine facilities
• Enforcement personnel",1/6/2027,4/26/2027,0,c1669528-cd26-4ab3-9383-e78770694166,PlanExe
57eff17a-f171-4fb3-a1c9-ed52002ad513,Implement sanitation protocols in plantations,"Implement sanitation protocols in plantations

Description:
Implement sanitation protocols in rubber plantations to minimize the risk of SALB infection and spread. This will involve promoting the use of disease-free planting materials, implementing regular pruning and sanitation practices, and ensuring proper disposal of infected plant debris. Educational campaigns will be conducted to raise awareness among farmers.

Resources needed:
• Agricultural extension officers
• Farmers
• Pruning equipment
• Disposal facilities",4/26/2027,8/14/2027,0,6adac45c-194b-420c-8a2f-b520cafe9a67,PlanExe
4a2d0a67-20dd-43e0-a97b-b2cb1ffd1b8f,Monitor compliance with phytosanitary measures,"Monitor compliance with phytosanitary measures

Description:
Establish a monitoring system to assess compliance with phytosanitary measures and identify areas for improvement. This will involve conducting regular inspections, collecting data on implementation practices, and providing feedback to farmers and other stakeholders. The monitoring data will be used to refine the phytosanitary measures and ensure their effectiveness.

Resources needed:
• Monitoring personnel
• Data collection tools
• Reporting systems
• Regulatory officers",8/14/2027,12/2/2027,0,508646fc-e69d-42b7-a48d-37f4256a20aa,PlanExe
01ae1931-4d09-41ec-8b04-fecb24c8c39a,Establish Border Controls and Surveillance Programs,,12/2/2027,12/4/2028,0,508646fc-e69d-42b7-a48d-37f4256a20aa,PlanExe
85fee276-6445-4301-8ad0-7e57e0640d47,Establish Border Control Infrastructure,"Establish Border Control Infrastructure

Description:
Objective: Set up physical infrastructure at key border crossings to prevent the entry of SALB-infected materials.
Scope: Identify strategic locations, design facilities, and oversee construction.
Steps: Conduct site surveys, develop architectural plans, secure permits, manage construction, and install necessary equipment.
Deliverables: Operational border control facilities.

Resources needed:
• Civil engineers
• Construction crews
• Architects
• Border security personnel
• Land surveyors",12/2/2027,3/3/2028,0,01ae1931-4d09-41ec-8b04-fecb24c8c39a,PlanExe
c30d8fca-10f5-4e00-8059-2833c4d00fc5,Train Border Control Personnel,"Train Border Control Personnel

Description:
Objective: Equip border control personnel with the knowledge and skills to identify and intercept SALB-infected materials.
Scope: Develop training programs, conduct workshops, and provide ongoing support.
Steps: Design training curriculum, recruit trainers, conduct training sessions, assess personnel competency, and provide refresher courses.
Deliverables: Trained border control personnel.

Resources needed:
• Plant pathologists
• Training specialists
• Border security experts
• Logistics personnel",3/3/2028,6/3/2028,0,85fee276-6445-4301-8ad0-7e57e0640d47,PlanExe
f5b88fe8-e390-4c25-bc57-a2aca968e68a,Implement Surveillance Programs,"Implement Surveillance Programs

Description:
Objective: Monitor rubber-producing regions for signs of SALB outbreaks.
Scope: Establish surveillance protocols, collect samples, and analyze data.
Steps: Develop surveillance plan, recruit field personnel, collect samples, conduct laboratory analysis, and report findings.
Deliverables: Surveillance reports and outbreak alerts.

Resources needed:
• Plant pathologists
• Field technicians
• Laboratory equipment
• Data analysts
• Remote sensing specialists",6/3/2028,9/3/2028,0,c30d8fca-10f5-4e00-8059-2833c4d00fc5,PlanExe
13d106ee-8389-4751-9f58-20b09ef37109,Develop Rapid Diagnostic Tools,"Develop Rapid Diagnostic Tools

Description:
Objective: Create tools for quick and accurate identification of SALB in the field.
Scope: Research and develop diagnostic assays, validate their accuracy, and distribute them to border control and surveillance personnel.
Steps: Conduct research, develop prototype assays, validate assay performance, manufacture diagnostic kits, and distribute kits.
Deliverables: Rapid diagnostic tools.

Resources needed:
• Molecular biologists
• Biochemists
• Diagnostic specialists
• Manufacturing personnel",9/3/2028,12/4/2028,0,01ae1931-4d09-41ec-8b04-fecb24c8c39a,PlanExe
516dcbc0-23ae-4c93-9bff-65077dce50c7,Monitor and Report SALB Outbreaks,,12/4/2028,12/4/2031,0,01ae1931-4d09-41ec-8b04-fecb24c8c39a,PlanExe
87ee489f-5a9f-49ae-ac51-d3d6a45b36d1,Establish outbreak reporting system,"Establish outbreak reporting system

Description:
Develop a standardized system for reporting SALB outbreaks, including reporting channels, data fields, and reporting frequency.

Resources needed:
• Data analysts
• IT specialists
• Plant pathologists",12/4/2028,7/11/2029,0,516dcbc0-23ae-4c93-9bff-65077dce50c7,PlanExe
65d9ddb4-39f2-4b80-80ca-286d2897124f,Train field personnel on outbreak identification,"Train field personnel on outbreak identification

Description:
Provide training to field personnel on how to identify SALB symptoms and report outbreaks accurately.

Resources needed:
• Plant pathologists
• Training materials
• Field equipment",7/11/2029,2/15/2030,0,87ee489f-5a9f-49ae-ac51-d3d6a45b36d1,PlanExe
46b54b48-3bb4-4f0b-85c8-1611f951914b,Implement remote sensing technologies,"Implement remote sensing technologies

Description:
Utilize remote sensing technologies to improve surveillance coverage and detect SALB outbreaks in remote areas.

Resources needed:
• Remote sensing specialists
• Satellite imagery
• GIS software",2/15/2030,9/22/2030,0,65d9ddb4-39f2-4b80-80ca-286d2897124f,PlanExe
ba6d7983-d007-4d39-a217-4639c8eb4bb3,Analyze outbreak data and trends,"Analyze outbreak data and trends

Description:
Analyze outbreak data to identify trends, patterns, and risk factors associated with SALB outbreaks.

Resources needed:
• Data analysts
• Statistical software
• Epidemiologists",9/22/2030,4/29/2031,0,46b54b48-3bb4-4f0b-85c8-1611f951914b,PlanExe
b66121f3-b3f5-43bd-88e2-a60f44d5735c,Disseminate outbreak information,"Disseminate outbreak information

Description:
Disseminate outbreak information to relevant stakeholders, including farmers, government agencies, and international organizations.

Resources needed:
• Communication specialists
• Website
• Email list",4/29/2031,12/4/2031,0,516dcbc0-23ae-4c93-9bff-65077dce50c7,PlanExe
0eba0df4-e1ac-44b9-be30-6dce5dabcd8f,Enforce Containment Protocol,,12/4/2031,12/3/2034,0,eda88321-7325-4edb-a712-2f37de6f9e71,PlanExe
72c2dc14-de8b-4301-87a1-8fa9d33bdfa5,Establish Enforcement Authority and Protocols,"Establish Enforcement Authority and Protocols

Description:
Define the legal framework and operational procedures for enforcing the SALB Containment Protocol, including identifying responsible agencies, outlining enforcement powers, and establishing clear penalties for non-compliance.

Resources needed:
• Legal experts
• Regulatory specialists
• Government officials",12/4/2031,7/10/2032,0,0eba0df4-e1ac-44b9-be30-6dce5dabcd8f,PlanExe
080dbacb-9efb-4dce-a89f-61d71fc032c4,Train Enforcement Personnel,"Train Enforcement Personnel

Description:
Provide comprehensive training to enforcement personnel on the SALB Containment Protocol, including identification of SALB symptoms, inspection procedures, quarantine protocols, and legal enforcement measures.

Resources needed:
• Plant pathologists
• Training specialists
• Enforcement officers",7/10/2032,2/14/2033,0,72c2dc14-de8b-4301-87a1-8fa9d33bdfa5,PlanExe
f5185c30-85a1-4964-96ff-a9676f9ed1ab,Conduct Inspections and Audits,"Conduct Inspections and Audits

Description:
Implement a regular inspection and audit program to monitor compliance with the SALB Containment Protocol, including inspections of rubber plantations, nurseries, processing facilities, and transportation routes.

Resources needed:
• Inspectors
• Auditors
• Transportation vehicles",2/14/2033,9/21/2033,0,080dbacb-9efb-4dce-a89f-61d71fc032c4,PlanExe
c553303a-9ac2-4b4c-ba9f-361fc5b5a21e,Issue Penalties for Non-Compliance,"Issue Penalties for Non-Compliance

Description:
Enforce penalties for non-compliance with the SALB Containment Protocol, including fines, quarantines, destruction of infected plants, and suspension of licenses.

Resources needed:
• Enforcement officers
• Legal experts
• Judicial system",9/21/2033,4/28/2034,0,f5185c30-85a1-4964-96ff-a9676f9ed1ab,PlanExe
89765158-72f8-4ff4-81c6-099b1e677564,Monitor and Evaluate Enforcement Effectiveness,"Monitor and Evaluate Enforcement Effectiveness

Description:
Establish a system for monitoring and evaluating the effectiveness of enforcement efforts, including tracking compliance rates, identifying areas of weakness, and adjusting enforcement strategies as needed.

Resources needed:
• Data analysts
• Evaluation specialists
• Program managers",4/28/2034,12/3/2034,0,0eba0df4-e1ac-44b9-be30-6dce5dabcd8f,PlanExe
187efbb6-a0dd-488e-b719-66826fb802df,Cultivar Development,,12/3/2034,12/3/2055,0,eda88321-7325-4edb-a712-2f37de6f9e71,PlanExe
4efd005a-2e88-47d5-a369-810efa1a42c9,Conduct Genomic Research,,12/3/2034,12/2/2036,0,187efbb6-a0dd-488e-b719-66826fb802df,PlanExe
ea1c4c26-6802-4240-b10a-f1e88efd8bfd,Identify key SALB resistance genes,"Identify key SALB resistance genes

Description:
Objective: Identify genes conferring resistance to SALB in Hevea brasiliensis and related species. Scope: Literature review, database searches, gene expression analysis, and comparative genomics. Steps: 1. Conduct a comprehensive literature review. 2. Search public databases for known resistance genes. 3. Perform gene expression analysis on infected and uninfected plants. 4. Conduct comparative genomics between resistant and susceptible varieties. Deliverables: List of candidate resistance genes.

Resources needed:
• Genomic researchers
• Bioinformaticians
• Plant pathologists
• Genomic databases
• Gene sequencing equipment",12/3/2034,4/28/2035,0,4efd005a-2e88-47d5-a369-810efa1a42c9,PlanExe
3a82ffb0-eb4f-420f-9cb3-85233897118d,Collect diverse Hevea germplasm samples,"Collect diverse Hevea germplasm samples

Description:
Objective: Gather a wide range of Hevea germplasm samples from different geographic regions. Scope: Field expeditions, collaboration with gene banks, and material transfer agreements. Steps: 1. Plan field expeditions to collect samples. 2. Contact international gene banks for access to existing collections. 3. Negotiate material transfer agreements. 4. Document the origin and characteristics of each sample. Deliverables: Collection of diverse Hevea germplasm samples.

Resources needed:
• Plant collectors
• Botanists
• Logistics personnel
• Funding for expeditions
• Gene bank contacts",4/28/2035,9/21/2035,0,ea1c4c26-6802-4240-b10a-f1e88efd8bfd,PlanExe
0f0061dd-66ea-4d44-a650-2ba55cee6abb,Analyze genetic diversity of samples,"Analyze genetic diversity of samples

Description:
Objective: Assess the genetic diversity within the collected Hevea germplasm. Scope: DNA extraction, genotyping, and population genetics analysis. Steps: 1. Extract DNA from each sample. 2. Perform genotyping using molecular markers. 3. Analyze the data to assess genetic diversity. 4. Identify genetically distinct groups. Deliverables: Genetic diversity report.

Resources needed:
• Molecular biologists
• Geneticists
• Bioinformaticians
• DNA extraction kits
• Genotyping equipment
• Software for population genetics analysis",9/21/2035,2/14/2036,0,3a82ffb0-eb4f-420f-9cb3-85233897118d,PlanExe
1b77409b-203b-423b-bcb1-298ff0948d0a,Map resistance genes to Hevea genome,"Map resistance genes to Hevea genome

Description:
Objective: Locate the identified resistance genes on the Hevea genome. Scope: Genetic mapping, association studies, and fine mapping. Steps: 1. Conduct genetic mapping using segregating populations. 2. Perform association studies using diverse germplasm. 3. Fine-map the resistance genes. Deliverables: Location of resistance genes on the Hevea genome.

Resources needed:
• Geneticists
• Molecular biologists
• Bioinformaticians
• Mapping populations
• Statistical software",2/14/2036,7/9/2036,0,0f0061dd-66ea-4d44-a650-2ba55cee6abb,PlanExe
9c18ed6e-2cf0-4043-9088-89c904a3e904,Validate gene function using transgenic plants,"Validate gene function using transgenic plants

Description:
Objective: Confirm the function of the identified resistance genes. Scope: Gene cloning, plant transformation, and disease resistance assays. Steps: 1. Clone the resistance genes. 2. Transform Hevea plants with the cloned genes. 3. Conduct disease resistance assays on the transgenic plants. Deliverables: Transgenic Hevea plants with confirmed resistance genes.

Resources needed:
• Molecular biologists
• Plant transformation specialists
• Plant pathologists
• Cloning vectors
• Transformation equipment
• Greenhouse facilities",7/9/2036,12/2/2036,0,4efd005a-2e88-47d5-a369-810efa1a42c9,PlanExe
0dede34c-7a38-4ccc-a5de-fe9879a1411f,Breed SALB-Resistant Hevea Cultivars,,12/2/2036,12/1/2041,0,4efd005a-2e88-47d5-a369-810efa1a42c9,PlanExe
89414fc9-7daa-447a-bf29-7ae631639981,Establish breeding program infrastructure,"Establish breeding program infrastructure

Description:
Set up the necessary facilities, equipment, and personnel for breeding SALB-resistant Hevea cultivars. This includes greenhouses, laboratories, field trial sites, and a team of plant breeders, geneticists, and technicians.

Resources needed:
• Land
• Greenhouses
• Laboratories
• Breeding equipment
• Plant breeders
• Geneticists
• Technicians",12/2/2036,12/2/2037,0,0dede34c-7a38-4ccc-a5de-fe9879a1411f,PlanExe
254e6688-6ced-41da-a931-042239189866,Identify and acquire Hevea germplasm,"Identify and acquire Hevea germplasm

Description:
Collect a diverse range of Hevea germplasm from different geographic regions and sources, including wild relatives and existing cultivars. This germplasm will serve as the genetic foundation for the breeding program.

Resources needed:
• Plant explorers
• Gene banks
• Import permits
• Quarantine facilities",12/2/2037,12/2/2038,0,89414fc9-7daa-447a-bf29-7ae631639981,PlanExe
4c480705-b92d-4423-99cb-fdfe11d079a4,Implement advanced breeding techniques,"Implement advanced breeding techniques

Description:
Employ advanced breeding techniques such as marker-assisted selection, genomic selection, and speed breeding to accelerate the breeding process and improve the efficiency of selecting for SALB resistance and yield parity.

Resources needed:
• Molecular markers
• Genomic data
• Bioinformaticians
• Statistical software",12/2/2038,12/2/2039,0,254e6688-6ced-41da-a931-042239189866,PlanExe
f59fd2b4-1e42-478d-b9b4-43cacc46db22,Conduct multi-location field trials,"Conduct multi-location field trials

Description:
Evaluate the performance of promising Hevea cultivars in multi-location field trials under different environmental conditions and SALB pressure. This will help identify cultivars that are both resistant to SALB and adapted to diverse growing regions.

Resources needed:
• Field trial sites
• Agronomists
• Pathologists
• Data collection equipment",12/2/2039,12/1/2040,0,4c480705-b92d-4423-99cb-fdfe11d079a4,PlanExe
bb8e83be-a700-47e3-9c1c-2fa4c455c379,Evaluate latex yield and quality,"Evaluate latex yield and quality

Description:
Assess the latex yield and quality of selected cultivars to ensure that they meet the requirements of the rubber industry. This includes measuring latex production, rubber content, and other relevant quality parameters.

Resources needed:
• Latex testing equipment
• Rubber chemists
• Quality control specialists",12/1/2040,12/1/2041,0,0dede34c-7a38-4ccc-a5de-fe9879a1411f,PlanExe
629114df-aaf6-4394-be6a-a84b1002bdab,Investigate Alternative Rubber Crops,,12/1/2041,11/30/2045,0,0dede34c-7a38-4ccc-a5de-fe9879a1411f,PlanExe
95bbda42-cad5-4d7f-880c-c9e2b63b9c20,Identify Promising Alternative Rubber Crops,"Identify Promising Alternative Rubber Crops

Description:
Objective: Identify alternative rubber crops with high yield potential and adaptability to diverse environments.
Scope: Literature review, expert consultations, and field trials.
Steps: 1. Conduct literature review to identify potential alternative rubber crops. 2. Consult with agricultural experts to assess the feasibility of cultivating these crops in different regions. 3. Conduct field trials to evaluate the yield potential and adaptability of the most promising crops.
Deliverables: A list of promising alternative rubber crops with detailed information on their yield potential, adaptability, and cultivation requirements.

Resources needed:
• Agronomists
• Plant scientists
• Agricultural economists
• Field technicians
• Land for field trials",12/1/2041,9/19/2042,0,629114df-aaf6-4394-be6a-a84b1002bdab,PlanExe
5dd2e028-bdc1-4476-9000-4e03ba5379bc,Assess Economic Viability of Alternatives,"Assess Economic Viability of Alternatives

Description:
Objective: Evaluate the economic viability of cultivating alternative rubber crops.
Scope: Cost-benefit analysis, market analysis, and risk assessment.
Steps: 1. Conduct a cost-benefit analysis to determine the profitability of cultivating alternative rubber crops. 2. Analyze the market demand for alternative rubber products. 3. Assess the risks associated with cultivating alternative rubber crops, such as pests, diseases, and climate change.
Deliverables: A report on the economic viability of cultivating alternative rubber crops, including a cost-benefit analysis, market analysis, and risk assessment.

Resources needed:
• Agricultural economists
• Market analysts
• Risk management specialists
• Data analysts",9/19/2042,7/8/2043,0,95bbda42-cad5-4d7f-880c-c9e2b63b9c20,PlanExe
9d89249a-f186-4af1-b5df-bdeb98b6bbeb,Optimize Cultivation Practices,"Optimize Cultivation Practices

Description:
Objective: Develop and optimize cultivation practices for alternative rubber crops.
Scope: Field trials, agronomic research, and farmer training.
Steps: 1. Conduct field trials to determine the optimal planting density, fertilization regime, and irrigation schedule for alternative rubber crops. 2. Conduct agronomic research to identify the best methods for controlling pests and diseases. 3. Provide training to farmers on the best practices for cultivating alternative rubber crops.
Deliverables: A set of optimized cultivation practices for alternative rubber crops, including recommendations on planting density, fertilization, irrigation, and pest and disease control.

Resources needed:
• Agronomists
• Plant pathologists
• Entomologists
• Extension officers
• Land for field trials",7/8/2043,4/25/2044,0,5dd2e028-bdc1-4476-9000-4e03ba5379bc,PlanExe
a6fd7f8e-0d89-4e52-a357-c2d4bdbe12db,Develop Processing Technologies,"Develop Processing Technologies

Description:
Objective: Develop efficient and cost-effective processing technologies for alternative rubber crops.
Scope: Engineering research, pilot-scale testing, and technology transfer.
Steps: 1. Conduct engineering research to develop new processing technologies for alternative rubber crops. 2. Conduct pilot-scale testing to evaluate the performance of these technologies. 3. Transfer the technologies to commercial-scale processing facilities.
Deliverables: A set of efficient and cost-effective processing technologies for alternative rubber crops, including engineering designs, operating procedures, and technology transfer plans.

Resources needed:
• Chemical engineers
• Mechanical engineers
• Process engineers
• Pilot plant facilities",4/25/2044,2/11/2045,0,9d89249a-f186-4af1-b5df-bdeb98b6bbeb,PlanExe
48e38011-3d0f-4c7a-9f79-2f646048308a,Assess Environmental Impact,"Assess Environmental Impact

Description:
Objective: Assess the environmental impact of cultivating alternative rubber crops.
Scope: Life cycle assessment, environmental monitoring, and stakeholder engagement.
Steps: 1. Conduct a life cycle assessment to determine the environmental footprint of cultivating alternative rubber crops. 2. Monitor the environmental impact of alternative rubber cultivation on soil, water, and biodiversity. 3. Engage with stakeholders to address any environmental concerns.
Deliverables: An environmental impact assessment report, including recommendations for mitigating any negative impacts.

Resources needed:
• Environmental scientists
• Ecologists
• Hydrologists
• Soil scientists
• Stakeholder engagement specialists",2/11/2045,11/30/2045,0,629114df-aaf6-4394-be6a-a84b1002bdab,PlanExe
1d81bdf6-5d4d-470b-a64c-d8ceaf6fac42,Pursue Biotechnological Solutions,,11/30/2045,6/1/2053,0,629114df-aaf6-4394-be6a-a84b1002bdab,PlanExe
0681450d-e3b9-480d-9515-5974411d51b3,Identify promising biotech solutions,"Identify promising biotech solutions

Description:
Identify and evaluate potential biotechnological solutions for enhancing rubber production, including genetic modification, tissue culture, and other advanced techniques. This involves literature reviews, expert consultations, and preliminary feasibility studies.

Resources needed:
• Biotechnology experts
• Scientific literature databases
• Research grants",11/30/2045,6/1/2047,0,1d81bdf6-5d4d-470b-a64c-d8ceaf6fac42,PlanExe
4cab5a98-fdef-4b2d-80fa-f41638e458ff,Establish research collaborations,"Establish research collaborations

Description:
Forge partnerships with leading biotechnology research institutions and companies to access cutting-edge technologies and expertise. This includes negotiating research agreements, sharing data and resources, and co-developing biotechnological solutions.

Resources needed:
• Legal counsel
• Negotiation skills
• Networking events",6/1/2047,11/30/2048,0,0681450d-e3b9-480d-9515-5974411d51b3,PlanExe
86a22186-20d2-4a2d-812f-f539cc59b66e,Conduct lab research and development,"Conduct lab research and development

Description:
Perform laboratory experiments to develop and optimize biotechnological solutions for rubber production. This includes gene editing, plant transformation, and tissue culture experiments. Deliverables include optimized protocols and promising transgenic lines.

Resources needed:
• Molecular biology lab
• Plant transformation equipment
• Skilled technicians",11/30/2048,6/1/2050,0,4cab5a98-fdef-4b2d-80fa-f41638e458ff,PlanExe
851cd037-2a6b-4ba7-9761-867b59b01685,Assess environmental and safety risks,"Assess environmental and safety risks

Description:
Conduct thorough risk assessments to evaluate the potential environmental and safety impacts of biotechnological solutions. This includes assessing the risk of gene flow, unintended ecological consequences, and potential health hazards.

Resources needed:
• Environmental scientists
• Risk assessment experts
• Regulatory guidelines",6/1/2050,12/1/2051,0,86a22186-20d2-4a2d-812f-f539cc59b66e,PlanExe
19191fef-caaf-4696-ac67-c53b2b76f34c,Navigate regulatory approval processes,"Navigate regulatory approval processes

Description:
Engage with regulatory agencies to obtain necessary approvals for field trials and commercialization of biotechnologically enhanced rubber crops. This includes preparing regulatory submissions, responding to agency inquiries, and complying with all applicable regulations.

Resources needed:
• Regulatory affairs specialists
• Legal counsel
• Communication skills",12/1/2051,6/1/2053,0,1d81bdf6-5d4d-470b-a64c-d8ceaf6fac42,PlanExe
f6e38c76-dff6-4475-bb9b-fec33358e27f,Conduct Field Trials,,6/1/2053,12/3/2055,0,187efbb6-a0dd-488e-b719-66826fb802df,PlanExe
57fd26ae-c2ac-40ca-b471-63c963151dd3,Select diverse field trial locations,"Select diverse field trial locations

Description:
Identify and select geographically diverse locations for field trials to account for varying environmental conditions and potential disease pressures. Consider factors such as climate, soil type, and proximity to existing rubber plantations.

Resources needed:
• Agronomists
• GIS specialists
• Local agricultural experts",6/1/2053,12/1/2053,0,f6e38c76-dff6-4475-bb9b-fec33358e27f,PlanExe
07641f63-f5e5-4449-a0dd-2ef3d5e42138,Prepare field trial sites,"Prepare field trial sites

Description:
Prepare the selected field trial sites by clearing land, preparing soil, and establishing necessary infrastructure such as irrigation systems and fencing. Ensure compliance with all relevant environmental regulations.

Resources needed:
• Construction crew
• Agricultural equipment
• Environmental specialists",12/1/2053,6/2/2054,0,57fd26ae-c2ac-40ca-b471-63c963151dd3,PlanExe
4d085902-fdee-44b4-b03b-2dbe0350f25b,Plant and maintain trial plots,"Plant and maintain trial plots

Description:
Plant SALB-resistant Hevea cultivars and alternative rubber crops in the prepared field trial plots. Implement best practices for crop management, including fertilization, pest control, and irrigation. Regularly monitor plant health and growth.

Resources needed:
• Agronomists
• Agricultural workers
• Pest control specialists",6/2/2054,12/2/2054,0,07641f63-f5e5-4449-a0dd-2ef3d5e42138,PlanExe
2aeca2ba-5141-4530-85ec-7d8a154d5fbb,Collect and analyze field data,"Collect and analyze field data

Description:
Collect detailed data on plant growth, yield, disease resistance, and other relevant parameters. Analyze the collected data to assess the performance of different cultivars and identify promising candidates for commercialization.

Resources needed:
• Data analysts
• Plant pathologists
• Agronomists",12/2/2054,6/3/2055,0,4d085902-fdee-44b4-b03b-2dbe0350f25b,PlanExe
c553bb43-4cbe-475f-b0c9-f77430363c1a,Monitor environmental impact,"Monitor environmental impact

Description:
Monitor the environmental impact of the field trials, including soil health, water usage, and biodiversity. Implement measures to mitigate any negative impacts and ensure sustainable agricultural practices.

Resources needed:
• Environmental scientists
• Soil scientists
• Hydrologists",6/3/2055,12/3/2055,0,f6e38c76-dff6-4475-bb9b-fec33358e27f,PlanExe
c4a3521f-6851-4dd0-8344-3451d2ad0cee,Alternative Rubber Commercialization,,12/3/2055,12/6/2063,0,187efbb6-a0dd-488e-b719-66826fb802df,PlanExe
c7511d09-12e1-402b-95ef-30408d788537,Identify Niche Markets,,12/3/2055,6/5/2058,0,c4a3521f-6851-4dd0-8344-3451d2ad0cee,PlanExe
df0291be-9517-4eb3-87fe-533bceb2d439,Site selection and acquisition,"Site selection and acquisition

Description:
Identify and acquire suitable land for processing and manufacturing hubs, considering factors such as proximity to raw materials, infrastructure availability, and regulatory requirements. This includes conducting site assessments, negotiating purchase agreements, and obtaining necessary permits.

Resources needed:
• Real estate specialists
• Legal counsel
• Environmental consultants
• Negotiators",12/3/2055,6/3/2056,0,c7511d09-12e1-402b-95ef-30408d788537,PlanExe
5aec86dd-9c45-4ecb-8919-aae63c6e0abd,Design processing and manufacturing facilities (1),"Design processing and manufacturing facilities

Description:
Develop detailed designs for processing and manufacturing facilities, incorporating best practices for efficiency, safety, and environmental sustainability. This includes selecting appropriate technologies, optimizing layouts, and ensuring compliance with relevant building codes and regulations.

Resources needed:
• Engineers (chemical, mechanical, civil)
• Architects
• Process specialists
• Sustainability experts",6/3/2056,12/3/2056,0,df0291be-9517-4eb3-87fe-533bceb2d439,PlanExe
00ee4cdc-bd77-45bb-8a1d-8a00b1d0821c,Secure permits and regulatory approvals,"Secure permits and regulatory approvals

Description:
Obtain all necessary permits and regulatory approvals for construction and operation of processing and manufacturing facilities. This includes preparing and submitting permit applications, addressing regulatory concerns, and ensuring compliance with environmental regulations.

Resources needed:
• Permitting specialists
• Environmental consultants
• Legal counsel
• Regulatory liaisons",12/3/2056,6/4/2057,0,5aec86dd-9c45-4ecb-8919-aae63c6e0abd,PlanExe
5c3c2ff9-19e3-4d10-b0dd-c666e678ed3a,Construct processing and manufacturing facilities (1),"Construct processing and manufacturing facilities

Description:
Oversee the construction of processing and manufacturing facilities, ensuring adherence to design specifications, budget, and schedule. This includes managing contractors, monitoring progress, and resolving construction-related issues.

Resources needed:
• Construction managers
• Contractors
• Engineers
• Quality control inspectors",6/4/2057,12/4/2057,0,00ee4cdc-bd77-45bb-8a1d-8a00b1d0821c,PlanExe
8e55ac88-9734-4aa2-82ce-a43132553e13,Equip facilities with processing equipment,"Equip facilities with processing equipment

Description:
Procure and install necessary processing equipment, ensuring proper functionality and integration with existing systems. This includes selecting equipment vendors, negotiating purchase agreements, and overseeing installation and commissioning.

Resources needed:
• Procurement specialists
• Equipment vendors
• Installation technicians
• Process engineers",12/4/2057,6/5/2058,0,c7511d09-12e1-402b-95ef-30408d788537,PlanExe
b309fc48-f38f-4078-9fe1-c396e61847d1,Develop Integrated Processing and Manufacturing Hubs,,6/5/2058,12/7/2059,0,c7511d09-12e1-402b-95ef-30408d788537,PlanExe
842b7459-027a-4bfc-ae48-6704fc030d43,Site selection and due diligence,"Site selection and due diligence

Description:
Identify potential sites for processing and manufacturing hubs, conduct environmental impact assessments, and secure necessary permits and approvals.

Resources needed:
• Real estate consultants
• Environmental engineers
• Legal counsel
• Permitting specialists",6/5/2058,9/23/2058,0,b309fc48-f38f-4078-9fe1-c396e61847d1,PlanExe
3a001171-c4bd-402e-9e4b-f6279ac16765,Design processing and manufacturing facilities (2),"Design processing and manufacturing facilities

Description:
Develop detailed architectural and engineering designs for processing and manufacturing facilities, incorporating sustainable design principles and efficient production processes.

Resources needed:
• Architects
• Engineers
• Process engineers
• Sustainability consultants",9/23/2058,1/11/2059,0,842b7459-027a-4bfc-ae48-6704fc030d43,PlanExe
14a9d5c7-b692-4ee0-9385-eeb69dcacbd8,Secure construction contracts,"Secure construction contracts

Description:
Solicit bids from qualified construction contractors, negotiate contract terms, and award contracts for the construction of processing and manufacturing facilities.

Resources needed:
• Procurement specialists
• Contract managers
• Legal counsel
• Construction managers",1/11/2059,5/1/2059,0,3a001171-c4bd-402e-9e4b-f6279ac16765,PlanExe
e638bba5-cb19-43ae-8a14-1a2030746038,Construct processing and manufacturing facilities (2),"Construct processing and manufacturing facilities

Description:
Oversee the construction of processing and manufacturing facilities, ensuring adherence to design specifications, safety regulations, and environmental standards.

Resources needed:
• Construction managers
• Engineers
• Safety inspectors
• Construction crews",5/1/2059,8/19/2059,0,14a9d5c7-b692-4ee0-9385-eeb69dcacbd8,PlanExe
09f695ec-3146-4157-818d-9947b0c43097,Install and commission equipment,"Install and commission equipment

Description:
Procure, install, and commission processing and manufacturing equipment, ensuring proper functionality and integration with existing systems.

Resources needed:
• Equipment suppliers
• Installation technicians
• Process engineers
• Commissioning specialists",8/19/2059,12/7/2059,0,b309fc48-f38f-4078-9fe1-c396e61847d1,PlanExe
2c99cd6e-df7e-4723-925c-4ad45bbce7cc,Secure Offtake Agreements,,12/7/2059,12/6/2060,0,b309fc48-f38f-4078-9fe1-c396e61847d1,PlanExe
7e99a434-4b9d-4e9c-8337-7ecc71e46da2,Identify potential offtake partners,"Identify potential offtake partners

Description:
Research and identify potential OEM manufacturers and other businesses that could purchase alternative rubber products. This includes gathering information on their rubber consumption, product requirements, and sustainability goals.

Resources needed:
• Market research analyst
• Sales team
• Industry databases",12/7/2059,2/18/2060,0,2c99cd6e-df7e-4723-925c-4ad45bbce7cc,PlanExe
9337e31f-f09a-4726-b362-081882b54ae4,Develop tailored proposals for each partner,"Develop tailored proposals for each partner

Description:
Create customized proposals for each potential offtake partner, highlighting the benefits of alternative rubber products and addressing their specific needs and concerns. This includes pricing, supply chain logistics, and product specifications.

Resources needed:
• Sales team
• Technical experts
• Financial analyst",2/18/2060,5/1/2060,0,7e99a434-4b9d-4e9c-8337-7ecc71e46da2,PlanExe
322757dd-3731-435e-8189-c775be34e46a,Negotiate offtake agreements,"Negotiate offtake agreements

Description:
Engage in negotiations with potential offtake partners to finalize the terms of the agreements. This includes pricing, volume commitments, quality standards, and delivery schedules.

Resources needed:
• Legal team
• Sales team
• Negotiation experts",5/1/2060,7/13/2060,0,9337e31f-f09a-4726-b362-081882b54ae4,PlanExe
2ecdae11-18fa-48ab-ad93-721da7ea30ca,Finalize and execute agreements,"Finalize and execute agreements

Description:
Once the terms are agreed upon, finalize the offtake agreements and obtain the necessary signatures from all parties. Ensure that all legal and regulatory requirements are met.

Resources needed:
• Legal team
• Executive management",7/13/2060,9/24/2060,0,322757dd-3731-435e-8189-c775be34e46a,PlanExe
a74f68c8-2036-443c-80dc-433ad406a2be,Manage partner relationships,"Manage partner relationships

Description:
Maintain ongoing communication and collaboration with offtake partners to ensure smooth operations and address any issues that may arise. This includes regular meetings, performance monitoring, and continuous improvement efforts.

Resources needed:
• Account managers
• Customer service team
• Supply chain managers",9/24/2060,12/6/2060,0,2c99cd6e-df7e-4723-925c-4ad45bbce7cc,PlanExe
02ffc2b6-5390-4f9e-a5a1-351b8a58156f,Establish Stable Supply Chains,,12/6/2060,12/6/2062,0,2c99cd6e-df7e-4723-925c-4ad45bbce7cc,PlanExe
d06018a4-be85-41bf-b7d6-7b274873f20c,Map alternative rubber supply chain options,"Map alternative rubber supply chain options

Description:
Identify potential sources of alternative rubber, including geographic locations, production capacities, and existing infrastructure.  Analyze the strengths and weaknesses of each option.

Resources needed:
• Supply chain analyst
• Geographic information system (GIS) specialist
• Market research data",12/6/2060,5/1/2061,0,02ffc2b6-5390-4f9e-a5a1-351b8a58156f,PlanExe
eb0f6494-c673-43c5-8401-c4cb2796ef26,Negotiate supply agreements with producers,"Negotiate supply agreements with producers

Description:
Contact potential alternative rubber producers and negotiate supply agreements that meet project requirements for quantity, quality, and price.  Establish contract terms and conditions.

Resources needed:
• Contract negotiator
• Legal counsel
• Procurement specialist",5/1/2061,9/24/2061,0,d06018a4-be85-41bf-b7d6-7b274873f20c,PlanExe
d69275e0-7b65-4ab3-b963-be64e1af1ba9,Develop logistics and transportation plan,"Develop logistics and transportation plan

Description:
Create a detailed logistics and transportation plan for moving alternative rubber from production sites to processing and manufacturing hubs.  Consider transportation modes, storage facilities, and potential bottlenecks.

Resources needed:
• Logistics manager
• Transportation specialist
• Supply chain modeling software",9/24/2061,2/17/2062,0,eb0f6494-c673-43c5-8401-c4cb2796ef26,PlanExe
b95d0b78-f3fc-4ab9-810d-0254ed5519c8,Establish quality control procedures,"Establish quality control procedures

Description:
Develop and implement quality control procedures to ensure that alternative rubber meets required specifications.  Establish testing protocols and inspection points throughout the supply chain.

Resources needed:
• Quality control manager
• Laboratory technician
• Testing equipment",2/17/2062,7/13/2062,0,d69275e0-7b65-4ab3-b963-be64e1af1ba9,PlanExe
1056fd2a-73f4-4d76-8455-1952501a6a2e,Secure necessary permits and licenses,"Secure necessary permits and licenses

Description:
Identify and obtain all necessary permits and licenses for transporting and storing alternative rubber.  Comply with all relevant regulations.

Resources needed:
• Regulatory specialist
• Legal counsel
• Permitting agency representatives",7/13/2062,12/6/2062,0,02ffc2b6-5390-4f9e-a5a1-351b8a58156f,PlanExe
8768e79b-5f08-4d51-a479-3c2f79097344,Market Alternative Rubber Products,,12/6/2062,12/6/2063,0,c4a3521f-6851-4dd0-8344-3451d2ad0cee,PlanExe
39564c88-9cd9-4e99-90d1-6809cdc167b3,Develop marketing strategy for alternative rubber,"Develop marketing strategy for alternative rubber

Description:
Define target audience, messaging, and channels for promoting alternative rubber products. This includes identifying key benefits and differentiators compared to conventional rubber.

Resources needed:
• Marketing manager
• Market research analyst
• Sales team",12/6/2062,2/17/2063,0,8768e79b-5f08-4d51-a479-3c2f79097344,PlanExe
15c0dbef-48a4-4be8-8206-90c014ab3978,Create marketing materials and content,"Create marketing materials and content

Description:
Develop brochures, website content, presentations, and other marketing materials to showcase alternative rubber products. This includes creating compelling visuals and messaging.

Resources needed:
• Graphic designer
• Content writer
• Web developer",2/17/2063,5/1/2063,0,39564c88-9cd9-4e99-90d1-6809cdc167b3,PlanExe
dc672b83-dfae-4e37-aa33-5bc389b8e904,Launch marketing campaigns,"Launch marketing campaigns

Description:
Execute marketing campaigns through various channels, including online advertising, trade shows, and industry events. This includes tracking campaign performance and making adjustments as needed.

Resources needed:
• Marketing manager
• Advertising specialist
• Event coordinator",5/1/2063,7/13/2063,0,15c0dbef-48a4-4be8-8206-90c014ab3978,PlanExe
51bd6a90-c3da-4c06-bfad-0a1d4c387ebd,Engage with potential customers,"Engage with potential customers

Description:
Reach out to potential customers to present alternative rubber products and address their questions and concerns. This includes building relationships and providing technical support.

Resources needed:
• Sales team
• Technical support staff
• Customer relationship management (CRM) system",7/13/2063,9/24/2063,0,dc672b83-dfae-4e37-aa33-5bc389b8e904,PlanExe
1c9603a9-d35b-4d1d-bd44-29f6cc657e83,Gather customer feedback and refine strategy,"Gather customer feedback and refine strategy

Description:
Collect feedback from customers on alternative rubber products and use this information to refine the marketing strategy and product offerings. This includes conducting surveys and interviews.

Resources needed:
• Market research analyst
• Sales team
• Customer service representatives",9/24/2063,12/6/2063,0,8768e79b-5f08-4d51-a479-3c2f79097344,PlanExe
e5ea8480-760e-48bd-a3d1-43f426432403,Smallholder Adoption,,12/6/2063,3/3/2071,0,c4a3521f-6851-4dd0-8344-3451d2ad0cee,PlanExe
13a1e1c9-a97e-4bf5-bb01-da67a21cd4ce,Provide Replanting Subsidies,,12/6/2063,12/5/2065,0,e5ea8480-760e-48bd-a3d1-43f426432403,PlanExe
7b546b93-ca77-4303-aa8c-38154463740f,Define Replanting Subsidy Eligibility Criteria,"Define Replanting Subsidy Eligibility Criteria

Description:
Establish clear and transparent criteria for smallholder farmers to qualify for replanting subsidies, including land size, existing rubber tree age, and commitment to SALB-resistant varieties.

Resources needed:
• Agronomists
• Economists
• Legal Counsel
• Smallholder Representatives",12/6/2063,4/30/2064,0,13a1e1c9-a97e-4bf5-bb01-da67a21cd4ce,PlanExe
03e0809e-6504-4385-851d-7fcc92c4164b,Establish Subsidy Disbursement Mechanism,"Establish Subsidy Disbursement Mechanism

Description:
Develop a streamlined and efficient mechanism for disbursing replanting subsidies to eligible smallholder farmers, ensuring timely and transparent payments.

Resources needed:
• Financial Experts
• IT Specialists
• Administrative Staff
• Banking Partners",4/30/2064,9/23/2064,0,7b546b93-ca77-4303-aa8c-38154463740f,PlanExe
bcaf3944-6435-4dc3-be0d-2e6691832d1d,Communicate Subsidy Program to Farmers,"Communicate Subsidy Program to Farmers

Description:
Conduct outreach programs to inform smallholder farmers about the availability of replanting subsidies, eligibility criteria, and application procedures.

Resources needed:
• Communication Specialists
• Extension Officers
• Local Community Leaders
• Translation Services",9/23/2064,2/16/2065,0,03e0809e-6504-4385-851d-7fcc92c4164b,PlanExe
1093ffd7-3cd4-4195-ae70-4911e2423c46,Process Subsidy Applications and Verify Eligibility,"Process Subsidy Applications and Verify Eligibility

Description:
Establish a system for processing replanting subsidy applications, verifying farmer eligibility, and ensuring compliance with program requirements.

Resources needed:
• Administrative Staff
• Field Inspectors
• Data Entry Personnel
• Database Management System",2/16/2065,7/12/2065,0,bcaf3944-6435-4dc3-be0d-2e6691832d1d,PlanExe
37138ac3-2c33-4951-9bb7-e5b6c6d9e710,Monitor Subsidy Impact and Adjust Program,"Monitor Subsidy Impact and Adjust Program

Description:
Track the impact of replanting subsidies on smallholder farmer adoption of SALB-resistant varieties and overall rubber production, and adjust the program as needed to maximize its effectiveness.

Resources needed:
• Data Analysts
• Agronomists
• Economists
• Monitoring and Evaluation Specialists",7/12/2065,12/5/2065,0,13a1e1c9-a97e-4bf5-bb01-da67a21cd4ce,PlanExe
8d370c18-3ce8-489b-bf71-1d26c5771d4b,Offer Technical Assistance,,12/5/2065,12/5/2068,0,13a1e1c9-a97e-4bf5-bb01-da67a21cd4ce,PlanExe
4b5e09f7-8ce6-4bc8-b97a-8b0ed8ebf640,Train extension officers on SALB-resistant varieties,"Train extension officers on SALB-resistant varieties

Description:
Provide comprehensive training to extension officers on the characteristics, cultivation practices, and benefits of SALB-resistant rubber varieties and alternative crops. This includes classroom instruction, field demonstrations, and hands-on experience.

Resources needed:
• Agricultural experts
• Training facilities
• SALB-resistant seedlings
• Training materials",12/5/2065,9/5/2066,0,8d370c18-3ce8-489b-bf71-1d26c5771d4b,PlanExe
baca334e-7d4e-424f-9fb8-8830a7012948,Establish demonstration plots for new varieties,"Establish demonstration plots for new varieties

Description:
Create demonstration plots in strategic locations to showcase the performance of SALB-resistant rubber varieties and alternative crops under local conditions. These plots will serve as a visual aid for farmers and provide a platform for knowledge sharing.

Resources needed:
• Land
• SALB-resistant seedlings
• Fertilizers
• Irrigation equipment
• Labor",9/5/2066,6/6/2067,0,4b5e09f7-8ce6-4bc8-b97a-8b0ed8ebf640,PlanExe
ba58fb7f-8df7-4ac6-ad40-da047a2e059c,Develop farmer-to-farmer exchange programs,"Develop farmer-to-farmer exchange programs

Description:
Facilitate farmer-to-farmer exchange programs to enable experienced farmers to share their knowledge and best practices with other farmers. This will promote peer learning and accelerate the adoption of new technologies.

Resources needed:
• Transportation
• Accommodation
• Facilitators
• Experienced farmers",6/6/2067,3/6/2068,0,baca334e-7d4e-424f-9fb8-8830a7012948,PlanExe
5df1988e-9284-4a14-ae77-f093c5d51d7b,Provide ongoing support and monitoring,"Provide ongoing support and monitoring

Description:
Offer ongoing support and monitoring to farmers who have adopted SALB-resistant rubber varieties and alternative crops. This includes regular visits from extension officers, access to technical advice, and assistance with problem-solving.

Resources needed:
• Extension officers
• Vehicles
• Communication equipment
• Monitoring tools",3/6/2068,12/5/2068,0,8d370c18-3ce8-489b-bf71-1d26c5771d4b,PlanExe
bb2fb54f-f69c-460a-8e9d-76e01aeac1c3,Implement Tiered Incentive Programs,,12/5/2068,12/8/2069,0,8d370c18-3ce8-489b-bf71-1d26c5771d4b,PlanExe
e94161b8-3ef6-4c58-b1dc-cd27cf6efa61,Define Tiered Incentive Program Structure,"Define Tiered Incentive Program Structure

Description:
Establish the criteria for each tier, the corresponding incentives, and the eligibility requirements for smallholder farmers.

Resources needed:
• Agricultural Economist
• Smallholder Adoption Specialist
• Program Manager",12/5/2068,3/7/2069,0,bb2fb54f-f69c-460a-8e9d-76e01aeac1c3,PlanExe
16df41e0-0c74-4c8d-8cd4-8c6d14fd01f9,Develop Incentive Distribution Mechanism,"Develop Incentive Distribution Mechanism

Description:
Design a transparent and efficient system for distributing incentives to eligible smallholder farmers, including application process, verification, and payment methods.

Resources needed:
• Financial Officer
• Logistics Coordinator
• IT Support",3/7/2069,6/7/2069,0,e94161b8-3ef6-4c58-b1dc-cd27cf6efa61,PlanExe
3a46a1fb-b3bc-4ebd-9c9a-5b67bfd0ce30,Communicate Program Details to Farmers,"Communicate Program Details to Farmers

Description:
Create and disseminate informational materials about the tiered incentive programs to smallholder farmers, including brochures, workshops, and community meetings.

Resources needed:
• Communication Specialist
• Local Extension Officers
• Community Leaders",6/7/2069,9/7/2069,0,16df41e0-0c74-4c8d-8cd4-8c6d14fd01f9,PlanExe
9e9e62f9-13fe-4404-b2cc-5c8652d9fe7e,Monitor Incentive Program Participation,"Monitor Incentive Program Participation

Description:
Track the number of smallholder farmers participating in each tier of the incentive program and assess the effectiveness of the incentives in promoting adoption of new practices.

Resources needed:
• Data Analyst
• Monitoring and Evaluation Officer
• Field Staff",9/7/2069,12/8/2069,0,bb2fb54f-f69c-460a-8e9d-76e01aeac1c3,PlanExe
4c3e22d6-884a-4a59-a50d-519596ea3c26,Establish Cooperative Platforms,,12/8/2069,9/4/2070,0,bb2fb54f-f69c-460a-8e9d-76e01aeac1c3,PlanExe
cacdd3b8-f11c-4b8d-9d1e-8144440be6ca,Identify potential cooperative members,"Identify potential cooperative members

Description:
Identify smallholder farmers interested in joining cooperative platforms. This involves outreach and information sessions.

Resources needed:
• Community organizers
• Agricultural extension officers
• Communication materials",12/8/2069,1/31/2070,0,4c3e22d6-884a-4a59-a50d-519596ea3c26,PlanExe
e17b95c0-83b0-4938-8722-5e2b0ac76a57,Develop cooperative governance structure,"Develop cooperative governance structure

Description:
Establish a clear governance structure for the cooperative, including roles, responsibilities, and decision-making processes.

Resources needed:
• Legal experts
• Governance consultants
• Facilitators",1/31/2070,3/26/2070,0,cacdd3b8-f11c-4b8d-9d1e-8144440be6ca,PlanExe
f7a1ccb4-fe87-42b9-b6a6-8eab653fc2c8,Provide training on cooperative management,"Provide training on cooperative management

Description:
Offer training to cooperative members on topics such as financial management, marketing, and sustainable agriculture practices.

Resources needed:
• Trainers
• Training materials
• Financial resources",3/26/2070,5/19/2070,0,e17b95c0-83b0-4938-8722-5e2b0ac76a57,PlanExe
c9a1be62-4bc7-4952-ad03-691fc0d0c4dd,Facilitate cooperative registration,"Facilitate cooperative registration

Description:
Assist the cooperative in registering with relevant government agencies and obtaining necessary permits.

Resources needed:
• Legal experts
• Administrative staff
• Government liaison officers",5/19/2070,7/12/2070,0,f7a1ccb4-fe87-42b9-b6a6-8eab653fc2c8,PlanExe
4a22e140-e2f1-46d8-a38e-2a1c61931878,Establish market linkages for cooperatives,"Establish market linkages for cooperatives

Description:
Connect cooperatives with potential buyers and markets for their rubber products, ensuring fair prices and stable demand.

Resources needed:
• Marketing specialists
• Supply chain experts
• Business development officers",7/12/2070,9/4/2070,0,4c3e22d6-884a-4a59-a50d-519596ea3c26,PlanExe
b391e23a-69bb-46ba-bbd2-678bf3fd278a,Monitor Adoption Rates and Farmer Income,,9/4/2070,3/3/2071,0,e5ea8480-760e-48bd-a3d1-43f426432403,PlanExe
8b17fa37-c628-4082-8157-c8edec83ab0f,Define Key Adoption Metrics,"Define Key Adoption Metrics

Description:
Establish clear, measurable metrics for tracking smallholder adoption rates of new rubber varieties and farming practices. This includes defining what constitutes 'adoption' and setting targets for different stages of the program.

Resources needed:
• Agronomists
• Data analysts
• Smallholder support staff",9/4/2070,10/10/2070,0,b391e23a-69bb-46ba-bbd2-678bf3fd278a,PlanExe
0db6c924-739f-4d00-b33b-c2a9f785b89d,Collect Baseline Farmer Income Data,"Collect Baseline Farmer Income Data

Description:
Gather comprehensive baseline data on smallholder farmer income levels before the implementation of the program. This will serve as a benchmark for measuring the program's impact on farmer livelihoods.

Resources needed:
• Surveyors
• Data entry clerks
• Agricultural economists",10/10/2070,11/15/2070,0,8b17fa37-c628-4082-8157-c8edec83ab0f,PlanExe
106840b2-3a4d-419f-af4f-d1a0f9877321,Track Adoption Rates Over Time,"Track Adoption Rates Over Time

Description:
Implement a system for regularly tracking adoption rates of new rubber varieties and farming practices among smallholder farmers. This will involve collecting data on the number of farmers adopting new practices, the area of land under new varieties, and the frequency of use of new technologies.

Resources needed:
• Extension officers
• Data collectors
• GIS specialists",11/15/2070,12/21/2070,0,0db6c924-739f-4d00-b33b-c2a9f785b89d,PlanExe
073fbfda-c44e-45ec-8136-c12b9d646a98,Assess Farmer Income Changes,"Assess Farmer Income Changes

Description:
Analyze changes in smallholder farmer income levels over time to assess the program's impact on their livelihoods. This will involve comparing income levels before and after the implementation of the program, as well as comparing income levels of farmers who have adopted new practices with those who have not.

Resources needed:
• Agricultural economists
• Statisticians
• Data analysts",12/21/2070,1/26/2071,0,106840b2-3a4d-419f-af4f-d1a0f9877321,PlanExe
6ae559d5-46b6-498b-9078-188012796fb0,Attribute Income Changes to Program,"Attribute Income Changes to Program

Description:
Determine the extent to which changes in farmer income can be directly attributed to the program, as opposed to other external factors. This will involve using statistical methods to control for confounding variables and isolate the program's impact.

Resources needed:
• Econometricians
• Data scientists
• Agricultural policy experts",1/26/2071,3/3/2071,0,b391e23a-69bb-46ba-bbd2-678bf3fd278a,PlanExe
508c1d00-537c-4069-a284-a1dd306bfc3f,Data Management & Analysis,,3/3/2071,4/11/2072,0,e5ea8480-760e-48bd-a3d1-43f426432403,PlanExe
a510b4b8-3d37-41e9-9a2d-17b270747c3b,Establish Data Transparency Protocol,,3/3/2071,5/2/2071,0,508c1d00-537c-4069-a284-a1dd306bfc3f,PlanExe
127e940a-2fe8-48ba-90f8-e80de2714649,Identify data sources and stakeholders,"Identify data sources and stakeholders

Description:
Objective: Identify all relevant data sources and stakeholders involved in the natural rubber supply chain and SALB mitigation.
Scope: Include data from smallholder farmers, government agencies, private rubber companies, and international organizations.
Steps: 1. Conduct a stakeholder mapping exercise. 2. Identify existing data sources and gaps. 3. Develop a data collection plan.
Deliverables: A comprehensive list of data sources and stakeholders.

Resources needed:
• Project manager
• Data analyst
• Stakeholder engagement specialist",3/3/2071,3/18/2071,0,a510b4b8-3d37-41e9-9a2d-17b270747c3b,PlanExe
080704d1-ebd5-4f98-81a8-dbea2b6badfe,Develop standardized data collection templates (1),"Develop standardized data collection templates

Description:
Objective: Create standardized templates for data collection to ensure consistency and comparability across different sources.
Scope: Cover data related to SALB outbreaks, rubber production, smallholder adoption, and market information.
Steps: 1. Define data fields and formats. 2. Design data collection templates. 3. Pilot test the templates with selected stakeholders.
Deliverables: Standardized data collection templates.

Resources needed:
• Data analyst
• Subject matter experts
• Template designer",3/18/2071,4/2/2071,0,127e940a-2fe8-48ba-90f8-e80de2714649,PlanExe
076fb4ea-ee11-4973-b9e8-e8cdd0ad28c7,Establish secure data sharing platform (1),"Establish secure data sharing platform

Description:
Objective: Set up a secure platform for data sharing among stakeholders, ensuring data privacy and confidentiality.
Scope: Include features for data access control, encryption, and audit trails.
Steps: 1. Select a suitable data sharing platform. 2. Configure security settings. 3. Train stakeholders on platform usage.
Deliverables: A secure data sharing platform.

Resources needed:
• IT specialist
• Data security expert
• Platform administrator",4/2/2071,4/17/2071,0,080704d1-ebd5-4f98-81a8-dbea2b6badfe,PlanExe
3157021b-3836-413f-93a6-e41239ab6a21,Implement data quality control measures,"Implement data quality control measures

Description:
Objective: Implement measures to ensure the quality and accuracy of the collected data.
Scope: Include data validation, error checking, and data cleaning procedures.
Steps: 1. Define data quality standards. 2. Implement data validation rules. 3. Conduct regular data audits.
Deliverables: A data quality control plan.

Resources needed:
• Data analyst
• Data quality specialist
• Auditor",4/17/2071,5/2/2071,0,a510b4b8-3d37-41e9-9a2d-17b270747c3b,PlanExe
970a1f72-8930-4da5-be57-3ab501834fc1,Collect and Share Data,,5/2/2071,9/14/2071,0,a510b4b8-3d37-41e9-9a2d-17b270747c3b,PlanExe
d1b99d38-5797-46d0-a94d-d33d7f961215,Develop standardized data collection templates (2),"Develop standardized data collection templates

Description:
Create templates for consistent data gathering across all regions and organizations involved in the project. This includes defining data fields, units of measurement, and reporting frequency.

Resources needed:
• Data analyst
• Project manager
• Stakeholder representatives",5/2/2071,5/29/2071,0,970a1f72-8930-4da5-be57-3ab501834fc1,PlanExe
04c9e95c-f9c6-451e-aa4b-e4bd73e7e6e8,Establish secure data sharing platform (2),"Establish secure data sharing platform

Description:
Set up a secure online platform for stakeholders to upload and access data. This platform should include access controls, encryption, and audit trails to ensure data confidentiality and integrity.

Resources needed:
• IT specialist
• Cybersecurity expert
• Data architect",5/29/2071,6/25/2071,0,d1b99d38-5797-46d0-a94d-d33d7f961215,PlanExe
a5a28a69-9310-4650-85a1-5c69faa71417,Conduct data quality control checks,"Conduct data quality control checks

Description:
Implement procedures for verifying the accuracy and completeness of data submitted by stakeholders. This includes automated checks, manual reviews, and follow-up with data providers to resolve any discrepancies.

Resources needed:
• Data analyst
• Quality control specialist",6/25/2071,7/22/2071,0,04c9e95c-f9c6-451e-aa4b-e4bd73e7e6e8,PlanExe
da1caa3e-93a7-4e89-a4d1-71d356ff895a,Negotiate data sharing agreements,"Negotiate data sharing agreements

Description:
Establish formal agreements with stakeholders outlining the terms and conditions for data sharing, including confidentiality clauses, data usage restrictions, and intellectual property rights.

Resources needed:
• Legal counsel
• Project manager
• Stakeholder representatives",7/22/2071,8/18/2071,0,a5a28a69-9310-4650-85a1-5c69faa71417,PlanExe
5194b1d5-5183-424a-ab26-71319e7ea30a,Train stakeholders on data submission,"Train stakeholders on data submission

Description:
Provide training to stakeholders on how to use the standardized data collection templates and the secure data sharing platform. This training should cover data quality control procedures and data privacy requirements.

Resources needed:
• Training specialist
• Data analyst
• Project manager",8/18/2071,9/14/2071,0,970a1f72-8930-4da5-be57-3ab501834fc1,PlanExe
b5edde05-06e9-427c-ada1-1940d33f4b95,Analyze Data for Decision Making,,9/14/2071,11/13/2071,0,970a1f72-8930-4da5-be57-3ab501834fc1,PlanExe
d7b35503-12a8-4b38-8cf2-774764396fbd,Standardize data collection methods,"Standardize data collection methods

Description:
Develop and implement standardized data collection protocols across all participating regions and organizations to ensure data consistency and comparability. This includes defining data formats, units of measurement, and data validation procedures.

Resources needed:
• Data analysts
• Regional coordinators
• IT specialists",9/14/2071,9/29/2071,0,b5edde05-06e9-427c-ada1-1940d33f4b95,PlanExe
909fcdf3-e629-43fe-8a7d-c1f180262c08,Establish secure data sharing platform (3),"Establish secure data sharing platform

Description:
Create a secure and accessible platform for data sharing among stakeholders, ensuring compliance with data privacy regulations and protecting proprietary information. This involves selecting appropriate technology, implementing access controls, and providing training on platform usage.

Resources needed:
• IT specialists
• Cybersecurity experts
• Legal counsel",9/29/2071,10/14/2071,0,d7b35503-12a8-4b38-8cf2-774764396fbd,PlanExe
6e90c20b-5773-4071-ab1d-90f3af77580b,Integrate diverse data sources,"Integrate diverse data sources

Description:
Develop and implement data integration procedures to combine data from various sources, including databases, spreadsheets, and sensor networks. This involves data cleaning, transformation, and harmonization to ensure data quality and consistency.

Resources needed:
• Data engineers
• Database administrators
• Data scientists",10/14/2071,10/29/2071,0,909fcdf3-e629-43fe-8a7d-c1f180262c08,PlanExe
40a31bb8-a083-47f7-a48c-f20a5be16764,Validate and clean collected data,"Validate and clean collected data

Description:
Implement data validation and cleaning procedures to identify and correct errors, inconsistencies, and missing values in the collected data. This involves using statistical methods, domain expertise, and automated tools to ensure data accuracy and reliability.

Resources needed:
• Data analysts
• Domain experts
• Data quality specialists",10/29/2071,11/13/2071,0,b5edde05-06e9-427c-ada1-1940d33f4b95,PlanExe
0e85e180-c49e-4aea-bc77-c157662d77cd,Develop Predictive Models,,11/13/2071,3/12/2072,0,b5edde05-06e9-427c-ada1-1940d33f4b95,PlanExe
795bc90b-882f-4caf-8c17-2ce3640ca3cb,Select relevant variables for modeling,"Select relevant variables for modeling

Description:
Identify key variables impacting rubber supply chain resilience, SALB spread, and alternative rubber adoption. This involves reviewing existing literature, consulting with experts, and conducting preliminary data analysis to determine the most influential factors for inclusion in the predictive models.

Resources needed:
• Data scientists
• Subject matter experts
• Statistical software",11/13/2071,12/13/2071,0,0e85e180-c49e-4aea-bc77-c157662d77cd,PlanExe
1e7b94ba-814a-4978-8439-c90addd036bf,Develop and train predictive models,"Develop and train predictive models

Description:
Build statistical and machine learning models to forecast key outcomes, such as SALB outbreak risk, smallholder adoption rates, and alternative rubber market demand. This includes selecting appropriate modeling techniques, training the models using historical data, and validating their performance using independent datasets.

Resources needed:
• Data scientists
• Machine learning engineers
• High-performance computing resources",12/13/2071,1/12/2072,0,795bc90b-882f-4caf-8c17-2ce3640ca3cb,PlanExe
9785a7b5-7244-4775-b9d9-709996289c1f,Validate model accuracy and reliability,"Validate model accuracy and reliability

Description:
Assess the accuracy and reliability of the predictive models using rigorous statistical methods. This involves comparing model predictions to actual outcomes, conducting sensitivity analyses to identify key drivers of uncertainty, and refining the models to improve their predictive power.

Resources needed:
• Statisticians
• Data validation specialists
• Testing datasets",1/12/2072,2/11/2072,0,1e7b94ba-814a-4978-8439-c90addd036bf,PlanExe
071323a1-f91f-44de-9a8c-85b4943819eb,Integrate models into decision support system,"Integrate models into decision support system

Description:
Incorporate the validated predictive models into a user-friendly decision support system that can be used by stakeholders to inform their decision-making. This includes developing interactive dashboards, providing clear explanations of model outputs, and offering scenario planning capabilities.

Resources needed:
• Software developers
• User interface designers
• Decision support system architects",2/11/2072,3/12/2072,0,0e85e180-c49e-4aea-bc77-c157662d77cd,PlanExe
97de7b1a-ad01-49af-9808-fd7364d2af77,Ensure Data Security and Privacy,,3/12/2072,4/11/2072,0,508c1d00-537c-4069-a284-a1dd306bfc3f,PlanExe
0a9df2e0-419d-4754-8e60-ac24550249c6,Implement Data Encryption,"Implement Data Encryption

Description:
Encrypt sensitive data at rest and in transit to protect against unauthorized access. This includes selecting appropriate encryption algorithms, implementing key management procedures, and regularly auditing encryption implementations.

Resources needed:
• Security Engineer
• Data Architect
• Encryption Software",3/12/2072,3/18/2072,0,97de7b1a-ad01-49af-9808-fd7364d2af77,PlanExe
745773b5-35cf-4eef-9e55-764c654ec7e7,Control Data Access,"Control Data Access

Description:
Implement role-based access control (RBAC) to restrict data access to authorized personnel only. This includes defining roles and permissions, implementing authentication and authorization mechanisms, and regularly reviewing access privileges.

Resources needed:
• Security Administrator
• Database Administrator
• Identity Management System",3/18/2072,3/24/2072,0,0a9df2e0-419d-4754-8e60-ac24550249c6,PlanExe
d388d191-7eb3-4d00-ad0c-c0d138717bfd,Conduct Security Audits,"Conduct Security Audits

Description:
Perform regular security audits and penetration testing to identify vulnerabilities and weaknesses in data security measures. This includes reviewing security logs, conducting vulnerability scans, and simulating attacks to test security defenses.

Resources needed:
• Security Auditor
• Penetration Tester
• Security Assessment Tools",3/24/2072,3/30/2072,0,745773b5-35cf-4eef-9e55-764c654ec7e7,PlanExe
14f6919b-6ed5-4d43-8e55-6b131b2e3d7c,Train Personnel on Security,"Train Personnel on Security

Description:
Provide comprehensive training to all personnel on data security and privacy best practices. This includes educating employees about phishing attacks, password security, data handling procedures, and regulatory compliance requirements.

Resources needed:
• Security Trainer
• Training Materials
• Learning Management System",3/30/2072,4/5/2072,0,d388d191-7eb3-4d00-ad0c-c0d138717bfd,PlanExe
79cebd2b-dba0-42f2-8ba9-6fa1314be681,Monitor Security Threats,"Monitor Security Threats

Description:
Implement a security information and event management (SIEM) system to monitor security threats and incidents in real-time. This includes collecting and analyzing security logs, detecting suspicious activity, and responding to security incidents.

Resources needed:
• Security Analyst
• SIEM System
• Threat Intelligence Feeds",4/5/2072,4/11/2072,0,97de7b1a-ad01-49af-9808-fd7364d2af77,PlanExe
5039817c-dc5e-4c08-824d-b01af8bf4026,Program Monitoring & Evaluation,,4/11/2072,6/22/2072,0,56927f32-e79c-4688-9ef6-7c722d313757,PlanExe
4d1c0413-6a7a-4556-9975-3c2c7c6455a8,Track Key Performance Indicators (KPIs),,4/11/2072,4/23/2072,0,5039817c-dc5e-4c08-824d-b01af8bf4026,PlanExe
1514fa69-53fa-44e2-a1ea-141f2499a390,Define KPI data collection methods,"Define KPI data collection methods

Description:
Establish clear and consistent methodologies for collecting data related to each Key Performance Indicator (KPI). This includes specifying data sources, collection frequency, and responsible parties.

Resources needed:
• Data Analyst
• Subject Matter Experts
• Data Collection Tools",4/11/2072,4/14/2072,0,4d1c0413-6a7a-4556-9975-3c2c7c6455a8,PlanExe
97040ce2-a5c2-4279-bad1-bc27b2031df4,Collect baseline KPI data,"Collect baseline KPI data

Description:
Gather initial data for each KPI to establish a baseline against which future progress can be measured. This involves accessing relevant data sources, cleaning and validating the data, and storing it in a centralized repository.

Resources needed:
• Data Analyst
• Data Engineers
• Data Storage Infrastructure",4/14/2072,4/17/2072,0,1514fa69-53fa-44e2-a1ea-141f2499a390,PlanExe
8ff35798-d0ff-4ece-8d1c-b91cdd3b3ed1,Regularly monitor and update KPIs,"Regularly monitor and update KPIs

Description:
Continuously track and update KPI data at predetermined intervals (e.g., monthly, quarterly) to monitor progress towards program goals. This involves collecting new data, updating the data repository, and generating reports.

Resources needed:
• Data Analyst
• Reporting Tools
• Data Collection Tools",4/17/2072,4/20/2072,0,97040ce2-a5c2-4279-bad1-bc27b2031df4,PlanExe
da0056e6-9238-4850-a282-a2797698596f,Validate KPI data accuracy,"Validate KPI data accuracy

Description:
Implement quality control measures to ensure the accuracy and reliability of KPI data. This includes cross-checking data sources, performing data validation checks, and addressing any discrepancies or errors.

Resources needed:
• Data Analyst
• Subject Matter Experts
• Data Validation Tools",4/20/2072,4/23/2072,0,4d1c0413-6a7a-4556-9975-3c2c7c6455a8,PlanExe
c388d11a-01f2-4bcc-85f2-f68b17e78ee0,Conduct Regular Program Reviews,,4/23/2072,5/3/2072,0,4d1c0413-6a7a-4556-9975-3c2c7c6455a8,PlanExe
077175ee-8660-4a79-85e9-4e42f8d8918c,Schedule review meetings with stakeholders,"Schedule review meetings with stakeholders

Description:
Coordinate schedules and send invitations for program review meetings with key stakeholders.

Resources needed:
• Project Manager
• Stakeholder Representatives
• Meeting Facilitator",4/23/2072,4/25/2072,0,c388d11a-01f2-4bcc-85f2-f68b17e78ee0,PlanExe
dbfa88a0-0147-4645-bd3f-90c1f3c65027,Gather program performance data,"Gather program performance data

Description:
Collect relevant data on program performance, including KPIs, milestones achieved, and budget expenditures.

Resources needed:
• Data Analyst
• Program Staff
• Data Collection Tools",4/25/2072,4/27/2072,0,077175ee-8660-4a79-85e9-4e42f8d8918c,PlanExe
d121c267-5d8b-435b-a550-d8c0864eb2bd,Prepare review documentation,"Prepare review documentation

Description:
Compile and organize all necessary documentation for the program review, including progress reports, financial statements, and risk assessments.

Resources needed:
• Project Manager
• Program Staff
• Document Management System",4/27/2072,4/29/2072,0,dbfa88a0-0147-4645-bd3f-90c1f3c65027,PlanExe
a9fc37a9-b0eb-4bec-accb-b0e53eb903a9,Conduct the program review,"Conduct the program review

Description:
Facilitate the program review meeting, present findings, and gather feedback from stakeholders.

Resources needed:
• Meeting Facilitator
• Project Manager
• Stakeholder Representatives",4/29/2072,5/1/2072,0,d121c267-5d8b-435b-a550-d8c0864eb2bd,PlanExe
b8cc39f9-15b7-4079-9a2e-b8a09f8bc91b,Document review findings and recommendations,"Document review findings and recommendations

Description:
Record the key findings and recommendations from the program review meeting, and develop an action plan for addressing any identified issues.

Resources needed:
• Project Manager
• Meeting Scribe
• Action Planning Tool",5/1/2072,5/3/2072,0,c388d11a-01f2-4bcc-85f2-f68b17e78ee0,PlanExe
d9ab8e70-7aa8-41b9-b752-b1c1f1af2ba9,Assess Program Impact,,5/3/2072,6/2/2072,0,c388d11a-01f2-4bcc-85f2-f68b17e78ee0,PlanExe
26e0cf1d-1c59-4b1e-9f8a-a297ad834fe5,Define Impact Assessment Methodology,"Define Impact Assessment Methodology

Description:
Establish a clear methodology for assessing the program's impact, including defining metrics, data sources, and analysis techniques. This includes selecting appropriate statistical methods and establishing control groups.

Resources needed:
• Statistician
• Economist
• Program Evaluator",5/3/2072,5/9/2072,0,d9ab8e70-7aa8-41b9-b752-b1c1f1af2ba9,PlanExe
27be7e7d-39e2-45af-b680-99a1c94f0340,Collect Relevant Data for Assessment,"Collect Relevant Data for Assessment

Description:
Gather all necessary data to conduct the impact assessment, including data on adoption rates, farmer income, environmental indicators, and other relevant metrics. Ensure data quality and completeness.

Resources needed:
• Data Collection Team
• Field Staff
• Data Management System",5/9/2072,5/15/2072,0,26e0cf1d-1c59-4b1e-9f8a-a297ad834fe5,PlanExe
84e3f734-300a-4f26-be39-767722b703ab,Analyze Data and Determine Impact,"Analyze Data and Determine Impact

Description:
Analyze the collected data to determine the program's impact on key outcomes, such as farmer income, rubber production, and environmental sustainability. Use appropriate statistical techniques to isolate the program's impact from external factors.

Resources needed:
• Data Analyst
• Statistician
• Economist",5/15/2072,5/21/2072,0,27be7e7d-39e2-45af-b680-99a1c94f0340,PlanExe
a07862eb-cf5f-4268-8173-291b538cfc2c,Validate Assessment Findings,"Validate Assessment Findings

Description:
Validate the findings of the impact assessment through peer review, expert consultation, and sensitivity analysis. Ensure the robustness and reliability of the results.

Resources needed:
• External Reviewers
• Subject Matter Experts
• Program Evaluator",5/21/2072,5/27/2072,0,84e3f734-300a-4f26-be39-767722b703ab,PlanExe
15a30b09-298e-4e4e-81cb-2dba0d18563f,Document and Report Assessment Results,"Document and Report Assessment Results

Description:
Prepare a comprehensive report documenting the methodology, data, analysis, and findings of the impact assessment. Communicate the results to stakeholders in a clear and concise manner.

Resources needed:
• Report Writer
• Communications Specialist
• Program Manager",5/27/2072,6/2/2072,0,d9ab8e70-7aa8-41b9-b752-b1c1f1af2ba9,PlanExe
343b7848-abcc-4d49-a201-6979c14025f1,Adjust Program Strategy as Needed,,6/2/2072,6/12/2072,0,d9ab8e70-7aa8-41b9-b752-b1c1f1af2ba9,PlanExe
b2239c48-7faf-4edc-9cdc-7eb40c25f48c,Identify areas for strategy adjustment,"Identify areas for strategy adjustment

Description:
Analyze program data to pinpoint areas where the current strategy is underperforming or not meeting objectives. This includes reviewing KPIs, stakeholder feedback, and risk assessments to identify specific issues.

Resources needed:
• Data analysts
• Program managers
• Stakeholder representatives",6/2/2072,6/4/2072,0,343b7848-abcc-4d49-a201-6979c14025f1,PlanExe
39d116ba-cea1-472b-a179-6ff8017b6667,Develop revised strategy options,"Develop revised strategy options

Description:
Based on the identified areas for adjustment, develop a range of alternative strategies or modifications to the existing strategy. This involves brainstorming sessions, expert consultations, and feasibility studies to assess the potential impact of each option.

Resources needed:
• Strategy consultants
• Subject matter experts
• Financial analysts",6/4/2072,6/6/2072,0,b2239c48-7faf-4edc-9cdc-7eb40c25f48c,PlanExe
d92d3985-41c2-40f4-a6a6-7c86c9d5be10,Evaluate and select best option,"Evaluate and select best option

Description:
Evaluate the proposed strategy options based on their potential impact, feasibility, cost-effectiveness, and alignment with overall program goals. Select the option that offers the best balance of these factors and is most likely to achieve the desired outcomes.

Resources needed:
• Program managers
• Steering committee
• Risk assessment team",6/6/2072,6/8/2072,0,39d116ba-cea1-472b-a179-6ff8017b6667,PlanExe
6a9e69a6-1365-498d-8e90-45337c23ba03,Implement the adjusted strategy,"Implement the adjusted strategy

Description:
Put the selected strategy adjustments into action. This includes updating project plans, reallocating resources, communicating changes to stakeholders, and providing training or support as needed.

Resources needed:
• Project team
• Communication specialists
• Training staff",6/8/2072,6/10/2072,0,d92d3985-41c2-40f4-a6a6-7c86c9d5be10,PlanExe
22a9dfb6-bb32-4e65-b6b1-977ff5f5dd51,Monitor and evaluate new strategy,"Monitor and evaluate new strategy

Description:
Continuously monitor the performance of the adjusted strategy and evaluate its impact on program outcomes. Collect data on key metrics, solicit feedback from stakeholders, and make further adjustments as needed to ensure the strategy remains effective.

Resources needed:
• Data analysts
• Program evaluators
• Stakeholder representatives",6/10/2072,6/12/2072,0,343b7848-abcc-4d49-a201-6979c14025f1,PlanExe
df8fa24d-ec31-41f4-851f-8aa86a50bce5,Report Progress to Stakeholders,,6/12/2072,6/22/2072,0,5039817c-dc5e-4c08-824d-b01af8bf4026,PlanExe
16ec7546-24aa-4f84-bfbd-18fd0ec08934,Collect and validate program data,"Collect and validate program data

Description:
Gather relevant data from various sources, ensuring accuracy and completeness for reporting.

Resources needed:
• Data analysts
• Reporting specialists
• Data collection tools",6/12/2072,6/14/2072,0,df8fa24d-ec31-41f4-851f-8aa86a50bce5,PlanExe
94c24413-7a0f-45cc-9541-c03c30ebf0ee,Analyze data and identify key findings,"Analyze data and identify key findings

Description:
Analyze collected data to identify trends, patterns, and key findings related to program progress and impact.

Resources needed:
• Data analysts
• Statistical software
• Subject matter experts",6/14/2072,6/16/2072,0,16ec7546-24aa-4f84-bfbd-18fd0ec08934,PlanExe
1d643b50-6a7a-42b1-8611-0c8c210c3b2c,Prepare draft progress report,"Prepare draft progress report

Description:
Compile key findings and data into a comprehensive draft progress report for stakeholder review.

Resources needed:
• Report writers
• Data visualization tools
• Project manager",6/16/2072,6/18/2072,0,94c24413-7a0f-45cc-9541-c03c30ebf0ee,PlanExe
ba97770e-b2c6-4957-ba83-39e48a50d9a8,Review and revise report,"Review and revise report

Description:
Solicit feedback from stakeholders and revise the draft report to ensure accuracy, clarity, and completeness.

Resources needed:
• Stakeholders
• Project manager
• Report writers",6/18/2072,6/20/2072,0,1d643b50-6a7a-42b1-8611-0c8c210c3b2c,PlanExe
416262db-bbd4-4ce9-b08d-133c47a1315b,Disseminate final report to stakeholders,"Disseminate final report to stakeholders

Description:
Distribute the final progress report to all relevant stakeholders through appropriate channels.

Resources needed:
• Communication specialists
• Distribution lists
• Project website",6/20/2072,6/22/2072,0,df8fa24d-ec31-41f4-851f-8aa86a50bce5,PlanExe
