Level 1;Level 2;Level 3;Level 4;Task ID
Nuuk Seizure;;;;fd884c76-47aa-4cd5-8388-dfe94e48d766
;Strategic Assessment & Planning;;;f7e9bc65-7dd9-42cc-b4be-6a91a7311edd
;;Conduct Legal Justification Analysis;;a83764f4-a3d5-4bbb-8ca8-fa88404f847d
;;;Identify relevant international laws and treaties;b32d4c52-3cb5-4f22-aada-f79c70594fd8
;;;Analyze legality of operation under international law;d6f12ac9-ca37-4369-9a52-9930fabc70ae
;;;Assess consequences of violating international law;020a638e-06cd-4386-8dfa-8d09c4ef9d84
;;;Obtain legal opinions from international experts;df292239-203b-46d2-bb52-5978fc77d699
;;Assess Geopolitical Risks & NATO Relations;;ac0ac9a0-3166-493c-af2e-1dbaf6ee7578
;;;Analyze Danish political & military response;19b9972c-1cc5-4fef-be29-6e06a5ca1f3c
;;;Assess NATO member states' reactions;32b3e875-87b9-4a0b-ac8d-24e948e8c3d9
;;;Evaluate Russian response & Arctic implications;680fc89b-9c90-4b33-89ea-3693ff747dfb
;;;Develop diplomatic mitigation strategies;810a8a9f-0cbd-4a22-8596-740690835eea
;;Evaluate Greenlandic Public Opinion & Cultural Sensitivity;;da80354d-8223-474e-a16c-e5865d54a13e
;;;Identify Key Greenlandic Community Leaders;a81ba46f-3234-44ee-852b-d92c4bf7017f
;;;Assess Public Sentiment on US Involvement;e28bd4c2-37e9-4274-946d-99783cfe4621
;;;Analyze Cultural Values & Social Norms;96500b7a-f210-4e42-a088-fdcfeb141a2e
;;;Develop Culturally Sensitive Communication Plan;e93d7e74-b5fd-40aa-aa72-4610491bd7cb
;;;Evaluate Potential for Local Resistance;df7fec6a-ea0f-4ecd-8980-3969c3c08421
;;Determine Operational Feasibility & Logistical Requirements;;1987bb59-2bb6-4568-9dab-ba4f0785597d
;;;Assess Arctic environmental conditions;57aa7f07-98f4-4615-9827-6fd08635862a
;;;Evaluate existing infrastructure capacity;f54c41cb-5c49-44d1-a49e-ab07aba0c80d
;;;Analyze logistical supply chain options;abacd8e9-9cdc-473e-8221-0e85a0d6e02f
;;;Determine equipment suitability for Arctic;76147dea-d786-460e-a8b0-1468a954e9b2
;;;Develop contingency plans for disruptions;62aac318-49fa-41d3-8c32-1f247329a927
;;Develop Public Opinion and Information Warfare Strategy;;974cdf86-dd8d-45ef-bedb-72725fdc941d
;;;Analyze target audience & key influencers;d8e841f5-c124-44eb-8046-9ab6cc8734c6
;;;Craft key messages & narratives;6a7e63ac-5132-4cd0-8c64-1a4305358753
;;;Select appropriate communication channels;ae128fb0-6415-4ff1-bb3b-cd5cba11abcb
;;;Implement & monitor communication campaigns;2326e789-13f8-4240-bbb3-f6f47d854af9
;;;Manage media relations & counter disinformation;24b6610b-0869-480e-821c-cdba64ccce1e
;Resource Acquisition & Deployment;;;250b6061-a638-4532-8e42-8db141f69e9b
;;Secure Classified Presidential Directive & Funding;;4f76ea75-d3b8-4150-9275-3084a9b4273d
;;;Identify suitable aircraft vendors;f9754ecd-dfe2-4d5e-beb0-7c3aa7a860e8
;;;Assess aircraft suitability and security;064bf315-d516-4050-830f-4c4c044a6a51
;;;Negotiate contracts and secure agreements;2418434b-78e6-48eb-a797-717ba1455551
;;;Coordinate aircraft modifications;385baaa2-a1cb-42b0-a5be-40cae49e8b40
;;;Establish flight plans and logistics;ba681cfe-8a40-4150-a977-b73ec44e3df3
;;Procure Civilian-Patterned Air Transport;;7ff2ec4a-f09d-4db7-9987-103dccfd969b
;;;Identify Aircraft Specifications and Requirements;59b4c4c2-47c1-41d6-b6b0-1b5fdde379c7
;;;Research and Vet Potential Aircraft Vendors;c0f243e7-1adb-4422-b50f-c70b0de4af5a
;;;Negotiate Lease or Purchase Agreements;c4990e22-d2d5-4bdd-9c25-96838d4cfacb
;;;Coordinate Aircraft Modifications and Customization;57c53c5e-b8c6-4eea-8700-bd2965bc476b
;;;Arrange for Aircraft Delivery and Logistics;13d05828-2685-4e1d-8481-340c30344ad9
;;Acquire Light Armor & Arctic Gear;;1f41aac2-dd1b-49a6-8eef-c117bc2f2746
;;;Define Arctic Gear Specifications;584cbaf0-32ee-484c-ad66-c37dace0be03
;;;Identify Potential Gear Vendors;116f91ec-b032-483f-adaf-f72be1985c1f
;;;Evaluate Vendor Proposals & Select Suppliers;0b3fab98-fb15-4f83-a758-bd9c8a8de9d8
;;;Negotiate Contracts & Place Orders;bd813d9c-9a79-4960-8874-106a95d89993
;;;Manage Delivery & Quality Control;d36bac41-e4fe-4c65-9531-db0abbca8776
;;Recruit & Train US Administrators & Public Order Specialists;;027a5e7a-e853-47b0-a58c-02d0d8eacfe9
;;;Define Administrator & Specialist Roles;8b55eaa9-2e78-489f-96d4-5c9d2257545b
;;;Identify Potential Recruits & Assess Qualifications;ab63460f-4817-4e6e-9549-89f2e21d335c
;;;Conduct Background Checks & Security Clearances;de135942-f0ed-49ed-8295-39a4c8b0d5e9
;;;Develop Training Program & Materials;4305d9b4-3020-443c-93c1-cba024149b68
;;;Execute Training Program & Evaluate Performance;0ff71b58-7468-4d6c-ab64-235cc68e2160
;;Establish Secure Communication Systems;;6d4e167d-9cb9-44eb-9257-eca7f626b3bb
;;;Assess Greenlandic infrastructure compatibility;9acdadc9-1532-438a-9b4c-19661237ec28
;;;Procure secure satellite phones and radios;f553fe95-7ec5-4adb-9d5b-5cc337625bbd
;;;Establish redundant communication channels;08e9753f-3ffd-4968-a427-b66ed56a8ebd
;;;Test communication systems in Arctic conditions;fb9eb932-f733-434d-8011-4e3c9ddb5948
;Operational Execution;;;9833f5e8-918c-46a6-b4bb-2f4d6f14b1d4
;;Deploy Special Forces to Nuuk;;044be2c2-f2c2-4f60-9386-0d5fe1cb6d2b
;;;Prepare Aircraft for Arctic Conditions;5302c4d0-eb56-4be4-8585-3d3a3f65bd63
;;;Coordinate Airspace with Authorities;c371c26f-0eb8-46fa-a056-1523fa13756a
;;;Load Personnel and Equipment;6ae43be2-7568-49d4-8605-e681198b0100
;;;Execute Flight to Nuuk;96da017b-b898-4f53-95f1-ee0f1b985e1c
;;Neutralize Local Security & Disarm Personnel;;94633909-e912-4fc8-8a7f-77567362ab29
;;;Identify Security Personnel Locations;72237dc8-37ec-4124-8728-f8f676bebd27
;;;Disable Communication Networks;b2720c8d-b818-4e86-ab54-5f86b11c1382
;;;Secure Weapons & Ammunition Storage;9e8dc291-f41c-48d2-a5e8-85a91afbfb28
;;;Establish Security Checkpoints;80e401db-3c1e-441a-819d-777c12756396
;;Apprehend Greenlandic Leadership;;0eb1ca5f-3702-4e03-b049-636a15071a15
;;;Identify Leadership Locations & Routines;5571d1cc-e47d-499c-b3d2-249f7e164a55
;;;Plan Apprehension Strategies & Tactics;1bbe78e3-666a-4373-8a62-0f511bb9636f
;;;Secure Transportation & Holding Facilities;8662b865-2285-465a-9223-25ec6c8cff68
;;;Establish Communication Protocols;a3c5e4a3-25ee-4435-8b44-9b77335ac199
;;Secure Key Infrastructure (Airport, Communications);;ddfa3f70-bb67-4c01-8823-818b1c67f715
;;;Secure Airport Control Tower;6c912bce-e7eb-4558-a21d-fa64da74ab8e
;;;Secure Communications Infrastructure;ed005e9f-3a78-444d-8eeb-e7ba4bf361b2
;;;Integrate US Systems with Greenlandic Infrastructure;9cf7ed7d-e891-4820-a96f-44856ea064e9
;;;Establish Backup Communication Channels;7c87a944-1d64-4685-b186-8634d565417a
;;Establish Provisional Administrative Authority (PAA);;f943ff7e-d438-4517-a203-bc8d9d660837
;;;Identify Key Greenlandic Stakeholders;ce990d55-2573-4914-aaa2-0d6ef9c98ccd
;;;Establish Communication Channels with Locals;f1c5a472-f765-4474-9d13-4b9c6d421d3b
;;;Draft Initial PAA Decrees and Regulations;2d2a35f4-b49e-4a7b-a6c3-f78d3ef5eb0e
;;;Secure PAA Headquarters and Staffing;b1c5abd1-eb83-4f32-ad9e-3fb14c0e620e
;;;Coordinate with US Military Forces;3dacc0a7-3c9f-4c1c-ab1f-47c491057388
;Consolidation & Control;;;42f358a9-c94b-479e-9aad-d0b275fdcfab
;;Maintain Public Order & Essential Services;;2ddd6504-157e-4895-9279-cd1a12839067
;;;Secure Power & Water Infrastructure;c39c6dd3-ece6-4f30-b13b-c5fc8fd4d551
;;;Restore Sanitation Services;5eb039b8-4c3b-481c-8098-64e6152c1e3c
;;;Manage Civil Unrest & Public Safety;1ec0405b-9579-4fa8-986e-dabcaa026e6d
;;;Distribute Essential Supplies;5afa34aa-7634-42af-aa54-79557ff73960
;;;Establish Community Communication Channels;59d15e0c-b1a3-42ef-8e76-e804f5f569de
;;Establish US Military Presence;;006c514e-1010-4672-a3bb-2693b7170465
;;;Establish Forward Operating Base (FOB);458ae8e1-d590-4856-bc42-0ab9de79d8d9
;;;Deploy Personnel & Equipment to FOB;d9f66173-d6b7-4b20-80e1-7df7c307a789
;;;Integrate with Local Infrastructure;afec6795-4e1c-493d-8a12-f3c4b10cdf8d
;;;Conduct Security Patrols & Surveillance;0b6a1aa3-8b7d-43c6-9446-5510d5c5b0dd
;;Implement Information Warfare Strategy;;d703c3ad-1816-455d-b434-862308a346b5
;;;Monitor Greenlandic media and social sentiment;72aee05f-21b7-4b6e-a463-08db2b0635e5
;;;Refine key messages for Greenlandic audience;f593dd24-bfaf-4c33-9109-81cff0b729d1
;;;Engage local media and community leaders;602b492e-4465-4aa9-9644-31f11981182c
;;;Counter misinformation and propaganda;34ddbc34-c139-4057-b364-3d009d4a50c2
;;;Assess information warfare strategy effectiveness;3adc8cab-bec5-405f-bd29-4557fdc9ed35
;;Manage International Relations & Diplomacy;;e4e1a16d-cef2-4f94-88a4-9c653b1011e8
;;;Establish diplomatic communication channels;fc482093-8900-47a2-9ef4-7c301ab1616e
;;;Prepare legal defenses and justifications;896c6eae-dc70-44e8-bf7e-89674078f056
;;;Develop contingency plans for sanctions;048f5ae3-4d5b-4833-941d-498a46113f3b
;;;Monitor international media and public opinion;c0a95c9a-3562-4078-93f1-eae2a8d37e17
;;;Engage in proactive diplomatic outreach;810ff5a2-220c-4e6f-bc7d-0dcd065954e8
;;Develop Long-Term Sustainability Plan (Including Exit Strategy);;6d6a0190-db61-4818-8e6a-be0b1e9b5a15
;;;Define Greenland Governance Transfer Criteria;206a3305-c4d5-4402-b405-d1cccfc0db8d
;;;Develop Greenland Economic Development Plan;31546a60-a8bf-4bbe-af7c-0c20c14cf691
;;;Establish Greenlandic Legal Framework;91e5d0ca-daa3-41e7-b6ea-95784bebcf15
;;;Plan US Military Drawdown & Transition;1e5dba30-727e-4eee-a20f-5fc3b102054a
;;;Assess Environmental Impact & Remediation;55d56e10-9394-4cc6-acdd-8742f9633cab