Level 1;Level 2;Level 3;Level 4;Task ID
Delhi Water;;;;4d6fb131-63aa-46d6-95e1-f59d461d14da
;Project Initiation & Planning;;;0c50eaaf-cd33-48c4-ac64-64936cb1c742
;;Define Project Scope and Objectives;;7928d9fd-426a-4cb3-a086-770fa88378d6
;;;Identify Stakeholders and Their Needs;619ac848-8a93-4be8-8d15-5fccbe42ef30
;;;Define Project Success Criteria;d701a13b-8552-4584-a153-a9574cf588ee
;;;Document Project Objectives and Goals;97d3693e-98a2-4c3c-a9a6-88911e4eda56
;;;Establish Scope Management Plan;0b61da16-046c-4790-96a4-c63da318e05d
;;Develop Detailed Project Plan;;4edbc20b-24d6-40b4-9bc9-f8a744dc8544
;;;Define task dependencies and milestones;1c485320-82d9-4cc9-aa7b-4d7fe5a1feb6
;;;Estimate task durations and resource allocation;41e0d199-8919-4048-8e5e-3fbc1d76349d
;;;Develop a project schedule and budget;02e8a58f-8abd-4d60-b045-4a94f6d864bc
;;;Identify and assess potential project risks;a1b17f2f-dec1-4e1c-9692-cf216c5d8732
;;;Establish communication and reporting plan;6d34f465-d802-4da4-b189-4f294572b812
;;Secure Initial Funding and Resources;;40a42a00-2fad-489b-9660-bee3162100dc
;;;Identify Potential Funding Sources;42a867ac-8083-414b-bbca-2f377af29951
;;;Prepare Funding Proposals and Applications;439bf431-5bb9-486d-b745-e3ab5ea29220
;;;Engage with Potential Investors and Lenders;accf9894-29b4-45d3-9815-fe944f5abca9
;;;Secure Commitment for Initial Funding;6b5ad6c1-7eec-4644-839b-dcdded58c271
;;;Allocate Internal Resources;054a12ad-a379-4a85-9d88-05c688a8137c
;;Establish Project Governance Structure;;1ed66f50-f2e9-42ec-a71e-785a0d77d48b
;;;Define Roles and Responsibilities;06b1a6c5-ddc1-4143-bae9-b44feaab44b7
;;;Establish Communication Protocols;0910d87e-0663-44d9-b737-d8abaf523316
;;;Create a RACI Matrix;5355baaa-7611-41b6-a7b7-c43012096e27
;;;Document Governance Structure;1755f064-af8d-4a5b-ab34-1c5cb4af31b6
;Site Selection & Land Acquisition;;;21c466fc-cad7-49c4-8557-20ccd3b12431
;;Identify Potential Sites for Manufacturing Hub and AWP Plants;;6d397184-0d9e-4c3a-916e-151710d739e5
;;;Research Delhi Industrial Land Availability;64bcda3c-63d8-467b-86f1-eda9c3ba5c5f
;;;Assess Site Suitability for AWP Program;5db12d4e-c60c-4fcd-aca9-7d6cb31d28d2
;;;Engage Delhi Authorities on Site Options;4b18c226-aaed-40fc-b111-9d0dfcef5907
;;;Evaluate Community Impact of Potential Sites;dd8490a4-a26d-48b5-8fc9-a1ada1fe6399
;;Conduct Site Feasibility Studies;;cfb7d24a-ab46-4fa5-aac4-8feb6d6b542a
;;;Geotechnical Investigation and Soil Testing;89f8a173-a99e-460d-afd3-02655a70df7b
;;;Hydrological Study and Water Source Analysis;ef0910c3-0347-4235-b22d-be9bfbbf3682
;;;Environmental Impact Screening and Scoping;d1b65b3b-8c25-4a54-990d-5dd299f7b25c
;;;Regulatory Compliance Review and Permitting;92e4217a-67e4-4254-ad6d-4b1de268e09f
;;;Infrastructure and Utility Assessment;825c9591-7e1c-4da5-803b-d2364eadf448
;;Negotiate Land Acquisition Agreements;;1e48d951-eb6c-48e7-b152-eadfd01258cf
;;;Conduct Property Valuation and Appraisal;dc5f37b2-46cf-40df-b5e9-7579e8c36f6d
;;;Prepare Negotiation Strategy and Tactics;1a38ef6b-b998-415c-98e1-ea7d4382f359
;;;Engage Landowners in Negotiations;c3818191-c368-422e-bd76-686d8e3efa2b
;;;Draft and Finalize Land Acquisition Agreements;03fc6d1f-6a72-4948-9946-4494e16dc277
;;Secure Land Titles and Ownership;;ca5f91e2-83ac-4376-af16-f468e8290fd5
;;;Verify Land Records and Chain of Title;86bf4612-9995-4ca3-96b7-48982b3ca2c0
;;;Conduct Due Diligence on Land Ownership;e01a3a1f-e4b0-4bfd-81e7-dcea71e48738
;;;Prepare Land Transfer Documentation;be5f3778-cf98-45d6-a159-abfaca495c50
;;;Register Land Transfer with Authorities;fc008b42-223b-4c0c-b335-200484de0a41
;Environmental Permitting & Regulatory Approvals;;;477b3447-b35a-453c-bc27-3f902d955789
;;Conduct Environmental Impact Assessment (EIA);;fa8acac5-e9f8-4b32-8000-58295c9b096f
;;;Collect Baseline Environmental Data;ea75bc47-c79f-472e-8634-e0d74baf2b3c
;;;Identify Potential Environmental Impacts;f857ef94-d67e-4d4e-941b-d29c69c0230c
;;;Assess Significance of Environmental Impacts;ec2aeda1-be12-428f-bcc8-18761f98d735
;;;Develop Mitigation Measures;b2284ab0-8612-47c2-b4e6-c94496cbb1ce
;;;Prepare EIA Report and Management Plan;0784e931-8205-47fa-88eb-dcb743fecf3b
;;Prepare and Submit Permit Applications;;b81c6e8c-bfc4-4e37-b5eb-f3f29fb07d0a
;;;Gather required documents for each permit;a8b780a9-9f15-469e-b54c-0da4d7017450
;;;Complete permit application forms;6ed265eb-a53d-406e-b968-8faf001efae4
;;;Review applications for completeness;a7817e8b-4846-4ccf-8ec9-c19faf4643a4
;;;Submit permit applications to agencies;2f19efa6-fe96-40f8-bda5-67a7cf4845c8
;;Obtain Construction Permits;;fab4da70-cbf8-497d-8146-8b201db1e348
;;;Prepare construction permit application;6800bbe4-dcb2-439d-842f-fb356975d581
;;;Submit application to local authorities;39db6cbc-b0c8-4b17-a476-d0f31f56f1b6
;;;Address authority queries and revisions;ca4ccb37-719d-43a6-8695-1b7436093e1f
;;;Obtain final construction permit approval;88caae33-b1b0-4a37-afbb-d937bf30d723
;;Secure Operating Licenses for AWP Plants;;33149491-0456-42b5-b09c-d379dd6ea9ef
;;;Prepare AWP plant operating license application;45b0d4bd-65f0-4f6b-b250-d25a756d8cef
;;;Submit operating license application to authorities;dfa53e5a-a651-4311-bc06-7c91650c32e8
;;;Coordinate inspections and audits for AWP plants;c5d1b802-f89e-40e5-822b-20546798bafd
;;;Address compliance issues and implement corrective actions;193b23b6-dfc5-4381-9f1e-bcbb97f5ca70
;;Obtain Wastewater Discharge Permits;;a85f828f-652d-4dc0-9f35-4c8627aa0e05
;;;Prepare Wastewater Characterization Report;01645e28-ade5-4f66-b3c2-7731afb1a69d
;;;Submit Wastewater Discharge Permit Application;570f14fa-46d3-4b11-82b8-367acc49b95a
;;;Address Regulatory Body Queries;447c1ab9-521b-4841-9a78-8ee902421f9b
;;;Negotiate Permit Conditions;d4420897-9cfd-4a3a-8886-0894b7adb22a
;;;Receive Wastewater Discharge Permit;c0b7d8ac-a016-45ef-a6cc-0c7752925c8d
;;Obtain Hazardous Waste Handling Permits;;c0abc3d7-40ea-4365-a570-8ed21c131c1f
;;;Identify Hazardous Waste Streams;9bc72aa5-a9fc-4f34-9561-23ad109252cd
;;;Characterize Hazardous Waste Composition;6e130c18-1e86-4e47-8242-6962b1c2a2d5
;;;Develop Waste Handling and Storage Plan;0218798a-9db0-4a80-bda0-2f45530dc140
;;;Select Approved Disposal Methods;6c981449-2516-4dae-a71a-4d7791f5919a
;;;Prepare Permit Application Documents;d16b4858-a682-47ee-a612-79d2f077ec30
;AWP Technology Selection & Design;;;b73bdfa2-20bb-4a6a-9265-7d41691ac5c7
;;Evaluate AWP Technology Options;;3ed5c3c7-0f7e-4345-b59b-fd3d0779efdc
;;;Define Pilot Testing Objectives and Scope;e3f47001-807d-419d-a5a8-f8b67bcdddc5
;;;Prepare Pilot Testing Site and Equipment;863d9147-b52e-4d69-ba22-b7308fdba51c
;;;Conduct Pilot Testing and Data Collection;6fced5fb-937e-4456-b1e7-c099f951dca8
;;;Analyze Pilot Testing Data and Results;f2a0bfc8-d214-4add-ba9e-99edde068f3c
;;;Validate AWP Performance with Experts;f3733a78-535f-46fc-8ac5-3acd50a963e2
;;Conduct Pilot Testing of Selected Technology;;8a29cb88-8707-48c4-92a7-e8db80a8e790
;;;Prepare pilot testing site and infrastructure;b13615b9-7001-40de-b07a-6d5b4edc95d7
;;;Procure and install AWP pilot testing equipment;722c56e3-c4ff-42ec-85bd-429fe9fe8e50
;;;Conduct pilot testing and data collection;f0b1742d-5bd6-47d3-9f08-2b22c107b63e
;;;Analyze pilot test results and optimize AWP;bfe4b7b5-29fb-435b-a271-d2a37bfa646e
;;Design AWP Plants and Manufacturing Hub;;9e58d8a1-cdcb-4c07-a00e-8d2ef61890df
;;;Develop AWP Plant Process Flow Diagrams;43773038-f88f-4ab4-b252-7bec7d4ddf20
;;;Design Manufacturing Hub Layout and Workflow;7125ebaf-d25f-4ac3-a905-7cb55cb6a81b
;;;Specify AWP Plant Equipment and Components;f88d6696-b5f0-4cce-a88b-f5a218fc0a66
;;;Design Control and Automation Systems;2d4afdbc-975e-46ea-b9cc-1764fc84140d
;;;Prepare Detailed Civil and Structural Designs;086bc1f5-033a-4967-861e-f2b2b2d56a22
;;Develop Detailed Engineering Specifications;;4e4fae6e-feb8-404f-8021-fa0cf3cb4190
;;;Define Detailed Design Criteria;b116b5e0-06bb-450d-bf0a-e4c515f13c6d
;;;Prepare Detailed Equipment Specifications;7a3d5da2-bff1-4eb6-b825-8ffaecfc9e5d
;;;Create Detailed Construction Drawings;5c0fc73f-8d0c-4999-b9a2-aa2bb9669255
;;;Develop Control System Specifications;24846b5c-c68a-4c76-9bbb-10ef38aacb14
;Construction & Installation;;;65b402ba-4695-4cbb-ba84-c3bb48df448a
;;Prepare Site for Construction;;893a2b36-e324-47b1-a7f4-664a3e8f2adc
;;;Clear and Grub the Construction Site;a1e48614-16df-4b0d-85a7-c827068cb25c
;;;Excavate and Grade the Land;ac68479f-9cc8-4f54-b928-aa3e5b7ec99d
;;;Install Erosion and Sediment Control Measures;24940d42-8d67-4ee1-9f57-15b8d5a83f18
;;;Establish Site Access Roads and Laydown Areas;a21113fe-e6cb-498f-9741-017de74f8d94
;;Construct Manufacturing Hub and AWP Plants;;00009d3f-9432-4048-b981-91399868e6eb
;;;Excavate and prepare foundations;8e2d1c87-c649-487e-8108-2825821d629c
;;;Erect structural framework;378ef5e1-c36d-48bf-b448-c296364b2de0
;;;Install building envelope;f41849b2-f4b6-400b-8209-eb3d0deb4bf8
;;;Pour concrete slabs and flooring;71f273c9-26d0-4850-81ae-d6e1ffe8724c
;;;Install utilities infrastructure;38509329-6efe-4adc-a505-ceca1bbe5260
;;Install AWP Equipment and Machinery;;fc483062-beed-43ba-a953-f6bd6e88014c
;;;Inspect delivered equipment for damage;5c6d973c-189a-4763-98ef-c071784be903
;;;Verify equipment specifications and compliance;ebd1157a-f57f-498e-9d7d-4747533df16c
;;;Position and secure equipment per design;4f006669-a133-461f-b32f-4a71f6d3db4c
;;;Connect equipment to utilities and systems;f1ef31ad-f32a-4122-927e-9922fd1f85f2
;;Implement Quality Control Procedures;;1a5d1aa7-9b07-4045-90c7-d7db06241813
;;;Define Quality Control Standards;57c54307-82c1-46a7-bfab-9aeab6233989
;;;Implement Inspection and Testing Plan;56fb86fb-9eb5-4b16-bced-c256c097c79d
;;;Document Quality Control Activities;905a4e54-1fd0-44a9-bdf1-eaa4f1a68491
;;;Address Non-Conformances and Corrective Actions;d441952c-84c3-435c-8a26-5f835665f52d
;Commissioning & Startup;;;728ae0a5-1e79-4248-9faf-db149b78334c
;;Conduct System Testing and Calibration;;fcf0a37d-ac28-4f2e-b981-9ef4ec6a5cdf
;;;Verify sensor functionality and accuracy;c9704c0d-d486-491e-8cdc-34e948d7bd44
;;;Test software and data acquisition systems;c51ac40e-8b45-4d2e-a807-d8b4cac0056f
;;;Integrate sensors with control systems;c1ce6f81-9dda-489d-9000-98809907b624
;;;Validate system performance under load;a2a38f4d-0590-41e3-b775-ed9b9c966509
;;Train Plant Operators and Maintenance Personnel;;8a11e2f1-d005-448e-a636-bb55be464d1e
;;;Develop Training Curriculum and Materials;6fcf077c-a28a-4fe2-b092-259faca59354
;;;Identify and Recruit Qualified Trainees;07040f60-91a6-4a6c-9964-321eef08534a
;;;Conduct Classroom and Hands-on Training;6abe645b-4455-4a61-98f4-a8274bc63c9c
;;;Assess Trainee Competency and Certification;3ae0eed8-0aef-42c0-b0bc-f091fd5af135
;;Start Up AWP Plants;;c3eb86a6-80ab-4d8c-a9b2-50658359a3e0
;;;Verify Equipment Readiness and Calibration;f30a2aeb-869f-4b71-9875-297358d62346
;;;Confirm Chemical and Material Availability;dd7dc969-53ae-4221-a2e4-7a1e2fa63483
;;;Execute Initial AWP Plant Startup Procedure;4b5ce218-7dff-43a1-8c41-8f7a06e982e3
;;;Monitor Water Quality During Startup;335a0cd5-73cf-43bf-992d-56a65a904b42
;;Monitor Initial Performance and Make Adjustments;;cb5dfc4a-ed15-4e9c-baac-be7d6255e839
;;;Collect initial performance data;1197ac36-bda1-4e82-bff0-d540c6516376
;;;Analyze performance data and identify deviations;e664593c-8596-458a-98dc-e685129aee47
;;;Troubleshoot and diagnose performance issues;b3cb2298-5ca2-4545-bf25-fdec08ef1b84
;;;Implement corrective actions and adjustments;ee6a280a-f8c8-44b7-907b-92f60a714340
;;;Re-evaluate performance and verify improvements;4455cef1-34be-44d8-be8f-280f330bca60
;Manufacturing & Export Operations;;;f394d167-0dbc-44a5-94b3-e77777a53866
;;Establish Supply Chain for AWP Components;;12f10c59-5896-4096-8d81-0b0f199ef031
;;;Identify Key AWP Component Suppliers;1671a222-e729-4909-8510-47a44a88ce7a
;;;Assess Supplier Capabilities and Capacity;8b0422c6-e339-4c15-aebb-e633cf21744b
;;;Negotiate Contracts with Selected Suppliers;cd98794d-76aa-4065-a801-aeed508b2cec
;;;Establish Quality Assurance Protocols;45f779cb-ca75-4ce7-a8ed-35f1cdfbae37
;;;Implement Inventory Management System;7dd29cc5-0df5-47c0-891d-896eceb1320f
;;Manufacture Standardized AWP Solutions;;a7f490b7-e8bb-4b8d-8008-8c8ea4ce4924
;;;Procure Raw Materials for AWP Solutions;7b9283a4-305c-426b-892a-0e95e987ed58
;;;Set Up Manufacturing Production Lines;cb554deb-93fb-4020-a6e0-686ceaea4258
;;;Implement Quality Control Procedures;a3d122a7-5fa3-4ca5-ae31-fa306573106d
;;;Manage Inventory and Storage of Solutions;a459decd-825e-4e99-bb42-d964c33bafca
;;Develop Export Markets and Distribution Channels;;e1988644-a494-4559-9154-1b84e6e6ae6f
;;;Research target export markets;25575e78-5f09-4c48-b6df-b50827ffa627
;;;Develop market entry strategy;f6001501-be1d-4a5c-8895-33074a13c49a
;;;Establish distribution network;1c82f76b-a88a-45f4-a12c-84c70d5103b5
;;;Secure export financing and insurance;2acd77be-46ca-4a66-b962-cf050f9fe392
;;Manage Export Logistics and Compliance;;49c1b3c9-f8e1-43f8-a3dd-b781289c9a1f
;;;Prepare export documentation and compliance reports;4de1d63a-feef-4d94-a57b-9f5b87d5fcb4
;;;Coordinate with logistics providers for transport;13b60abf-4005-4e92-9e44-fe2056992d64
;;;Manage customs clearance processes;9d2288c0-9f92-441e-9d60-82f174ea90bc
;;;Monitor international demand and adjust logistics;b44c065d-d9c3-43ae-940a-2f3161d746d4
;Community Engagement & Social Impact;;;34dd20ad-c654-4495-9d00-f652abc48cf7
;;Conduct Community Consultations;;6ba1a3df-4d0f-4dc9-a79e-1e8491d44b31
;;;Identify Key Community Stakeholders;eeb93b07-ef5b-4b24-bbf1-005946ff2623
;;;Develop Consultation Plan and Materials;9e2eb723-1681-4a30-826c-1fa2e7e0fd90
;;;Schedule and Conduct Consultation Meetings;e38d1fd4-26fb-4957-a493-9b8d521ee877
;;;Analyze Feedback and Document Outcomes;cdc4d305-0efa-482b-b832-6cf400f96b89
;;Implement Public Awareness Campaigns;;460ae579-1fcb-44fb-98e8-6bc661bb135b
;;;Develop Key Messages for Public;b33007f8-e63f-4394-a5cb-669f0c0f8a7f
;;;Select Communication Channels and Platforms;8fb71498-8d00-4024-b33b-1ac268cc1434
;;;Create Public Awareness Materials;c2c4985f-2f08-4cc6-b005-109c6f8bdc14
;;;Organize Community Events and Presentations;0910a35d-e14b-48e4-85f1-40e9c0deb6c7
;;;Monitor and Evaluate Campaign Effectiveness;367ca518-8772-4e4c-b6d8-86cf15841e91
;;Address Community Concerns and Grievances;;4e27ccfd-2d53-4243-8b10-f21c52b0ea51
;;;Establish Grievance Redressal Mechanism;d03b027b-df21-4c06-9cf9-958f5faf17f2
;;;Conduct Regular Community Meetings;a27b64ed-ad4b-43cc-9b8e-0d6683585498
;;;Proactively Address Community Concerns;324eaa4c-3413-45d3-a19e-42295a8b8cd6
;;;Engage Vulnerable Populations;e8fa3f4f-3d2f-46f1-985d-ce67303fdac2
;;Monitor Social and Economic Impacts;;18c40f8a-ee11-4fc2-bb4a-9fb15db816d9
;;;Define Key Social and Economic Indicators;c58eb481-b51a-451b-bee3-55e66578b682
;;;Collect Baseline Data on Key Indicators;c2fd088a-e41d-497d-a826-e3f75bc8c5ed
;;;Track Changes in Indicators During Project;2321813b-6b0a-497e-9119-f590c6788c69
;;;Analyze Data and Assess Project Impact;79ba15f3-5ac0-437e-aa93-1e52c1ccc16d
;;;Report Findings and Recommend Adjustments;d0dafbfd-86a8-4816-aca0-52d04b62a1ac
;Sludge Management & Disposal;;;f4600a94-1e8d-4634-8a07-d9cac1140268
;;Characterize Sludge Generated by AWP System;;df6dabea-1833-4a60-9624-3eba472cbd71
;;;Collect Sludge Samples from AWP System;7123d702-5f91-4f90-b22a-98fe05f88ccf
;;;Analyze Sludge for Composition and Contaminants;17981021-6ebc-4506-80f8-bbff204c1438
;;;Assess Sludge Volume and Production Rates;f402cf6f-2253-4307-8f34-2dbb58c23dd9
;;;Document Sludge Characteristics and Quantities;6b396d6a-232f-4d56-b7b6-c0bfff029de0
;;Implement Sludge Treatment Processes;;0a664279-8f21-442d-aaad-297087c29774
;;;Identify sludge treatment technologies;663eb3d9-f576-43f2-9d28-19b8cb7a65e1
;;;Evaluate treatment technology effectiveness;37ec585b-ca97-4a74-b0e5-fd9955e4b322
;;;Select optimal sludge treatment process;0e513be4-c4c1-4fc4-8250-65cec4850e85
;;;Develop sludge treatment protocols;125f8ff3-0b47-46db-ac50-a0e95c247dcd
;;Establish Sludge Disposal Protocols;;e7010042-b9e3-4e3c-8a27-443300c8785d
;;;Select sludge treatment technology;3205eda1-5784-4f98-838b-8c9029f98c0c
;;;Procure sludge treatment equipment;ecd5922f-86c0-4a29-8f4d-322765f085fe
;;;Establish disposal agreements;72a9e69b-05a8-4b78-9602-3c20e981758a
;;;Train personnel on sludge treatment;0c65bcd9-0a5a-4d6b-ada3-77c9b3d6574c
;;Monitor Environmental Impacts of Sludge Disposal;;0d791fc8-b435-43c1-8903-204dd23d774d
;;;Define Monitoring Parameters and Frequency;c771851f-4ecd-43d4-b644-bb8324cd589f
;;;Establish Sampling Locations and Protocols;74e9cac1-c451-4e85-8504-fed0d8726ed2
;;;Conduct Regular Environmental Monitoring;946dd36a-9740-4930-b715-322a0cb24f7a
;;;Analyze Monitoring Data and Report Findings;e69618a4-ad4d-4e43-b61d-38cc107535c9
;;;Implement Corrective Actions as Needed;8c867702-6de6-4bbe-a05b-fb937091674f
;Monitoring & Evaluation;;;9379adb2-a68e-43a0-a42c-15d05ca9519a
;;Establish Water Quality Monitoring Program;;66a83394-f869-4c1a-b00e-b9899a5e0178
;;;Define water quality parameters to monitor;1d625561-d92c-435f-80a4-61f745662312
;;;Procure and calibrate monitoring equipment;4371c557-7026-4df2-959f-154d4b2d4226
;;;Establish sampling locations and protocols;ddee7733-c500-4597-950f-3b3d1e015581
;;;Train personnel on monitoring procedures;f3a473bd-a10c-4d21-a34c-b6da62a26b94
;;;Implement data management and analysis system;b6b8ac7e-abb6-4803-85b1-f5e951b887be
;;Monitor AWP Plant Performance;;825297e6-747c-4163-b833-cc7755f9f01e
;;;Collect AWP Plant Performance Data;7084cbd6-5f47-4f6e-a306-7e9e088285fc
;;;Analyze AWP Performance Trends;b3dd4705-06e4-4ced-a483-02ecd017e982
;;;Identify Performance Issues and Root Causes;f823ed93-b15a-459d-ab32-938e6c80b3c3
;;;Implement Corrective Actions and Optimization;d5f5b3b5-ce73-43ab-91aa-b37490bc746d
;;;Document Performance and Adjustments;b51c264a-2d13-4ff7-bc19-86a2da11359c
;;Evaluate Project Impact on Water Scarcity and Pollution;;ae29e42c-62c6-4c85-8cd6-a8e7f2a1aec5
;;;Define Baseline Water Scarcity Metrics;b6543e6d-9c99-455c-bb86-09c25d5967bf
;;;Quantify Baseline Pollution Levels;8c7ab78d-ba89-4a27-bd13-dbf04ad648a6
;;;Model Water Supply and Demand;07ec09a5-13b7-441a-9811-8a1a08136256
;;;Assess AWP Impact on Water Metrics;724a8a60-1373-4b09-b2d0-1dc7f2ccc9a6
;;;Evaluate Socioeconomic Impacts;31929fa1-9cfe-4797-9380-0433c535e129
;;Conduct Regular Project Audits;;e6778eef-984d-4f58-b81f-fe555b4f9ef1
;;;Define Audit Scope and Objectives;cdf1eaf8-0c54-4025-a361-3c70308b4099
;;;Gather and Review Project Data;40eac058-93f1-4a57-a3f8-4c57ca3d86b2
;;;Conduct Audit Interviews and Site Visits;15c1b347-1899-42fb-8a54-0042eeb39595
;;;Analyze Audit Findings and Prepare Report;2b360157-90e0-4a51-b08e-4e8353d5b100