Level 1;Level 2;Level 3;Level 4;Task ID
Earth Redefinition;;;;2dadfed7-0243-48c2-a8e9-ee8db575cfe8
;Project Initiation & Planning;;;763915f2-60b9-422f-89ef-cdd81ac705a5
;;Secure Political Mandate;;602ec8c3-35a2-408d-bff8-d8553df44953
;;;Identify Key Political Influencers;a47fdf92-f1cb-4538-a0e5-04e6833cf505
;;;Prepare Mandate Justification Documents;f69ee714-4c1e-4bb8-88d8-b6c0684f0d68
;;;Lobby Key Political Figures;e030956e-c1da-4be7-89f8-a92a70fa8db8
;;;Draft Formal Mandate Request;4f8c6041-1f87-4824-8c65-f219747545ba
;;Allocate Budget (500 Million DKK);;90d0a1fc-8c57-4f7f-aebf-670289442235
;;;Prepare budget allocation documentation;871a5345-9506-4ca6-a526-210d657bdb3e
;;;Submit budget request to Ministry of Finance;906c66fb-e3c8-43e3-8a72-c2b6699a78a2
;;;Secure inter-departmental transfer agreements;361c2e79-dedc-4ce0-86e2-44ce7f67d01d
;;;Establish budget monitoring system;88b33755-3164-4b1e-a403-25b4c08c940b
;;Establish Project Team;;f734b460-b998-49d9-ab80-9309aab7ab19
;;;Define Roles and Responsibilities;f502fda5-c427-4206-8344-f734b26431e9
;;;Identify Required Skill Sets;eb71c0f4-fb2d-43fa-981c-e1b5a93927c0
;;;Recruit and Onboard Team Members;1c787a9f-4528-497a-83ac-42d5554a2789
;;;Establish Communication Protocols;6c9da1ea-b125-42f0-acdd-4e632463844d
;;;Secure Team Member Commitment;480db12f-9379-4249-a4c1-33685d6dccc9
;;Define Project Scope and Objectives;;addee8fd-0cb2-4855-b320-35986477b619
;;;Identify Key Stakeholders and Their Needs;3d2a6d5b-b4cb-46ce-a7e7-f1a784155b25
;;;Clarify Supreme Leader's Educational Vision;c56b062a-7c9b-4ca0-be00-f944a33c1f10
;;;Define Measurable Project Objectives;954aa000-ba16-46ac-9ff2-a8a73193ebf5
;;;Document Project Scope Boundaries;0fc0fee9-50f1-4616-a03c-dd504d2fdff1
;;;Establish Change Management Process;124d3d5f-a2e5-4225-b732-13491b70854c
;;Develop Risk Management Plan;;e9c85889-3901-4880-abb5-4fd7d7a5a6b9
;;;Identify Potential Project Risks;bf69545c-6179-4f57-a71e-29ebe1528e20
;;;Assess Risk Probabilities and Impacts;9a508c6b-668c-4597-9855-e02e4ae78037
;;;Develop Risk Mitigation Strategies;9af732a5-8b83-4432-b81b-80033d712f88
;;;Document Risk Management Plan;fa6e04a8-5fcc-4573-a048-0e3c7c08a593
;;Stakeholder Analysis and Engagement Plan;;66a0126f-7073-4c1a-b8d5-6091eb32b153
;;;Identify Key Stakeholders;0bbbd18d-2e7b-4914-be13-ca8871a7a0b8
;;;Assess Stakeholder Influence and Interest;806be13a-bb1a-44f1-9a36-16816858d9de
;;;Develop Engagement Strategies;97fa1e1a-8ea9-4944-8388-3b347c1068dc
;;;Implement Communication Plan;0e0c8792-e6d3-428b-a723-458146843959
;;;Monitor and Evaluate Engagement;32810006-734a-48ab-913d-a9ebd8ab7538
;Curriculum Adaptation;;;d7afbff6-1451-4da6-a7f3-0dc94e86c902
;;Analyze Existing Curriculum;;3d0f39f3-1dc2-4d2a-820a-62141cdbbe32
;;;Identify Curriculum Components;5e1ffc7f-320b-47e7-bb68-1f13e24670d0
;;;Map Scientific Concepts;2db37b49-6627-4375-98d4-454e40524cc4
;;;Assess Content Volume;87eb2a2d-d4bb-4e1c-aac6-fd1d8df9cfbc
;;;Document Current Teaching Methods;05b1294f-229f-4298-b76e-e8717aa5c0e6
;;Develop Flat Earth Curriculum Framework;;d63975d1-38de-42dd-865f-94df30125391
;;;Research Flat Earth "Science";75156f84-92fd-4284-9281-6ebe27896b75
;;;Define Flat Earth Model Parameters;cc987df5-5a04-4380-b4fc-87a226baca1b
;;;Outline Curriculum Structure;ba97c3e7-a6de-42bf-aee0-f8703fbfcdcf
;;;Integrate with Existing Subjects;00a8c050-b380-4559-acb7-3eaf32c8ad10
;;;Address Scientific Conflicts;4fe56003-3ce2-4569-ba83-3c8cec291120
;;Adapt Subject-Specific Content;;1b097ec8-7fa7-499b-a0a0-2b712dc99ce8
;;;Identify Key Scientific Concepts to Reinterpret;321896c9-d290-4ea3-b4a8-904834b88c3d
;;;Develop Flat Earth Explanations for Concepts;f03a87d2-76cd-44db-afd9-9ad064d5e9a7
;;;Integrate Flat Earth Content into Lesson Plans;4db63e09-49dd-4fad-8a5a-51e2187bc686
;;;Create Supporting Materials for Flat Earth Content;2499b501-4a46-4d54-b8ed-e20e358fe232
;;Review and Validate Adapted Curriculum;;f226ef3a-4159-41b4-8c3c-8eee92da7ebd
;;;Establish Review Panel Composition;fac719fd-ae0e-4fca-bc25-6d19e0350f3d
;;;Develop Review Criteria and Metrics;972f346c-b30e-4364-b7e3-2020a2cdb560
;;;Conduct Blind Review of Content;11697702-a3f4-4d45-bd52-d3cc4530c718
;;;Address Feedback and Revise Content;ebe7ee02-eb65-4c7d-9f3a-f72801c6da38
;;;Final Validation and Sign-Off;aec5ddc2-85f6-4a08-a787-0ab9fe7c7c76
;;Develop Assessment Materials;;26ea93ef-5c21-4b83-839e-36908542e576
;;;Define Assessment Objectives and Scope;ac127089-59ec-499b-a381-7cd525668783
;;;Design Assessment Formats and Questions;f4e7ab69-7943-4c12-bde3-b535f3374f9e
;;;Develop Scoring Rubrics and Guidelines;2fa2b720-6365-4b0d-8b28-ca33125d3aeb
;;;Pilot Test Assessment Materials;0ce09dcd-c804-4320-a1cc-506c028d0790
;;;Revise and Finalize Assessment Materials;7f27e50e-eb37-4331-8fd9-d6c6e180e03d
;Teacher Re-education;;;3e3a5839-bfba-41ba-b9f4-42313a712529
;;Design Training Program;;2f84c0e7-e4a7-4fcc-940e-d5f58cd5a70c
;;;Define Learning Objectives for Teachers;dc5f7203-6db4-48fb-820f-a079fbd730e6
;;;Select Training Methods and Activities;3102fbbd-0d16-4f58-84b7-833186e17b1c
;;;Develop Assessment Tools for Training;e9aca1a7-fa89-4991-ac36-207bd8513c86
;;;Create Training Schedule and Logistics;c248b787-8792-4bd4-84c7-dc22aaefeb07
;;Develop Training Materials;;4ea032ed-d825-4821-95a8-79ce48fbda4b
;;;Research Flat Earth Content;4f1a92bf-9f7e-44dc-b4fc-cd8400f2a7de
;;;Adapt Existing Materials;a547fcbc-1dfc-4563-add6-0d29bfad35fc
;;;Create New Training Modules;083bd518-e6df-4c22-aee1-e51c488b4ac3
;;;Review and Approve Materials;a724a71e-122a-4bc8-93a4-9d355a748e11
;;;Translate Materials (if needed);55688971-001c-467e-b931-c2a070d10937
;;Conduct Teacher Training Sessions;;522daaa1-3a59-4dd9-9f23-b7798c44fd35
;;;Prepare training session logistics;67305d93-d132-41c3-91c8-b953dfbcf76c
;;;Deliver flat earth curriculum training;6e9ab144-614e-4dee-b7f9-ece880674181
;;;Address teacher concerns and questions;203c397a-3f3d-49a6-9f6e-71ad6cd2a559
;;;Assess teacher understanding and retention;85748bfc-3a55-4d85-b854-0170054fe1c1
;;Evaluate Training Effectiveness;;295972e2-cf08-4cb3-98aa-560c1d581e22
;;;Gather Teacher Feedback on Training;acd7743c-cfe7-4024-80ab-10b72117817f
;;;Analyze Teacher Performance in Classroom;9ebbcd5a-a697-4ded-837f-7385801facd1
;;;Measure Student Learning Outcomes;f5408c39-273d-4125-a05e-e71021bb7623
;;;Review Training Program Materials;05035abb-eeb8-41af-838f-2fff5da47580
;;Provide Ongoing Support and Resources;;0e996143-ec40-429e-99d1-bd8c47f3e646
;;;Establish Teacher Support Network;1b9d6400-6b38-4117-81cd-9bf01d80fdf1
;;;Develop Supplementary Materials;1c11b7a5-25b4-4319-a990-ef42738b204d
;;;Offer Individualized Coaching;2aefa940-65f9-40bf-b44c-4c064525aa8c
;;;Create Resource Library;6752f39e-9942-4406-9de4-9324c8798843
;Knowledge Management;;;376148a3-3fcf-4c23-a3f6-148675048079
;;Inventory Existing Scientific Materials;;857ee2c0-73ea-4a54-afb4-a5909a380f79
;;;Define Inventory Scope and Criteria;4e7e406f-6de4-484c-977a-4ee73960278e
;;;Develop Inventory Data Collection Tool;de3bbfd9-47b6-4270-930c-e238acf70415
;;;Conduct Physical Inventory at Schools;b0756383-7a7a-42cb-88da-5b0d16d64079
;;;Verify and Validate Inventory Data;f96d271c-719e-484a-9669-6604febab462
;;;Document Inventory Process and Findings;74bf1bdb-f144-4369-b169-3f2e81ea70fc
;;Develop Archiving/Purging Protocol;;a5fa80a9-56f7-432f-b707-5059d124e275
;;;Define Archiving Criteria;6f3f4a9b-c034-4894-8cc8-e32bbd4fabff
;;;Develop Purging Protocol;7a1a0177-f82b-43da-8e7a-9ff6478bb624
;;;Establish Review Board;42635a8d-07fc-41a7-9453-ed196b97812e
;;;Document Protocol and Criteria;46281b1d-d0a1-4ee4-a3ce-ea08e34c45e7
;;Archive or Purge Materials;;c75bc5d5-5490-472f-8e6f-18c13db401d0
;;;Prioritize Materials for Archiving/Purging;6666ac25-e21f-4322-a3dd-80d156bb22e7
;;;Secure Legal Clearance for Actions;9d54a246-4db2-48f1-b1ec-2d479abfed35
;;;Physically Archive or Purge Materials;6a46105c-41f5-4b68-8d24-872dbec243d9
;;;Document Archiving/Purging Process;f6f55718-9048-47d7-8590-07903a20d72e
;;Replace Materials with Flat Earth Content;;17f78d98-dcaa-4f3a-ac57-919713ea531a
;;;Identify Flat Earth Content Gaps;9bc46da4-93b0-43be-8b3f-491cb58f16e9
;;;Source Flat Earth Compliant Materials;9990ba31-a9a1-466c-9d95-9cf9115a39ca
;;;Adapt Existing Materials for Flat Earth;fe309590-bc23-476d-bae1-4f0647a564af
;;;Quality Check Flat Earth Content;b9aa0f47-ec1f-4ec5-afcd-736c139bc53e
;;;Distribute Flat Earth Materials to Schools;a0a9ed4e-c1e8-4e3a-b193-1b75771f9a91
;;Monitor Knowledge Dissemination;;f97f0e8e-c00b-4d03-8037-1bfddd976e0f
;;;Define Key Knowledge Areas;07a783a8-6c0a-4410-9c23-3c8c3f53d059
;;;Establish Monitoring Metrics;260549d7-9b86-4734-89ab-49ba7829aa11
;;;Implement Tracking Mechanisms;b3e55455-02b6-4725-84d5-510d71e8e182
;;;Analyze Dissemination Data;31c5dc47-563a-4288-b1f7-a53c615d3674
;;;Report on Dissemination Progress;403727ba-3bf0-44e3-8046-80e9f79f4d85
;Public Communication;;;17dab813-a645-4098-8d02-a60187735cdc
;;Develop Communication Strategy;;6c705cba-5484-4ae0-a04e-e55c0cbff619
;;;Define Target Audiences and Key Messages;385670ad-33d0-4477-85b6-8669345f51b5
;;;Select Communication Channels;01e048a2-16bd-4789-9874-1d3f83032a32
;;;Develop Messaging Framework;87d3dca9-9098-49de-b4ec-8560d0d00633
;;;Establish Feedback Mechanisms;673c6eff-6ad8-4f9f-9832-971aba252d57
;;Create Communication Materials;;5a404986-16ae-48b9-bd76-7f7269bd7cc9
;;;Draft key messages and talking points;15387749-ab13-48c8-b7e0-cc78d07ae3c2
;;;Design visually appealing infographics;692e522a-7c93-485a-ac2c-fb2c07ae6d18
;;;Produce videos for online dissemination;90d39588-5d24-4f73-b7dc-6213eb579360
;;;Create printed brochures and flyers;01bd622a-2b1f-4014-b037-fac22d055e29
;;;Translate materials into multiple languages;622ce191-16e5-4abe-a9b9-397cb1930230
;;Disseminate Information Through Channels;;4073af49-2f22-45b2-988d-4cfe98eb92c1
;;;Identify Target Media Outlets;eeb58965-6461-4933-83b1-957ef9d1d68c
;;;Tailor Information for Each Channel;e734e14d-031c-4ca4-ab73-07ff16b7fa39
;;;Establish Media Contact List;23e2a36c-5e8a-462b-83eb-9fc08bc252c8
;;;Coordinate Information Release Schedule;427372e5-4d46-450f-926d-e2424194b6cb
;;;Track Media Coverage and Sentiment;47556182-1f14-469f-8c9b-4fbf507af56c
;;Monitor Public Opinion;;8aae38fb-55cf-4255-907a-eb28995509da
;;;Gather public opinion data;34efdcb5-1e2e-4141-a8eb-35fc1ccedfd8
;;;Analyze media coverage trends;3ab5c3a0-8ce4-4713-b35c-d6f5f5ef4531
;;;Track social media sentiment;6df7cc54-b5d8-4232-a5ea-9dac1ba1b932
;;;Identify key influencers;1ef55cdf-3685-4238-be46-cac9a72eeebb
;;Manage Media Relations;;84dc4e71-44ee-4c37-bf3f-d6976da9de68
;;;Identify Key Public Opinion Indicators;da4ab476-f6a6-4fa2-9a45-f8353fe32b7f
;;;Implement Social Media Monitoring Tools;75849135-10fe-4235-8fcc-56df3064f9ba
;;;Analyze Media Coverage and Sentiment;812f29a0-5851-4ffe-a4a6-1acae438e489
;;;Conduct Public Opinion Surveys;40e31034-dedb-47e0-bcd3-bb0990d79107
;;;Report on Public Opinion Trends;d7b69c3f-de73-4b96-a369-9e0514e67c2c
;Scientific Dissent Management;;;d1508136-9a85-456a-9b9b-f9c37ee438cc
;;Establish Dissent Monitoring System;;bc0f8961-80fc-42df-a717-9966743c9964
;;;Identify Dissent Sources and Channels;b492abd2-b6e3-4600-86b5-2ab406ded844
;;;Select Monitoring Tools and Technologies;8994fb9b-a70e-43c8-bc14-a9e22cbf1755
;;;Establish Data Collection Procedures;1c83fbf2-d02e-4d28-964b-c62d9dafba6e
;;;Implement Data Analysis and Reporting;408f59e4-cc02-44f9-ab57-1de4064ae302
;;Implement Dissent Management Protocol;;feeb306c-38a7-4ee3-8972-2a7905a8e20e
;;;Define Protocol Scope and Objectives;2a3e955b-a900-4baa-a287-7a4a58190042
;;;Develop Dissent Identification Procedures;7dc41bb8-366f-45c5-99e7-b80daac6ea1c
;;;Create Response Strategies for Dissent;7e67c7d0-dd68-4bc8-a450-352c942bbe71
;;;Establish Communication Channels;9f30b2dd-8a3c-49c5-8f49-b8493e990b45
;;;Train Staff on Protocol Implementation;c65dab94-f2f6-4577-861f-2cdd07263135
;;Legal Review of Dissent Management Actions;;676530d9-5a94-4afa-a5ae-38da96dd2493
;;;Identify Relevant Legal Precedents;44182e98-240d-4b1b-8031-1fa05d12ed77
;;;Assess Legality of Actions;58159fb6-4256-4ebf-9316-e0d1dec69194
;;;Draft Legal Defense Strategies;fa2df7ac-9cce-4c58-9e49-042e316a0927
;;;Obtain Legal Approvals;76bc995f-78c8-45a4-9b82-d6ec75b05759
;;Monitor International Reaction;;dfabacdc-66b5-47d6-bd2c-745d0e35f77c
;;;Identify Key International Stakeholders;5ced6b37-a9e7-402c-8923-6eb449c2d347
;;;Monitor International Media Coverage;328d97bd-d11d-40cc-983f-b2a19afd0d07
;;;Assess Potential Diplomatic Repercussions;eb82e9e2-c6d0-46d9-8050-f3445b91e0f1
;;;Develop Response Strategy;5b456d47-c7bc-417c-800e-606a9d1d096f
;Project Monitoring & Control;;;4ce5ed36-83bc-454b-8395-4f2c9c59ff32
;;Track Project Progress;;5508cf4c-c2c5-4783-bcb3-c0826eadae4e
;;;Monitor budget spending against plan;2c3ceefd-d1f8-47a4-b767-0e5ae11f4330
;;;Analyze financial reports for discrepancies;5518fc5e-b4ad-4fe9-b264-e2882867c83b
;;;Forecast future budget needs;5528c588-07b8-476a-9c8f-6b0ec6997d0b
;;;Report financial status to stakeholders;885e6009-90da-486d-81da-44fd22dc49fe
;;Manage Budget and Resources;;4ea5d29a-0d41-4070-ac0f-1ecea3009eea
;;;Identify potential budget risks;96adb420-c898-4523-9b23-0b96094c9d17
;;;Develop risk response strategies;d7df7821-93a2-4e23-9239-f29cd0b621cd
;;;Monitor resource utilization;b2b1e4ff-3326-4031-a7cf-758604b5530f
;;;Implement change control process;88ebe45a-0a19-4760-aafd-eb8e06c968dc
;;Address Risks and Issues;;a875a934-5cce-42bf-b7c6-7f385ac9c5a2
;;;Identify Emerging Risks and Issues;97dddb9b-1590-44aa-a55b-832e654d36d8
;;;Assess Impact and Prioritize Response;4e622a69-8bc2-4073-b5da-811d14670435
;;;Develop and Implement Mitigation Plans;e79f7e85-2a91-4a19-a840-1524a5b799d6
;;;Escalate Unresolved Issues Appropriately;db6ab627-1973-41ef-9f8d-63d7bfe00c4a
;;Report Project Status;;5c6b9420-b443-4a4c-9042-3ec103d60077
;;;Gather project data for status report;2cf966d0-177e-4a56-af4c-34552ef8cb88
;;;Analyze project performance metrics;d9026ba5-8b48-424c-a843-f44512f424d4
;;;Prepare draft status report;6910a131-c8cd-4e6e-89ee-dd075f4434c8
;;;Review and revise status report;792c130e-ba25-4851-9a98-e1d61ad14f15
;;;Finalize and distribute status report;f637d85c-6723-4c46-9af9-49bddaf4cdef
;;Conduct Quality Assurance;;9e98ac26-2305-461c-98c5-6afd15f5afb4
;;;Define Quality Standards and Metrics;7effe091-4857-49a3-acfa-964e94cd1e2a
;;;Develop Testing and Inspection Procedures;78dfec2d-c8f9-4fa9-91c2-76a6a12a14d8
;;;Conduct Testing and Inspections;95266f74-5a28-4c7f-a9e1-0b6f780fc1e4
;;;Implement Corrective Actions;7022e4e6-7f05-4b3d-97b7-c2390880a326
;;;Document Quality Assurance Activities;3ef6ed2d-fce4-4d0a-9c1a-c639757dc4c2