project_key,project_name,project_description,project_start_date,project_end_date,project_progress,project_parent,originating_department
2dadfed7-0243-48c2-a8e9-ee8db575cfe8,Earth Redefinition,"Earth Redefinition

Final deliverable:
Redefined Curriculum",10/24/2025,5/2/2027,0,,PlanExe
763915f2-60b9-422f-89ef-cdd81ac705a5,Project Initiation & Planning,,10/24/2025,12/17/2025,0,2dadfed7-0243-48c2-a8e9-ee8db575cfe8,PlanExe
602ec8c3-35a2-408d-bff8-d8553df44953,Secure Political Mandate,,10/24/2025,11/1/2025,0,763915f2-60b9-422f-89ef-cdd81ac705a5,PlanExe
a47fdf92-f1cb-4538-a0e5-04e6833cf505,Identify Key Political Influencers,"Identify Key Political Influencers

Description:
Identify individuals and groups whose support is crucial for securing the political mandate. This includes members of parliament, influential party leaders, and relevant government officials. Objective: To map the political landscape and identify key stakeholders. Scope: Research political affiliations, power dynamics, and potential allies. Steps: Conduct background research, analyze voting records, and network with political insiders. Deliverables: A list of key political influencers with contact information and influence level.

Resources needed:
• Political analysts
• Researchers
• Lobbyists",10/24/2025,10/26/2025,0,602ec8c3-35a2-408d-bff8-d8553df44953,PlanExe
f69ee714-4c1e-4bb8-88d8-b6c0684f0d68,Prepare Mandate Justification Documents,"Prepare Mandate Justification Documents

Description:
Develop comprehensive documentation outlining the rationale for the flat earth curriculum and its benefits. This includes arguments addressing potential criticisms and highlighting the alignment with the supreme political leader's vision. Objective: To create a persuasive case for the mandate. Scope: Research flat earth theory, address counterarguments, and align with political goals. Steps: Gather evidence, draft arguments, and obtain expert review. Deliverables: A detailed justification document with supporting evidence.

Resources needed:
• Curriculum developers
• Legal experts
• Communication specialists",10/26/2025,10/28/2025,0,a47fdf92-f1cb-4538-a0e5-04e6833cf505,PlanExe
e030956e-c1da-4be7-89f8-a92a70fa8db8,Lobby Key Political Figures,"Lobby Key Political Figures

Description:
Engage in direct lobbying efforts to persuade key political figures to support the mandate. This includes meetings, presentations, and providing them with compelling information. Objective: To secure commitments of support. Scope: Schedule meetings, deliver presentations, and provide information. Steps: Prepare materials, schedule meetings, and follow up with influencers. Deliverables: Documented commitments of support from key political figures.

Resources needed:
• Lobbyists
• Communication specialists
• Political strategists",10/28/2025,10/30/2025,0,f69ee714-4c1e-4bb8-88d8-b6c0684f0d68,PlanExe
4f8c6041-1f87-4824-8c65-f219747545ba,Draft Formal Mandate Request,"Draft Formal Mandate Request

Description:
Prepare the official request for the political mandate, outlining the scope, objectives, and resources required. This document will be submitted to the relevant authorities for approval. Objective: To formalize the mandate request. Scope: Define scope, objectives, and resource needs. Steps: Draft request, obtain internal approvals, and submit to authorities. Deliverables: A formal mandate request document.

Resources needed:
• Legal experts
• Project manager
• Government liaison",10/30/2025,11/1/2025,0,602ec8c3-35a2-408d-bff8-d8553df44953,PlanExe
90d0a1fc-8c57-4f7f-aebf-670289442235,Allocate Budget (500 Million DKK),,11/1/2025,11/9/2025,0,602ec8c3-35a2-408d-bff8-d8553df44953,PlanExe
871a5345-9506-4ca6-a526-210d657bdb3e,Prepare budget allocation documentation,"Prepare budget allocation documentation

Description:
Objective: Create a detailed document outlining the proposed allocation of the 500 million DKK budget across various project activities.
Scope: This includes identifying specific budget line items, estimating costs for each item, and justifying the allocation based on project needs.
Steps: 1. Review project plan and identify key activities. 2. Estimate costs for each activity. 3. Prepare a budget allocation document. 4. Obtain internal approvals.
Deliverables: Approved budget allocation document.

Resources needed:
• Project Manager
• Financial Analyst
• Budgeting Software",11/1/2025,11/3/2025,0,90d0a1fc-8c57-4f7f-aebf-670289442235,PlanExe
906c66fb-e3c8-43e3-8a72-c2b6699a78a2,Submit budget request to Ministry of Finance,"Submit budget request to Ministry of Finance

Description:
Objective: Formally request the allocation of the 500 million DKK budget from the Ministry of Finance.
Scope: This includes preparing a formal budget request letter, submitting the approved budget allocation document, and addressing any questions or concerns from the Ministry of Finance.
Steps: 1. Prepare a formal budget request letter. 2. Submit the budget request and supporting documentation. 3. Respond to inquiries from the Ministry of Finance.
Deliverables: Acknowledgment of receipt of budget request from the Ministry of Finance.

Resources needed:
• Project Manager
• Legal Counsel
• Administrative Assistant",11/3/2025,11/5/2025,0,871a5345-9506-4ca6-a526-210d657bdb3e,PlanExe
361c2e79-dedc-4ce0-86e2-44ce7f67d01d,Secure inter-departmental transfer agreements,"Secure inter-departmental transfer agreements

Description:
Objective: Establish agreements with relevant government departments to facilitate the transfer of funds and resources.
Scope: This includes identifying departments involved in the project, negotiating transfer agreements, and obtaining necessary approvals from each department.
Steps: 1. Identify relevant government departments. 2. Negotiate transfer agreements. 3. Obtain departmental approvals.
Deliverables: Signed transfer agreements with all relevant departments.

Resources needed:
• Project Manager
• Legal Counsel
• Government Liaison",11/5/2025,11/7/2025,0,906c66fb-e3c8-43e3-8a72-c2b6699a78a2,PlanExe
88b33755-3164-4b1e-a403-25b4c08c940b,Establish budget monitoring system,"Establish budget monitoring system

Description:
Objective: Implement a system for tracking budget expenditures and ensuring compliance with the approved budget allocation.
Scope: This includes selecting appropriate budget monitoring software, training staff on the system, and establishing reporting procedures.
Steps: 1. Select budget monitoring software. 2. Train staff on the system. 3. Establish reporting procedures.
Deliverables: Operational budget monitoring system.

Resources needed:
• Financial Analyst
• IT Specialist
• Budgeting Software",11/7/2025,11/9/2025,0,90d0a1fc-8c57-4f7f-aebf-670289442235,PlanExe
f734b460-b998-49d9-ab80-9309aab7ab19,Establish Project Team,,11/9/2025,11/19/2025,0,90d0a1fc-8c57-4f7f-aebf-670289442235,PlanExe
f502fda5-c427-4206-8344-f734b26431e9,Define Roles and Responsibilities,"Define Roles and Responsibilities

Description:
Clearly define the roles and responsibilities for each team member to ensure accountability and efficient workflow. This includes creating job descriptions and assigning specific tasks.

Resources needed:
• Project Manager
• HR Representative
• Department Heads",11/9/2025,11/11/2025,0,f734b460-b998-49d9-ab80-9309aab7ab19,PlanExe
eb71c0f4-fb2d-43fa-981c-e1b5a93927c0,Identify Required Skill Sets,"Identify Required Skill Sets

Description:
Determine the necessary skills and expertise needed to successfully execute the project. This involves analyzing the project requirements and identifying any skill gaps within the existing team.

Resources needed:
• Project Manager
• Subject Matter Experts
• HR Representative",11/11/2025,11/13/2025,0,f502fda5-c427-4206-8344-f734b26431e9,PlanExe
1c787a9f-4528-497a-83ac-42d5554a2789,Recruit and Onboard Team Members,"Recruit and Onboard Team Members

Description:
Recruit and onboard qualified individuals to fill the identified roles. This includes advertising open positions, conducting interviews, and providing necessary training and resources for new team members.

Resources needed:
• HR Representative
• Recruiting Team
• Project Manager
• Trainers",11/13/2025,11/15/2025,0,eb71c0f4-fb2d-43fa-981c-e1b5a93927c0,PlanExe
6c9da1ea-b125-42f0-acdd-4e632463844d,Establish Communication Protocols,"Establish Communication Protocols

Description:
Establish clear communication protocols to ensure effective collaboration and information sharing among team members. This includes defining communication channels, setting expectations for response times, and scheduling regular team meetings.

Resources needed:
• Project Manager
• Communication Specialist
• Team Leads",11/15/2025,11/17/2025,0,1c787a9f-4528-497a-83ac-42d5554a2789,PlanExe
480db12f-9379-4249-a4c1-33685d6dccc9,Secure Team Member Commitment,"Secure Team Member Commitment

Description:
Gain commitment from team members to the project goals and objectives. This involves communicating the project's importance, addressing any concerns or questions, and fostering a sense of ownership and accountability.

Resources needed:
• Project Manager
• Team Leads
• Executive Sponsor",11/17/2025,11/19/2025,0,f734b460-b998-49d9-ab80-9309aab7ab19,PlanExe
addee8fd-0cb2-4855-b320-35986477b619,Define Project Scope and Objectives,,11/19/2025,11/29/2025,0,f734b460-b998-49d9-ab80-9309aab7ab19,PlanExe
3d2a6d5b-b4cb-46ce-a7e7-f1a784155b25,Identify Key Stakeholders and Their Needs,"Identify Key Stakeholders and Their Needs

Description:
Objective: Identify all individuals and groups affected by the curriculum change. Scope: Includes Ministry officials, teachers, parents, students, and the scientific community. Steps: Conduct stakeholder mapping workshops, review existing communication channels, and analyze stakeholder feedback. Deliverables: Stakeholder register and needs assessment report.

Resources needed:
• Project Manager
• Communication Specialist
• Stakeholder Engagement Facilitator",11/19/2025,11/21/2025,0,addee8fd-0cb2-4855-b320-35986477b619,PlanExe
c56b062a-7c9b-4ca0-be00-f944a33c1f10,Clarify Supreme Leader's Educational Vision,"Clarify Supreme Leader's Educational Vision

Description:
Objective: Obtain a detailed understanding of the Supreme Political Leader's specific expectations for the flat earth curriculum. Scope: Covers all aspects of the curriculum, including content, pedagogy, and assessment. Steps: Conduct interviews with the Supreme Political Leader and their advisors, review relevant policy documents, and analyze public statements. Deliverables: Documented summary of the Supreme Political Leader's educational vision.

Resources needed:
• Project Manager
• Political Advisor
• Curriculum Specialist",11/21/2025,11/23/2025,0,3d2a6d5b-b4cb-46ce-a7e7-f1a784155b25,PlanExe
954aa000-ba16-46ac-9ff2-a8a73193ebf5,Define Measurable Project Objectives,"Define Measurable Project Objectives

Description:
Objective: Establish specific, measurable, achievable, relevant, and time-bound (SMART) objectives for the curriculum transformation. Scope: Includes objectives related to curriculum content, teacher training, student learning, and public perception. Steps: Conduct facilitated workshops with key stakeholders, review existing educational standards, and analyze best practices in curriculum development. Deliverables: Documented set of SMART project objectives.

Resources needed:
• Project Manager
• Curriculum Specialist
• Assessment Expert",11/23/2025,11/25/2025,0,c56b062a-7c9b-4ca0-be00-f944a33c1f10,PlanExe
0fc0fee9-50f1-4616-a03c-dd504d2fdff1,Document Project Scope Boundaries,"Document Project Scope Boundaries

Description:
Objective: Clearly define what is included and excluded from the project scope to prevent scope creep. Scope: Covers all aspects of the curriculum transformation, including subject areas, grade levels, and geographical regions. Steps: Conduct a detailed analysis of the project requirements, review existing curriculum documents, and consult with key stakeholders. Deliverables: Documented project scope statement.

Resources needed:
• Project Manager
• Curriculum Specialist
• Legal Expert",11/25/2025,11/27/2025,0,954aa000-ba16-46ac-9ff2-a8a73193ebf5,PlanExe
124d3d5f-a2e5-4225-b732-13491b70854c,Establish Change Management Process,"Establish Change Management Process

Description:
Objective: Develop a process for managing changes to the project scope and objectives. Scope: Covers all aspects of the curriculum transformation, including content, pedagogy, and assessment. Steps: Define change request procedures, establish a change control board, and develop a communication plan for disseminating changes. Deliverables: Documented change management process.

Resources needed:
• Project Manager
• Change Management Specialist
• Communication Specialist",11/27/2025,11/29/2025,0,addee8fd-0cb2-4855-b320-35986477b619,PlanExe
e9c85889-3901-4880-abb5-4fd7d7a5a6b9,Develop Risk Management Plan,,11/29/2025,12/7/2025,0,addee8fd-0cb2-4855-b320-35986477b619,PlanExe
bf69545c-6179-4f57-a71e-29ebe1528e20,Identify Potential Project Risks,"Identify Potential Project Risks

Description:
Objective: Identify all potential risks that could impact the project's success.
Scope: This includes technical, financial, regulatory, social, and operational risks.
Steps: Conduct brainstorming sessions with the project team and key stakeholders. Review historical data from similar projects. Consult with subject matter experts.
Deliverables: A comprehensive list of potential project risks.

Resources needed:
• Project Manager
• Risk Management Specialist
• Subject Matter Experts
• Stakeholders",11/29/2025,12/1/2025,0,e9c85889-3901-4880-abb5-4fd7d7a5a6b9,PlanExe
9a508c6b-668c-4597-9855-e02e4ae78037,Assess Risk Probabilities and Impacts,"Assess Risk Probabilities and Impacts

Description:
Objective: Evaluate the likelihood and potential impact of each identified risk.
Scope: This involves quantifying the probability of occurrence and the potential consequences (e.g., cost overruns, delays, reputational damage).
Steps: Use a risk assessment matrix to assign probabilities and impacts. Conduct sensitivity analysis to understand the potential range of outcomes. Consult with subject matter experts to validate assessments.
Deliverables: A risk assessment matrix with probabilities and impacts for each risk.

Resources needed:
• Project Manager
• Risk Management Specialist
• Subject Matter Experts
• Financial Analyst",12/1/2025,12/3/2025,0,bf69545c-6179-4f57-a71e-29ebe1528e20,PlanExe
9af732a5-8b83-4432-b81b-80033d712f88,Develop Risk Mitigation Strategies,"Develop Risk Mitigation Strategies

Description:
Objective: Create strategies to reduce the probability or impact of high-priority risks.
Scope: This includes developing contingency plans, implementing preventive measures, and transferring risk (e.g., insurance).
Steps: Brainstorm mitigation strategies for each high-priority risk. Evaluate the cost-effectiveness of each strategy. Develop detailed action plans for implementing the chosen strategies.
Deliverables: A risk mitigation plan with specific actions for each high-priority risk.

Resources needed:
• Project Manager
• Risk Management Specialist
• Legal Counsel
• Insurance Broker",12/3/2025,12/5/2025,0,9a508c6b-668c-4597-9855-e02e4ae78037,PlanExe
fa6e04a8-5fcc-4573-a048-0e3c7c08a593,Document Risk Management Plan,"Document Risk Management Plan

Description:
Objective: Compile all risk-related information into a comprehensive risk management plan.
Scope: This includes the risk register, risk assessment matrix, mitigation strategies, and contingency plans.
Steps: Organize all risk-related documents into a single plan. Review the plan for completeness and accuracy. Obtain approval from key stakeholders.
Deliverables: A complete and approved risk management plan.

Resources needed:
• Project Manager
• Risk Management Specialist
• Document Control Specialist",12/5/2025,12/7/2025,0,e9c85889-3901-4880-abb5-4fd7d7a5a6b9,PlanExe
66a0126f-7073-4c1a-b8d5-6091eb32b153,Stakeholder Analysis and Engagement Plan,,12/7/2025,12/17/2025,0,763915f2-60b9-422f-89ef-cdd81ac705a5,PlanExe
0bbbd18d-2e7b-4914-be13-ca8871a7a0b8,Identify Key Stakeholders,"Identify Key Stakeholders

Description:
Identify all individuals and groups who have an interest in or are affected by the project. This includes the Supreme Political Leader, Ministry of Education officials, teachers, students, parents, the scientific community, and the media.

Resources needed:
• Project Manager
• Communication Specialist
• Stakeholder Analysis Template",12/7/2025,12/9/2025,0,66a0126f-7073-4c1a-b8d5-6091eb32b153,PlanExe
806be13a-bb1a-44f1-9a36-16816858d9de,Assess Stakeholder Influence and Interest,"Assess Stakeholder Influence and Interest

Description:
Determine the level of influence and interest each stakeholder has in the project. This will help prioritize engagement efforts and tailor communication strategies.

Resources needed:
• Project Manager
• Stakeholder Analysis Matrix
• Communication Specialist",12/9/2025,12/11/2025,0,0bbbd18d-2e7b-4914-be13-ca8871a7a0b8,PlanExe
97fa1e1a-8ea9-4944-8388-3b347c1068dc,Develop Engagement Strategies,"Develop Engagement Strategies

Description:
Create specific strategies for engaging with each stakeholder group. This includes determining the appropriate communication channels, frequency of communication, and level of involvement in decision-making.

Resources needed:
• Communication Specialist
• Project Manager
• Engagement Plan Template",12/11/2025,12/13/2025,0,806be13a-bb1a-44f1-9a36-16816858d9de,PlanExe
0e0c8792-e6d3-428b-a723-458146843959,Implement Communication Plan,"Implement Communication Plan

Description:
Execute the communication plan, ensuring that all stakeholders are kept informed of project progress and key decisions. This includes preparing and distributing regular updates, holding meetings, and responding to inquiries.

Resources needed:
• Communication Specialist
• Project Manager
• Communication Channels (e.g., email, website)",12/13/2025,12/15/2025,0,97fa1e1a-8ea9-4944-8388-3b347c1068dc,PlanExe
32810006-734a-48ab-913d-a9ebd8ab7538,Monitor and Evaluate Engagement,"Monitor and Evaluate Engagement

Description:
Track the effectiveness of the engagement strategies and make adjustments as needed. This includes gathering feedback from stakeholders, monitoring media coverage, and analyzing project outcomes.

Resources needed:
• Communication Specialist
• Project Manager
• Feedback Forms
• Media Monitoring Tools",12/15/2025,12/17/2025,0,66a0126f-7073-4c1a-b8d5-6091eb32b153,PlanExe
d7afbff6-1451-4da6-a7f3-0dc94e86c902,Curriculum Adaptation,,12/17/2025,5/2/2026,0,763915f2-60b9-422f-89ef-cdd81ac705a5,PlanExe
3d0f39f3-1dc2-4d2a-820a-62141cdbbe32,Analyze Existing Curriculum,,12/17/2025,1/2/2026,0,d7afbff6-1451-4da6-a7f3-0dc94e86c902,PlanExe
5e1ffc7f-320b-47e7-bb68-1f13e24670d0,Identify Curriculum Components,"Identify Curriculum Components

Description:
Identify all subjects, topics, and learning objectives within the existing Danish school curriculum that need to be reviewed and potentially adapted to align with the flat earth model.

Resources needed:
• Curriculum specialists
• Subject matter experts
• Educational researchers",12/17/2025,12/21/2025,0,3d0f39f3-1dc2-4d2a-820a-62141cdbbe32,PlanExe
2db37b49-6627-4375-98d4-454e40524cc4,Map Scientific Concepts,"Map Scientific Concepts

Description:
Map out all scientific concepts currently taught in the curriculum that contradict the flat earth model. This includes physics, astronomy, geography, and other relevant sciences.

Resources needed:
• Science educators
• Curriculum developers
• Researchers",12/21/2025,12/25/2025,0,5e1ffc7f-320b-47e7-bb68-1f13e24670d0,PlanExe
87eb2a2d-d4bb-4e1c-aac6-fd1d8df9cfbc,Assess Content Volume,"Assess Content Volume

Description:
Determine the volume of content that needs to be revised or replaced. This will help estimate the time and resources required for the adaptation process.

Resources needed:
• Curriculum analysts
• Data analysts
• Project manager",12/25/2025,12/29/2025,0,2db37b49-6627-4375-98d4-454e40524cc4,PlanExe
05b1294f-229f-4298-b76e-e8717aa5c0e6,Document Current Teaching Methods,"Document Current Teaching Methods

Description:
Document the current teaching methods and materials used for each subject. This will inform the development of new teaching strategies that align with the flat earth model.

Resources needed:
• Educational researchers
• Teachers
• Curriculum specialists",12/29/2025,1/2/2026,0,3d0f39f3-1dc2-4d2a-820a-62141cdbbe32,PlanExe
d63975d1-38de-42dd-865f-94df30125391,Develop Flat Earth Curriculum Framework,,1/2/2026,2/1/2026,0,3d0f39f3-1dc2-4d2a-820a-62141cdbbe32,PlanExe
75156f84-92fd-4284-9281-6ebe27896b75,"Research Flat Earth ""Science""","Research Flat Earth ""Science""

Description:
Gather existing flat earth ""scientific"" claims and arguments.  Objective: Compile a comprehensive list of flat earth concepts to form the basis of the curriculum framework. Scope: Review existing flat earth literature, websites, and videos. Steps: Search online resources, consult with flat earth proponents (if any are willing), and document findings. Deliverables: A detailed report summarizing key flat earth concepts.

Resources needed:
• Researcher
• Internet access
• Flat earth literature",1/2/2026,1/8/2026,0,d63975d1-38de-42dd-865f-94df30125391,PlanExe
cc987df5-5a04-4380-b4fc-87a226baca1b,Define Flat Earth Model Parameters,"Define Flat Earth Model Parameters

Description:
Establish the specific parameters of the flat earth model to be taught. Objective: Create a consistent and coherent flat earth model for the curriculum. Scope: Define the shape of the earth, the location of the sun and moon, and other relevant parameters. Steps: Consult with curriculum developers, review existing flat earth models, and establish a consensus on the model to be used. Deliverables: A detailed document outlining the parameters of the flat earth model.

Resources needed:
• Curriculum developers
• Flat earth experts (if available)
• Model documentation",1/8/2026,1/14/2026,0,75156f84-92fd-4284-9281-6ebe27896b75,PlanExe
ba97c3e7-a6de-42bf-aee0-f8703fbfcdcf,Outline Curriculum Structure,"Outline Curriculum Structure

Description:
Develop a high-level structure for the flat earth curriculum. Objective: Create a logical and organized curriculum framework. Scope: Determine the topics to be covered, the order in which they will be taught, and the learning objectives for each topic. Steps: Consult with curriculum developers, review existing curriculum frameworks, and develop a framework that aligns with the flat earth model. Deliverables: A detailed curriculum structure document.

Resources needed:
• Curriculum developers
• Educational consultants
• Curriculum templates",1/14/2026,1/20/2026,0,cc987df5-5a04-4380-b4fc-87a226baca1b,PlanExe
00a8c050-b380-4559-acb7-3eaf32c8ad10,Integrate with Existing Subjects,"Integrate with Existing Subjects

Description:
Determine how the flat earth model will be integrated into existing subjects. Objective: Seamlessly integrate the flat earth model into the existing curriculum. Scope: Identify opportunities to incorporate the flat earth model into science, history, geography, and other subjects. Steps: Consult with subject matter experts, review existing lesson plans, and develop new lesson plans that incorporate the flat earth model. Deliverables: A detailed plan for integrating the flat earth model into existing subjects.

Resources needed:
• Subject matter experts
• Curriculum developers
• Lesson plan templates",1/20/2026,1/26/2026,0,ba97c3e7-a6de-42bf-aee0-f8703fbfcdcf,PlanExe
4fe56003-3ce2-4569-ba83-3c8cec291120,Address Scientific Conflicts,"Address Scientific Conflicts

Description:
Develop strategies for addressing conflicts between the flat earth model and established scientific knowledge. Objective: Minimize confusion and cognitive dissonance among students. Scope: Identify potential conflicts, develop explanations that reconcile the flat earth model with scientific observations, and prepare responses to common questions and objections. Steps: Consult with curriculum developers, review scientific literature, and develop explanations that align with the flat earth model. Deliverables: A document outlining strategies for addressing scientific conflicts.

Resources needed:
• Curriculum developers
• Science communicators
• Flat earth apologists",1/26/2026,2/1/2026,0,d63975d1-38de-42dd-865f-94df30125391,PlanExe
1b097ec8-7fa7-499b-a0a0-2b712dc99ce8,Adapt Subject-Specific Content,,2/1/2026,4/2/2026,0,d63975d1-38de-42dd-865f-94df30125391,PlanExe
321896c9-d290-4ea3-b4a8-904834b88c3d,Identify Key Scientific Concepts to Reinterpret,"Identify Key Scientific Concepts to Reinterpret

Description:
Objective: Determine which scientific concepts (e.g., gravity, celestial mechanics, geography) need to be reinterpreted to fit the flat earth model.
Scope: Review existing science curricula and identify concepts that contradict the flat earth theory.
Steps: 1. List all scientific concepts taught in the current curriculum. 2. Identify concepts that are incompatible with the flat earth model. 3. Prioritize concepts based on their importance and frequency of appearance in the curriculum.
Deliverables: A prioritized list of scientific concepts to be reinterpreted.

Resources needed:
• Curriculum developers
• Subject matter experts (pseudoscience)
• Flat earth theory researchers",2/1/2026,2/16/2026,0,1b097ec8-7fa7-499b-a0a0-2b712dc99ce8,PlanExe
f03a87d2-76cd-44db-afd9-9ad064d5e9a7,Develop Flat Earth Explanations for Concepts,"Develop Flat Earth Explanations for Concepts

Description:
Objective: Create alternative explanations for identified scientific concepts based on the flat earth model.
Scope: Develop explanations that are internally consistent and address common questions or criticisms.
Steps: 1. Research existing flat earth explanations for each concept. 2. Adapt or create new explanations that are suitable for the target age group. 3. Ensure explanations are consistent with the overall flat earth narrative.
Deliverables: A set of alternative explanations for each identified scientific concept.

Resources needed:
• Curriculum developers
• Flat earth theory researchers
• Science communicators",2/16/2026,3/3/2026,0,321896c9-d290-4ea3-b4a8-904834b88c3d,PlanExe
4db63e09-49dd-4fad-8a5a-51e2187bc686,Integrate Flat Earth Content into Lesson Plans,"Integrate Flat Earth Content into Lesson Plans

Description:
Objective: Incorporate the flat earth explanations into existing lesson plans and create new lesson plans where necessary.
Scope: Adapt lesson plans to present the flat earth model as a valid alternative viewpoint or a historical perspective.
Steps: 1. Review existing lesson plans for each subject. 2. Identify opportunities to integrate flat earth explanations. 3. Create new lesson plans where existing plans are insufficient. 4. Ensure lesson plans are engaging and age-appropriate.
Deliverables: Revised and new lesson plans incorporating flat earth content.

Resources needed:
• Curriculum developers
• Teachers
• Instructional designers",3/3/2026,3/18/2026,0,f03a87d2-76cd-44db-afd9-9ad064d5e9a7,PlanExe
2499b501-4a46-4d54-b8ed-e20e358fe232,Create Supporting Materials for Flat Earth Content,"Create Supporting Materials for Flat Earth Content

Description:
Objective: Develop supporting materials (e.g., diagrams, illustrations, videos) to enhance the flat earth content.
Scope: Create materials that are visually appealing and help students understand the flat earth model.
Steps: 1. Identify the need for supporting materials for each lesson plan. 2. Create diagrams, illustrations, and videos that explain the flat earth model. 3. Ensure materials are accurate and consistent with the overall narrative.
Deliverables: A set of supporting materials for the flat earth content.

Resources needed:
• Graphic designers
• Illustrators
• Video producers
• Curriculum developers",3/18/2026,4/2/2026,0,1b097ec8-7fa7-499b-a0a0-2b712dc99ce8,PlanExe
f226ef3a-4159-41b4-8c3c-8eee92da7ebd,Review and Validate Adapted Curriculum,,4/2/2026,4/22/2026,0,1b097ec8-7fa7-499b-a0a0-2b712dc99ce8,PlanExe
fac719fd-ae0e-4fca-bc25-6d19e0350f3d,Establish Review Panel Composition,"Establish Review Panel Composition

Description:
Define the criteria for selecting review panel members, ensuring a diverse range of perspectives and expertise. Identify and recruit potential panel members from relevant fields, including education, science, and public policy.

Resources needed:
• Project Manager
• Curriculum Lead
• HR Representative",4/2/2026,4/6/2026,0,f226ef3a-4159-41b4-8c3c-8eee92da7ebd,PlanExe
972f346c-b30e-4364-b7e3-2020a2cdb560,Develop Review Criteria and Metrics,"Develop Review Criteria and Metrics

Description:
Create a comprehensive set of criteria and metrics for evaluating the adapted curriculum, focusing on accuracy, coherence, and pedagogical effectiveness within the flat earth framework. Ensure the criteria are aligned with the project's objectives and the supreme political leader's vision.

Resources needed:
• Curriculum Lead
• Subject Matter Experts
• Assessment Specialists",4/6/2026,4/10/2026,0,fac719fd-ae0e-4fca-bc25-6d19e0350f3d,PlanExe
11697702-a3f4-4d45-bd52-d3cc4530c718,Conduct Blind Review of Content,"Conduct Blind Review of Content

Description:
Distribute the adapted curriculum materials to the review panel members, ensuring that the reviewers are unaware of the original authors or sources. Collect and analyze the feedback from the reviewers, identifying areas of strength and weakness in the content.

Resources needed:
• Project Coordinator
• Review Panel Members
• Data Analyst",4/10/2026,4/14/2026,0,972f346c-b30e-4364-b7e3-2020a2cdb560,PlanExe
ebe7ee02-eb65-4c7d-9f3a-f72801c6da38,Address Feedback and Revise Content,"Address Feedback and Revise Content

Description:
Based on the feedback received from the review panel, revise the adapted curriculum materials to address any identified issues or concerns. Ensure that all revisions are consistent with the project's objectives and the flat earth framework.

Resources needed:
• Curriculum Developers
• Subject Matter Experts
• Editors",4/14/2026,4/18/2026,0,11697702-a3f4-4d45-bd52-d3cc4530c718,PlanExe
aec5ddc2-85f6-4a08-a787-0ab9fe7c7c76,Final Validation and Sign-Off,"Final Validation and Sign-Off

Description:
Conduct a final review of the revised curriculum materials to ensure that all feedback has been adequately addressed and that the content meets the established criteria and metrics. Obtain final validation and sign-off from the project stakeholders, including the supreme political leader (or their designated representative).

Resources needed:
• Project Manager
• Curriculum Lead
• Supreme Political Leader (or Representative)",4/18/2026,4/22/2026,0,f226ef3a-4159-41b4-8c3c-8eee92da7ebd,PlanExe
26ea93ef-5c21-4b83-839e-36908542e576,Develop Assessment Materials,,4/22/2026,5/2/2026,0,d7afbff6-1451-4da6-a7f3-0dc94e86c902,PlanExe
ac127089-59ec-499b-a381-7cd525668783,Define Assessment Objectives and Scope,"Define Assessment Objectives and Scope

Description:
Clearly define what the assessments should measure and the scope of the curriculum they will cover. This includes identifying key learning outcomes and aligning them with the flat earth model.

Resources needed:
• Curriculum Developers
• Assessment Specialists
• Subject Matter Experts",4/22/2026,4/24/2026,0,26ea93ef-5c21-4b83-839e-36908542e576,PlanExe
f4e7ab69-7943-4c12-bde3-b535f3374f9e,Design Assessment Formats and Questions,"Design Assessment Formats and Questions

Description:
Develop various assessment formats (e.g., multiple choice, short answer, essays) and questions that accurately reflect the flat earth curriculum. Ensure questions are clear, concise, and age-appropriate.

Resources needed:
• Assessment Specialists
• Curriculum Developers
• Teachers",4/24/2026,4/26/2026,0,ac127089-59ec-499b-a381-7cd525668783,PlanExe
2fa2b720-6365-4b0d-8b28-ca33125d3aeb,Develop Scoring Rubrics and Guidelines,"Develop Scoring Rubrics and Guidelines

Description:
Create detailed scoring rubrics and guidelines for each assessment format to ensure consistent and objective grading. Provide clear criteria for evaluating student responses.

Resources needed:
• Assessment Specialists
• Teachers
• Curriculum Developers",4/26/2026,4/28/2026,0,f4e7ab69-7943-4c12-bde3-b535f3374f9e,PlanExe
0ce09dcd-c804-4320-a1cc-506c028d0790,Pilot Test Assessment Materials,"Pilot Test Assessment Materials

Description:
Conduct pilot testing of the assessment materials with a small group of students to identify any issues with clarity, difficulty, or bias. Gather feedback from students and teachers to improve the assessments.

Resources needed:
• Teachers
• Students
• Assessment Specialists",4/28/2026,4/30/2026,0,2fa2b720-6365-4b0d-8b28-ca33125d3aeb,PlanExe
7f27e50e-eb37-4331-8fd9-d6c6e180e03d,Revise and Finalize Assessment Materials,"Revise and Finalize Assessment Materials

Description:
Revise the assessment materials based on the feedback from the pilot testing. Ensure the final assessments are aligned with the curriculum, valid, and reliable.

Resources needed:
• Assessment Specialists
• Curriculum Developers
• Teachers",4/30/2026,5/2/2026,0,26ea93ef-5c21-4b83-839e-36908542e576,PlanExe
3e3a5839-bfba-41ba-b9f4-42313a712529,Teacher Re-education,,5/2/2026,8/4/2026,0,d7afbff6-1451-4da6-a7f3-0dc94e86c902,PlanExe
2f84c0e7-e4a7-4fcc-940e-d5f58cd5a70c,Design Training Program,,5/2/2026,5/14/2026,0,3e3a5839-bfba-41ba-b9f4-42313a712529,PlanExe
dc5f7203-6db4-48fb-820f-a079fbd730e6,Define Learning Objectives for Teachers,"Define Learning Objectives for Teachers

Description:
Clearly define what teachers should know and be able to do after completing the training program. This includes understanding the flat earth model, its historical context, and how to teach it effectively.

Resources needed:
• Curriculum Development Team
• Subject Matter Experts (Pseudoscience)
• Instructional Designers",5/2/2026,5/5/2026,0,2f84c0e7-e4a7-4fcc-940e-d5f58cd5a70c,PlanExe
3102fbbd-0d16-4f58-84b7-833186e17b1c,Select Training Methods and Activities,"Select Training Methods and Activities

Description:
Choose appropriate training methods such as lectures, workshops, group discussions, and simulations to engage teachers and facilitate learning. Develop interactive activities to reinforce key concepts.

Resources needed:
• Instructional Designers
• Training Facilitators
• Educational Technologists",5/5/2026,5/8/2026,0,dc5f7203-6db4-48fb-820f-a079fbd730e6,PlanExe
e9aca1a7-fa89-4991-ac36-207bd8513c86,Develop Assessment Tools for Training,"Develop Assessment Tools for Training

Description:
Create assessment tools to measure teacher comprehension and application of the flat earth curriculum. This includes quizzes, tests, and practical exercises to evaluate their ability to teach the material effectively.

Resources needed:
• Assessment Specialists
• Curriculum Development Team
• Subject Matter Experts (Pseudoscience)",5/8/2026,5/11/2026,0,3102fbbd-0d16-4f58-84b7-833186e17b1c,PlanExe
c248b787-8792-4bd4-84c7-dc22aaefeb07,Create Training Schedule and Logistics,"Create Training Schedule and Logistics

Description:
Develop a detailed training schedule that outlines the topics to be covered, the duration of each session, and the location of the training. Arrange for necessary logistics such as training facilities, materials, and equipment.

Resources needed:
• Project Manager
• Training Coordinator
• Logistics Personnel",5/11/2026,5/14/2026,0,2f84c0e7-e4a7-4fcc-940e-d5f58cd5a70c,PlanExe
4ea032ed-d825-4821-95a8-79ce48fbda4b,Develop Training Materials,,5/14/2026,5/24/2026,0,2f84c0e7-e4a7-4fcc-940e-d5f58cd5a70c,PlanExe
4f1a92bf-9f7e-44dc-b4fc-cd8400f2a7de,Research Flat Earth Content,"Research Flat Earth Content

Description:
Gather existing flat earth materials suitable for adaptation. Identify sources and assess their credibility (within the flat earth context).

Resources needed:
• Curriculum developers
• Internet access
• Flat earth 'experts'",5/14/2026,5/16/2026,0,4ea032ed-d825-4821-95a8-79ce48fbda4b,PlanExe
a547fcbc-1dfc-4563-add6-0d29bfad35fc,Adapt Existing Materials,"Adapt Existing Materials

Description:
Modify existing educational resources to align with the flat earth model. Ensure consistency and age-appropriateness.

Resources needed:
• Curriculum developers
• Editors
• Graphic designers",5/16/2026,5/18/2026,0,4f1a92bf-9f7e-44dc-b4fc-cd8400f2a7de,PlanExe
083bd518-e6df-4c22-aee1-e51c488b4ac3,Create New Training Modules,"Create New Training Modules

Description:
Develop original training modules covering flat earth concepts and teaching methodologies. Include interactive elements.

Resources needed:
• Instructional designers
• Video producers
• Animators",5/18/2026,5/20/2026,0,a547fcbc-1dfc-4563-add6-0d29bfad35fc,PlanExe
a724a71e-122a-4bc8-93a4-9d355a748e11,Review and Approve Materials,"Review and Approve Materials

Description:
Submit training materials for review and approval by relevant authorities. Address feedback and make necessary revisions.

Resources needed:
• Ministry of Education officials
• Curriculum review board",5/20/2026,5/22/2026,0,083bd518-e6df-4c22-aee1-e51c488b4ac3,PlanExe
55688971-001c-467e-b931-c2a070d10937,Translate Materials (if needed),"Translate Materials (if needed)

Description:
Translate training materials into other languages if required for diverse teacher populations.

Resources needed:
• Translators
• Proofreaders",5/22/2026,5/24/2026,0,4ea032ed-d825-4821-95a8-79ce48fbda4b,PlanExe
522daaa1-3a59-4dd9-9f23-b7798c44fd35,Conduct Teacher Training Sessions,,5/24/2026,6/25/2026,0,4ea032ed-d825-4821-95a8-79ce48fbda4b,PlanExe
67305d93-d132-41c3-91c8-b953dfbcf76c,Prepare training session logistics,"Prepare training session logistics

Description:
Objective: Secure venues, equipment, and materials for teacher training sessions.
Scope: Includes booking locations, arranging transportation, setting up classrooms, and ensuring availability of necessary resources.
Steps: Identify suitable venues, negotiate contracts, coordinate logistics with vendors, and prepare training materials.
Deliverables: Confirmed venue bookings, transportation arrangements, classroom setup, and readily available training materials.

Resources needed:
• Training coordinator
• Logistics personnel
• Venue staff
• Transportation providers",5/24/2026,6/1/2026,0,522daaa1-3a59-4dd9-9f23-b7798c44fd35,PlanExe
6e9ab144-614e-4dee-b7f9-ece880674181,Deliver flat earth curriculum training,"Deliver flat earth curriculum training

Description:
Objective: Conduct engaging and informative training sessions on the flat earth curriculum for teachers.
Scope: Includes delivering lectures, facilitating discussions, conducting workshops, and providing hands-on activities.
Steps: Prepare presentations, develop interactive exercises, facilitate group discussions, and provide individual support.
Deliverables: Well-attended training sessions, active teacher participation, and increased teacher understanding of the flat earth curriculum.

Resources needed:
• Trainers
• Subject matter experts
• Training materials
• Presentation equipment",6/1/2026,6/9/2026,0,67305d93-d132-41c3-91c8-b953dfbcf76c,PlanExe
203c397a-3f3d-49a6-9f6e-71ad6cd2a559,Address teacher concerns and questions,"Address teacher concerns and questions

Description:
Objective: Provide a platform for teachers to voice concerns and ask questions about the flat earth curriculum.
Scope: Includes facilitating Q&A sessions, addressing objections, and providing clarification on controversial topics.
Steps: Create a safe and supportive environment, actively listen to teacher concerns, provide evidence-based responses, and offer alternative perspectives.
Deliverables: Addressed teacher concerns, clarified misconceptions, and fostered a sense of understanding and acceptance.

Resources needed:
• Trainers
• Subject matter experts
• Communication specialists
• Counselors",6/9/2026,6/17/2026,0,6e9ab144-614e-4dee-b7f9-ece880674181,PlanExe
85748bfc-3a55-4d85-b854-0170054fe1c1,Assess teacher understanding and retention,"Assess teacher understanding and retention

Description:
Objective: Evaluate teacher comprehension of the flat earth curriculum and retention of key concepts.
Scope: Includes administering quizzes, conducting surveys, and observing classroom practices.
Steps: Develop assessment tools, administer assessments, analyze results, and provide feedback.
Deliverables: Assessment results, feedback reports, and recommendations for improvement.

Resources needed:
• Assessment specialists
• Data analysts
• Survey administrators
• Classroom observers",6/17/2026,6/25/2026,0,522daaa1-3a59-4dd9-9f23-b7798c44fd35,PlanExe
295972e2-cf08-4cb3-98aa-560c1d581e22,Evaluate Training Effectiveness,,6/25/2026,7/3/2026,0,522daaa1-3a59-4dd9-9f23-b7798c44fd35,PlanExe
acd7743c-cfe7-4024-80ab-10b72117817f,Gather Teacher Feedback on Training,"Gather Teacher Feedback on Training

Description:
Collect feedback from teachers regarding the training program's content, delivery, and overall effectiveness. This includes surveys, interviews, and focus groups.

Resources needed:
• Survey software
• Interviewers
• Facilitators
• Data analysts",6/25/2026,6/27/2026,0,295972e2-cf08-4cb3-98aa-560c1d581e22,PlanExe
9ebbcd5a-a697-4ded-837f-7385801facd1,Analyze Teacher Performance in Classroom,"Analyze Teacher Performance in Classroom

Description:
Observe and assess teachers' ability to effectively implement the flat earth curriculum in the classroom. This includes classroom observations, lesson plan reviews, and student assessments.

Resources needed:
• Classroom observers
• Assessment specialists
• Curriculum experts",6/27/2026,6/29/2026,0,acd7743c-cfe7-4024-80ab-10b72117817f,PlanExe
f5408c39-273d-4125-a05e-e71021bb7623,Measure Student Learning Outcomes,"Measure Student Learning Outcomes

Description:
Evaluate student understanding of the flat earth model and related concepts. This includes administering tests, quizzes, and other assessments to measure student learning outcomes.

Resources needed:
• Assessment specialists
• Teachers
• Data analysts",6/29/2026,7/1/2026,0,9ebbcd5a-a697-4ded-837f-7385801facd1,PlanExe
05035abb-eeb8-41af-838f-2fff5da47580,Review Training Program Materials,"Review Training Program Materials

Description:
Examine the training program materials for accuracy, clarity, and relevance. This includes reviewing presentations, handouts, and other resources used in the training program.

Resources needed:
• Curriculum experts
• Subject matter experts
• Instructional designers",7/1/2026,7/3/2026,0,295972e2-cf08-4cb3-98aa-560c1d581e22,PlanExe
0e996143-ec40-429e-99d1-bd8c47f3e646,Provide Ongoing Support and Resources,,7/3/2026,8/4/2026,0,3e3a5839-bfba-41ba-b9f4-42313a712529,PlanExe
1b9d6400-6b38-4117-81cd-9bf01d80fdf1,Establish Teacher Support Network,"Establish Teacher Support Network

Description:
Create a network for teachers to share experiences and resources related to the flat earth curriculum. This includes setting up online forums, organizing regular meetings, and providing access to mentors.

Resources needed:
• Communication platform
• Facilitators
• Mentors",7/3/2026,7/11/2026,0,0e996143-ec40-429e-99d1-bd8c47f3e646,PlanExe
1c11b7a5-25b4-4319-a990-ef42738b204d,Develop Supplementary Materials,"Develop Supplementary Materials

Description:
Create additional resources to support teachers in delivering the flat earth curriculum. This includes lesson plans, activity ideas, and visual aids.

Resources needed:
• Curriculum developers
• Graphic designers
• Subject matter experts",7/11/2026,7/19/2026,0,1b9d6400-6b38-4117-81cd-9bf01d80fdf1,PlanExe
2aefa940-65f9-40bf-b44c-4c064525aa8c,Offer Individualized Coaching,"Offer Individualized Coaching

Description:
Provide one-on-one coaching to teachers who need additional support in implementing the flat earth curriculum. This includes identifying specific challenges, developing personalized strategies, and providing ongoing feedback.

Resources needed:
• Experienced coaches
• Assessment tools
• Feedback mechanisms",7/19/2026,7/27/2026,0,1c11b7a5-25b4-4319-a990-ef42738b204d,PlanExe
6752f39e-9942-4406-9de4-9324c8798843,Create Resource Library,"Create Resource Library

Description:
Compile a comprehensive library of resources related to the flat earth curriculum. This includes articles, videos, and websites.

Resources needed:
• Librarians
• Content curators
• Online platform",7/27/2026,8/4/2026,0,0e996143-ec40-429e-99d1-bd8c47f3e646,PlanExe
376148a3-3fcf-4c23-a3f6-148675048079,Knowledge Management,,8/4/2026,12/12/2026,0,3e3a5839-bfba-41ba-b9f4-42313a712529,PlanExe
857ee2c0-73ea-4a54-afb4-a5909a380f79,Inventory Existing Scientific Materials,,8/4/2026,8/14/2026,0,376148a3-3fcf-4c23-a3f6-148675048079,PlanExe
4e7e406f-6de4-484c-977a-4ee73960278e,Define Inventory Scope and Criteria,"Define Inventory Scope and Criteria

Description:
Clearly define what constitutes 'scientific material' for the inventory. Establish criteria for inclusion (e.g., textbooks, lab equipment, digital resources). Determine the scope of the inventory (e.g., all schools, specific departments).

Resources needed:
• Curriculum Specialists
• Librarians
• Subject Matter Experts",8/4/2026,8/6/2026,0,857ee2c0-73ea-4a54-afb4-a5909a380f79,PlanExe
de3bbfd9-47b6-4270-930c-e238acf70415,Develop Inventory Data Collection Tool,"Develop Inventory Data Collection Tool

Description:
Create a standardized data collection tool (e.g., spreadsheet, database) to ensure consistent data capture across all locations. Include fields for material title, author, publication date, subject area, location, and condition.

Resources needed:
• Data Entry Clerks
• IT Support
• Database Administrator",8/6/2026,8/8/2026,0,4e7e406f-6de4-484c-977a-4ee73960278e,PlanExe
b0756383-7a7a-42cb-88da-5b0d16d64079,Conduct Physical Inventory at Schools,"Conduct Physical Inventory at Schools

Description:
Visit each school and physically inspect classrooms, libraries, and storage areas to identify and record scientific materials. Use the data collection tool to capture relevant information for each item.

Resources needed:
• Inventory Teams
• Transportation
• Data Entry Devices",8/8/2026,8/10/2026,0,de3bbfd9-47b6-4270-930c-e238acf70415,PlanExe
f96d271c-719e-484a-9669-6604febab462,Verify and Validate Inventory Data,"Verify and Validate Inventory Data

Description:
Review the collected inventory data for accuracy and completeness. Cross-reference information with existing school records and library catalogs. Resolve any discrepancies or missing information.

Resources needed:
• Data Analysts
• Librarians
• School Administrators",8/10/2026,8/12/2026,0,b0756383-7a7a-42cb-88da-5b0d16d64079,PlanExe
74bf1bdb-f144-4369-b169-3f2e81ea70fc,Document Inventory Process and Findings,"Document Inventory Process and Findings

Description:
Create a comprehensive report summarizing the inventory process, findings, and any challenges encountered. Include recommendations for improving future inventory efforts.

Resources needed:
• Report Writers
• Project Manager
• Documentation Specialists",8/12/2026,8/14/2026,0,857ee2c0-73ea-4a54-afb4-a5909a380f79,PlanExe
a5fa80a9-56f7-432f-b707-5059d124e275,Develop Archiving/Purging Protocol,,8/14/2026,8/26/2026,0,857ee2c0-73ea-4a54-afb4-a5909a380f79,PlanExe
6f3f4a9b-c034-4894-8cc8-e32bbd4fabff,Define Archiving Criteria,"Define Archiving Criteria

Description:
Establish clear, documented criteria for determining which materials should be archived versus purged. This includes specifying what constitutes 'old knowledge' and considering the historical or cultural significance of materials.

Resources needed:
• Curriculum Experts
• Historians
• Archivists
• Legal Counsel",8/14/2026,8/17/2026,0,a5fa80a9-56f7-432f-b707-5059d124e275,PlanExe
7a1a0177-f82b-43da-8e7a-9ff6478bb624,Develop Purging Protocol,"Develop Purging Protocol

Description:
Create a detailed protocol for the physical removal and disposal of materials deemed 'old knowledge'. This includes ensuring compliance with environmental regulations and data protection laws.

Resources needed:
• Legal Counsel
• Environmental Specialists
• Waste Management Personnel
• Archivists",8/17/2026,8/20/2026,0,6f3f4a9b-c034-4894-8cc8-e32bbd4fabff,PlanExe
42635a8d-07fc-41a7-9453-ed196b97812e,Establish Review Board,"Establish Review Board

Description:
Form a review board consisting of diverse stakeholders to oversee the archiving and purging process. This board will resolve disagreements and ensure that decisions are made in a transparent and accountable manner.

Resources needed:
• Ministry of Education Officials
• Teachers
• Parents
• Community Representatives",8/20/2026,8/23/2026,0,7a1a0177-f82b-43da-8e7a-9ff6478bb624,PlanExe
46281b1d-d0a1-4ee4-a3ce-ea08e34c45e7,Document Protocol and Criteria,"Document Protocol and Criteria

Description:
Thoroughly document the archiving and purging protocol, including the criteria used for decision-making. This documentation will serve as a reference for future decisions and ensure consistency in the process.

Resources needed:
• Technical Writers
• Archivists
• Legal Counsel",8/23/2026,8/26/2026,0,a5fa80a9-56f7-432f-b707-5059d124e275,PlanExe
c75bc5d5-5490-472f-8e6f-18c13db401d0,Archive or Purge Materials,,8/26/2026,10/13/2026,0,a5fa80a9-56f7-432f-b707-5059d124e275,PlanExe
6666ac25-e21f-4322-a3dd-80d156bb22e7,Prioritize Materials for Archiving/Purging,"Prioritize Materials for Archiving/Purging

Description:
Objective: To categorize materials based on their relevance to the existing curriculum and the flat earth model. Scope: This involves assessing each item's content, age, and condition. Steps: 1) Review the inventory of existing scientific materials. 2) Assign a priority level (high, medium, low) for archiving or purging based on established criteria. 3) Document the rationale for each prioritization. Deliverables: A prioritized list of materials for archiving/purging.

Resources needed:
• Librarians
• Archivists
• Curriculum Specialists",8/26/2026,9/7/2026,0,c75bc5d5-5490-472f-8e6f-18c13db401d0,PlanExe
9d54a246-4db2-48f1-b1ec-2d479abfed35,Secure Legal Clearance for Actions,"Secure Legal Clearance for Actions

Description:
Objective: To ensure that all archiving and purging activities comply with relevant laws and regulations. Scope: This includes reviewing the archiving/purging protocol and specific actions with legal counsel. Steps: 1) Submit the archiving/purging protocol to legal counsel for review. 2) Obtain written legal clearance for the protocol. 3) Consult legal counsel on any specific items or actions that raise legal concerns. Deliverables: Written legal clearance for the archiving/purging protocol and specific actions.

Resources needed:
• Legal Counsel
• Project Manager",9/7/2026,9/19/2026,0,6666ac25-e21f-4322-a3dd-80d156bb22e7,PlanExe
6a46105c-41f5-4b68-8d24-872dbec243d9,Physically Archive or Purge Materials,"Physically Archive or Purge Materials

Description:
Objective: To physically remove materials from schools and libraries according to the established protocol. Scope: This includes transporting materials to designated archiving facilities or disposal sites. Steps: 1) Coordinate with schools and libraries to schedule material removal. 2) Transport materials to designated locations. 3) Document the removal process, including the date, location, and quantity of materials removed. Deliverables: Archived materials in designated facilities and purged materials disposed of according to regulations.

Resources needed:
• Archivists
• Transportation Personnel
• Logistics Coordinator",9/19/2026,10/1/2026,0,9d54a246-4db2-48f1-b1ec-2d479abfed35,PlanExe
f6f55718-9048-47d7-8590-07903a20d72e,Document Archiving/Purging Process,"Document Archiving/Purging Process

Description:
Objective: To maintain a detailed record of all archiving and purging activities. Scope: This includes documenting the rationale for each action, the date of the action, and the location of archived materials. Steps: 1) Create a standardized documentation template. 2) Populate the template with relevant information for each archiving/purging action. 3) Store the documentation in a secure and accessible location. Deliverables: A comprehensive record of all archiving and purging activities.

Resources needed:
• Archivists
• Data Entry Personnel",10/1/2026,10/13/2026,0,c75bc5d5-5490-472f-8e6f-18c13db401d0,PlanExe
17f78d98-dcaa-4f3a-ac57-919713ea531a,Replace Materials with Flat Earth Content,,10/13/2026,11/12/2026,0,c75bc5d5-5490-472f-8e6f-18c13db401d0,PlanExe
9bc46da4-93b0-43be-8b3f-491cb58f16e9,Identify Flat Earth Content Gaps,"Identify Flat Earth Content Gaps

Description:
Determine specific areas where existing materials lack flat earth perspective. This involves reviewing the current curriculum and identifying topics that need to be supplemented or replaced with flat earth-compliant information.

Resources needed:
• Curriculum developers
• Subject matter experts
• Flat earth researchers (if available)",10/13/2026,10/19/2026,0,17f78d98-dcaa-4f3a-ac57-919713ea531a,PlanExe
9990ba31-a9a1-466c-9d95-9cf9115a39ca,Source Flat Earth Compliant Materials,"Source Flat Earth Compliant Materials

Description:
Find or create materials that support the flat earth model. This includes textbooks, articles, videos, and other resources that can be used to replace existing materials. Consider commissioning new content if necessary.

Resources needed:
• Content creators
• Illustrators
• Video producers
• Archiving facility",10/19/2026,10/25/2026,0,9bc46da4-93b0-43be-8b3f-491cb58f16e9,PlanExe
fe309590-bc23-476d-bae1-4f0647a564af,Adapt Existing Materials for Flat Earth,"Adapt Existing Materials for Flat Earth

Description:
Modify existing materials to align with the flat earth model. This involves rewriting sections, adding new information, and removing conflicting content. Ensure consistency and accuracy within the adapted materials.

Resources needed:
• Curriculum developers
• Editors
• Subject matter experts",10/25/2026,10/31/2026,0,9990ba31-a9a1-466c-9d95-9cf9115a39ca,PlanExe
b9aa0f47-ec1f-4ec5-afcd-736c139bc53e,Quality Check Flat Earth Content,"Quality Check Flat Earth Content

Description:
Review all new and adapted materials for accuracy, consistency, and clarity. Ensure that the content aligns with the established flat earth framework and is suitable for the target audience.

Resources needed:
• Curriculum reviewers
• Subject matter experts
• Educational psychologists",10/31/2026,11/6/2026,0,fe309590-bc23-476d-bae1-4f0647a564af,PlanExe
a0a9ed4e-c1e8-4e3a-b193-1b75771f9a91,Distribute Flat Earth Materials to Schools,"Distribute Flat Earth Materials to Schools

Description:
Ensure that all schools receive the new and adapted flat earth materials. This involves packaging, shipping, and tracking the distribution process. Provide support to schools as needed.

Resources needed:
• Logistics personnel
• Shipping services
• School administrators",11/6/2026,11/12/2026,0,17f78d98-dcaa-4f3a-ac57-919713ea531a,PlanExe
f97f0e8e-c00b-4d03-8037-1bfddd976e0f,Monitor Knowledge Dissemination,,11/12/2026,12/12/2026,0,376148a3-3fcf-4c23-a3f6-148675048079,PlanExe
07a783a8-6c0a-4410-9c23-3c8c3f53d059,Define Key Knowledge Areas,"Define Key Knowledge Areas

Description:
Identify specific knowledge areas to monitor for flat earth compliance. This includes defining what constitutes acceptable and unacceptable information within each area.

Resources needed:
• Curriculum specialists
• Subject matter experts
• Knowledge management specialists",11/12/2026,11/18/2026,0,f97f0e8e-c00b-4d03-8037-1bfddd976e0f,PlanExe
260549d7-9b86-4734-89ab-49ba7829aa11,Establish Monitoring Metrics,"Establish Monitoring Metrics

Description:
Develop quantifiable metrics to track the dissemination of flat earth compliant knowledge. This includes defining target levels for knowledge dissemination and acceptable deviation ranges.

Resources needed:
• Data analysts
• Curriculum specialists
• Assessment specialists",11/18/2026,11/24/2026,0,07a783a8-6c0a-4410-9c23-3c8c3f53d059,PlanExe
b3e55455-02b6-4725-84d5-510d71e8e182,Implement Tracking Mechanisms,"Implement Tracking Mechanisms

Description:
Set up systems to monitor the dissemination of knowledge in schools and libraries. This includes tracking the use of approved materials, monitoring student understanding, and identifying instances of non-compliance.

Resources needed:
• IT specialists
• Librarians
• Teachers
• Data analysts",11/24/2026,11/30/2026,0,260549d7-9b86-4734-89ab-49ba7829aa11,PlanExe
31c5dc47-563a-4288-b1f7-a53c615d3674,Analyze Dissemination Data,"Analyze Dissemination Data

Description:
Regularly analyze data collected to assess the effectiveness of knowledge dissemination efforts. This includes identifying areas where dissemination is lagging and adjusting strategies accordingly.

Resources needed:
• Data analysts
• Curriculum specialists
• Knowledge management specialists",11/30/2026,12/6/2026,0,b3e55455-02b6-4725-84d5-510d71e8e182,PlanExe
403727ba-3bf0-44e3-8046-80e9f79f4d85,Report on Dissemination Progress,"Report on Dissemination Progress

Description:
Prepare regular reports on the progress of knowledge dissemination efforts. These reports should be shared with key stakeholders and used to inform decision-making.

Resources needed:
• Data analysts
• Communication specialists
• Project manager",12/6/2026,12/12/2026,0,f97f0e8e-c00b-4d03-8037-1bfddd976e0f,PlanExe
17dab813-a645-4098-8d02-a60187735cdc,Public Communication,,12/12/2026,1/31/2027,0,376148a3-3fcf-4c23-a3f6-148675048079,PlanExe
6c705cba-5484-4ae0-a04e-e55c0cbff619,Develop Communication Strategy,,12/12/2026,12/24/2026,0,17dab813-a645-4098-8d02-a60187735cdc,PlanExe
385670ad-33d0-4477-85b6-8669345f51b5,Define Target Audiences and Key Messages,"Define Target Audiences and Key Messages

Description:
Identify specific demographics and tailor messaging to resonate with each group. Develop core arguments supporting the curriculum change.

Resources needed:
• Communication Strategist
• Market Research Analyst
• Curriculum Experts",12/12/2026,12/15/2026,0,6c705cba-5484-4ae0-a04e-e55c0cbff619,PlanExe
01e048a2-16bd-4789-9874-1d3f83032a32,Select Communication Channels,"Select Communication Channels

Description:
Determine the most effective channels to reach target audiences, including traditional media, social media, and community outreach programs.

Resources needed:
• Media Planner
• Social Media Manager
• Community Outreach Coordinator",12/15/2026,12/18/2026,0,385670ad-33d0-4477-85b6-8669345f51b5,PlanExe
87d3dca9-9098-49de-b4ec-8560d0d00633,Develop Messaging Framework,"Develop Messaging Framework

Description:
Create a consistent and compelling narrative that supports the flat earth curriculum, addressing potential concerns and highlighting perceived benefits.

Resources needed:
• Copywriters
• Graphic Designers
• Communication Strategist",12/18/2026,12/21/2026,0,01e048a2-16bd-4789-9874-1d3f83032a32,PlanExe
673c6eff-6ad8-4f9f-9832-971aba252d57,Establish Feedback Mechanisms,"Establish Feedback Mechanisms

Description:
Implement systems for gathering feedback from the public and stakeholders to refine the communication strategy and address emerging issues.

Resources needed:
• Public Relations Specialist
• Survey Administrator
• Data Analyst",12/21/2026,12/24/2026,0,6c705cba-5484-4ae0-a04e-e55c0cbff619,PlanExe
5a404986-16ae-48b9-bd76-7f7269bd7cc9,Create Communication Materials,,12/24/2026,1/3/2027,0,6c705cba-5484-4ae0-a04e-e55c0cbff619,PlanExe
15387749-ab13-48c8-b7e0-cc78d07ae3c2,Draft key messages and talking points,"Draft key messages and talking points

Description:
Develop clear, concise, and persuasive messages that support the flat earth curriculum. This includes crafting talking points for various audiences (parents, teachers, media).

Resources needed:
• Communication specialist
• Curriculum expert
• Political advisor",12/24/2026,12/26/2026,0,5a404986-16ae-48b9-bd76-7f7269bd7cc9,PlanExe
692e522a-7c93-485a-ac2c-fb2c07ae6d18,Design visually appealing infographics,"Design visually appealing infographics

Description:
Create infographics that present the flat earth model in an easy-to-understand and visually engaging manner. These infographics will be used in presentations, online materials, and printed brochures.

Resources needed:
• Graphic designer
• Communication specialist
• Flat earth researcher",12/26/2026,12/28/2026,0,15387749-ab13-48c8-b7e0-cc78d07ae3c2,PlanExe
90d39588-5d24-4f73-b7dc-6213eb579360,Produce videos for online dissemination,"Produce videos for online dissemination

Description:
Develop short, informative videos that explain the flat earth curriculum and address common questions and concerns. These videos will be distributed through social media and the Ministry of Education website.

Resources needed:
• Videographer
• Editor
• Scriptwriter
• Communication specialist",12/28/2026,12/30/2026,0,692e522a-7c93-485a-ac2c-fb2c07ae6d18,PlanExe
01bd622a-2b1f-4014-b037-fac22d055e29,Create printed brochures and flyers,"Create printed brochures and flyers

Description:
Design and print brochures and flyers that provide information about the flat earth curriculum and its benefits. These materials will be distributed at schools, community centers, and public events.

Resources needed:
• Graphic designer
• Printer
• Communication specialist",12/30/2026,1/1/2027,0,90d39588-5d24-4f73-b7dc-6213eb579360,PlanExe
622ce191-16e5-4abe-a9b9-397cb1930230,Translate materials into multiple languages,"Translate materials into multiple languages

Description:
Translate all communication materials (infographics, videos, brochures, flyers) into multiple languages to reach a wider audience and ensure accessibility for non-Danish speakers.

Resources needed:
• Translators
• Proofreaders
• Communication specialist",1/1/2027,1/3/2027,0,5a404986-16ae-48b9-bd76-7f7269bd7cc9,PlanExe
4073af49-2f22-45b2-988d-4cfe98eb92c1,Disseminate Information Through Channels,,1/3/2027,1/13/2027,0,5a404986-16ae-48b9-bd76-7f7269bd7cc9,PlanExe
eeb58965-6461-4933-83b1-957ef9d1d68c,Identify Target Media Outlets,"Identify Target Media Outlets

Description:
Identify the most effective media outlets (TV, radio, print, online) to reach the target audience. Consider factors such as audience demographics, reach, and credibility.

Resources needed:
• Media analyst
• Communication strategist
• Market research data",1/3/2027,1/5/2027,0,4073af49-2f22-45b2-988d-4cfe98eb92c1,PlanExe
e734e14d-031c-4ca4-ab73-07ff16b7fa39,Tailor Information for Each Channel,"Tailor Information for Each Channel

Description:
Adapt the core messaging to suit the specific format and audience of each communication channel. This includes writing press releases, preparing talking points for interviews, and creating engaging social media content.

Resources needed:
• Content writers
• Editors
• Graphic designers",1/5/2027,1/7/2027,0,eeb58965-6461-4933-83b1-957ef9d1d68c,PlanExe
23e2a36c-5e8a-462b-83eb-9fc08bc252c8,Establish Media Contact List,"Establish Media Contact List

Description:
Create and maintain a comprehensive list of media contacts, including journalists, editors, and producers. Build relationships with key media personnel to facilitate information dissemination.

Resources needed:
• Public relations specialist
• Database manager",1/7/2027,1/9/2027,0,e734e14d-031c-4ca4-ab73-07ff16b7fa39,PlanExe
427372e5-4d46-450f-926d-e2424194b6cb,Coordinate Information Release Schedule,"Coordinate Information Release Schedule

Description:
Develop a detailed schedule for releasing information through different channels, ensuring consistent messaging and maximizing impact. Consider factors such as news cycles, public events, and stakeholder engagement.

Resources needed:
• Project manager
• Communication coordinator",1/9/2027,1/11/2027,0,23e2a36c-5e8a-462b-83eb-9fc08bc252c8,PlanExe
47556182-1f14-469f-8c9b-4fbf507af56c,Track Media Coverage and Sentiment,"Track Media Coverage and Sentiment

Description:
Monitor media coverage and public sentiment related to the flat earth curriculum. Analyze the tone and accuracy of reporting, and identify any emerging issues or concerns.

Resources needed:
• Media monitoring tools
• Social media analyst",1/11/2027,1/13/2027,0,4073af49-2f22-45b2-988d-4cfe98eb92c1,PlanExe
8aae38fb-55cf-4255-907a-eb28995509da,Monitor Public Opinion,,1/13/2027,1/21/2027,0,4073af49-2f22-45b2-988d-4cfe98eb92c1,PlanExe
34efdcb5-1e2e-4141-a8eb-35fc1ccedfd8,Gather public opinion data,"Gather public opinion data

Description:
Collect data from various sources to understand public sentiment.

Resources needed:
• Polling agencies
• Social media analysts
• Data analysts",1/13/2027,1/15/2027,0,8aae38fb-55cf-4255-907a-eb28995509da,PlanExe
3ab5c3a0-8ce4-4713-b35c-d6f5f5ef4531,Analyze media coverage trends,"Analyze media coverage trends

Description:
Assess the tone and frequency of media mentions related to the curriculum.

Resources needed:
• Media monitoring tools
• Media analysts
• Communication specialists",1/15/2027,1/17/2027,0,34efdcb5-1e2e-4141-a8eb-35fc1ccedfd8,PlanExe
6df7cc54-b5d8-4232-a5ea-9dac1ba1b932,Track social media sentiment,"Track social media sentiment

Description:
Monitor social media platforms for discussions and opinions.

Resources needed:
• Social media monitoring tools
• Social media analysts
• Communication specialists",1/17/2027,1/19/2027,0,3ab5c3a0-8ce4-4713-b35c-d6f5f5ef4531,PlanExe
1ef55cdf-3685-4238-be46-cac9a72eeebb,Identify key influencers,"Identify key influencers

Description:
Determine individuals or groups with significant influence on public opinion.

Resources needed:
• Social media analysts
• Public relations experts
• Communication specialists",1/19/2027,1/21/2027,0,8aae38fb-55cf-4255-907a-eb28995509da,PlanExe
84dc4e71-44ee-4c37-bf3f-d6976da9de68,Manage Media Relations,,1/21/2027,1/31/2027,0,17dab813-a645-4098-8d02-a60187735cdc,PlanExe
da4ab476-f6a6-4fa2-9a45-f8353fe32b7f,Identify Key Public Opinion Indicators,"Identify Key Public Opinion Indicators

Description:
Determine the specific metrics and data sources that will be used to track public opinion regarding the flat earth curriculum. This includes identifying relevant social media platforms, news outlets, and survey methodologies.

Resources needed:
• Public Opinion Analyst
• Data Scientist
• Communication Specialist",1/21/2027,1/23/2027,0,84dc4e71-44ee-4c37-bf3f-d6976da9de68,PlanExe
75849135-10fe-4235-8fcc-56df3064f9ba,Implement Social Media Monitoring Tools,"Implement Social Media Monitoring Tools

Description:
Set up and configure social media monitoring tools to track mentions, sentiment, and trends related to the flat earth curriculum. This includes selecting appropriate tools, defining keywords and search parameters, and establishing data collection procedures.

Resources needed:
• Social Media Analyst
• IT Support
• Data Analyst",1/23/2027,1/25/2027,0,da4ab476-f6a6-4fa2-9a45-f8353fe32b7f,PlanExe
812f29a0-5851-4ffe-a4a6-1acae438e489,Analyze Media Coverage and Sentiment,"Analyze Media Coverage and Sentiment

Description:
Regularly analyze media coverage of the flat earth curriculum to identify key themes, sentiment, and potential areas of concern. This includes monitoring news articles, blog posts, and social media discussions.

Resources needed:
• Media Analyst
• Communication Specialist
• Public Relations Officer",1/25/2027,1/27/2027,0,75849135-10fe-4235-8fcc-56df3064f9ba,PlanExe
40e31034-dedb-47e0-bcd3-bb0990d79107,Conduct Public Opinion Surveys,"Conduct Public Opinion Surveys

Description:
Design and conduct public opinion surveys to assess public attitudes towards the flat earth curriculum. This includes developing survey questions, selecting a representative sample, and analyzing survey results.

Resources needed:
• Survey Specialist
• Statistician
• Data Analyst",1/27/2027,1/29/2027,0,812f29a0-5851-4ffe-a4a6-1acae438e489,PlanExe
d7b69c3f-de73-4b96-a369-9e0514e67c2c,Report on Public Opinion Trends,"Report on Public Opinion Trends

Description:
Prepare regular reports summarizing public opinion trends related to the flat earth curriculum. This includes presenting data on media coverage, social media sentiment, and survey results, and identifying key insights and recommendations.

Resources needed:
• Data Analyst
• Communication Specialist
• Project Manager",1/29/2027,1/31/2027,0,84dc4e71-44ee-4c37-bf3f-d6976da9de68,PlanExe
d1508136-9a85-456a-9b9b-f9c37ee438cc,Scientific Dissent Management,,1/31/2027,3/14/2027,0,17dab813-a645-4098-8d02-a60187735cdc,PlanExe
bc0f8961-80fc-42df-a717-9966743c9964,Establish Dissent Monitoring System,,1/31/2027,2/8/2027,0,d1508136-9a85-456a-9b9b-f9c37ee438cc,PlanExe
b492abd2-b6e3-4600-86b5-2ab406ded844,Identify Dissent Sources and Channels,"Identify Dissent Sources and Channels

Description:
Objective: Identify all potential sources and channels of dissent related to the flat earth curriculum implementation.
Scope: This includes academic institutions, scientific communities, media outlets, online forums, and public figures.
Steps:
1. Conduct online searches using relevant keywords.
2. Monitor social media platforms for dissenting opinions.
3. Review academic publications and research papers.
4. Identify key individuals and organizations expressing dissent.
Deliverables: A comprehensive list of dissent sources and channels.

Resources needed:
• Media analysts
• Researchers
• Online monitoring tools",1/31/2027,2/2/2027,0,bc0f8961-80fc-42df-a717-9966743c9964,PlanExe
8994fb9b-a70e-43c8-bc14-a9e22cbf1755,Select Monitoring Tools and Technologies,"Select Monitoring Tools and Technologies

Description:
Objective: Choose appropriate tools and technologies for monitoring dissent effectively.
Scope: This includes software for social media monitoring, web analytics, and sentiment analysis.
Steps:
1. Research available monitoring tools and technologies.
2. Evaluate their features, capabilities, and cost-effectiveness.
3. Select tools that can accurately track and analyze dissent.
4. Ensure compliance with privacy regulations.
Deliverables: A selected suite of monitoring tools and technologies.

Resources needed:
• IT specialists
• Data analysts
• Privacy experts",2/2/2027,2/4/2027,0,b492abd2-b6e3-4600-86b5-2ab406ded844,PlanExe
1c83fbf2-d02e-4d28-964b-c62d9dafba6e,Establish Data Collection Procedures,"Establish Data Collection Procedures

Description:
Objective: Define clear procedures for collecting data on dissent.
Scope: This includes specifying data sources, collection methods, and data storage protocols.
Steps:
1. Develop a data collection plan.
2. Define data fields and formats.
3. Establish data storage and security protocols.
4. Train personnel on data collection procedures.
Deliverables: A documented data collection plan and trained personnel.

Resources needed:
• Data management specialists
• Security personnel
• Training staff",2/4/2027,2/6/2027,0,8994fb9b-a70e-43c8-bc14-a9e22cbf1755,PlanExe
408f59e4-cc02-44f9-ab57-1de4064ae302,Implement Data Analysis and Reporting,"Implement Data Analysis and Reporting

Description:
Objective: Implement a system for analyzing collected data and generating reports on dissent.
Scope: This includes developing data analysis techniques, creating reporting templates, and establishing reporting schedules.
Steps:
1. Develop data analysis algorithms.
2. Create reporting templates.
3. Establish reporting schedules.
4. Generate regular reports on dissent.
Deliverables: A data analysis and reporting system.

Resources needed:
• Data analysts
• Report writers
• Visualization tools",2/6/2027,2/8/2027,0,bc0f8961-80fc-42df-a717-9966743c9964,PlanExe
feeb306c-38a7-4ee3-8972-2a7905a8e20e,Implement Dissent Management Protocol,,2/8/2027,2/18/2027,0,bc0f8961-80fc-42df-a717-9966743c9964,PlanExe
2a3e955b-a900-4baa-a287-7a4a58190042,Define Protocol Scope and Objectives,"Define Protocol Scope and Objectives

Description:
Clearly define the scope of the dissent management protocol, including the types of dissent to be managed, the objectives of the protocol, and the desired outcomes.

Resources needed:
• Legal experts
• Ethics consultants
• Project manager",2/8/2027,2/10/2027,0,feeb306c-38a7-4ee3-8972-2a7905a8e20e,PlanExe
7dc41bb8-366f-45c5-99e7-b80daac6ea1c,Develop Dissent Identification Procedures,"Develop Dissent Identification Procedures

Description:
Establish procedures for identifying and documenting instances of scientific dissent, including the sources of information to be monitored, the criteria for identifying dissent, and the methods for recording and tracking dissent.

Resources needed:
• Communication specialists
• Data analysts
• Legal experts",2/10/2027,2/12/2027,0,2a3e955b-a900-4baa-a287-7a4a58190042,PlanExe
7e67c7d0-dd68-4bc8-a450-352c942bbe71,Create Response Strategies for Dissent,"Create Response Strategies for Dissent

Description:
Develop a range of response strategies for managing scientific dissent, including communication strategies, legal strategies, and ethical considerations. Ensure strategies align with legal and ethical guidelines.

Resources needed:
• Public relations experts
• Legal experts
• Ethics consultants",2/12/2027,2/14/2027,0,7dc41bb8-366f-45c5-99e7-b80daac6ea1c,PlanExe
9f30b2dd-8a3c-49c5-8f49-b8493e990b45,Establish Communication Channels,"Establish Communication Channels

Description:
Set up communication channels for disseminating information about the dissent management protocol to relevant stakeholders, including scientists, educators, and the public. Ensure transparency and open communication.

Resources needed:
• Communication specialists
• Project manager
• Stakeholder representatives",2/14/2027,2/16/2027,0,7e67c7d0-dd68-4bc8-a450-352c942bbe71,PlanExe
c65dab94-f2f6-4577-861f-2cdd07263135,Train Staff on Protocol Implementation,"Train Staff on Protocol Implementation

Description:
Provide training to staff on the implementation of the dissent management protocol, including the procedures for identifying dissent, the response strategies to be used, and the ethical considerations to be taken into account.

Resources needed:
• Training specialists
• Legal experts
• Ethics consultants",2/16/2027,2/18/2027,0,feeb306c-38a7-4ee3-8972-2a7905a8e20e,PlanExe
676530d9-5a94-4afa-a5ae-38da96dd2493,Legal Review of Dissent Management Actions,,2/18/2027,2/26/2027,0,feeb306c-38a7-4ee3-8972-2a7905a8e20e,PlanExe
44182e98-240d-4b1b-8031-1fa05d12ed77,Identify Relevant Legal Precedents,"Identify Relevant Legal Precedents

Description:
Objective: Identify legal precedents related to academic freedom, freedom of speech, and curriculum control.
Scope: Research relevant case law, statutes, and regulations.
Steps: Use legal databases, consult with legal experts, and analyze relevant documents.
Deliverables: A report summarizing relevant legal precedents.

Resources needed:
• Legal experts
• Legal databases
• Research staff",2/18/2027,2/20/2027,0,676530d9-5a94-4afa-a5ae-38da96dd2493,PlanExe
58159fb6-4256-4ebf-9316-e0d1dec69194,Assess Legality of Actions,"Assess Legality of Actions

Description:
Objective: Evaluate the legality of proposed dissent management actions.
Scope: Analyze the proposed actions in light of relevant legal precedents and constitutional principles.
Steps: Conduct legal research, consult with legal experts, and prepare legal opinions.
Deliverables: Legal opinions on the legality of proposed actions.

Resources needed:
• Legal experts
• Constitutional law experts
• Legal researchers",2/20/2027,2/22/2027,0,44182e98-240d-4b1b-8031-1fa05d12ed77,PlanExe
fa2df7ac-9cce-4c58-9e49-042e316a0927,Draft Legal Defense Strategies,"Draft Legal Defense Strategies

Description:
Objective: Develop legal defense strategies in anticipation of potential legal challenges.
Scope: Prepare legal arguments, identify potential witnesses, and gather evidence.
Steps: Conduct legal research, consult with legal experts, and draft legal documents.
Deliverables: Legal defense strategies and supporting documentation.

Resources needed:
• Legal experts
• Litigation attorneys
• Legal researchers",2/22/2027,2/24/2027,0,58159fb6-4256-4ebf-9316-e0d1dec69194,PlanExe
76bc995f-78c8-45a4-9b82-d6ec75b05759,Obtain Legal Approvals,"Obtain Legal Approvals

Description:
Objective: Secure necessary legal approvals for dissent management actions.
Scope: Submit legal documents, present arguments, and obtain approvals from relevant authorities.
Steps: Prepare legal documents, present arguments to authorities, and obtain written approvals.
Deliverables: Written legal approvals for dissent management actions.

Resources needed:
• Legal experts
• Government liaisons
• Administrative staff",2/24/2027,2/26/2027,0,676530d9-5a94-4afa-a5ae-38da96dd2493,PlanExe
dfabacdc-66b5-47d6-bd2c-745d0e35f77c,Monitor International Reaction,,2/26/2027,3/14/2027,0,d1508136-9a85-456a-9b9b-f9c37ee438cc,PlanExe
5ced6b37-a9e7-402c-8923-6eb449c2d347,Identify Key International Stakeholders,"Identify Key International Stakeholders

Description:
Objective: Identify international organizations, educational bodies, and media outlets that may react to the curriculum change. Scope: Research and compile a list of relevant stakeholders. Steps: Use online databases, media monitoring tools, and expert consultations. Deliverables: A stakeholder register with contact information and influence assessment.

Resources needed:
• Communication Specialist
• Research Analyst
• International Relations Expert",2/26/2027,3/2/2027,0,dfabacdc-66b5-47d6-bd2c-745d0e35f77c,PlanExe
328d97bd-d11d-40cc-983f-b2a19afd0d07,Monitor International Media Coverage,"Monitor International Media Coverage

Description:
Objective: Track media coverage of the curriculum change in international news outlets. Scope: Monitor news articles, social media, and other online platforms. Steps: Use media monitoring tools, conduct manual searches, and analyze sentiment. Deliverables: A report summarizing media coverage and identifying key themes.

Resources needed:
• Media Analyst
• Communication Specialist
• Translation Services",3/2/2027,3/6/2027,0,5ced6b37-a9e7-402c-8923-6eb449c2d347,PlanExe
eb82e9e2-c6d0-46d9-8050-f3445b91e0f1,Assess Potential Diplomatic Repercussions,"Assess Potential Diplomatic Repercussions

Description:
Objective: Evaluate the potential impact of the curriculum change on Denmark's diplomatic relations. Scope: Consult with diplomats and international relations experts. Steps: Conduct interviews, review policy documents, and analyze potential scenarios. Deliverables: A risk assessment report outlining potential diplomatic repercussions.

Resources needed:
• Diplomatic Advisor
• International Relations Expert
• Legal Counsel",3/6/2027,3/10/2027,0,328d97bd-d11d-40cc-983f-b2a19afd0d07,PlanExe
5b456d47-c7bc-417c-800e-606a9d1d096f,Develop Response Strategy,"Develop Response Strategy

Description:
Objective: Create a plan to address potential negative reactions from international stakeholders. Scope: Develop communication materials and engagement strategies. Steps: Draft press releases, prepare talking points, and identify key messages. Deliverables: A communication plan outlining response strategies for different scenarios.

Resources needed:
• Communication Specialist
• Public Relations Expert
• Policy Advisor",3/10/2027,3/14/2027,0,dfabacdc-66b5-47d6-bd2c-745d0e35f77c,PlanExe
4ce5ed36-83bc-454b-8395-4f2c9c59ff32,Project Monitoring & Control,,3/14/2027,5/2/2027,0,2dadfed7-0243-48c2-a8e9-ee8db575cfe8,PlanExe
5508cf4c-c2c5-4783-bcb3-c0826eadae4e,Track Project Progress,,3/14/2027,3/18/2027,0,4ce5ed36-83bc-454b-8395-4f2c9c59ff32,PlanExe
2c3ceefd-d1f8-47a4-b767-0e5ae11f4330,Monitor budget spending against plan,"Monitor budget spending against plan

Description:
Track actual spending versus planned spending to identify variances. This includes monitoring invoices, payments, and expense reports.

Resources needed:
• Project accountant
• Budget tracking software",3/14/2027,3/15/2027,0,5508cf4c-c2c5-4783-bcb3-c0826eadae4e,PlanExe
5518fc5e-b4ad-4fe9-b264-e2882867c83b,Analyze financial reports for discrepancies,"Analyze financial reports for discrepancies

Description:
Review financial reports to identify any discrepancies or anomalies in spending. This includes comparing actual spending to budget allocations and investigating any significant variances.

Resources needed:
• Financial analyst
• Accounting software",3/15/2027,3/16/2027,0,2c3ceefd-d1f8-47a4-b767-0e5ae11f4330,PlanExe
5528c588-07b8-476a-9c8f-6b0ec6997d0b,Forecast future budget needs,"Forecast future budget needs

Description:
Project future budget needs based on current spending patterns and anticipated project activities. This includes estimating future expenses and identifying potential funding shortfalls.

Resources needed:
• Project manager
• Financial analyst",3/16/2027,3/17/2027,0,5518fc5e-b4ad-4fe9-b264-e2882867c83b,PlanExe
885e6009-90da-486d-81da-44fd22dc49fe,Report financial status to stakeholders,"Report financial status to stakeholders

Description:
Prepare and distribute regular financial reports to stakeholders, including the supreme political leader and the Ministry of Education officials. This includes summarizing key financial metrics and highlighting any potential risks or issues.

Resources needed:
• Project manager
• Communication specialist",3/17/2027,3/18/2027,0,5508cf4c-c2c5-4783-bcb3-c0826eadae4e,PlanExe
4ea5d29a-0d41-4070-ac0f-1ecea3009eea,Manage Budget and Resources,,3/18/2027,3/26/2027,0,5508cf4c-c2c5-4783-bcb3-c0826eadae4e,PlanExe
96adb420-c898-4523-9b23-0b96094c9d17,Identify potential budget risks,"Identify potential budget risks

Description:
Objective: Identify potential risks to the project budget.
Scope: Analyze all project activities and identify potential cost overruns, funding shortfalls, and other financial risks.
Steps: Review the project budget, conduct risk assessment workshops, and consult with financial experts.
Deliverables: A list of potential budget risks with associated probabilities and impacts.

Resources needed:
• Project Manager
• Financial Analyst
• Risk Management Specialist",3/18/2027,3/20/2027,0,4ea5d29a-0d41-4070-ac0f-1ecea3009eea,PlanExe
d7df7821-93a2-4e23-9239-f29cd0b621cd,Develop risk response strategies,"Develop risk response strategies

Description:
Objective: Develop strategies to mitigate identified budget risks.
Scope: Develop contingency plans, risk mitigation strategies, and alternative funding sources.
Steps: Brainstorm potential responses, evaluate the effectiveness of each response, and document the chosen strategies.
Deliverables: A risk response plan with detailed mitigation strategies for each identified budget risk.

Resources needed:
• Project Manager
• Financial Analyst
• Risk Management Specialist",3/20/2027,3/22/2027,0,96adb420-c898-4523-9b23-0b96094c9d17,PlanExe
b2b1e4ff-3326-4031-a7cf-758604b5530f,Monitor resource utilization,"Monitor resource utilization

Description:
Objective: Track resource utilization and identify potential resource constraints.
Scope: Monitor the use of personnel, equipment, and materials to ensure efficient resource allocation.
Steps: Track resource usage, compare actual usage to planned usage, and identify any discrepancies.
Deliverables: Regular reports on resource utilization with recommendations for improvement.

Resources needed:
• Project Manager
• Resource Manager
• Project Team Members",3/22/2027,3/24/2027,0,d7df7821-93a2-4e23-9239-f29cd0b621cd,PlanExe
88ebe45a-0a19-4760-aafd-eb8e06c968dc,Implement change control process,"Implement change control process

Description:
Objective: Manage changes to the project budget and resources.
Scope: Establish a process for reviewing and approving changes to the project budget and resource allocation.
Steps: Develop a change request form, establish a change control board, and document all approved changes.
Deliverables: A documented change control process with clear roles and responsibilities.

Resources needed:
• Project Manager
• Change Control Board
• Project Team Members",3/24/2027,3/26/2027,0,4ea5d29a-0d41-4070-ac0f-1ecea3009eea,PlanExe
a875a934-5cce-42bf-b7c6-7f385ac9c5a2,Address Risks and Issues,,3/26/2027,4/7/2027,0,4ea5d29a-0d41-4070-ac0f-1ecea3009eea,PlanExe
97dddb9b-1590-44aa-a55b-832e654d36d8,Identify Emerging Risks and Issues,"Identify Emerging Risks and Issues

Description:
Continuously scan the project environment for new risks and issues that may impact project goals. This includes monitoring internal project activities, external events, and stakeholder feedback. The objective is to proactively identify potential problems before they escalate.

Resources needed:
• Project Manager
• Risk Management Team
• Subject Matter Experts",3/26/2027,3/29/2027,0,a875a934-5cce-42bf-b7c6-7f385ac9c5a2,PlanExe
4e622a69-8bc2-4073-b5da-811d14670435,Assess Impact and Prioritize Response,"Assess Impact and Prioritize Response

Description:
Evaluate the potential impact of identified risks and issues on project timelines, budget, and deliverables. Prioritize response efforts based on the severity and likelihood of each risk or issue. This involves conducting risk assessments, impact analyses, and stakeholder consultations.

Resources needed:
• Project Manager
• Risk Management Team
• Subject Matter Experts
• Financial Analyst",3/29/2027,4/1/2027,0,97dddb9b-1590-44aa-a55b-832e654d36d8,PlanExe
e79f7e85-2a91-4a19-a840-1524a5b799d6,Develop and Implement Mitigation Plans,"Develop and Implement Mitigation Plans

Description:
Create detailed mitigation plans for high-priority risks and issues. These plans should outline specific actions, responsibilities, timelines, and resource requirements. Implement the mitigation plans and track their effectiveness in reducing the impact of risks and issues.

Resources needed:
• Project Manager
• Risk Management Team
• Subject Matter Experts
• Implementation Team",4/1/2027,4/4/2027,0,4e622a69-8bc2-4073-b5da-811d14670435,PlanExe
db6ab627-1973-41ef-9f8d-63d7bfe00c4a,Escalate Unresolved Issues Appropriately,"Escalate Unresolved Issues Appropriately

Description:
Establish a clear escalation process for issues that cannot be resolved at the project team level. Escalate these issues to the appropriate stakeholders or decision-makers for resolution. This ensures that critical issues receive the attention they require.

Resources needed:
• Project Manager
• Steering Committee
• Executive Sponsor",4/4/2027,4/7/2027,0,a875a934-5cce-42bf-b7c6-7f385ac9c5a2,PlanExe
5c6b9420-b443-4a4c-9042-3ec103d60077,Report Project Status,,4/7/2027,4/17/2027,0,a875a934-5cce-42bf-b7c6-7f385ac9c5a2,PlanExe
2cf966d0-177e-4a56-af4c-34552ef8cb88,Gather project data for status report,"Gather project data for status report

Description:
Collect data on completed tasks, budget expenditures, and resource utilization to create a comprehensive project status report.

Resources needed:
• Project Manager
• Team Leads
• Financial Analyst",4/7/2027,4/9/2027,0,5c6b9420-b443-4a4c-9042-3ec103d60077,PlanExe
d9026ba5-8b48-424c-a843-f44512f424d4,Analyze project performance metrics,"Analyze project performance metrics

Description:
Evaluate key performance indicators (KPIs) to identify trends, potential issues, and areas for improvement in project execution.

Resources needed:
• Project Manager
• Data Analyst",4/9/2027,4/11/2027,0,2cf966d0-177e-4a56-af4c-34552ef8cb88,PlanExe
6910a131-c8cd-4e6e-89ee-dd075f4434c8,Prepare draft status report,"Prepare draft status report

Description:
Compile the gathered data and analysis into a draft project status report, including summaries of progress, risks, and issues.

Resources needed:
• Project Manager
• Communication Specialist",4/11/2027,4/13/2027,0,d9026ba5-8b48-424c-a843-f44512f424d4,PlanExe
792c130e-ba25-4851-9a98-e1d61ad14f15,Review and revise status report,"Review and revise status report

Description:
Solicit feedback from stakeholders on the draft status report and incorporate revisions to ensure accuracy and clarity.

Resources needed:
• Project Manager
• Stakeholders",4/13/2027,4/15/2027,0,6910a131-c8cd-4e6e-89ee-dd075f4434c8,PlanExe
f637d85c-6723-4c46-9af9-49bddaf4cdef,Finalize and distribute status report,"Finalize and distribute status report

Description:
Finalize the project status report and distribute it to relevant stakeholders according to the communication plan.

Resources needed:
• Project Manager
• Communication Specialist",4/15/2027,4/17/2027,0,5c6b9420-b443-4a4c-9042-3ec103d60077,PlanExe
9e98ac26-2305-461c-98c5-6afd15f5afb4,Conduct Quality Assurance,,4/17/2027,5/2/2027,0,4ce5ed36-83bc-454b-8395-4f2c9c59ff32,PlanExe
7effe091-4857-49a3-acfa-964e94cd1e2a,Define Quality Standards and Metrics,"Define Quality Standards and Metrics

Description:
Establish clear, measurable quality standards for all project deliverables, including curriculum materials, training programs, and communication campaigns. Define specific metrics to assess adherence to these standards.

Resources needed:
• Quality Assurance Manager
• Curriculum Experts
• Communication Specialists
• Stakeholders",4/17/2027,4/20/2027,0,9e98ac26-2305-461c-98c5-6afd15f5afb4,PlanExe
78dfec2d-c8f9-4fa9-91c2-76a6a12a14d8,Develop Testing and Inspection Procedures,"Develop Testing and Inspection Procedures

Description:
Create detailed testing and inspection procedures to evaluate the quality of project deliverables. This includes defining testing methodologies, creating test cases, and establishing acceptance criteria.

Resources needed:
• Quality Assurance Team
• Testing Specialists
• Subject Matter Experts",4/20/2027,4/23/2027,0,7effe091-4857-49a3-acfa-964e94cd1e2a,PlanExe
95266f74-5a28-4c7f-a9e1-0b6f780fc1e4,Conduct Testing and Inspections,"Conduct Testing and Inspections

Description:
Execute the testing and inspection procedures to identify defects and non-conformances in project deliverables. Document all findings and track corrective actions.

Resources needed:
• Quality Assurance Team
• Testing Specialists
• Inspectors",4/23/2027,4/26/2027,0,78dfec2d-c8f9-4fa9-91c2-76a6a12a14d8,PlanExe
7022e4e6-7f05-4b3d-97b7-c2390880a326,Implement Corrective Actions,"Implement Corrective Actions

Description:
Address any defects or non-conformances identified during testing and inspection. This includes implementing corrective actions, retesting deliverables, and verifying that quality standards are met.

Resources needed:
• Project Team
• Quality Assurance Team
• Subject Matter Experts",4/26/2027,4/29/2027,0,95266f74-5a28-4c7f-a9e1-0b6f780fc1e4,PlanExe
3ef6ed2d-fce4-4d0a-9c1a-c639757dc4c2,Document Quality Assurance Activities,"Document Quality Assurance Activities

Description:
Maintain comprehensive documentation of all quality assurance activities, including quality standards, testing procedures, inspection reports, and corrective actions. This documentation will serve as evidence of quality and support continuous improvement.

Resources needed:
• Quality Assurance Manager
• Documentation Specialists",4/29/2027,5/2/2027,0,9e98ac26-2305-461c-98c5-6afd15f5afb4,PlanExe
