Level 1;Level 2;Level 3;Level 4;Task ID
Cricket Farm Pilot;;;;d71a3869-99ed-4f6c-96a1-3d81fa56e94c
;Project Initiation & Planning;;;f2f3ed09-7851-4429-8155-ed04651d7af9
;;Define Project Scope and Objectives;;7251e627-b707-4a77-934d-43089ac3f9a7
;;;Identify Key Project Stakeholders;31f186a3-e100-4253-9122-b76d378f6453
;;;Define SMART Project Objectives;a005ab6e-c161-4c40-8941-ab6d504f9bf8
;;;Establish Project Success Criteria;734d9862-9548-4eea-bb73-eb3c49fd5304
;;;Document Project Scope and Boundaries;6ffc1c5e-fd31-41ca-b8b2-e27307e8b392
;;Develop Detailed Project Schedule;;711992b6-cfa1-475a-88c0-109729939937
;;;Define Task Dependencies;8df2b03a-ad8b-4807-bb99-2c5bc5b0449f
;;;Estimate Task Durations;22def730-ec8f-47a3-9fc4-2930a81c48c4
;;;Allocate Resources to Tasks;fda2ea40-3c2f-4a90-8943-f0fb2403655d
;;;Create Gantt Chart;5ebcf638-d6b8-41de-a744-55f78fb8cdbd
;;;Review and Finalize Schedule;533609a5-ef0b-465a-b211-f74b6b063577
;;Establish Project Budget;;153e3f1f-1285-4ff9-be16-868c53ad04f2
;;;Estimate labor costs;93682af2-48a8-4ef3-a516-816d47bf4967
;;;Estimate material costs;b6b8fefb-d925-4b97-add6-26c2cd72902f
;;;Estimate operational costs;5be099d5-03b6-498a-8238-6bf19bea9289
;;;Estimate regulatory compliance costs;f48a8ebb-d4cc-41a6-a209-1f9848f21f3a
;;;Develop contingency budget;ef84c579-5b20-45d5-a7a6-a05c63ab4c94
;;Identify and Assess Project Risks;;3b907a23-32e0-4518-9d28-80a43655eee3
;;;Identify potential project risks;d199ef1c-5cc4-4903-b201-6a681c2753a6
;;;Assess likelihood and impact of risks;0235d4d1-7d7d-4f85-8ac1-679ebd93e561
;;;Prioritize risks based on severity;6fced134-3bf1-4cbd-aad6-b44a967099ac
;;;Develop mitigation strategies for key risks;80e7d8d0-a0a7-4987-b19c-f6007f3df37a
;;Stakeholder Analysis and Communication Plan;;60f65c43-d4e3-4e5c-b47d-5388b36689b4
;;;Identify all project stakeholders;3e6089a4-5af7-4248-9c43-2e503448c2cc
;;;Analyze stakeholder interests and influence;0734058b-7c95-489e-9723-31c475c2eb27
;;;Develop communication plan;dd72ae72-9b9c-4cdf-aeab-7f4358ba4f8a
;;;Establish communication channels;1d84e74d-642b-4dd7-a356-cc50f43b3fc2
;;;Implement stakeholder engagement activities;1a90d79e-b761-4250-a24c-dcd2df42c41b
;Regulatory Compliance & Permitting;;;2cac921a-24b7-419f-ad85-64979e1151cf
;;Identify Relevant Danish Regulations;;17909566-30c2-4205-9f36-42416d766f0a
;;;Research Danish food safety regulations;c997ea0e-954f-4aaa-95e6-688c881c8afa
;;;Research Danish animal welfare standards;55a2c285-ad92-4e87-b66d-d76424ed257f
;;;Research Danish environmental regulations;e7bb7839-311b-4950-b2c6-a489755e642f
;;;Document permitting requirements from DVFA;d91edfed-f1d7-4b99-ae47-3b127dc196c7
;;;Analyze regulations impact on farm operations;f7f38354-db14-4db8-95b4-3940c308ef02
;;Prepare and Submit Permit Applications;;e8a8b7ff-2f3a-4618-864c-a69d405724d0
;;;Gather required documents for permit applications;8e6b7074-2f15-4d6f-a2c0-555caf061e49
;;;Complete permit application forms accurately;113c86de-e10d-401b-be4b-0d6dbc5fbaf9
;;;Submit permit applications to DVFA;68f7d366-0dbc-465b-aff1-83dedc245bea
;;;Respond to DVFA inquiries promptly;10401df2-9da1-4a17-9631-c865ed43b703
;;Engage with Danish Veterinary and Food Administration (DVFA);;168dec3d-064b-4744-9fba-99bbe0379b74
;;;Gather required documentation for permit applications;f1fcb6d2-e5b0-4d16-807c-c5e80e367427
;;;Prepare permit application forms;9be199cb-200b-44f8-9c35-74e57e039719
;;;Submit permit applications to DVFA;cfb257c5-81c8-4633-9020-9d8332b63d70
;;;Respond to DVFA inquiries;daaf1602-fce5-4df5-a750-c3b08a6e6b77
;;;Track permit application status;0d6218fb-aba2-4bc9-b72c-f66fb5a16ee2
;;Develop HACCP Plan;;36d9ef8b-5ae5-4304-a88a-f4126a0bf021
;;;Identify potential hazards in cricket farming;15732af3-4b7f-4653-b103-f18838fd6572
;;;Conduct hazard analysis and risk assessment;813e1874-6ef1-4895-b076-cf2f76440683
;;;Determine critical control points (CCPs);619df5f2-8252-438d-b1c4-f3afc8623098
;;;Establish critical limits for each CCP;b857579b-af96-4426-93cc-deb136c523e2
;;;Establish monitoring procedures for each CCP;e2f5a7d4-692d-4907-9438-09862f7b3ddb
;;Establish Waste Management Procedures;;ab5c4467-a8d8-4266-8aa6-e076baed751b
;;;Research waste disposal options;e6ed9c17-5a2e-43e1-aea5-600cf716cbac
;;;Contact waste management companies;08286849-7fcb-45b4-a16b-faa568ea7cd4
;;;Develop waste handling procedures;ae1df8aa-e49b-425e-a6ba-0c2dbea4414a
;;;Secure waste management permits;406206a8-da7d-42c7-82d8-2fb5ba8e473d
;Facility Setup & Equipment Procurement;;;616c0c0d-a203-4655-86be-20fcfd53c68a
;;Secure Physical Location;;5fa9092e-70a1-4d47-9753-d2db7ad34c86
;;;Define Location Requirements;3bcd67c5-dc36-48ff-af84-abfba0953f4a
;;;Identify Potential Locations;1f09b4f8-fb90-4d4f-b27c-3bdf2fe485e5
;;;Conduct Site Visits and Assessments;f96e0c1c-e679-4706-8155-0b5c1073d476
;;;Negotiate Lease or Purchase Agreement;9a6cc389-0e9e-4f64-bcfc-0bfd4dd40b2e
;;;Finalize Location Acquisition;49744ef0-bf4e-40d2-9ee1-026406d5f429
;;Design Controlled Environment Agriculture (CEA) System;;e426da7d-b0f0-4a85-9913-5f49273ee3ba
;;;Define CEA system requirements;acbe809d-eb77-4653-9551-43a3d2c9cbf6
;;;Research CEA system technologies;136b691c-1b19-43ac-8be0-9757cf8ff4c8
;;;Develop preliminary CEA system design;b953cc3a-8519-4b5e-9f08-a92434eeec11
;;;Evaluate design with stakeholders;ff5400b4-bf48-4677-89da-27ddfc4f31d3
;;;Finalize CEA system design;fb0b5088-61d6-4a81-8238-0530e9b4a393
;;Procure Rearing Containers;;06aa059d-5890-4c3f-ac6d-fcade0d5d368
;;;Research harvesting tool options;dc423773-f2c0-49d1-a937-37076358c0e5
;;;Contact suppliers for quotes;ed7da63a-fdba-4dc1-9769-819f2782e868
;;;Evaluate harvesting tool options;3b47b7fd-0291-4042-84e5-3d4f5ceb809b
;;;Place order for harvesting tools;f785e5be-e462-4857-966b-b8a7ea1c7396
;;Procure Climate Control Equipment;;17b7b5e4-0fb2-4fee-86b9-1f17b9f84c32
;;;Define Climate Control Requirements;73024eb7-1087-4c2d-a403-c44245d60757
;;;Research Climate Control Equipment Options;98f70cc5-5140-4f93-9a49-e6ee0a444eef
;;;Evaluate and Select Equipment;fe46aceb-57f2-4c12-b280-b7cb8a667421
;;;Negotiate Contracts and Place Orders;3191b961-e3a8-43be-9d7f-f6af265f35cb
;;;Coordinate Delivery and Installation;6f219617-5629-4c7e-9ecb-ca66929f9d54
;;Procure Harvesting Tools;;0b0467ab-9ab4-45c7-91e5-77f00caae08d
;;;Define Monitoring System Requirements;29b314f0-6a57-4804-9145-6fa5ffc10908
;;;Research and Evaluate Monitoring Systems;ac479a9b-cd68-4bf4-96a1-fd84fa8e9122
;;;Select and Purchase Monitoring System;979f5ce0-7205-4c34-a967-44c02c0f16e9
;;;Configure and Integrate System;f6e19dda-668e-4548-b65e-3aa33911580d
;;;Train Staff on System Usage;d9a4dcca-3aa0-468e-aa05-62837cc21486
;;Procure Computerized Monitoring System;;1182d011-cb1a-41f2-af8b-91ca8a70e032
;;;Define Monitoring System Requirements;a6075ffd-46d4-4dcf-962e-d5bbe78aad17
;;;Research and Evaluate Monitoring Systems;65ecd224-92c5-437c-b162-eb540d239191
;;;Select and Purchase Monitoring System;8a896c5a-9abc-48d2-9a75-c3424460a66b
;;;Configure and Integrate Monitoring System;ac0eb948-a720-42fd-832d-803f5fa67762
;;;Train Staff on System Operation;0cb52f49-2fd1-4632-bd03-83194117da29
;;Install and Test CEA System;;eb5021f3-2284-43e2-aeca-e8abea350fc1
;;;Verify component compatibility;893da718-6dba-42a7-ae5a-3d33daabe5d2
;;;Install hardware components;542dbf2d-09d3-4890-9976-86f8c5c65304
;;;Configure software and monitoring system;4503123e-2897-4560-b39f-1d3300d6981a
;;;Calibrate sensors and automation;263f4e54-d73b-453d-90df-08d56ec2e607
;;;Run system tests and troubleshoot;3070126a-7899-4f1f-a730-1839e640f6b7
;Cricket Rearing & Production;;;ea4988ee-4b37-4471-bb38-50ae0eec4b96
;;Establish Cricket Feed Supply Chain;;a5a48538-7dad-44aa-a6b4-f25dcf5754e0
;;;Identify potential cricket feed suppliers;02f12539-f747-4af5-80dc-077ae1bf61f4
;;;Evaluate feed quality and nutritional content;0e6a9952-698f-4154-8588-82790c46582d
;;;Negotiate contract terms with suppliers;3eb78892-f1b2-41d3-b3a9-6dcf1b69c3c0
;;;Establish feed delivery and storage logistics;3421d439-0995-407c-81dd-0e69c3e6924a
;;Initial Cricket Stocking;;7fddf2c4-8894-43e5-9e5f-34b5d509c402
;;;Source Cricket Stocking Suppliers;042ae559-a297-4d0d-a799-c87adb89501f
;;;Negotiate Cricket Purchase Agreement;494cde80-5844-412e-9559-3a2f1c6d7426
;;;Prepare Rearing Environment;834222d9-aa3c-4d58-a51a-3a5553d1f39a
;;;Transport Crickets to Pilot Farm;43fae810-36a4-4bdc-8ff9-8b2efcf7f49e
;;;Acclimate Crickets to New Environment;3584375b-fc59-4cb4-8c8d-e10bfc24962a
;;Monitor Environmental Conditions;;c28e6114-c170-43a4-90bc-2e4e6870f49a
;;;Calibrate Sensors Regularly;b8b7735f-7164-4c64-94f1-ccc1900e7d4f
;;;Analyze Environmental Data Trends;c32594fc-17b9-42d9-911a-eb1c0c42cf51
;;;Adjust CEA System Settings;10651723-7f92-4835-8bf2-faff5a1f5e53
;;;Document Environmental Control Procedures;dea6c0ac-638b-4b3d-9396-6c2b5914f5c2
;;Manage Cricket Feeding and Watering;;3925e7d6-2a52-4e8a-aab4-8d85c1f6727e
;;;Inspect Feed Quality Upon Delivery;a88530ea-d4b1-4101-abd7-6a65b44fbd9f
;;;Maintain Watering System Functionality;2bcbc030-7bef-4f92-b2c3-c5274b991ba5
;;;Calibrate Environmental Sensors Regularly;2e91fb62-7d6c-4195-9bba-c748f5c13702
;;;Adjust Feeding Schedules as Needed;4ca586ef-ec34-45fd-8b69-7054843f4431
;;Harvest Crickets;;ee614670-45c1-453b-82fb-dc2d7013b42f
;;;Prepare Harvesting Area and Equipment;8fb5c7ea-ac04-4b95-9a54-cd188994a8b8
;;;Stun Crickets Humanely;2fa96d75-8b25-4505-8598-1ceb298807d2
;;;Collect and Weigh Crickets;4f76555c-d673-4924-80cf-b80136abc262
;;;Inspect Crickets for Quality;885fe968-4a34-40ee-8370-50135b2b1811
;;;Document Harvest Details;11210f69-305e-42fa-9cda-c016af62a549
;;Collect Operational Data;;4c8d7d85-5e6e-4748-85b3-b2930d42ea00
;;;Define Data Collection Parameters;b42b66a1-bdc9-40b9-9142-88ab334be1e9
;;;Implement Automated Data Logging System;9276f5e7-9ff7-4d77-9aef-1a3e822b91ab
;;;Regularly Calibrate Sensors;4e37a999-cb9c-49c8-9b9b-1c192aa1b8dd
;;;Develop Data Storage and Backup Procedures;75a0725c-35ea-4d56-9c11-769ca5fa0dc9
;;;Analyze Collected Data and Report Findings;e20e93d4-2684-46a0-83c3-1f1712e638fa
;Market Validation & Product Development;;;0773667a-4682-49b4-9335-2cb322c28f9d
;;Conduct Market Research;;cc54c891-7089-4712-8a3c-1f06de7605d4
;;;Define Market Research Objectives;c8a0149c-6495-4446-b60e-8fdeeb91d488
;;;Design Survey Questionnaires;e7e95bc5-6c66-4928-b339-92824b5a72ab
;;;Conduct Online Surveys;8f95aabe-1ca5-448a-89db-ecdfe5e0eb00
;;;Analyze Survey Data;cdb8580b-3108-44f4-9df0-21fc85d14792
;;;Prepare Market Research Report;e3e556fb-8502-42ea-bd9a-424af2d5782c
;;Develop Product Concepts;;65f29bef-4117-40f8-8e91-a6a74c87ce26
;;;Brainstorm initial product concepts;081e3035-8c2e-4f3d-8576-9614b3075647
;;;Research existing insect-based products;2601e1d7-aa13-4728-a8ae-ace7efd07665
;;;Assess feasibility of product concepts;e97532d9-1aaa-4bfc-8f4c-77bb6f7e555f
;;;Develop product prototypes;64df6499-03bd-4f6b-b783-8761f3775948
;;;Refine concepts based on feedback;bb568b67-0dd9-47ec-9dd3-dc0f3f24a932
;;Conduct Taste Tests and Focus Groups;;dac1194d-d94d-4ddf-98f0-17c384f4abe4
;;;Recruit Taste Test Participants;dd4ab6ac-4f54-425c-8336-a26aa200f754
;;;Prepare Cricket-Based Food Samples;8ac09309-4766-4324-bf4e-63485e246f41
;;;Conduct Taste Tests and Gather Feedback;87b91fd5-b09a-4434-bc9d-4f05a660b03b
;;;Analyze Taste Test Data;ecfc1b38-de07-4a1a-b209-4fbd06028c13
;;;Organize and Conduct Focus Groups;3022310a-dbfa-4c44-a2fc-7205ce43dc5a
;;Develop Marketing Strategy;;a5bb9853-7436-46c1-a68c-bba7bec58c9d
;;;Define Target Audience and Personas;438b406c-e979-46fc-8c48-b7e0b324d64c
;;;Select Marketing Channels and Tactics;9f6d0b8f-307f-4141-aa7c-0f633fbcb20f
;;;Develop Key Marketing Messages;035ef261-631c-4d01-b714-b06f3e187e7d
;;;Create Marketing Materials and Content;650c84af-4736-4e94-9f3c-d0605ae3093b
;;;Establish Marketing Budget and Timeline;e04c1dc1-b92d-44a7-96ba-d51fd75fd461
;;Secure Partnerships with Restaurants/Retailers;;4805f6a5-dab4-47b6-9574-9be34b1a131a
;;;Identify potential restaurant/retail partners;6c078707-b48f-436e-b42d-fd2027234863
;;;Prepare partnership proposal;6488f09e-84e1-49d8-afe5-a0d19da19e2c
;;;Negotiate partnership agreements;e5af6609-7480-426f-b9a4-2bac3ad0e0cd
;;;Onboard partners and provide training;3cf81f95-7f40-4a3d-9881-dbbb2af9ba38
;Financial Model Validation;;;15e4fd41-2045-4d07-8921-38689a73b38f
;;Develop Detailed Financial Model;;5ada9bc2-9127-4609-a670-5d6ad4d59024
;;;Gather CAPEX data for cricket farm;40f7ca3e-902f-4953-b0ed-ea7f62a77eac
;;;Gather OPEX data for cricket farm;1d4f0493-10ea-4412-821c-669bd2b5ce7a
;;;Estimate cricket yields and FCR;21a2d044-7953-4761-9ca0-36e093b5fad3
;;;Research market prices for cricket products;0d50f970-ee7e-4aa9-a0fe-7303a9492439
;;;Document assumptions and data sources;2be970ae-59c2-4286-865b-98d214daccd3
;;Conduct Sensitivity Analysis;;90f94a9a-3600-48b9-a50c-56af0e8ed603
;;;Identify Key Cost and Revenue Drivers;f5db672a-e15c-4896-b142-7b83a0f213e8
;;;Define Sensitivity Analysis Scenarios;99beb08a-8e5b-4276-84b9-58eda1f856af
;;;Model Impact of Scenarios on Financial Metrics;e4e2e3a2-436f-4b80-a316-3d10527f6065
;;;Document Sensitivity Analysis Results;6b4d386f-701c-4be5-a6ed-508a123f2f0e
;;Validate Cost Estimates;;e1b8d793-9506-4609-b0eb-767ffb8cf23e
;;;Gather initial cost data from suppliers;eb062741-21d5-4b18-a75c-77f263cc0f87
;;;Research industry benchmarks for cost;9b9d2dbe-06b9-403e-b900-c45075ba6f83
;;;Compare quotes to industry benchmarks;0c45db40-e874-4c46-99e0-686039fa41f5
;;;Refine cost estimates with contingency;169433c4-68c2-4a90-83f6-97ecc50b8539
;;Validate Revenue Projections;;f2e5b235-7620-44fc-9b6e-88a2873f2199
;;;Analyze historical sales data;1297b20f-6b5b-49b5-a28f-7ce3f5fdbd58
;;;Assess competitor pricing strategies;dd08a636-1dd8-452c-9275-f4e386f79b59
;;;Refine sales forecasts based on data;442b1ba8-3e33-4ac0-bc2b-61a20ab32b00
;;;Model impact of partnerships on revenue;334ff6ae-9589-45b6-92a4-552069813119
;;Determine Project ROI and Break-Even Point;;be12c3a6-e384-4766-bac0-a16e19507b4f
;;;Calculate Net Present Value (NPV);0d5855e2-8082-4824-ac23-5857238cba27
;;;Calculate Internal Rate of Return (IRR);8df7cca6-7648-481b-aef6-e1da03516464
;;;Determine Payback Period;e4990af0-b20a-4c9d-804a-6d9c60bd8b62
;;;Assess Sensitivity to Key Variables;4ab3ae1f-4aae-43e8-8ab3-482ee798f44d